,Signal Generated At,Trade Type,Entry Time,Entry Price,Initial SL,Final SL,Exit Time,Exit Price,Points Captured,After Costs,PnL,Remarks,Qty,Leverage,ROI%,Trade Year,Trade Month,DD%
0,2017-01-02 12:15:00,LONG,2017-01-02 13:15:00,26540.57,26381.32658,26381.32658,2017-01-09 15:15:00,26711.96,171.38999999999942,166.06474699999941,49819.42409999982,MACD Reversal,300,8,4.9819424099999825,2017,1,0.0
1,2017-01-10 10:15:00,LONG,2017-01-10 11:15:00,26863.63,26702.448220000002,27177.240833333333,2017-01-20 10:15:00,27199.24,335.6100000000006,330.20371300000056,99061.11390000017,MACD Reversal,300,8,9.906111390000017,2017,1,0.0
2,2017-01-24 11:15:00,LONG,2017-01-24 12:15:00,27268.5,27104.889,27476.671333333335,2017-02-01 09:15:00,27655.32,386.8199999999997,381.3276179999997,110585.0092199999,MACD Reversal,290,8,11.05850092199999,2017,1,0.0
3,2017-02-01 12:15:00,LONG,2017-02-01 13:15:00,28003.13,27835.111220000003,28123.292999999998,2017-02-09 11:15:00,28221.6,218.46999999999753,212.8475269999975,61725.782829999276,MACD Reversal,290,8,6.172578282999928,2017,2,0.0
4,2017-02-09 14:15:00,LONG,2017-02-09 15:15:00,28334.77,28164.76138,28258.359333333334,2017-02-13 12:15:00,28236.79,-97.97999999999956,-103.63715599999956,-29018.40367999988,TSL Hit,280,8,-2.9018403679999882,2017,2,-2.901840367999988
5,2017-02-13 14:15:00,LONG,2017-02-13 15:15:00,28360.7,28190.5358,28320.881666666664,2017-02-14 15:15:00,28297.35,-63.35000000000218,-69.01580500000219,-19324.42540000061,TSL Hit,280,8,-1.932442540000061,2017,2,-4.8342829080000485
6,2017-02-14 15:15:00,LONG,2017-02-15 09:15:00,28343.33,28173.27002,28173.27002,2017-02-15 09:15:00,28296.62,-46.710000000002765,-52.373995000002765,-14664.718600000775,MACD Reversal,280,8,-1.4664718600000775,2017,2,-6.300754768000125
7,2017-02-17 10:15:00,LONG,2017-02-17 11:15:00,28530.13,28358.949220000002,28641.086333333336,2017-02-28 14:15:00,28727.99,197.86000000000058,192.1341880000006,53797.572640000166,MACD Reversal,280,8,5.379757264000016,2017,2,-0.920997504000109
8,2017-03-01 12:15:00,LONG,2017-03-01 13:15:00,28950.23,28776.52862,28817.6595,2017-03-03 09:15:00,28776.52862,-173.7013799999986,-179.4740558619986,-50252.73564135961,Initial SL hit,280,8,-5.025273564135961,2017,3,-5.94627106813607
9,2017-03-06 09:15:00,LONG,2017-03-06 10:15:00,29050.34,28876.03796,28920.517999999996,2017-03-08 10:15:00,28876.03796,-174.30203999999867,-180.09467779599868,-50426.50978287963,Initial SL hit,280,8,-5.042650978287963,2017,3,-10.988922046424033
10,2017-03-10 11:15:00,LONG,2017-03-10 12:15:00,28986.86,28812.93884,28922.090333333334,2017-03-10 13:15:00,28884.78,-102.08000000000175,-107.86716400000175,-30202.80592000049,TSL Hit,280,8,-3.020280592000049,2017,3,-14.009202638424082
11,2017-03-14 10:15:00,LONG,2017-03-14 11:15:00,29457.92,29281.172479999997,29297.26483333333,2017-03-21 11:15:00,29429.24,-28.679999999996653,-34.568715999996655,-9333.553319999097,MACD Reversal,270,8,-0.9333553319999096,2017,3,-14.94255797042399
12,2017-03-24 11:15:00,LONG,2017-03-24 12:15:00,29467.55,29290.7447,29290.7447,2017-03-27 09:15:00,29290.7447,-176.8053,-182.68112947,-49323.9049569,Initial SL Hit,270,8,-4.93239049569,2017,3,-19.87494846611399
13,2017-03-28 13:15:00,LONG,2017-03-28 14:15:00,29419.39,29242.873659999997,29660.88116666667,2017-04-07 14:15:00,29695.5,276.1100000000006,270.19851100000056,72953.59797000015,MACD Reversal,270,8,7.295359797000015,2017,3,-12.579588669113978
14,2017-04-11 14:15:00,LONG,2017-04-11 15:15:00,29804.24,29625.41456,29747.523333333334,2017-04-12 09:15:00,29625.41456,-178.82544000000053,-184.76840545600052,-49887.46947312014,Initial SL hit,270,8,-4.988746947312014,2017,4,-17.56833561642599
15,2017-04-21 10:15:00,LONG,2017-04-21 11:15:00,29498.84,29321.84696,29321.84696,2017-04-21 12:15:00,29321.84696,-176.9930400000012,-182.8751086960012,-49376.279347920325,Initial SL Hit,270,8,-4.937627934792033,2017,4,-22.505963551218024
16,2017-04-24 10:15:00,LONG,2017-04-24 11:15:00,29513.12,29336.041279999998,29714.085166666664,2017-05-02 11:15:00,29858.21,345.09000000000015,339.15286700000013,91571.27409000004,MACD Reversal,270,8,9.157127409000003,2017,4,-13.348836142218019
17,2017-05-02 12:15:00,LONG,2017-05-02 13:15:00,29927.63,29748.06422,29811.129166666666,2017-05-03 14:15:00,29892.39,-35.2400000000016,-41.2220020000016,-11129.940540000433,MACD Reversal,270,8,-1.1129940540000434,2017,5,-14.461830196218063
18,2017-05-04 11:15:00,LONG,2017-05-04 12:15:00,30077.6,29897.1344,29926.22683333333,2017-05-05 11:15:00,29897.1344,-180.46559999999954,-186.46307343999953,-50345.029828799874,Initial SL hit,270,8,-5.034502982879988,2017,5,-19.496333179098052
19,2017-05-09 12:15:00,LONG,2017-05-09 13:15:00,30002.56,29822.54464,29822.54464,2017-05-09 15:15:00,29931.61,-70.95000000000073,-76.94341700000072,-20774.722590000194,MACD Reversal,270,8,-2.0774722590000194,2017,5,-21.57380543809807
20,2017-05-10 09:15:00,LONG,2017-05-10 10:15:00,30197.66,30016.47404,30336.166,2017-05-19 12:15:00,30394.3,196.63999999999942,190.58080399999943,49551.00903999985,MACD Reversal,260,8,4.955100903999985,2017,5,-16.618704534098086
21,2017-05-19 13:15:00,LONG,2017-05-19 14:15:00,30497.48,30314.49512,30353.088499999998,2017-05-19 14:15:00,30449.06,-48.419999999998254,-54.51465399999825,-14173.810039999546,MACD Reversal,260,8,-1.4173810039999546,2017,5,-18.036085538098042
22,2017-05-22 10:15:00,LONG,2017-05-22 11:15:00,30629.62,30445.842279999997,30445.842279999997,2017-05-23 09:15:00,30445.842279999997,-183.77772000000186,-189.88526622800185,-49370.169219280484,Initial SL hit,260,8,-4.937016921928048,2017,5,-22.97310246002609
23,2017-05-25 12:15:00,LONG,2017-05-25 13:15:00,30511.29,30328.222260000002,31133.150666666665,2017-06-06 15:15:00,31183.19,671.8999999999978,665.7305519999978,173089.94351999945,MACD Reversal,260,8,17.308994351999946,2017,5,-5.6641081080261415
24,2017-06-07 09:15:00,LONG,2017-06-07 10:15:00,31332.75,31144.7535,31215.751166666665,2017-06-08 14:15:00,31207.31,-125.43999999999869,-131.6940059999987,-34240.44155999966,TSL Hit,260,8,-3.4240441559999653,2017,6,-9.088152264026107
25,2017-06-13 12:15:00,LONG,2017-06-13 13:15:00,31222.12,31034.78728,31034.78728,2017-06-13 14:15:00,31124.41,-97.70999999999913,-103.94465299999912,-27025.609779999773,MACD Reversal,260,8,-2.702560977999977,2017,6,-11.790713242026083
26,2017-06-19 12:15:00,LONG,2017-06-19 13:15:00,31224.68,31037.33192,31213.655333333332,2017-06-23 10:15:00,31231.33,6.650000000001455,0.40439900000145457,105.14374000037819,MACD Reversal,260,8,0.010514374000037819,2017,6,-11.780198868026044
27,2017-07-03 10:15:00,LONG,2017-07-03 11:15:00,31231.74,31044.349560000002,31756.480333333333,2017-07-18 11:15:00,31826.8,595.0599999999977,588.7541459999977,153076.0779599994,MACD Reversal,260,8,15.307607795999942,2017,7,0.0
28,2017-07-19 14:15:00,LONG,2017-07-19 15:15:00,31970.89,31779.06466,31896.56233333333,2017-07-20 14:15:00,31889.1,-81.79000000000087,-88.17599900000087,-22043.999750000217,TSL Hit,250,8,-2.2043999750000216,2017,7,-2.2043999750000225
29,2017-07-21 09:15:00,LONG,2017-07-21 10:15:00,32061.95,31869.5783,31921.402833333337,2017-07-21 12:15:00,31869.5783,-192.3716999999997,-198.76485282999968,-49691.21320749992,Initial SL hit,250,8,-4.969121320749991,2017,7,-7.173521295750014
30,2017-07-21 13:15:00,LONG,2017-07-21 14:15:00,31954.15,31762.4251,32122.1875,2017-07-28 11:15:00,32227.19,273.03999999999724,266.6218659999972,66655.46649999931,MACD Reversal,250,8,6.665546649999932,2017,7,-0.5079746457500818
31,2017-07-31 09:15:00,LONG,2017-07-31 10:15:00,32451.72,32257.00968,32368.37483333333,2017-08-03 09:15:00,32307.52,-144.20000000000073,-150.67592400000072,-37668.98100000018,TSL Hit,250,8,-3.7668981000000183,2017,7,-4.274872745750102
32,2017-08-16 14:15:00,LONG,2017-08-16 15:15:00,31786.53,31595.81082,31792.181,2017-08-17 14:15:00,31752.67,-33.86000000000058,-40.213920000000584,-10053.480000000147,TSL Hit,250,8,-1.0053480000000148,2017,8,-5.280220745750118
33,2017-08-23 15:15:00,LONG,2017-08-24 09:15:00,31574.67,31385.22198,31558.166666666668,2017-08-29 09:15:00,31520.27,-54.39999999999782,-60.70949399999782,-15177.373499999454,TSL Hit,250,8,-1.5177373499999454,2017,8,-6.797958095750062
34,2017-08-29 10:15:00,LONG,2017-08-29 11:15:00,31524.6,31335.4524,31335.4524,2017-08-29 11:15:00,31514.46,-10.139999999999418,-16.44390599999942,-4110.976499999855,MACD Reversal,250,8,-0.41109764999998555,2017,8,-7.209055745750046
35,2017-08-30 11:15:00,LONG,2017-08-30 12:15:00,31705.34,31515.10796,31626.245166666668,2017-09-04 15:15:00,31671.89,-33.45000000000073,-39.787723000000724,-9946.930750000181,MACD Reversal,250,8,-0.9946930750000181,2017,8,-8.203748820750064
36,2017-09-05 12:15:00,LONG,2017-09-05 13:15:00,31743.89,31553.42666,31677.4795,2017-09-06 09:15:00,31630.52,-113.36999999999898,-119.70744099999898,-29926.860249999743,TSL Hit,250,8,-2.9926860249999745,2017,9,-11.19643484575004
37,2017-09-11 10:15:00,LONG,2017-09-11 11:15:00,31859.96,31668.80024,32224.300333333333,2017-09-21 10:15:00,32280.42,420.4599999999991,414.0459619999991,103511.49049999978,MACD Reversal,250,8,10.351149049999977,2017,9,-0.8452857957500655
38,2017-10-03 11:15:00,LONG,2017-10-03 12:15:00,31560.43,31371.06742,32244.353,2017-10-23 11:15:00,32325.56,765.130000000001,758.741401000001,189685.35025000025,MACD Reversal,250,8,18.968535025000026,2017,10,0.0
39,2017-10-23 14:15:00,LONG,2017-10-23 15:15:00,32532.43,32337.23542,33440.81516666667,2017-11-07 13:15:00,33414.26,881.8300000000017,875.2353310000018,218808.83275000044,TSL Hit,250,8,21.880883275000045,2017,10,0.0
40,2017-11-17 11:15:00,LONG,2017-11-17 12:15:00,33487.98,33287.05212,33287.05212,2017-11-17 15:15:00,33287.05212,-200.92788000000292,-207.60538321200292,-49825.2919708807,Initial SL hit,240,8,-4.98252919708807,2017,11,-4.98252919708807
41,2017-11-17 15:15:00,LONG,2017-11-20 09:15:00,33364.28,33164.09432,33562.578,2017-11-29 15:15:00,33568.7,204.41999999999825,197.72670199999826,47454.40847999958,MACD Reversal,240,8,4.745440847999959,2017,11,-0.23708834908811127
42,2017-12-08 09:15:00,LONG,2017-12-08 10:15:00,33170.99,32971.96406,33036.276333333335,2017-12-13 14:15:00,33065.31,-105.68000000000029,-112.3036300000003,-26952.87120000007,MACD Reversal,240,8,-2.6952871200000073,2017,12,-2.9323754690881145
43,2017-12-15 11:15:00,LONG,2017-12-15 12:15:00,33540.52,33339.27688,33339.27688,2017-12-18 09:15:00,33248.06,-292.4599999999991,-299.1388579999991,-71793.32591999978,Gap Open Outside ISL,240,8,-7.179332591999979,2017,12,-10.111708061088095
44,2017-12-18 09:15:00,LONG,2017-12-18 10:15:00,33703.51,33501.28894,33823.83083333333,2017-12-28 14:15:00,33839.44,135.9300000000003,129.17570500000028,31002.169200000066,MACD Reversal,240,8,3.1002169200000065,2017,12,-7.0114911410880865
45,2017-12-29 09:15:00,LONG,2017-12-29 10:15:00,33993.86,33789.89684,33914.640999999996,2018-01-01 14:15:00,33789.89684,-203.96315999999933,-210.74153568399933,-50577.96856415984,Initial SL hit,240,8,-5.057796856415984,2017,12,-12.06928799750407
46,2018-01-04 14:15:00,LONG,2018-01-04 15:15:00,33979.61,33775.73234,35846.157666666666,2018-01-30 15:15:00,36044.49,2064.8799999999974,2057.8775899999973,493890.6215999994,MACD Reversal,240,8,49.38906215999994,2018,1,0.0
47,2018-02-01 10:15:00,LONG,2018-02-01 11:15:00,36194.66,35977.492040000005,35977.492040000005,2018-02-01 11:15:00,35977.492040000005,-217.16795999999886,-224.38517520399887,-49364.73854487975,Initial SL Hit,220,8,-4.936473854487975,2018,2,-4.936473854487971
48,2018-02-14 12:15:00,LONG,2018-02-14 13:15:00,34343.78,34137.717319999996,34137.717319999996,2018-02-14 14:15:00,34169.41,-174.36999999999534,-181.22131899999533,-41680.90336999892,MACD Reversal,230,8,-4.168090336999892,2018,2,-9.104564191487867
49,2018-02-15 11:15:00,LONG,2018-02-15 12:15:00,34406.08,34199.643520000005,34199.643520000005,2018-02-15 14:15:00,34199.643520000005,-206.43647999999666,-213.29705235199665,-49058.32204095923,Initial SL Hit,230,8,-4.9058322040959235,2018,2,-14.010396395583797
50,2018-02-15 15:15:00,LONG,2018-02-16 09:15:00,34338.03,34132.00182,34303.40133333333,2018-02-16 10:15:00,34285.74,-52.29000000000087,-59.152377000000875,-13605.0467100002,TSL Hit,230,8,-1.36050467100002,2018,2,-15.370901066583812
51,2018-02-23 10:15:00,LONG,2018-02-23 11:15:00,33991.97,33788.01818,34022.41616666667,2018-02-28 14:15:00,34161.57,169.59999999999854,162.78464599999853,39068.315039999645,MACD Reversal,240,8,3.9068315039999644,2018,2,-11.464069562583845
52,2018-03-12 11:15:00,LONG,2018-03-12 12:15:00,33626.87,33425.10878,33584.553,2018-03-15 15:15:00,33656.81,29.939999999995052,23.211631999995053,5570.7916799988125,MACD Reversal,240,8,0.5570791679998812,2018,3,-10.906990394583957
53,2018-03-27 11:15:00,LONG,2018-03-27 12:15:00,33179.33,32980.25402,33065.558,2018-03-28 09:15:00,32980.25402,-199.07598000000144,-205.69193840200143,-49366.06521648034,Initial SL hit,240,8,-4.936606521648034,2018,3,-15.843596916231988
54,2018-03-28 10:15:00,LONG,2018-03-28 11:15:00,32996.38,32798.401719999994,32798.401719999994,2018-03-28 14:15:00,32930.55,-65.82999999999447,-72.42269299999447,-17381.44631999867,MACD Reversal,240,8,-1.7381446319998672,2018,3,-17.58174154823186
55,2018-03-28 15:15:00,LONG,2018-04-02 09:15:00,33018.21,32820.10074,33055.445166666665,2018-04-04 14:15:00,33047.44,29.2300000000032,22.6234350000032,5429.624400000768,TSL Hit,240,8,0.5429624400000768,2018,4,-17.03877910823178
56,2018-04-05 09:15:00,LONG,2018-04-05 10:15:00,33438.76,33238.127440000004,34834.736,2018-05-04 11:15:00,34923.83,1485.0699999999997,1478.2337409999998,354776.09783999994,MACD Reversal,240,8,35.477609783999995,2018,4,0.0
57,2018-05-07 13:15:00,LONG,2018-05-07 14:15:00,35146.93,34936.04842,35310.467,2018-05-16 09:15:00,35276.8,129.87000000000262,122.82762700000262,28250.3542100006,TSL Hit,230,8,2.8250354210000603,2018,5,0.0
58,2018-05-25 12:15:00,LONG,2018-05-25 13:15:00,34866.11,34656.91334,34827.148,2018-05-30 09:15:00,34829.55,-36.55999999999767,-43.52956599999767,-10011.800179999465,MACD Reversal,230,8,-1.0011800179999466,2018,5,-1.0011800179999568
59,2018-05-31 10:15:00,LONG,2018-05-31 11:15:00,35040.42,34830.17748,34962.825,2018-06-04 14:15:00,35032.18,-8.239999999997963,-15.247259999997963,-3506.8697999995316,MACD Reversal,230,8,-0.3506869799999532,2018,5,-1.351866997999906
60,2018-06-06 12:15:00,LONG,2018-06-06 13:15:00,35120.3,34909.5782,35394.395000000004,2018-06-14 12:15:00,35533.64,413.3399999999965,406.2746059999965,93443.1593799992,MACD Reversal,230,8,9.34431593799992,2018,6,0.0
61,2018-06-14 15:15:00,LONG,2018-06-15 09:15:00,35613.93,35400.24642,35447.85983333333,2018-06-15 12:15:00,35451.1,-162.83000000000175,-169.93650300000175,-37386.03066000038,MACD Reversal,220,8,-3.738603066000038,2018,6,-3.7386030660000245
62,2018-06-15 15:15:00,LONG,2018-06-18 09:15:00,35646.03,35432.15382,35543.939,2018-06-18 14:15:00,35534.47,-111.55999999999767,-118.67804999999767,-26109.170999999486,TSL Hit,220,8,-2.6109170999999485,2018,6,-6.349520165999962
63,2018-06-20 15:15:00,LONG,2018-06-21 09:15:00,35571.37,35357.94178,35357.94178,2018-06-21 15:15:00,35427.62,-143.75,-150.849899,-33186.97778,MACD Reversal,220,8,-3.318697778,2018,6,-9.668217943999963
64,2018-06-22 14:15:00,LONG,2018-06-22 15:15:00,35728.59,35514.21846,35543.19416666667,2018-06-25 14:15:00,35514.21846,-214.3715400000001,-221.4958208460001,-48729.08058612002,Initial SL hit,220,8,-4.872908058612002,2018,6,-14.54112600261196
65,2018-06-26 11:15:00,LONG,2018-06-26 12:15:00,35571.34,35357.91196,35520.8395,2018-06-26 14:15:00,35498.82,-72.5199999999968,-79.6270159999968,-17517.943519999295,TSL Hit,220,8,-1.7517943519999295,2018,6,-16.292920354611894
66,2018-06-29 14:15:00,LONG,2018-06-29 15:15:00,35447.45,35234.7653,35234.7653,2018-07-02 09:15:00,35234.7653,-212.68469999999797,-219.75292152999796,-50543.17195189953,Initial SL Hit,230,8,-5.054317195189953,2018,6,-21.347237549801847
67,2018-07-03 10:15:00,LONG,2018-07-03 11:15:00,35392.02,35179.66787999999,36162.64266666667,2018-07-17 11:15:00,36367.9,975.8800000000047,968.7040080000047,222801.92184000107,MACD Reversal,230,8,22.280192184000107,2018,7,0.0
68,2018-07-17 13:15:00,LONG,2018-07-17 14:15:00,36503.66,36284.638040000005,36318.183333333334,2018-07-18 15:15:00,36368.27,-135.3900000000067,-142.6771930000067,-31388.982460001473,MACD Reversal,220,8,-3.138898246000147,2018,7,-3.1388982460001387
69,2018-07-20 10:15:00,LONG,2018-07-20 11:15:00,36532.59,36313.394459999996,37145.723666666665,2018-08-02 12:15:00,37270.89,738.3000000000029,730.9196520000029,160802.32344000065,MACD Reversal,220,8,16.080232344000063,2018,7,0.0
70,2018-08-03 11:15:00,LONG,2018-08-03 12:15:00,37446.89,37222.20866,37676.539666666664,2018-08-13 09:15:00,37609.07,162.1800000000003,154.6744040000003,32481.624840000062,TSL Hit,210,8,3.2481624840000065,2018,8,0.0
71,2018-08-14 12:15:00,LONG,2018-08-14 13:15:00,37911.69,37684.219860000005,37746.219333333334,2018-08-16 09:15:00,37684.219860000005,-227.47013999999763,-235.02973098599762,-49356.2435070595,Initial SL hit,210,8,-4.93562435070595,2018,8,-4.93562435070595
72,2018-08-16 09:15:00,LONG,2018-08-16 10:15:00,37838.79,37611.75726,37778.5905,2018-08-16 12:15:00,37758.8,-79.98999999999796,-87.54975899999796,-18385.449389999572,TSL Hit,210,8,-1.8385449389999573,2018,8,-6.774169289705895
73,2018-08-17 10:15:00,LONG,2018-08-17 11:15:00,37977.04,37749.17776,38519.83383333333,2018-08-31 11:15:00,38625.03,647.989999999998,640.329792999998,134469.25652999958,MACD Reversal,210,8,13.446925652999958,2018,8,0.0
74,2018-09-07 13:15:00,LONG,2018-09-07 14:15:00,38352.16,38122.047040000005,38122.047040000005,2018-09-10 09:15:00,38122.047040000005,-230.11295999999857,-237.76038070399858,-49929.6799478397,Initial SL Hit,210,8,-4.99296799478397,2018,9,-4.992967994783982
75,2018-09-14 12:15:00,LONG,2018-09-14 13:15:00,38019.97,37791.85018,38015.9255,2018-09-17 09:15:00,37791.85018,-228.1198199999999,-235.70100201799988,-49497.21042377997,Initial SL hit,210,8,-4.9497210423779965,2018,9,-9.942689037161983
76,2018-10-12 12:15:00,LONG,2018-10-12 13:15:00,34758.17,34549.62098,34646.62966666667,2018-10-19 09:15:00,34415.59,-342.58000000000175,-349.49737600000174,-80384.3964800004,Gap Open Outside ISL,230,8,-8.03843964800004,2018,10,-17.98112868516202
77,2018-10-29 14:15:00,LONG,2018-10-29 15:15:00,34081.9,33877.4086,33877.4086,2018-10-30 14:15:00,33877.4086,-204.49139999999898,-211.28733085999897,-48596.086097799765,Initial SL Hit,230,8,-4.859608609779976,2018,10,-22.840737294941988
78,2018-10-30 15:15:00,LONG,2018-10-31 09:15:00,33924.66,33721.11204,33721.11204,2018-10-31 09:15:00,33721.11204,-203.5479600000035,-210.31253720400352,-50475.008928960844,Initial SL Hit,240,8,-5.0475008928960845,2018,10,-27.888238187838084
79,2018-10-31 11:15:00,LONG,2018-10-31 12:15:00,33979.12,33775.24528,34658.886666666665,2018-11-12 15:15:00,34813.33,834.2099999999991,827.3307549999992,198559.3811999998,MACD Reversal,240,8,19.85593811999998,2018,10,-8.032300067838094
80,2018-11-13 13:15:00,LONG,2018-11-13 14:15:00,35115.22,34904.52868,35269.06683333333,2018-11-21 09:15:00,35247.87,132.65000000000146,125.61369100000145,28891.148930000334,TSL Hit,230,8,2.8891148930000337,2018,11,-5.143185174838067
81,2018-11-26 15:15:00,LONG,2018-11-27 09:15:00,35386.03,35173.71382,35328.51216666667,2018-11-27 11:15:00,35321.33,-64.69999999999709,-71.77073599999709,-16507.26927999933,TSL Hit,230,8,-1.650726927999933,2018,11,-6.793912102837993
82,2018-11-27 11:15:00,LONG,2018-11-27 12:15:00,35381.49,35169.20106,35760.1695,2018-12-05 10:15:00,35913.9,532.4100000000035,525.2804610000035,120814.5060300008,MACD Reversal,230,8,12.08145060300008,2018,11,0.0
83,2018-12-12 12:15:00,LONG,2018-12-12 13:15:00,35532.35,35319.1559,35953.87233333333,2018-12-21 11:15:00,36002.78,470.4300000000003,463.2764870000003,106553.59201000007,MACD Reversal,230,8,10.655359201000007,2018,12,0.0
84,2018-12-27 12:15:00,LONG,2018-12-27 13:15:00,35927.92,35712.35248,36004.71883333333,2019-01-01 09:15:00,35954.37,26.450000000004366,19.261771000004366,4237.58962000096,TSL Hit,220,8,0.423758962000096,2018,12,0.0
85,2019-01-01 14:15:00,LONG,2019-01-01 15:15:00,36266.67,36049.06998,36049.06998,2019-01-02 09:15:00,36049.06998,-217.60001999999804,-224.83159399799803,-49462.950679559566,Initial SL hit,220,8,-4.9462950679559565,2019,1,-4.946295067955958
86,2019-01-02 09:15:00,LONG,2019-01-02 10:15:00,36203.12,35985.901280000005,35985.901280000005,2019-01-02 12:15:00,35985.901280000005,-217.21871999999712,-224.43762212799712,-49376.276868159366,Initial SL hit,220,8,-4.937627686815937,2019,1,-9.883922754771902
87,2019-01-07 12:15:00,LONG,2019-01-07 13:15:00,35968.6,35752.7884,35885.998,2019-01-07 14:15:00,35863.19,-105.40999999999622,-112.59317899999621,-24770.499379999168,TSL Hit,220,8,-2.477049937999917,2019,1,-12.36097269277181
88,2019-01-07 15:15:00,LONG,2019-01-08 09:15:00,35877.34,35662.075959999995,35942.9955,2019-01-11 12:15:00,35936.68,59.34000000000378,52.158598000003785,11474.891560000833,TSL Hit,220,8,1.1474891560000833,2019,1,-11.213483536771719
89,2019-01-15 10:15:00,LONG,2019-01-15 11:15:00,36232.88,36015.48272,36273.744333333336,2019-01-23 14:15:00,36088.0,-144.87999999999738,-152.11208799999739,-33464.65935999942,TSL Hit,220,8,-3.346465935999942,2019,1,-14.559949472771649
90,2019-01-31 11:15:00,LONG,2019-01-31 12:15:00,36027.65,35811.4841,36395.575666666664,2019-02-08 14:15:00,36518.42,490.7699999999968,483.5153929999968,106373.3864599993,MACD Reversal,220,8,10.637338645999929,2019,1,-3.9226108267717166
91,2019-02-21 10:15:00,LONG,2019-02-21 11:15:00,35804.86,35590.03084,35847.53133333333,2019-02-22 11:15:00,35845.13,40.2699999999968,33.1050009999968,7283.100219999295,TSL Hit,220,8,0.7283100219999296,2019,2,-3.1943008047717854
92,2019-02-22 12:15:00,LONG,2019-02-22 13:15:00,35872.94,35657.70236,35797.36,2019-02-27 11:15:00,35760.84,-112.10000000000582,-119.26337800000582,-26237.94316000128,TSL Hit,220,8,-2.623794316000128,2019,2,-5.818095120771915
93,2019-02-27 12:15:00,LONG,2019-02-27 13:15:00,35944.8,35729.1312,35805.130000000005,2019-02-27 14:15:00,35911.98,-32.81999999999971,-40.00567799999971,-8801.249159999936,MACD Reversal,220,8,-0.8801249159999935,2019,2,-6.6982200367719145
94,2019-03-01 13:15:00,LONG,2019-03-01 14:15:00,36024.43,35808.28342,37945.685333333335,2019-03-25 09:15:00,37849.3,1824.8700000000026,1817.4826270000026,399846.17794000055,TSL Hit,220,8,39.98461779400005,2019,3,0.0
95,2019-03-26 14:15:00,LONG,2019-03-26 15:15:00,38247.2,38017.716799999995,38103.461833333335,2019-03-27 13:15:00,38017.716799999995,-229.4832000000024,-237.10969168000238,-49793.0352528005,Initial SL hit,210,8,-4.97930352528005,2019,3,-4.979303525280045
96,2019-03-27 15:15:00,LONG,2019-03-28 09:15:00,38166.88,37937.87872,38557.20183333334,2019-04-04 13:15:00,38780.55,613.6700000000055,605.9752570000055,127254.80397000116,MACD Reversal,210,8,12.725480397000116,2019,3,0.0
97,2019-04-05 15:15:00,LONG,2019-04-08 09:15:00,38958.6,38724.848399999995,38742.570166666665,2019-04-08 11:15:00,38771.72,-186.87999999999738,-194.65303199999738,-40877.13671999945,MACD Reversal,210,8,-4.087713671999945,2019,4,-4.08771367199995
98,2019-04-09 14:15:00,LONG,2019-04-09 15:15:00,38959.9,38726.1406,38852.52316666666,2019-04-10 13:15:00,38726.1406,-233.75940000000264,-241.52800406000264,-50720.88085260055,Initial SL hit,210,8,-5.072088085260056,2019,4,-9.159801757259999
99,2019-04-12 15:15:00,LONG,2019-04-15 09:15:00,38782.59,38549.894459999996,38864.15216666667,2019-04-22 10:15:00,38894.66,112.07000000000698,104.30227500000699,21903.477750001468,MACD Reversal,210,8,2.1903477750001468,2019,4,-6.969453982259864
100,2019-04-24 15:15:00,LONG,2019-04-25 09:15:00,39077.08,38842.61752,38888.25283333333,2019-04-25 14:15:00,38842.61752,-234.46248000000196,-242.25444975200196,-48450.88995040039,Initial SL hit,200,8,-4.845088995040039,2019,4,-11.814542977299908
101,2019-04-26 13:15:00,LONG,2019-04-26 14:15:00,39037.36,38803.13584,38931.66983333334,2019-04-30 09:15:00,38803.13584,-234.22415999999794,-242.00820958399794,-48401.641916799585,Initial SL hit,200,8,-4.840164191679959,2019,4,-16.654707168979854
102,2019-04-30 10:15:00,LONG,2019-04-30 11:15:00,38906.22,38672.782680000004,38916.05066666667,2019-05-06 09:15:00,38610.91,-295.3099999999977,-303.06171299999767,-63642.95972999951,Gap Open Outside ISL,210,8,-6.36429597299995,2019,4,-23.019003141979795
103,2019-05-17 10:15:00,LONG,2019-05-17 11:15:00,37625.85,37400.0949,39764.28416666667,2019-06-06 12:15:00,39756.93,2131.0800000000017,2123.341722000002,445901.7616200004,TSL Hit,210,8,44.59017616200004,2019,5,0.0
104,2019-06-11 10:15:00,LONG,2019-06-11 11:15:00,39900.41,39661.007540000006,39835.19283333334,2019-06-12 09:15:00,39754.67,-145.74000000000524,-153.70550800000524,-30741.10160000105,TSL Hit,200,8,-3.074110160000105,2019,6,-3.0741101600001173
105,2019-06-20 13:15:00,LONG,2019-06-20 14:15:00,39426.6,39190.0404,39463.68783333334,2019-06-21 09:15:00,39428.81,2.209999999999127,-5.675541000000874,-1135.1082000001747,TSL Hit,200,8,-0.11351082000001747,2019,6,-3.1876209800001334
106,2019-06-21 10:15:00,LONG,2019-06-21 11:15:00,39436.02,39199.40388,39199.40388,2019-06-21 13:15:00,39199.40388,-236.61611999999877,-244.47966238799876,-48895.93247759975,Initial SL Hit,200,8,-4.889593247759976,2019,6,-8.077214227760095
107,2019-06-25 13:15:00,LONG,2019-06-25 14:15:00,39398.87,39162.476780000005,39351.03766666666,2019-06-28 14:15:00,39388.95,-9.92000000000553,-17.79878200000553,-3559.756400001106,MACD Reversal,200,8,-0.3559756400001106,2019,6,-8.433189867760206
108,2019-07-01 09:15:00,LONG,2019-07-01 10:15:00,39649.47,39411.57318,39646.8395,2019-07-05 12:15:00,39621.46,-28.010000000002037,-35.93709300000204,-7187.418600000407,TSL Hit,200,8,-0.7187418600000407,2019,7,-9.151931727760257
109,2019-07-15 15:15:00,LONG,2019-07-16 09:15:00,38916.6,38683.100399999996,38871.8205,2019-07-18 14:15:00,38909.21,-7.389999999999418,-15.172580999999418,-3186.242009999878,MACD Reversal,210,8,-0.31862420099998784,2019,7,-9.470555928760234
110,2019-08-08 14:15:00,LONG,2019-08-08 15:15:00,37307.41,37083.56554,37083.56554,2019-08-13 14:15:00,37083.56554,-223.84446000000025,-231.28355755400025,-48569.547086340055,Initial SL hit,210,8,-4.856954708634006,2019,8,-14.327510637394226
111,2019-08-14 12:15:00,LONG,2019-08-14 13:15:00,37391.6,37167.2504,37167.2504,2019-08-16 09:15:00,37167.2504,-224.34960000000137,-231.80548504000137,-48679.15185840029,Initial SL hit,210,8,-4.86791518584003,2019,8,-19.195425823234245
112,2019-08-16 11:15:00,LONG,2019-08-16 12:15:00,37356.3,37132.162200000006,37232.0185,2019-08-20 11:15:00,37291.63,-64.67000000000553,-72.13479300000553,-15148.306530001162,MACD Reversal,210,8,-1.5148306530001163,2019,8,-20.71025647623435
113,2019-08-26 12:15:00,LONG,2019-08-26 13:15:00,37304.59,37080.76246,37206.56516666667,2019-08-29 10:15:00,37194.77,-109.81999999999971,-117.2699359999997,-24626.686559999936,TSL Hit,210,8,-2.4626686559999937,2019,8,-23.172925132234354
114,2019-09-06 12:15:00,LONG,2019-09-06 13:15:00,36972.88,36751.04272,36989.448500000006,2019-09-13 09:15:00,37024.93,52.05000000000291,44.65021900000291,9823.04818000064,MACD Reversal,220,8,0.982304818000064,2019,9,-22.19062031423428
115,2019-09-13 13:15:00,LONG,2019-09-13 14:15:00,37264.17,37040.58498,37040.58498,2019-09-16 13:15:00,37040.58498,-223.58501999999862,-231.01549549799861,-48513.25405457971,Initial SL hit,210,8,-4.85132540545797,2019,9,-27.04194571969225
116,2019-09-20 11:15:00,LONG,2019-09-20 12:15:00,38044.52,37816.25288,37816.25288,2019-09-20 12:15:00,37816.25288,-228.2671199999968,-235.8531972879968,-49529.17143047933,Initial SL hit,210,8,-4.952917143047933,2019,9,-31.994862862740177
117,2019-09-20 12:15:00,LONG,2019-09-20 13:15:00,38048.93,37820.63642,38089.34766666666,2019-09-30 10:15:00,38519.94,471.01000000000204,463.35311300000205,97304.15373000043,MACD Reversal,210,8,9.730415373000042,2019,9,-22.26444748974015
118,2019-10-10 09:15:00,LONG,2019-10-10 10:15:00,38107.71,37879.06374,37879.06374,2019-10-10 11:15:00,37879.06374,-228.64626000000135,-236.24493737400135,-49611.43684854028,Initial SL Hit,210,8,-4.9611436848540285,2019,10,-27.22559117459417
119,2019-10-11 11:15:00,LONG,2019-10-11 12:15:00,38054.58,37826.25252,38841.11699999999,2019-10-25 12:15:00,38757.81,703.2299999999959,695.5487609999959,146065.23980999916,TSL Hit,210,8,14.606523980999917,2019,10,-12.619067193594248
120,2019-10-27 19:00:00,LONG,2019-10-29 09:15:00,39270.4,39034.7776,40293.725,2019-11-11 10:15:00,40265.42,995.0199999999968,987.0664179999968,197413.28359999935,TSL Hit,200,8,19.741328359999937,2019,10,0.0
121,2019-11-15 09:15:00,LONG,2019-11-15 10:15:00,40540.02,40296.779879999995,40359.64566666667,2019-11-15 14:15:00,40344.58,-195.43999999999505,-203.52845999999505,-40705.69199999901,TSL Hit,200,8,-4.070569199999902,2019,11,-4.070569199999909
122,2019-11-15 15:15:00,LONG,2019-11-18 09:15:00,40359.37,40117.213780000005,40117.213780000005,2019-11-18 11:15:00,40257.99,-101.38000000000466,-109.44173600000465,-21888.34720000093,MACD Reversal,200,8,-2.1888347200000933,2019,11,-6.259403920000011
123,2019-11-19 10:15:00,LONG,2019-11-19 11:15:00,40444.4,40201.7336,40413.08166666667,2019-11-22 10:15:00,40452.23,7.830000000001746,-0.2596629999982554,-51.932599999651075,MACD Reversal,200,8,-0.005193259999965108,2019,11,-6.264597179999981
124,2019-11-25 10:15:00,LONG,2019-11-25 11:15:00,40652.32,40408.40608,40732.524,2019-11-29 11:15:00,40739.64,87.31999999999971,79.18080399999971,15836.160799999941,MACD Reversal,200,8,1.5836160799999939,2019,11,-4.680981099999997
125,2019-12-05 12:15:00,LONG,2019-12-05 13:15:00,40927.75,40682.1835,40849.542166666666,2019-12-05 14:15:00,40842.43,-85.31999999999971,-93.49701799999971,-18699.403599999943,TSL Hit,200,8,-1.8699403599999942,2019,12,-6.550921459999984
126,2019-12-05 15:15:00,LONG,2019-12-06 09:15:00,40846.24,40601.16256,40601.16256,2019-12-06 11:15:00,40601.16256,-245.07744000000093,-253.22218025600094,-50644.43605120019,Initial SL Hit,200,8,-5.064443605120019,2019,12,-11.615365065120017
127,2019-12-12 11:15:00,LONG,2019-12-12 12:15:00,40570.48,40327.057120000005,40586.02483333334,2019-12-12 15:15:00,40582.62,12.139999999999418,4.024689999999417,804.9379999998835,TSL Hit,200,8,0.08049379999998835,2019,12,-11.534871265120017
128,2019-12-13 09:15:00,LONG,2019-12-13 10:15:00,40905.52,40660.086879999995,41338.156,2019-12-24 14:15:00,41455.83,550.310000000005,542.073865000005,108414.77300000099,MACD Reversal,200,8,10.841477300000099,2019,12,-0.6933939651199239
129,2019-12-27 14:15:00,LONG,2019-12-27 15:15:00,41583.67,41334.16798,41504.01133333333,2019-12-30 11:15:00,41489.89,-93.77999999999884,-102.08735599999883,-19396.597639999778,TSL Hit,190,8,-1.9396597639999777,2019,12,-2.6330537291198937
130,2019-12-30 13:15:00,LONG,2019-12-30 14:15:00,41538.89,41289.65666,41531.374,2019-12-31 09:15:00,41399.89,-139.0,-147.293878,-27985.83682,TSL Hit,190,8,-2.7985836820000003,2019,12,-5.431637411119908
131,2020-01-02 11:15:00,LONG,2020-01-02 12:15:00,41547.66,41298.37404,41475.847,2020-01-03 11:15:00,41443.87,-103.79000000000087,-112.08915300000088,-21296.939070000168,TSL Hit,190,8,-2.1296939070000165,2020,1,-7.561331318119926
132,2020-01-09 10:15:00,LONG,2020-01-09 11:15:00,41361.91,41113.738540000006,41634.5675,2020-01-20 11:15:00,41770.82,408.9099999999962,400.59672699999624,76113.37812999928,MACD Reversal,190,8,7.6113378129999285,2020,1,0.0
133,2020-01-24 11:15:00,LONG,2020-01-24 12:15:00,41544.72,41295.45168,41295.45168,2020-01-27 12:15:00,41369.14,-175.58000000000175,-183.87138600000173,-34935.56334000033,MACD Reversal,190,8,-3.493556334000033,2020,1,-3.493556334000033
134,2020-02-04 12:15:00,LONG,2020-02-04 13:15:00,40682.4,40438.3056,40761.9865,2020-02-10 12:15:00,40905.1,222.6999999999971,214.5412499999971,42908.24999999942,MACD Reversal,200,8,4.290824999999942,2020,2,0.0
135,2020-02-11 12:15:00,LONG,2020-02-11 13:15:00,41317.83,41069.92302,41215.318166666664,2020-02-14 15:15:00,41254.0,-63.830000000001746,-72.08718300000174,-13696.564770000332,MACD Reversal,190,8,-1.3696564770000332,2020,2,-1.369656477000035
136,2020-02-19 13:15:00,LONG,2020-02-19 14:15:00,41288.79,41041.05726,41236.34933333333,2020-02-20 14:15:00,41177.62,-111.16999999999825,-119.41664099999825,-22689.161789999667,TSL Hit,190,8,-2.268916178999967,2020,2,-3.638572656000008
137,2020-03-26 09:15:00,LONG,2020-03-26 10:15:00,29845.03,29665.95982,29665.95982,2020-03-26 10:15:00,29665.95982,-179.0701799999988,-185.0212789819988,-49955.74532513967,Initial SL hit,270,8,-4.9955745325139675,2020,3,-8.634147188513964
138,2020-03-26 11:15:00,LONG,2020-03-26 12:15:00,30065.14,29884.74916,29884.74916,2020-03-26 12:15:00,29884.74916,-180.39084000000003,-186.38582891600004,-50324.17380732001,Initial SL hit,270,8,-5.032417380732001,2020,3,-13.666564569245963
139,2020-03-27 12:15:00,LONG,2020-03-27 13:15:00,29965.99,29786.19406,29786.19406,2020-03-27 14:15:00,29786.19406,-179.79593999999997,-185.77115840599998,-50158.21276962,Initial SL hit,270,8,-5.015821276961999,2020,3,-18.68238584620795
140,2020-03-30 09:15:00,LONG,2020-03-30 10:15:00,29405.57,29229.13658,29229.13658,2020-03-30 11:15:00,29229.13658,-176.4334200000012,-182.29689065800122,-49220.16047766033,Initial SL hit,270,8,-4.922016047766033,2020,3,-23.60440189397397
141,2020-03-31 11:15:00,LONG,2020-03-31 12:15:00,29398.57,29222.17858,29222.17858,2020-04-01 09:15:00,29222.17858,-176.39141999999993,-182.25349485799993,-49208.44361165998,Initial SL hit,270,8,-4.920844361165998,2020,3,-28.52524625513996
142,2020-04-07 11:15:00,LONG,2020-04-07 12:15:00,29180.31,29005.228140000003,30681.171,2020-04-21 11:15:00,30707.68,1527.369999999999,1521.381200999999,410772.9242699997,MACD Reversal,270,8,41.077292426999975,2020,4,0.0
143,2020-04-22 13:15:00,LONG,2020-04-22 14:15:00,31328.25,31140.2805,31897.048000000003,2020-05-04 11:15:00,32035.11,706.8600000000006,700.5236640000006,182136.15264000016,MACD Reversal,260,8,18.213615264000016,2020,4,0.0
144,2020-05-13 12:15:00,LONG,2020-05-13 13:15:00,32128.21,31935.44074,31935.44074,2020-05-13 13:15:00,31935.44074,-192.76926000000094,-199.17562507400095,-49793.906268500235,Initial SL Hit,250,8,-4.979390626850024,2020,5,-4.979390626850034
145,2020-05-20 15:15:00,LONG,2020-05-21 09:15:00,30878.31,30693.04014,30693.04014,2020-05-22 09:15:00,30693.04014,-185.26986000000034,-191.42699501400034,-49771.01870364009,Initial SL Hit,260,8,-4.9771018703640095,2020,5,-9.956492497214015
146,2020-05-26 11:15:00,LONG,2020-05-26 12:15:00,30884.08,30698.775520000003,30698.775520000003,2020-05-26 13:15:00,30698.775520000003,-185.30447999999888,-191.46276555199887,-49780.3190435197,Initial SL Hit,260,8,-4.978031904351971,2020,5,-14.934524401565966
147,2020-05-27 11:15:00,LONG,2020-05-27 12:15:00,30877.36,30692.09584,33708.621333333336,2020-06-09 15:15:00,33892.28,3014.9199999999983,3008.4430359999983,782195.1893599996,MACD Reversal,260,8,78.21951893599997,2020,5,0.0
148,2020-06-10 13:15:00,LONG,2020-06-10 14:15:00,34255.04,34049.50976,34049.50976,2020-06-10 14:15:00,34049.50976,-205.53024000000005,-212.36069497600005,-48842.959844480014,Initial SL hit,230,8,-4.884295984448001,2020,6,-4.884295984447988
149,2020-06-10 14:15:00,LONG,2020-06-10 15:15:00,34284.85,34079.1409,34079.1409,2020-06-11 09:15:00,34079.1409,-205.70910000000003,-212.54549909000002,-48885.4647907,Initial SL hit,230,8,-4.88854647907,2020,6,-9.772842463517975
150,2020-06-17 11:15:00,LONG,2020-06-17 12:15:00,33725.84,33523.484959999994,33523.484959999994,2020-06-17 14:15:00,33523.484959999994,-202.3550400000022,-209.0799724960022,-50179.19339904053,Initial SL Hit,240,8,-5.017919339904053,2020,6,-14.790761803422015
151,2020-06-17 15:15:00,LONG,2020-06-18 09:15:00,33539.84,33338.600959999996,34320.46866666667,2020-06-25 12:15:00,34668.38,1128.5400000000009,1121.719178000001,269212.60272000026,MACD Reversal,240,8,26.921260272000026,2020,6,0.0
152,2020-06-25 13:15:00,LONG,2020-06-25 14:15:00,35058.69,34848.33786,34848.33786,2020-06-25 14:15:00,34848.33786,-210.3521400000027,-217.3428427860027,-49988.85384078062,Initial SL hit,230,8,-4.998885384078062,2020,6,-4.998885384078051
153,2020-06-26 10:15:00,LONG,2020-06-26 11:15:00,35141.5,34930.651,34930.651,2020-06-26 13:15:00,34930.651,-210.84900000000198,-217.85621510000198,-50106.929473000455,Initial SL hit,230,8,-5.010692947300045,2020,6,-10.009578331378123
154,2020-06-26 13:15:00,LONG,2020-06-26 14:15:00,35101.69,34891.079860000005,34891.079860000005,2020-06-29 09:15:00,34891.079860000005,-210.61013999999705,-217.60941698599706,-50050.16590677932,Initial SL hit,230,8,-5.005016590677933,2020,6,-15.014594922056062
155,2020-06-30 11:15:00,LONG,2020-06-30 12:15:00,35173.43,34962.38942,34962.38942,2020-06-30 14:15:00,34962.38942,-211.04058000000077,-218.05416194200077,-50152.457246660175,Initial SL hit,230,8,-5.015245724666018,2020,6,-20.029840646722107
156,2020-06-30 15:15:00,LONG,2020-07-01 09:15:00,34951.1,34741.3934,36386.40733333333,2020-07-14 10:15:00,36096.68,1145.5800000000017,1138.4752220000018,261849.30106000043,TSL Hit,230,8,26.184930106000042,2020,7,0.0
157,2020-07-15 12:15:00,LONG,2020-07-15 13:15:00,36714.48,36494.19312,36494.19312,2020-07-15 14:15:00,36494.19312,-220.28687999999966,-227.60774731199965,-50073.704408639926,Initial SL hit,220,8,-5.007370440863992,2020,7,-5.007370440864008
158,2020-07-17 10:15:00,LONG,2020-07-17 11:15:00,36721.0,36500.674,37990.0955,2020-07-30 13:15:00,37842.12,1121.1200000000026,1113.6636880000026,245006.01136000056,TSL Hit,220,8,24.500601136000057,2020,7,0.0
159,2020-08-05 09:15:00,LONG,2020-08-05 10:15:00,38134.89,37906.08066,37906.08066,2020-08-05 11:15:00,37906.08066,-228.8093399999998,-236.4134370659998,-49646.82178385996,Initial SL hit,210,8,-4.964682178385996,2020,8,-4.964682178385999
160,2020-08-05 13:15:00,LONG,2020-08-05 14:15:00,37784.8,37558.0912,38127.51683333333,2020-08-14 13:15:00,37923.51,138.70999999999913,131.13916899999913,27539.225489999815,TSL Hit,210,8,2.7539225489999817,2020,8,-2.2107596293860183
161,2020-08-18 11:15:00,LONG,2020-08-18 12:15:00,38304.51,38074.68294,38318.636333333336,2020-08-20 10:15:00,38309.35,4.8399999999965075,-2.8213860000034927,-592.4910600007335,TSL Hit,210,8,-0.05924910600007335,2020,8,-2.2700087353861136
162,2020-08-21 10:15:00,LONG,2020-08-21 11:15:00,38511.87,38280.798780000005,38862.27233333334,2020-08-31 13:15:00,38773.68,261.8099999999977,254.08144499999767,53357.10344999951,TSL Hit,210,8,5.335710344999951,2020,8,0.0
163,2020-09-02 15:15:00,LONG,2020-09-03 09:15:00,39141.84,38906.988959999995,39007.436166666674,2020-09-03 11:15:00,38975.99,-165.84999999999854,-173.66178299999854,-34732.35659999971,TSL Hit,200,8,-3.473235659999971,2020,9,-3.4732356599999434
164,2020-09-03 11:15:00,LONG,2020-09-03 12:15:00,39131.23,38896.44262,39030.180833333325,2020-09-03 14:15:00,38981.89,-149.34000000000378,-157.15131200000377,-31430.262400000753,TSL Hit,200,8,-3.1430262400000757,2020,9,-6.61626190000004
165,2020-09-10 11:15:00,LONG,2020-09-10 12:15:00,38748.26,38515.77044,38824.712999999996,2020-09-18 14:15:00,38841.48,93.22000000000116,85.46102600000117,17946.815460000245,MACD Reversal,210,8,1.7946815460000245,2020,9,-4.821580353999991
166,2020-09-28 10:15:00,LONG,2020-09-28 11:15:00,37898.68,37671.28792,40147.835333333336,2020-10-15 13:15:00,39835.95,1937.2699999999968,1929.4965369999968,405194.27276999934,TSL Hit,210,8,40.519427276999934,2020,9,0.0
167,2020-10-19 11:15:00,LONG,2020-10-19 12:15:00,40380.82,40138.53508,40459.457,2020-10-21 13:15:00,40255.26,-125.55999999999767,-133.62360799999766,-26724.72159999953,TSL Hit,200,8,-2.6724721599999532,2020,10,-2.672472159999927
168,2020-10-21 14:15:00,LONG,2020-10-21 15:15:00,40765.52,40520.92688,40520.92688,2020-10-22 09:15:00,40520.92688,-244.59311999999773,-252.72176468799773,-50544.35293759955,Initial SL hit,200,8,-5.054435293759955,2020,10,-7.726907453759907
169,2020-10-22 12:15:00,LONG,2020-10-22 13:15:00,40603.45,40359.8293,40359.8293,2020-10-22 14:15:00,40359.8293,-243.6206999999995,-251.7170279299995,-50343.4055859999,Initial SL Hit,200,8,-5.0343405585999905,2020,10,-12.761248012359886
170,2020-10-22 14:15:00,LONG,2020-10-22 15:15:00,40570.12,40326.69928,40470.0125,2020-10-26 11:15:00,40326.69928,-243.4207200000019,-251.5104019280019,-50302.08038560038,Initial SL hit,200,8,-5.030208038560038,2020,10,-17.79145605091992
171,2020-11-03 10:15:00,LONG,2020-11-03 11:15:00,40265.1,40023.509399999995,43460.40566666667,2020-11-20 10:15:00,43507.13,3242.029999999999,3233.652776999999,646730.5553999997,MACD Reversal,200,8,64.67305553999996,2020,11,0.0
172,2020-11-20 13:15:00,LONG,2020-11-20 14:15:00,43986.15,43722.2331,43907.564666666665,2020-11-25 13:15:00,43885.92,-100.2300000000032,-109.0172070000032,-19623.097260000577,TSL Hit,180,8,-1.9623097260000575,2020,11,-1.9623097260000577
173,2020-11-26 15:15:00,LONG,2020-11-27 09:15:00,44361.78,44095.609319999996,44095.609319999996,2020-11-27 11:15:00,44095.609319999996,-266.1706800000029,-275.0164189320029,-49502.95540776053,Initial SL hit,180,8,-4.950295540776053,2020,11,-6.912605266776097
174,2020-11-27 11:15:00,LONG,2020-11-27 12:15:00,44251.29,43985.78226,46362.37666666667,2020-12-21 14:15:00,45595.47,1344.1800000000003,1335.1953240000003,240335.15832000005,TSL Hit,180,8,24.033515832000006,2020,11,0.0
175,2020-12-23 14:15:00,LONG,2020-12-23 15:15:00,46459.97,46181.21018,48914.208333333336,2021-01-15 13:15:00,48953.54,2493.5699999999997,2484.028649,422284.87032999995,MACD Reversal,170,8,42.22848703299999,2020,12,0.0
176,2021-01-19 12:15:00,LONG,2021-01-19 13:15:00,49295.94,49000.16436,49394.404,2021-01-22 10:15:00,49287.25,-8.690000000002328,-18.54831900000233,-2967.7310400003726,TSL Hit,160,8,-0.29677310400003726,2021,1,-0.2967731040000672
177,2021-02-01 14:15:00,LONG,2021-02-01 15:15:00,48641.23,48349.382620000004,51594.62583333333,2021-02-17 14:15:00,51738.24,3097.0099999999948,3086.972052999995,493915.52847999916,MACD Reversal,160,8,49.39155284799991,2021,2,0.0
178,2021-02-25 12:15:00,LONG,2021-02-25 13:15:00,51210.99,50903.72406,51043.85666666667,2021-02-25 14:15:00,51041.78,-169.20999999999913,-179.43527699999913,-28709.64431999986,TSL Hit,160,8,-2.8709644319999863,2021,2,-2.870964431999937
179,2021-03-02 14:15:00,LONG,2021-03-02 15:15:00,50352.7,50050.5838,50372.96983333333,2021-03-05 13:15:00,50255.22,-97.47999999999593,-107.54079199999593,-17206.52671999935,TSL Hit,160,8,-1.720652671999935,2021,3,-4.591617103999852
180,2021-03-09 10:15:00,LONG,2021-03-09 11:15:00,50845.53,50540.45682,50540.45682,2021-03-09 13:15:00,50540.45682,-305.0731799999994,-315.2117786819994,-50433.88458911991,Initial SL hit,160,8,-5.043388458911991,2021,3,-9.635005562911829
181,2021-03-09 13:15:00,LONG,2021-03-09 14:15:00,50689.88,50385.740719999994,50731.98883333334,2021-03-12 13:15:00,50672.08,-17.799999999995634,-27.936195999995633,-4469.791359999301,TSL Hit,160,8,-0.4469791359999301,2021,3,-10.08198469891181
182,2021-03-23 12:15:00,LONG,2021-03-23 13:15:00,49997.88,49697.892719999996,49697.892719999996,2021-03-24 09:15:00,49697.892719999996,-299.9872800000012,-309.9568572720012,-49593.097163520186,Initial SL Hit,160,8,-4.959309716352019,2021,3,-15.041294415263792
183,2021-03-30 09:15:00,LONG,2021-03-30 10:15:00,49774.73,49476.081620000004,49476.081620000004,2021-03-31 14:15:00,49476.081620000004,-298.6483799999987,-308.57346116199875,-49371.7537859198,Initial SL hit,160,8,-4.93717537859198,2021,3,-19.978469793855766
184,2021-04-01 11:15:00,LONG,2021-04-01 12:15:00,49657.0,49359.058,49497.94066666667,2021-04-05 09:15:00,49359.058,-297.94200000000274,-307.8436058000027,-49254.97692800043,Initial SL hit,160,8,-4.925497692800043,2021,4,-24.9039674866558
185,2021-04-07 10:15:00,LONG,2021-04-07 11:15:00,49801.79,49502.97926,49502.97926,2021-04-09 09:15:00,49502.97926,-298.8107400000008,-308.7412169260008,-49398.594708160126,Initial SL hit,160,8,-4.939859470816012,2021,4,-29.843826957471833
186,2021-04-09 11:15:00,LONG,2021-04-09 12:15:00,49772.48,49473.845120000005,49569.252,2021-04-09 13:15:00,49473.845120000005,-298.6348799999978,-308.5595125119978,-49369.52200191965,Initial SL hit,160,8,-4.936952200191965,2021,4,-34.7807791576638
187,2021-04-16 09:15:00,LONG,2021-04-16 10:15:00,49028.65,48734.4781,48734.4781,2021-04-16 15:15:00,48734.4781,-294.1719000000012,-303.94821281000117,-48631.71404960019,Initial SL Hit,160,8,-4.863171404960019,2021,4,-39.643950562623786
188,2021-04-26 14:15:00,LONG,2021-04-26 15:15:00,48416.98,48126.47812,48632.10866666667,2021-04-30 14:15:00,48783.15,366.16999999999825,356.44998699999826,60596.4977899997,MACD Reversal,170,8,6.059649778999971,2021,4,-33.5843007836238
189,2021-05-06 14:15:00,LONG,2021-05-06 15:15:00,48945.4,48651.7276,48987.07233333333,2021-05-12 09:15:00,48767.44,-177.95999999999913,-187.73128399999914,-30037.005439999863,TSL Hit,160,8,-3.003700543999986,2021,5,-36.58800132762383
190,2021-05-17 10:15:00,LONG,2021-05-17 11:15:00,49263.15,48967.5711,49422.58433333333,2021-05-20 15:15:00,49626.32,363.16999999999825,353.2810529999983,56524.96847999973,MACD Reversal,160,8,5.652496847999973,2021,5,-30.935504479623887
191,2021-05-21 09:15:00,LONG,2021-05-21 10:15:00,50169.03,49868.01582,51998.53683333334,2021-06-09 14:15:00,51967.86,1798.8300000000017,1788.6163110000018,286178.6097600003,TSL Hit,160,8,28.61786097600003,2021,5,-2.3176435036239127
192,2021-06-10 12:15:00,LONG,2021-06-10 13:15:00,52244.86,51931.39084,52376.92650000001,2021-06-17 09:15:00,52400.14,155.27999999999884,144.81549999999885,21722.324999999826,MACD Reversal,150,8,2.172232499999983,2021,6,-0.14541100362396264
193,2021-06-21 14:15:00,LONG,2021-06-21 15:15:00,52575.55,52260.0967,52482.006166666666,2021-06-23 12:15:00,52398.93,-176.62000000000262,-187.1174480000026,-28067.61720000039,TSL Hit,150,8,-2.806761720000039,2021,6,-2.9521727236240167
194,2021-06-23 12:15:00,LONG,2021-06-23 13:15:00,52562.86,52247.48284,52247.48284,2021-06-23 14:15:00,52305.67,-257.1900000000023,-267.6768530000023,-40151.527950000345,MACD Reversal,150,8,-4.015152795000035,2021,6,-6.9673255186240795
195,2021-06-24 11:15:00,LONG,2021-06-24 12:15:00,52616.59,52300.890459999995,52543.92533333333,2021-06-29 10:15:00,52618.86,2.2700000000040745,-8.253544999995926,-1238.031749999389,MACD Reversal,150,8,-0.12380317499993888,2021,6,-7.091128693624
196,2021-06-30 10:15:00,LONG,2021-06-30 11:15:00,52866.28,52549.08232,52608.10866666667,2021-06-30 14:15:00,52549.08232,-317.1976799999975,-327.7392162319975,-49160.88243479963,Initial SL hit,150,8,-4.916088243479963,2021,6,-12.007216937103976
197,2021-07-05 09:15:00,LONG,2021-07-05 10:15:00,52834.55,52517.542700000005,52717.06183333333,2021-07-08 12:15:00,52661.77,-172.7800000000061,-183.32963200000611,-27499.444800000918,TSL Hit,150,8,-2.749944480000092,2021,7,-14.757161417104044
198,2021-07-13 12:15:00,LONG,2021-07-13 13:15:00,52785.11,52468.39934,52811.788166666665,2021-07-19 09:15:00,52767.99,-17.12000000000262,-27.675310000002618,-4151.296500000392,TSL Hit,150,8,-0.4151296500000392,2021,7,-15.172291067104084
199,2021-07-22 12:15:00,LONG,2021-07-22 13:15:00,52854.92,52537.790479999996,52840.145833333336,2021-07-26 15:15:00,52838.76,-16.159999999996217,-26.729367999996214,-4009.405199999432,TSL Hit,150,8,-0.40094051999994323,2021,7,-15.573231587104033
200,2021-07-29 12:15:00,LONG,2021-07-29 13:15:00,52723.06,52406.721639999996,52663.02933333333,2021-07-30 14:15:00,52540.18,-182.87999999999738,-193.40632399999737,-29010.948599999607,TSL Hit,150,8,-2.9010948599999606,2021,7,-18.474326447103977
201,2021-08-02 10:15:00,LONG,2021-08-02 11:15:00,52929.93,52612.35042,55060.62033333334,2021-08-20 11:15:00,55410.57,2480.6399999999994,2469.8059499999995,370470.8924999999,MACD Reversal,150,8,37.04708924999999,2021,8,0.0
202,2021-08-23 12:15:00,LONG,2021-08-23 13:15:00,55608.13,55274.481219999994,58561.8695,2021-09-20 14:15:00,58562.4,2954.270000000004,2942.852947000004,411999.4125800005,MACD Reversal,140,8,41.19994125800005,2021,8,0.0
203,2021-09-21 15:15:00,LONG,2021-09-22 09:15:00,59084.51,58730.00294,59358.461,2021-09-28 12:15:00,59190.68,106.16999999999825,94.34248099999826,13207.947339999757,TSL Hit,140,8,1.3207947339999757,2021,9,0.0
204,2021-10-04 12:15:00,LONG,2021-10-04 13:15:00,59359.38,59003.223719999995,59497.52683333333,2021-10-06 14:15:00,59212.91,-146.4699999999939,-158.32722899999388,-20582.539769999203,TSL Hit,130,8,-2.05825397699992,2021,10,-2.0582539769999357
205,2021-10-07 10:15:00,LONG,2021-10-07 11:15:00,59790.78,59432.035319999995,60850.51216666667,2021-10-20 14:15:00,61246.43,1455.6500000000015,1443.5462790000015,187661.0162700002,MACD Reversal,130,8,18.76610162700002,2021,10,0.0
206,2021-10-26 13:15:00,LONG,2021-10-26 14:15:00,61277.93,60910.26242,61313.504166666666,2021-10-27 14:15:00,61189.23,-88.69999999999709,-100.9467159999971,-13123.073079999622,TSL Hit,130,8,-1.3123073079999623,2021,10,-1.3123073079999585
207,2021-11-03 10:15:00,LONG,2021-11-03 11:15:00,60301.66,59939.850040000005,59939.850040000005,2021-11-03 11:15:00,60006.5,-295.1600000000035,-307.1908160000035,-39934.80608000045,MACD Reversal,130,8,-3.9934806080000453,2021,11,-5.305787915999986
208,2021-11-08 12:15:00,LONG,2021-11-08 13:15:00,60470.4,60107.577600000004,60256.61916666667,2021-11-10 09:15:00,60107.577600000004,-362.8223999999973,-374.8801977599973,-48734.42570879965,Initial SL hit,130,8,-4.8734425708799645,2021,11,-10.179230486879987
209,2021-11-10 10:15:00,LONG,2021-11-10 11:15:00,60182.03,59820.93782,59820.93782,2021-11-10 11:15:00,60150.3,-31.729999999995925,-43.76323299999593,-5689.220289999471,MACD Reversal,130,8,-0.568922028999947,2021,11,-10.748152515879951
210,2021-11-12 12:15:00,LONG,2021-11-12 13:15:00,60398.7,60036.307799999995,60296.285,2021-11-16 15:15:00,60229.91,-168.7899999999936,-180.8528609999936,-23510.871929999168,TSL Hit,130,8,-2.3510871929999166,2021,11,-13.09923970887985
211,2021-12-02 09:15:00,LONG,2021-12-02 10:15:00,58092.43,57743.87542,58009.677500000005,2021-12-03 13:15:00,57853.86,-238.5699999999997,-250.1646289999997,-35023.04805999996,TSL Hit,140,8,-3.5023048059999957,2021,12,-16.601544514879834
212,2021-12-08 09:15:00,LONG,2021-12-08 10:15:00,58495.46,58144.48724,58152.885,2021-12-13 15:15:00,58358.8,-136.65999999999622,-148.34542599999622,-20768.35963999947,MACD Reversal,140,8,-2.076835963999947,2021,12,-18.67838047887983
213,2021-12-23 10:15:00,LONG,2021-12-23 11:15:00,57311.89,56968.01866,57292.456666666665,2021-12-23 13:15:00,57261.39,-50.5,-61.957328000000004,-8674.02592,TSL Hit,140,8,-0.867402592,2021,12,-19.545783070879793
214,2021-12-23 15:15:00,LONG,2021-12-24 09:15:00,57396.97,57052.58818,57052.58818,2021-12-24 09:15:00,57052.58818,-344.38182000000234,-355.8267758180023,-49815.74861452032,Initial SL Hit,140,8,-4.9815748614520325,2021,12,-24.527357932331824
215,2021-12-24 10:15:00,LONG,2021-12-24 11:15:00,57033.8,56691.597200000004,56691.597200000004,2021-12-27 09:15:00,56691.597200000004,-342.2027999999991,-353.57533971999914,-49500.54756079988,Initial SL Hit,140,8,-4.950054756079989,2021,12,-29.477412688411846
216,2021-12-27 09:15:00,LONG,2021-12-27 10:15:00,57102.84,56760.22296,60705.314333333336,2022-01-18 15:15:00,60755.64,3652.800000000003,3641.014152000003,509741.9812800004,MACD Reversal,140,8,50.97419812800004,2021,12,0.0
217,2022-01-31 11:15:00,LONG,2022-01-31 12:15:00,58184.37,57835.26378,58369.73566666666,2022-02-01 12:15:00,57835.26378,-349.1062200000015,-360.7081833780015,-50499.145672920204,Initial SL hit,140,8,-5.04991456729202,2022,1,-5.049914567292035
218,2022-02-01 13:15:00,LONG,2022-02-01 14:15:00,58778.87,58426.196780000006,58426.196780000006,2022-02-04 11:15:00,58619.26,-159.61000000000058,-171.34981300000058,-23988.973820000083,MACD Reversal,140,8,-2.3988973820000083,2022,2,-7.448811949292008
219,2022-02-09 12:15:00,LONG,2022-02-09 13:15:00,58352.03,58001.917819999995,58522.697666666674,2022-02-11 09:15:00,58001.917819999995,-350.1121800000037,-361.7475747820037,-50644.66046948052,Initial SL hit,140,8,-5.064466046948052,2022,2,-12.513277996240049
220,2022-02-15 15:15:00,LONG,2022-02-16 09:15:00,58211.38,57862.11171999999,57862.11171999999,2022-02-16 10:15:00,57862.11171999999,-349.26828000000387,-360.87562917200387,-50522.58808408054,Initial SL Hit,140,8,-5.052258808408054,2022,2,-17.565536804648104
221,2022-02-16 11:15:00,LONG,2022-02-16 12:15:00,58045.53,57697.256819999995,57921.52583333333,2022-02-16 15:15:00,57884.91,-160.61999999999534,-172.21304399999534,-24109.826159999346,TSL Hit,140,8,-2.4109826159999344,2022,2,-19.97651942064806
222,2022-02-16 15:15:00,LONG,2022-02-17 09:15:00,58004.26,57656.23444,57656.23444,2022-02-17 10:15:00,57656.23444,-348.02556000000186,-359.59160944400185,-50342.82532216026,Initial SL Hit,140,8,-5.034282532216026,2022,2,-25.010801952864085
223,2022-02-17 10:15:00,LONG,2022-02-17 11:15:00,58129.23,57780.454620000004,57874.453166666666,2022-02-17 14:15:00,57832.09,-297.1400000000067,-308.7361320000067,-43223.05848000094,TSL Hit,140,8,-4.322305848000093,2022,2,-29.333107800864127
224,2022-02-17 15:15:00,LONG,2022-02-18 09:15:00,57865.24,57518.048559999996,57916.31516666667,2022-02-18 14:15:00,57849.29,-15.94999999999709,-27.521452999997088,-3853.003419999592,TSL Hit,140,8,-0.3853003419999592,2022,2,-29.718408142864064
225,2022-02-21 12:15:00,LONG,2022-02-21 13:15:00,58136.29,57787.47226,57787.47226,2022-02-21 13:15:00,57787.47226,-348.8177399999986,-360.4101162259986,-50457.416271639806,Initial SL Hit,140,8,-5.045741627163981,2022,2,-34.7641497700281
226,2022-03-09 12:15:00,LONG,2022-03-09 13:15:00,54558.23,54230.88062,57136.627,2022-03-25 11:15:00,57280.64,2722.409999999996,2711.226112999996,406683.9169499994,MACD Reversal,150,8,40.66839169499994,2022,3,0.0
227,2022-03-28 14:15:00,LONG,2022-03-28 15:15:00,57623.4,57277.6596,58899.648,2022-04-07 09:15:00,59283.28,1659.8799999999974,1648.1893319999974,230746.50647999963,MACD Reversal,140,8,23.074650647999963,2022,3,0.0
228,2022-04-21 11:15:00,LONG,2022-04-21 12:15:00,57801.77,57454.95937999999,57454.95937999999,2022-04-22 09:15:00,57445.22,-356.54999999999563,-368.07469899999563,-51530.45785999939,Gap Open Outside ISL,140,8,-5.1530457859999395,2022,4,-5.153045785999893
229,2022-04-22 09:15:00,LONG,2022-04-22 10:15:00,57489.16,57144.225040000005,57144.225040000005,2022-04-22 13:15:00,57364.8,-124.36000000000058,-135.8453960000006,-19018.355440000083,MACD Reversal,140,8,-1.9018355440000083,2022,4,-7.054881329999944
230,2022-04-28 12:15:00,LONG,2022-04-28 13:15:00,57573.07,57227.63158,57227.63158,2022-04-29 14:15:00,57227.63158,-345.4384199999986,-356.9184901579986,-49968.5886221198,Initial SL hit,140,8,-4.9968588622119805,2022,4,-12.051740192211923
231,2022-05-17 12:15:00,LONG,2022-05-17 13:15:00,54015.0,53690.909999999996,53877.16433333334,2022-05-19 09:15:00,53212.35,-802.6500000000015,-813.3727350000015,-122005.91025000023,Gap Open Outside ISL,150,8,-12.200591025000024,2022,5,-24.252331217211918
232,2022-05-20 11:15:00,LONG,2022-05-20 12:15:00,54110.31,53785.64814,53800.859333333334,2022-05-25 11:15:00,53910.77,-199.54000000000087,-210.34210800000088,-31551.316200000132,MACD Reversal,150,8,-3.155131620000013,2022,5,-27.407462837211938
233,2022-05-26 14:15:00,LONG,2022-05-26 15:15:00,54301.81,53975.99914,55312.595,2022-06-07 09:15:00,55154.82,853.010000000002,842.0643370000021,126309.65055000031,TSL Hit,150,8,12.630965055000033,2022,5,-14.77649778221189
234,2022-06-21 11:15:00,LONG,2022-06-21 12:15:00,52486.05,52171.133700000006,52171.133700000006,2022-06-22 09:15:00,52168.03,-318.0200000000041,-328.4854080000041,-49272.811200000615,Gap Open Outside ISL,150,8,-4.927281120000061,2022,6,-19.70377890221198
235,2022-06-24 11:15:00,LONG,2022-06-24 12:15:00,52699.97,52383.77018,52641.84533333333,2022-07-01 09:15:00,52383.77018,-316.19982000000164,-326.7081940180016,-49006.22910270024,Initial SL hit,150,8,-4.900622910270024,2022,6,-24.604401812482024
236,2022-07-04 11:15:00,LONG,2022-07-04 12:15:00,53043.67,52725.407979999996,53649.6915,2022-07-12 14:15:00,53894.68,851.010000000002,840.316165000002,126047.4247500003,MACD Reversal,150,8,12.60474247500003,2022,7,-11.999659337481944
237,2022-07-18 09:15:00,LONG,2022-07-18 10:15:00,54246.76,53921.27944,54942.568666666666,2022-07-26 14:15:00,55282.8,1036.0400000000009,1025.0870440000008,153763.05660000013,MACD Reversal,150,8,15.37630566000001,2022,7,0.0
238,2022-07-27 11:15:00,LONG,2022-07-27 12:15:00,55578.25,55244.7805,59433.149333333335,2022-08-19 13:15:00,59659.58,4081.3300000000017,4069.8062170000017,569772.8703800002,MACD Reversal,140,8,56.97728703800002,2022,7,0.0
239,2022-08-25 11:15:00,LONG,2022-08-25 12:15:00,59409.73,59053.27162,59053.27162,2022-08-25 14:15:00,59053.27162,-356.4583800000037,-368.30468016200365,-47879.608421060475,Initial SL Hit,130,8,-4.787960842106047,2022,8,-4.787960842106031
240,2022-08-30 12:15:00,LONG,2022-08-30 13:15:00,59090.22,58735.67868,59060.19533333334,2022-09-01 09:15:00,58711.55,-378.66999999999825,-390.45017699999823,-54663.02477999975,Gap Open Outside ISL,140,8,-5.466302477999975,2022,8,-10.25426332010602
241,2022-09-01 09:15:00,LONG,2022-09-01 10:15:00,59227.15,58871.7871,59021.964166666665,2022-09-01 11:15:00,58871.7871,-355.3629000000001,-367.17279371000006,-51404.191119400006,Initial SL hit,140,8,-5.140419111940001,2022,9,-15.394682432046011
242,2022-09-02 13:15:00,LONG,2022-09-02 14:15:00,59054.71,58700.38174,58700.38174,2022-09-02 15:15:00,58767.92,-286.7900000000009,-298.5722630000009,-41800.11682000012,MACD Reversal,140,8,-4.180011682000012,2022,9,-19.574694114045997
243,2022-09-05 10:15:00,LONG,2022-09-05 11:15:00,59232.57,58877.17458,58941.039666666664,2022-09-07 09:15:00,58791.64,-440.9300000000003,-452.7324210000003,-63382.538940000035,Gap Open Outside ISL,140,8,-6.338253894000004,2022,9,-25.912948008045987
244,2022-09-08 11:15:00,LONG,2022-09-08 12:15:00,59519.47,59162.35318,59763.632333333335,2022-09-15 12:15:00,60096.14,576.6699999999983,564.7084389999983,73412.09706999979,MACD Reversal,130,8,7.341209706999978,2022,9,-18.571738301046025
245,2022-09-20 10:15:00,LONG,2022-09-20 11:15:00,59967.4,59607.5956,59860.092333333334,2022-09-20 14:15:00,59699.94,-267.4599999999991,-279.4267339999991,-36325.475419999886,TSL Hit,130,8,-3.6325475419999886,2022,9,-22.204285843046023
246,2022-09-20 15:15:00,LONG,2022-09-21 09:15:00,59732.36,59373.96584,59373.96584,2022-09-21 11:15:00,59373.96584,-358.39416000000347,-370.30479258400345,-48139.62303592045,Initial SL Hit,130,8,-4.813962303592045,2022,9,-27.01824814663803
247,2022-10-04 11:15:00,LONG,2022-10-04 12:15:00,57954.34,57606.613959999995,57740.1445,2022-10-10 09:15:00,57398.78,-555.5599999999977,-567.0953119999976,-79393.34367999967,Gap Open Outside ISL,140,8,-7.939334367999967,2022,10,-34.957582514638034
248,2022-10-14 10:15:00,LONG,2022-10-14 11:15:00,58286.86,57937.13884,57937.13884,2022-10-14 14:15:00,57937.13884,-349.72116000000096,-361.34355988400097,-50588.09838376014,Initial SL hit,140,8,-5.058809838376014,2022,10,-40.016392353014
249,2022-10-14 15:15:00,LONG,2022-10-17 09:15:00,57985.24,57637.328559999994,60735.99116666667,2022-11-10 09:15:00,60586.02,2600.779999999999,2588.922873999999,362449.2023599999,TSL Hit,140,8,36.24492023599999,2022,10,-3.7714721170140137
250,2022-11-11 10:15:00,LONG,2022-11-11 11:15:00,61649.78,61279.88132,61423.387,2022-11-18 10:15:00,61365.92,-283.8600000000006,-296.1615700000006,-38501.00410000008,TSL Hit,130,8,-3.8501004100000076,2022,11,-7.621572527013996
251,2022-11-23 10:15:00,LONG,2022-11-23 11:15:00,61535.71,61166.49574,62459.326166666666,2022-12-05 09:15:00,62523.76,988.0500000000029,975.6440530000029,126833.72689000038,MACD Reversal,130,8,12.683372689000038,2022,11,0.0
252,2022-12-13 13:15:00,LONG,2022-12-13 14:15:00,62525.97,62150.81418,62498.89749999999,2022-12-15 09:15:00,62345.03,-180.94000000000233,-193.42710000000233,-25145.523000000303,TSL Hit,130,8,-2.5145523000000303,2022,12,-2.514552299999991
253,2022-12-27 13:15:00,LONG,2022-12-27 14:15:00,60910.41,60544.94754,60544.94754,2022-12-29 09:15:00,60544.94754,-365.46246000000247,-377.60799575400245,-49089.03944802032,Initial SL Hit,130,8,-4.908903944802032,2022,12,-7.423456244801969
254,2022-12-29 14:15:00,LONG,2022-12-29 15:15:00,61178.16,60811.09104000001,60854.7605,2022-12-30 14:15:00,60811.09104000001,-367.0689599999969,-379.2678851039969,-49304.825063519595,Initial SL hit,130,8,-4.93048250635196,2022,12,-12.353938751153919
255,2022-12-30 15:15:00,LONG,2023-01-02 09:15:00,60894.27,60528.90438,60817.971000000005,2023-01-04 10:15:00,60841.52,-52.75,-64.923579,-8440.065270000001,MACD Reversal,130,8,-0.8440065270000001,2023,1,-13.197945278153952
256,2023-01-09 13:15:00,LONG,2023-01-09 14:15:00,60679.0,60314.926,60314.926,2023-01-10 09:15:00,60314.926,-364.0740000000005,-376.1733926000005,-48902.54103800007,Initial SL Hit,130,8,-4.890254103800007,2023,1,-18.088199381953928
257,2023-01-13 15:15:00,LONG,2023-01-16 09:15:00,60291.08,59929.33352,60284.17966666667,2023-01-16 11:15:00,60190.86,-100.22000000000116,-112.26819400000116,-14594.86522000015,TSL Hit,130,8,-1.459486522000015,2023,1,-19.547685903953948
258,2023-01-16 12:15:00,LONG,2023-01-16 13:15:00,60204.52,59843.29287999999,59843.29287999999,2023-01-16 14:15:00,60079.82,-124.69999999999709,-136.7284339999971,-17774.696419999622,MACD Reversal,130,8,-1.777469641999962,2023,1,-21.325155545953862
259,2023-01-17 09:15:00,LONG,2023-01-17 10:15:00,60535.76,60172.54544,60633.95683333333,2023-01-25 09:15:00,60420.52,-115.24000000000524,-127.33562800000524,-16553.63164000068,TSL Hit,130,8,-1.655363164000068,2023,1,-22.980518709953913
260,2023-02-01 11:15:00,LONG,2023-02-01 12:15:00,60141.65,59780.8001,59780.8001,2023-02-01 13:15:00,59780.8001,-360.84990000000107,-372.84214501000105,-48469.47885130013,Initial SL Hit,130,8,-4.846947885130013,2023,2,-27.827466595083933
261,2023-02-01 15:15:00,LONG,2023-02-02 09:15:00,59862.49,59503.31506,59503.31506,2023-02-02 10:15:00,59503.31506,-359.17493999999715,-371.11152050599713,-48244.49766577963,Initial SL Hit,130,8,-4.824449766577963,2023,2,-32.65191636166185
262,2023-02-02 10:15:00,LONG,2023-02-02 11:15:00,59872.78,59513.54332,59513.54332,2023-02-02 12:15:00,59690.16,-182.61999999999534,-194.57629399999536,-25294.918219999396,MACD Reversal,130,8,-2.52949182199994,2023,2,-35.1814081836618
263,2023-02-02 14:15:00,LONG,2023-02-02 15:15:00,59999.98,59639.98012,60345.71233333333,2023-02-13 09:15:00,60312.0,312.0199999999968,299.9888019999968,38998.54425999958,TSL Hit,130,8,3.899854425999958,2023,2,-31.281553757661868
264,2023-02-14 09:15:00,LONG,2023-02-14 10:15:00,60769.93,60405.31042,60808.99083333333,2023-02-17 13:15:00,60879.87,109.94000000000233,97.77502000000233,12710.752600000304,MACD Reversal,130,8,1.2710752600000303,2023,2,-30.010478497661893
265,2023-03-03 10:15:00,LONG,2023-03-03 11:15:00,59705.9,59347.664600000004,59597.185999999994,2023-03-09 15:15:00,59784.43,78.52999999999884,66.58096699999884,8655.525709999849,MACD Reversal,130,8,0.865552570999985,2023,3,-29.144925926661926
266,2023-03-21 12:15:00,LONG,2023-03-21 13:15:00,58026.65,57678.4901,57892.923500000004,2023-03-24 09:15:00,57678.4901,-348.15989999999874,-359.73041400999875,-50362.257961399824,Initial SL hit,140,8,-5.036225796139982,2023,3,-34.18115172280193
267,2023-03-29 14:15:00,LONG,2023-03-29 15:15:00,58026.44,57678.28136,59636.84033333333,2023-04-17 09:15:00,59580.31,1553.8699999999953,1542.1093249999954,215895.30549999935,TSL Hit,140,8,21.589530549999935,2023,3,-12.591621172801979
268,2023-04-24 11:15:00,LONG,2023-04-24 12:15:00,59745.08,59386.60952,61873.99333333333,2023-05-16 15:15:00,61915.88,2170.7999999999956,2158.6339039999957,280622.4075199994,MACD Reversal,130,8,28.062240751999944,2023,4,0.0
269,2023-05-22 10:15:00,LONG,2023-05-22 11:15:00,61975.76,61603.90544,61913.444166666675,2023-05-24 12:15:00,61852.43,-123.33000000000175,-135.71281900000176,-17642.66647000023,TSL Hit,130,8,-1.764266647000023,2023,5,-1.7642666469999995
270,2023-05-24 13:15:00,LONG,2023-05-24 14:15:00,61919.65,61548.1321,61548.1321,2023-05-24 14:15:00,61800.83,-118.81999999999971,-131.19204799999972,-17054.96623999996,MACD Reversal,130,8,-1.7054966239999962,2023,5,-3.4697632710000335
271,2023-05-26 09:15:00,LONG,2023-05-26 10:15:00,62115.06,61742.36964,62345.78666666667,2023-06-01 14:15:00,62444.37,329.31000000000495,316.85405700000496,41191.02741000064,MACD Reversal,130,8,4.119102741000065,2023,5,0.0
272,2023-06-05 09:15:00,LONG,2023-06-05 10:15:00,62915.09,62537.59946,62572.36833333333,2023-06-06 13:15:00,62598.43,-316.6599999999962,-329.2113519999962,-42797.47575999951,MACD Reversal,130,8,-4.279747575999951,2023,6,-4.279747575999977
273,2023-06-06 14:15:00,LONG,2023-06-06 15:15:00,62832.51,62455.51494,62783.63,2023-06-09 10:15:00,62777.0,-55.51000000000204,-68.07095100000204,-8849.223630000266,TSL Hit,130,8,-0.8849223630000266,2023,6,-5.164669938999964
274,2023-06-13 09:15:00,LONG,2023-06-13 10:15:00,63096.76,62718.17944,62939.593,2023-06-15 14:15:00,62911.43,-185.33000000000175,-197.93081900000175,-25731.006470000226,TSL Hit,130,8,-2.5731006470000226,2023,6,-7.7377705860000106
275,2023-06-16 09:15:00,LONG,2023-06-16 10:15:00,63222.39,62843.05566,63043.856666666674,2023-06-20 09:15:00,62917.21,-305.1800000000003,-317.7939600000003,-41313.21480000004,TSL Hit,130,8,-4.131321480000004,2023,6,-11.869092066000007
276,2023-06-20 14:15:00,LONG,2023-06-20 15:15:00,63394.64,63014.27216,63197.771,2023-06-23 09:15:00,63014.27216,-380.367839999999,-393.008731215999,-51091.13505807987,Initial SL hit,130,8,-5.109113505807987,2023,6,-16.978205571807962
277,2023-06-27 13:15:00,LONG,2023-06-27 14:15:00,63259.59,62880.032459999995,65409.01116666666,2023-07-12 14:15:00,65361.32,2101.730000000003,2088.8679090000032,271552.8281700004,TSL Hit,130,8,27.155282817000042,2023,6,0.0
278,2023-07-13 09:15:00,LONG,2023-07-13 10:15:00,66043.43,65647.16941999999,65647.16941999999,2023-07-13 14:15:00,65647.16941999999,-396.26058000000194,-409.4296399420019,-49131.55679304023,Initial SL hit,120,8,-4.913155679304023,2023,7,-4.9131556793040545
279,2023-07-13 15:15:00,LONG,2023-07-14 09:15:00,65669.31,65275.29414,66404.77333333333,2023-07-24 09:15:00,66691.39,1022.0800000000017,1008.8439300000017,121061.27160000021,MACD Reversal,120,8,12.106127160000021,2023,7,0.0
280,2023-07-26 11:15:00,LONG,2023-07-26 12:15:00,66861.96,66460.78824000001,66723.59166666666,2023-07-27 10:15:00,66682.07,-179.88999999999942,-193.2444029999994,-23189.32835999993,TSL Hit,120,8,-2.318932835999993,2023,7,-2.3189328360000445
281,2023-07-31 14:15:00,LONG,2023-07-31 15:15:00,66581.42,66181.93148,66181.93148,2023-08-02 09:15:00,66104.7,-476.72000000000116,-489.9886120000012,-58798.63344000014,Gap Open Outside ISL,120,8,-5.8798633440000145,2023,7,-8.198796180000045
282,2023-08-07 12:15:00,LONG,2023-08-07 13:15:00,65977.94,65582.07236,65582.07236,2023-08-09 09:15:00,65582.07236,-395.86763999999675,-409.02364123599676,-49082.836948319615,Initial SL Hit,120,8,-4.908283694831962,2023,8,-13.107079874832039
283,2023-08-10 09:15:00,LONG,2023-08-10 10:15:00,65953.77,65558.04738,65558.04738,2023-08-10 10:15:00,65558.04738,-395.72262000000046,-408.87380173800045,-49064.85620856006,Initial SL Hit,120,8,-4.906485620856006,2023,8,-18.013565495688
284,2023-08-21 15:15:00,LONG,2023-08-22 09:15:00,65240.03,64848.58982,65254.33166666667,2023-08-24 15:15:00,65235.75,-4.279999999998836,-17.327577999998837,-2079.3093599998606,TSL Hit,120,8,-0.20793093599998608,2023,8,-18.221496431688024
285,2023-08-30 09:15:00,LONG,2023-08-30 10:15:00,65438.71,65046.07774,65176.451499999996,2023-08-30 14:15:00,65093.66,-345.04999999999563,-358.10323699999566,-42972.38843999948,TSL Hit,120,8,-4.297238843999948,2023,8,-22.51873527568796
286,2023-08-30 15:15:00,LONG,2023-08-31 09:15:00,65118.38,64727.66972,64727.66972,2023-08-31 10:15:00,65029.2,-89.18000000000029,-102.19475800000029,-12263.370960000035,MACD Reversal,120,8,-1.2263370960000035,2023,8,-23.74507237168791
287,2023-09-01 13:15:00,LONG,2023-09-01 14:15:00,65419.67,65027.151979999995,67068.9245,2023-09-20 09:15:00,67027.19,1607.520000000004,1594.275314000004,191313.03768000047,TSL Hit,120,8,19.131303768000045,2023,9,-4.613768603687845
288,2023-10-05 13:15:00,LONG,2023-10-05 14:15:00,65696.38,65302.201720000005,65725.27033333333,2023-10-09 10:15:00,65672.39,-23.99000000000524,-37.12687700000524,-4455.225240000628,TSL Hit,120,8,-0.4455225240000628,2023,10,-5.059291127687857
289,2023-10-10 10:15:00,LONG,2023-10-10 11:15:00,65906.98,65511.53812,65846.6225,2023-10-13 11:15:00,66038.75,131.77000000000407,118.57542700000408,14229.05124000049,MACD Reversal,120,8,1.422905124000049,2023,10,-3.6363860036877895
290,2023-10-13 12:15:00,LONG,2023-10-13 13:15:00,66275.98,65878.32411999999,66151.89766666667,2023-10-18 10:15:00,66070.72,-205.25999999999476,-218.49466999999476,-26219.360399999372,TSL Hit,120,8,-2.621936039999937,2023,10,-6.258322043687713
291,2023-11-02 13:15:00,LONG,2023-11-02 14:15:00,64054.64,63670.31216,64449.327333333335,2023-11-10 10:15:00,64690.96,636.3199999999997,623.4454399999997,74813.45279999997,MACD Reversal,120,8,7.4813452799999975,2023,11,0.0
292,2023-11-10 13:15:00,LONG,2023-11-10 14:15:00,64882.17,64492.87698,69119.31583333333,2023-12-13 09:15:00,69352.5,4470.330000000002,4456.906533000002,534828.7839600003,MACD Reversal,120,8,53.482878396000025,2023,11,0.0
293,2023-12-14 10:15:00,LONG,2023-12-14 11:15:00,70468.27,70045.46038,70517.79183333334,2023-12-20 14:15:00,70494.53,26.25999999999476,12.163719999994761,1338.0091999994238,TSL Hit,110,8,0.13380091999994237,2023,12,0.0
294,2023-12-22 13:15:00,LONG,2023-12-22 14:15:00,71161.67,70734.69998,71612.62233333335,2024-01-02 10:15:00,71698.8,537.1300000000047,522.8439530000046,57512.83483000051,MACD Reversal,110,8,5.751283483000051,2023,12,0.0
295,2024-01-04 14:15:00,LONG,2024-01-04 15:15:00,71877.59,71446.32445999999,71898.39033333333,2024-01-05 13:15:00,71818.57,-59.01999999998952,-73.38961599998953,-8072.857759998848,TSL Hit,110,8,-0.8072857759998848,2024,1,-0.8072857759998442
296,2024-01-05 13:15:00,LONG,2024-01-05 14:15:00,71964.69,71532.90186,71532.90186,2024-01-08 11:15:00,71532.90186,-431.7881400000042,-446.13789918600423,-49075.16891046047,Initial SL Hit,110,8,-4.907516891046047,2024,1,-5.714802667045888
297,2024-01-09 11:15:00,LONG,2024-01-09 12:15:00,72004.36,71572.33384,71926.947,2024-01-09 13:15:00,71797.6,-206.75999999999476,-221.14019599999477,-24325.421559999424,TSL Hit,110,8,-2.4325421559999425,2024,1,-8.147344823045842
298,2024-01-11 11:15:00,LONG,2024-01-11 12:15:00,71815.79,71384.89525999999,72166.85033333334,2024-01-17 10:15:00,72080.47,264.68000000000757,250.29037400000757,27531.941140000832,TSL Hit,110,8,2.7531941140000833,2024,1,-5.394150709045789
299,2024-01-29 10:15:00,LONG,2024-01-29 11:15:00,71589.64,71160.10216,71287.85183333332,2024-01-30 14:15:00,71160.10216,-429.5378400000045,-443.8128142160045,-48819.40956376049,Initial SL hit,110,8,-4.881940956376049,2024,1,-10.276091665421859
300,2024-01-30 15:15:00,LONG,2024-01-31 09:15:00,71200.93,70773.72442,71887.49733333335,2024-02-08 10:15:00,71489.26,288.33000000000175,274.06098100000173,30146.70791000019,TSL Hit,110,8,3.014670791000019,2024,1,-7.261420874421788
301,2024-02-14 15:15:00,LONG,2024-02-15 09:15:00,71873.39,71442.14966,72093.74783333334,2024-02-22 09:15:00,72243.65,370.25999999999476,355.8482959999948,39143.312559999424,MACD Reversal,110,8,3.914331255999942,2024,2,-3.347089618421819
302,2024-02-22 14:15:00,LONG,2024-02-22 15:15:00,73223.0,72783.662,72783.662,2024-02-26 10:15:00,72783.662,-439.3380000000034,-453.93866620000335,-49933.25328200037,Initial SL hit,110,8,-4.993325328200037,2024,2,-8.340414946621877
303,2024-02-26 11:15:00,LONG,2024-02-26 12:15:00,72853.22,72416.10068,72637.697,2024-02-27 09:15:00,72751.43,-101.79000000000815,-116.35046500000814,-12798.551150000896,MACD Reversal,110,8,-1.2798551150000896,2024,2,-9.620270061622023
304,2024-02-27 10:15:00,LONG,2024-02-27 11:15:00,72923.48,72485.93912,72680.01816666666,2024-02-27 11:15:00,72822.51,-100.97000000000116,-115.54459900000117,-12709.90589000013,MACD Reversal,110,8,-1.270990589000013,2024,2,-10.89126065062203
305,2024-02-27 12:15:00,LONG,2024-02-27 13:15:00,73136.04,72697.22376,72793.63116666667,2024-02-28 10:15:00,72697.22376,-438.8162400000001,-453.3995663760001,-49873.95230136001,Initial SL hit,110,8,-4.987395230136001,2024,2,-15.87865588075806
306,2024-03-01 09:15:00,LONG,2024-03-01 10:15:00,73215.49,72776.19706,73446.43583333332,2024-03-11 13:15:00,73683.97,468.4799999999959,453.7900539999959,49916.90593999955,MACD Reversal,110,8,4.991690593999955,2024,3,-10.88696528675814
307,2024-03-21 12:15:00,LONG,2024-03-21 13:15:00,72672.45,72236.4153,72236.4153,2024-03-22 09:15:00,72227.83,-444.61999999999534,-459.11002799999534,-50502.103079999484,Gap Open Outside ISL,110,8,-5.050210307999949,2024,3,-15.93717559475806
308,2024-03-22 09:15:00,LONG,2024-03-22 10:15:00,72722.03,72285.69782,72684.53466666667,2024-03-26 09:15:00,72536.46,-185.56999999999243,-200.09584899999243,-22010.543389999166,TSL Hit,110,8,-2.2010543389999166,2024,3,-18.138229933757998
309,2024-03-26 11:15:00,LONG,2024-03-26 12:15:00,72648.97,72213.07618,72213.07618,2024-03-26 14:15:00,72447.78,-201.19000000000233,-215.69967500000234,-23726.96425000026,MACD Reversal,110,8,-2.3726964250000258,2024,3,-20.51092635875807
310,2024-03-27 09:15:00,LONG,2024-03-27 10:15:00,73009.35,72571.2939,74351.5315,2024-04-12 13:15:00,74326.57,1317.2200000000012,1302.4864080000011,143273.5048800001,TSL Hit,110,8,14.32735048800001,2024,3,-6.183575870758091
311,2024-04-22 12:15:00,LONG,2024-04-22 13:15:00,73503.56,73062.53864,74169.37666666666,2024-05-03 11:15:00,73935.18,431.61999999999534,416.87612599999534,45856.37385999949,TSL Hit,110,8,4.585637385999949,2024,4,-1.5979384847581741
312,2024-05-14 12:15:00,LONG,2024-05-14 13:15:00,73165.14,72726.14916,72726.14916,2024-05-16 11:15:00,72726.14916,-438.99083999999857,-453.57996891599856,-49893.796580759845,Initial SL Hit,110,8,-4.989379658075984,2024,5,-6.587318142834192
313,2024-05-16 11:15:00,LONG,2024-05-16 12:15:00,73301.46,72861.65124,72861.65124,2024-05-16 12:15:00,72861.65124,-439.8087599999999,-454.4250711239999,-49986.757823639986,Initial SL Hit,110,8,-4.998675782363999,2024,5,-11.585993925198181
314,2024-05-16 14:15:00,LONG,2024-05-16 15:15:00,73671.1,73229.07340000001,74535.89583333333,2024-05-29 09:15:00,74735.62,1064.5199999999895,1049.6793279999895,115464.72607999884,MACD Reversal,110,8,11.546472607999885,2024,5,-0.03952131719825047
315,2024-06-03 10:15:00,LONG,2024-06-03 11:15:00,76145.7,75688.82579999999,75688.82579999999,2024-06-04 09:15:00,75688.82579999999,-456.87420000000566,-472.05765258000565,-51926.34178380062,Initial SL hit,110,8,-5.192634178380063,2024,6,-5.232155495578354
316,2024-06-06 09:15:00,LONG,2024-06-06 10:15:00,75004.38,74554.35372,74566.7915,2024-06-06 12:15:00,74554.35372,-450.0262800000055,-464.9821533720055,-51148.0368709206,Initial SL hit,110,8,-5.11480368709206,2024,6,-10.346959182670389
317,2024-06-06 12:15:00,LONG,2024-06-06 13:15:00,74964.42,74514.63348,77002.962,2024-06-21 12:15:00,76995.39,2030.9700000000012,2015.774019000001,221735.14209000012,TSL Hit,110,8,22.17351420900001,2024,6,0.0
318,2024-06-21 12:15:00,LONG,2024-06-21 13:15:00,77341.26,76877.21243999999,76877.21243999999,2024-06-21 14:15:00,76877.21243999999,-464.04756000000634,-479.46940724400633,-47946.940724400636,Initial SL Hit,100,8,-4.7946940724400635,2024,6,-4.794694072440052
319,2024-06-24 11:15:00,LONG,2024-06-24 12:15:00,77389.38,76925.04372,79759.50183333334,2024-07-10 10:15:00,79610.26,2220.87999999999,2205.18003599999,220518.003599999,TSL Hit,100,8,22.051800359999902,2024,6,0.0
320,2024-07-12 09:15:00,LONG,2024-07-12 10:15:00,80294.69,79812.92186,80434.94166666667,2024-07-19 15:15:00,80587.16,292.47000000000116,276.38181500000115,27638.181500000115,MACD Reversal,100,8,2.7638181500000116,2024,7,0.0
321,2024-07-26 11:15:00,LONG,2024-07-26 12:15:00,80735.69,80251.27586000001,80981.09516666667,2024-08-02 10:15:00,81190.5,454.8099999999977,438.6173809999977,43861.73809999977,MACD Reversal,100,8,4.386173809999977,2024,7,0.0
322,2024-08-09 12:15:00,LONG,2024-08-09 13:15:00,79724.46,79246.11324,79246.11324,2024-08-12 09:15:00,79246.11324,-478.34676000000036,-494.24381732400036,-49424.381732400034,Initial SL Hit,100,8,-4.942438173240003,2024,8,-4.942438173240021
323,2024-08-12 09:15:00,LONG,2024-08-12 10:15:00,79597.07,79119.48758,79119.48758,2024-08-13 11:15:00,79472.75,-124.32000000000698,-140.22698200000698,-14022.6982000007,MACD Reversal,100,8,-1.4022698200000698,2024,8,-6.344707993240036
324,2024-08-16 11:15:00,LONG,2024-08-16 12:15:00,80127.0,79646.238,81987.87183333334,2024-09-04 11:15:00,82161.64,2034.6399999999994,2018.4111359999995,201841.11359999995,MACD Reversal,100,8,20.184111359999996,2024,8,0.0
325,2024-09-04 15:15:00,LONG,2024-09-05 09:15:00,82408.54,81914.08876,82150.47883333334,2024-09-05 12:15:00,82251.71,-156.8299999999872,-173.2960249999872,-17329.60249999872,MACD Reversal,100,8,-1.732960249999872,2024,9,-1.7329602499999055
326,2024-09-10 12:15:00,LONG,2024-09-10 13:15:00,82125.88,81633.12472,81633.12472,2024-09-11 13:15:00,81633.12472,-492.7552799999976,-509.1311804719976,-50913.11804719976,Initial SL Hit,100,8,-5.091311804719976,2024,9,-6.824272054719927
327,2024-09-12 13:15:00,LONG,2024-09-12 14:15:00,82440.21,81945.56874,84515.61016666667,2024-09-30 10:15:00,84721.19,2280.979999999996,2264.263859999996,226426.3859999996,MACD Reversal,100,8,22.64263859999996,2024,9,0.0
328,2024-10-14 13:15:00,LONG,2024-10-14 14:15:00,82023.58,81531.43852,81531.43852,2024-10-15 12:15:00,81705.79,-317.79000000000815,-334.1629370000081,-33416.29370000081,MACD Reversal,100,8,-3.3416293700000805,2024,10,-3.341629370000078
329,2024-10-30 10:15:00,LONG,2024-10-30 11:15:00,80270.94,79789.31436,79789.31436,2024-10-30 13:15:00,79870.64,-400.3000000000029,-416.3141580000029,-41631.41580000029,MACD Reversal,100,8,-4.16314158000003,2024,10,-7.504770950000079
330,2024-11-06 10:15:00,LONG,2024-11-06 11:15:00,80040.4,79560.15759999999,79634.57283333334,2024-11-07 09:15:00,79560.15759999999,-480.2424000000028,-496.2024557600028,-49620.24557600028,Initial SL hit,100,8,-4.962024557600028,2024,11,-12.466795507600068
331,2024-11-07 11:15:00,LONG,2024-11-07 12:15:00,79605.18,79127.54891999999,79127.54891999999,2024-11-08 09:15:00,79127.54891999999,-477.6310800000065,-493.50435289200647,-49350.43528920065,Initial SL Hit,100,8,-4.9350435289200645,2024,11,-17.401839036520187
332,2024-11-11 10:15:00,LONG,2024-11-11 11:15:00,80029.23,79549.05462,79559.50583333333,2024-11-11 13:15:00,79549.05462,-480.1753800000006,-496.1332084620006,-49613.32084620006,Initial SL hit,100,8,-4.961332084620007,2024,11,-22.363171121140226
333,2024-11-19 12:15:00,LONG,2024-11-19 13:15:00,78394.08,77923.71552,77923.71552,2024-11-19 14:15:00,77923.71552,-470.3644800000038,-485.99625955200383,-48599.62595520038,Initial SL Hit,100,8,-4.859962595520038,2024,11,-27.2231337166603
334,2024-11-22 12:15:00,LONG,2024-11-22 13:15:00,78362.93,77892.75241999999,78701.18333333333,2024-11-28 13:15:00,79185.52,822.5900000000111,806.835155000011,80683.5155000011,MACD Reversal,100,8,8.06835155000011,2024,11,-19.154782166660198
335,2024-11-29 12:15:00,LONG,2024-11-29 13:15:00,79788.75,79310.0175,79310.0175,2024-12-02 09:15:00,79310.0175,-478.73249999999825,-494.6423767499983,-49464.23767499983,Initial SL hit,100,8,-4.946423767499983,2024,11,-24.101205934160134
336,2024-12-02 09:15:00,LONG,2024-12-02 10:15:00,79848.16,79369.07104000001,81208.85533333333,2024-12-12 12:15:00,81343.46,1495.300000000003,1479.180838000003,147918.08380000028,MACD Reversal,100,8,14.79180838000003,2024,12,-9.309397554160114
337,2024-12-13 13:15:00,LONG,2024-12-13 14:15:00,82039.82,81547.58108,81547.58108,2024-12-17 09:15:00,81511.84,-527.9800000000105,-544.3351660000105,-54433.51660000105,Gap Open Outside ISL,100,8,-5.443351660000105,2024,12,-14.75274921416019
338,2025-01-01 15:15:00,LONG,2025-01-02 09:15:00,78596.8,78125.2192,78724.74766666668,2025-01-06 10:15:00,78440.18,-156.6200000000099,-172.3236980000099,-17232.36980000099,TSL Hit,100,8,-1.723236980000099,2025,1,-16.475986194160328
339,2025-01-16 14:15:00,LONG,2025-01-16 15:15:00,77072.46,76610.02524,76610.02524,2025-01-17 09:15:00,76610.02524,-462.43476000000373,-477.80300852400376,-47780.300852400374,Initial SL Hit,100,8,-4.7780300852400375,2025,1,-21.25401627940039
340,2025-01-20 11:15:00,LONG,2025-01-20 12:15:00,77266.29,76802.69226,77055.6265,2025-01-20 15:15:00,77021.25,-245.0399999999936,-260.4687539999936,-26046.875399999364,TSL Hit,100,8,-2.6046875399999365,2025,1,-23.858703819400375
341,2025-01-20 15:15:00,LONG,2025-01-21 09:15:00,77137.77,76674.94338,76674.94338,2025-01-21 09:15:00,76674.94338,-462.8266200000071,-478.2078913380071,-47820.78913380071,Initial SL Hit,100,8,-4.7820789133800705,2025,1,-28.640782732780394
342,2025-01-23 15:15:00,LONG,2025-01-24 09:15:00,76561.77,76102.39938,76102.39938,2025-01-24 09:15:00,76383.51,-178.2600000000093,-193.55452800000933,-19355.452800000934,MACD Reversal,100,8,-1.9355452800000936,2025,1,-30.576328012780436
