,Signal Generated At,Trade Type,Entry Time,Entry Price,Initial SL,Final SL,Exit Time,Exit Price,Points Captured,After Costs,PnL,Remarks,Qty,Leverage,ROI%,Trade Year,Trade Month
0,2017-01-02 12:15:00,LONG,2017-01-02 13:15:00,8166.55,8112.65077,8223.091250000001,2017-01-09 14:15:00,8235.2,68.65000000000055,65.36965000000055,8171.206250000068,MACD Reversal,125,1,0.8171206250000068,2017,1
1,2017-01-10 12:15:00,LONG,2017-01-10 13:15:00,8274.9,8220.28566,8410.596249999999,2017-01-20 10:15:00,8407.6,132.70000000000073,129.36350000000073,16170.437500000091,TSL Hit,125,1,1.617043750000009,2017,1
2,2017-01-20 10:15:00,LONG,2017-01-20 11:15:00,8411.9,8356.381459999999,8356.381459999999,2017-01-20 11:15:00,8413.1,1.2000000000007276,-2.1649999999992726,-270.62499999990905,MACD Reversal,125,1,-0.027062499999990906,2017,1
3,2017-01-24 09:15:00,LONG,2017-01-24 10:15:00,8434.35,8378.683289999999,8528.711249999998,2017-01-31 11:15:00,8561.7,127.35000000000036,123.95079000000037,15493.848750000046,MACD Reversal,125,1,1.5493848750000045,2017,1
4,2017-02-01 13:15:00,LONG,2017-02-01 14:15:00,8692.8,8635.42752,8755.213749999999,2017-02-09 10:15:00,8742.1,49.30000000000109,45.81302000000109,5726.627500000136,TSL Hit,125,1,0.5726627500000135,2017,2
5,2017-02-09 14:15:00,LONG,2017-02-09 15:15:00,8782.0,8724.0388,8780.695,2017-02-13 11:15:00,8770.25,-11.75,-15.26045,-1907.55625,TSL Hit,125,1,-0.190755625,2017,2
6,2017-02-13 13:15:00,LONG,2017-02-13 14:15:00,8803.8,8745.694919999998,8782.68625,2017-02-15 10:15:00,8764.05,-39.75,-43.26357,-5407.94625,TSL Hit,125,1,-0.540794625,2017,2
7,2017-02-17 10:15:00,LONG,2017-02-17 11:15:00,8836.8,8778.47712,8896.12125,2017-02-27 14:15:00,8899.15,62.350000000000364,58.80281000000036,7350.351250000045,MACD Reversal,125,1,0.7350351250000046,2017,2
8,2017-03-01 11:15:00,LONG,2017-03-01 12:15:00,8936.75,8877.76745,8930.06875,2017-03-02 14:15:00,8889.7,-47.04999999999927,-50.61528999999927,-5061.528999999927,TSL Hit,100,1,-0.5061528999999927,2017,3
9,2017-03-06 09:15:00,LONG,2017-03-06 10:15:00,8960.25,8901.11235,8927.73125,2017-03-08 10:15:00,8901.11235,-59.137650000000576,-62.70992247000058,-6270.992247000057,Initial SL hit,100,1,-0.6270992247000057,2017,3
10,2017-03-10 11:15:00,LONG,2017-03-10 12:15:00,8941.8,8882.784119999998,8924.05875,2017-03-10 13:15:00,8912.05,-29.75,-33.32077,-3332.077,TSL Hit,100,1,-0.3332077,2017,3
11,2017-03-10 13:15:00,LONG,2017-03-10 14:15:00,8940.9,8881.89006,9106.367499999998,2017-03-21 10:15:00,9113.95,173.0500000000011,169.43903000000108,16943.903000000108,MACD Reversal,100,1,1.6943903000000107,2017,3
12,2017-03-24 11:15:00,LONG,2017-03-24 12:15:00,9120.5,9060.304699999999,9101.460000000001,2017-03-24 15:15:00,9100.4,-20.100000000000364,-23.744180000000362,-2374.418000000036,TSL Hit,100,1,-0.23744180000000362,2017,3
13,2017-03-28 11:15:00,LONG,2017-03-28 12:15:00,9107.55,9047.440169999998,9213.715,2017-04-07 14:15:00,9193.75,86.20000000000073,82.53974000000073,8253.974000000073,TSL Hit,100,1,0.8253974000000074,2017,3
14,2017-04-11 12:15:00,LONG,2017-04-11 13:15:00,9230.25,9169.33035,9227.759999999998,2017-04-12 09:15:00,9169.33035,-60.91964999999982,-64.59956606999982,-6459.956606999983,Initial SL hit,100,1,-0.6459956606999983,2017,4
15,2017-04-21 10:15:00,LONG,2017-04-21 11:15:00,9160.6,9100.14004,9100.14004,2017-04-21 12:15:00,9105.45,-55.149999999999636,-58.80320999999964,-5880.3209999999635,MACD Reversal,100,1,-0.5880320999999964,2017,4
16,2017-04-24 10:15:00,LONG,2017-04-24 11:15:00,9166.95,9106.44813,9256.68,2017-04-28 11:15:00,9285.9,118.94999999999891,115.25942999999891,11525.942999999892,MACD Reversal,100,1,1.1525942999999892,2017,4
17,2017-05-02 15:15:00,LONG,2017-05-03 09:15:00,9318.8,9257.295919999999,9312.797499999999,2017-05-03 11:15:00,9309.1,-9.699999999998909,-13.42557999999891,-1342.5579999998909,TSL Hit,100,1,-0.1342557999999891,2017,5
18,2017-05-03 12:15:00,LONG,2017-05-03 13:15:00,9316.4,9254.911759999999,9254.911759999999,2017-05-03 15:15:00,9304.0,-12.399999999999636,-16.124079999999637,-1612.4079999999637,MACD Reversal,100,1,-0.16124079999999635,2017,5
19,2017-05-04 12:15:00,LONG,2017-05-04 13:15:00,9341.55,9279.89577,9325.87375,2017-05-05 09:15:00,9324.2,-17.349999999998545,-21.083149999998547,-2108.3149999998545,TSL Hit,100,1,-0.21083149999998546,2017,5
20,2017-05-08 13:15:00,LONG,2017-05-08 14:15:00,9326.4,9264.845759999998,9264.845759999998,2017-05-08 15:15:00,9310.75,-15.649999999999636,-19.377429999999638,-1937.7429999999638,MACD Reversal,100,1,-0.19377429999999637,2017,5
21,2017-05-09 10:15:00,LONG,2017-05-09 11:15:00,9329.4,9267.825959999998,9318.33375,2017-05-09 14:15:00,9317.9,-11.5,-15.22946,-1522.946,TSL Hit,100,1,-0.15229459999999997,2017,5
22,2017-05-10 09:15:00,LONG,2017-05-10 10:15:00,9390.15,9328.175009999999,9455.508749999999,2017-05-18 12:15:00,9463.75,73.60000000000036,69.82922000000036,6982.922000000036,MACD Reversal,100,1,0.6982922000000036,2017,5
23,2017-05-25 12:15:00,LONG,2017-05-25 13:15:00,9429.55,9367.31497,9640.0825,2017-06-06 14:15:00,9634.4,204.85000000000036,201.03721000000036,20103.721000000034,TSL Hit,100,1,2.010372100000003,2017,5
24,2017-06-07 09:15:00,LONG,2017-06-07 10:15:00,9676.1,9612.23774,9645.23875,2017-06-07 12:15:00,9645.15,-30.950000000000728,-34.814250000000726,-3481.4250000000725,TSL Hit,100,1,-0.34814250000000724,2017,6
25,2017-06-07 14:15:00,LONG,2017-06-07 15:15:00,9666.45,9602.65143,9652.0625,2017-06-08 14:15:00,9645.95,-20.5,-24.36248,-2436.248,TSL Hit,100,1,-0.24362480000000003,2017,6
26,2017-06-13 12:15:00,LONG,2017-06-13 13:15:00,9647.9,9584.22386,9584.22386,2017-06-13 13:15:00,9633.25,-14.649999999999636,-18.506229999999636,-1850.6229999999637,MACD Reversal,100,1,-0.18506229999999635,2017,6
27,2017-06-19 11:15:00,LONG,2017-06-19 12:15:00,9629.8,9566.24332,9615.9825,2017-06-21 10:15:00,9612.2,-17.599999999998545,-21.448399999998546,-2144.8399999998546,TSL Hit,100,1,-0.21448399999998546,2017,6
28,2017-06-22 09:15:00,LONG,2017-06-22 10:15:00,9672.1,9608.26414,9629.242499999998,2017-06-22 15:15:00,9624.0,-48.100000000000364,-51.959220000000364,-5195.922000000037,TSL Hit,100,1,-0.5195922000000037,2017,6
29,2017-06-22 15:15:00,LONG,2017-06-23 09:15:00,9637.3,9573.693819999999,9573.693819999999,2017-06-23 09:15:00,9598.8,-38.5,-42.34722,-4234.722,MACD Reversal,100,1,-0.42347219999999997,2017,6
30,2017-07-03 10:15:00,LONG,2017-07-03 11:15:00,9612.05,9548.61047,9853.002499999999,2017-07-18 11:15:00,9856.25,244.20000000000073,240.30634000000072,24030.63400000007,MACD Reversal,100,1,2.4030634000000073,2017,7
31,2017-07-19 13:15:00,LONG,2017-07-19 14:15:00,9878.25,9813.053549999999,9880.75,2017-07-20 12:15:00,9879.75,1.5,-2.4516,-245.16,TSL Hit,100,1,-0.024516000000000003,2017,7
32,2017-07-21 09:15:00,LONG,2017-07-21 10:15:00,9918.15,9852.690209999999,9882.478749999998,2017-07-21 12:15:00,9852.690209999999,-65.4597900000008,-69.4139580420008,-6941.39580420008,Initial SL hit,100,1,-0.694139580420008,2017,7
33,2017-07-21 14:15:00,LONG,2017-07-21 15:15:00,9919.25,9853.782949999999,9971.2825,2017-07-28 10:15:00,9987.05,67.79999999999927,63.81873999999927,6381.873999999927,MACD Reversal,100,1,0.6381873999999927,2017,7
34,2017-07-31 10:15:00,LONG,2017-07-31 11:15:00,10048.05,9981.732869999998,10054.491250000001,2017-08-03 09:15:00,10032.75,-15.299999999999272,-19.31615999999927,-1931.6159999999272,TSL Hit,100,1,-0.19316159999999272,2017,7
35,2017-08-04 15:15:00,LONG,2017-08-07 09:15:00,10075.25,10008.753349999999,10062.682499999999,2017-08-07 14:15:00,10055.15,-20.100000000000364,-24.126080000000364,-2412.6080000000366,TSL Hit,100,1,-0.24126080000000366,2017,8
36,2017-08-07 15:15:00,LONG,2017-08-08 09:15:00,10057.25,9990.87215,9990.87215,2017-08-08 09:15:00,9990.87215,-66.37785000000076,-70.38747443000076,-7038.747443000077,Initial SL Hit,100,1,-0.7038747443000076,2017,8
37,2017-08-16 12:15:00,LONG,2017-08-16 13:15:00,9851.25,9786.231749999999,9831.79375,2017-08-18 11:15:00,9835.0,-16.25,-20.18725,-2018.725,MACD Reversal,100,1,-0.20187249999999998,2017,8
38,2017-08-23 15:15:00,LONG,2017-08-24 09:15:00,9855.85,9790.80139,9834.57625,2017-08-29 10:15:00,9825.15,-30.700000000000728,-34.63620000000073,-3463.6200000000727,TSL Hit,100,1,-0.3463620000000073,2017,8
39,2017-08-30 11:15:00,LONG,2017-08-30 12:15:00,9904.4,9839.03096,9894.65875,2017-09-04 11:15:00,9881.15,-23.25,-27.20711,-2720.7110000000002,TSL Hit,100,1,-0.2720711,2017,8
40,2017-09-04 12:15:00,LONG,2017-09-04 13:15:00,9903.65,9838.285909999999,9838.285909999999,2017-09-04 13:15:00,9896.75,-6.899999999999636,-10.860079999999638,-1086.0079999999637,MACD Reversal,100,1,-0.10860079999999636,2017,9
41,2017-09-05 12:15:00,LONG,2017-09-05 13:15:00,9926.25,9860.73675,9906.54625,2017-09-06 09:15:00,9900.05,-26.200000000000728,-30.16526000000073,-3016.5260000000726,TSL Hit,100,1,-0.30165260000000726,2017,9
42,2017-09-07 12:15:00,LONG,2017-09-07 13:15:00,9931.95,9866.39913,9932.81625,2017-09-08 12:15:00,9918.0,-13.950000000000728,-17.919990000000727,-1791.9990000000728,TSL Hit,100,1,-0.17919990000000727,2017,9
43,2017-09-08 13:15:00,LONG,2017-09-08 14:15:00,9938.6,9873.00524,10032.48125,2017-09-15 10:15:00,10045.15,106.54999999999927,102.55324999999927,10255.324999999926,MACD Reversal,100,1,1.0255324999999926,2017,9
44,2017-09-18 10:15:00,LONG,2017-09-18 11:15:00,10164.55,10097.463969999999,10118.62125,2017-09-21 09:15:00,10097.463969999999,-67.08603000000039,-71.1384327940004,-7113.843279400039,Initial SL hit,100,1,-0.711384327940004,2017,9
45,2017-09-29 12:15:00,LONG,2017-09-29 13:15:00,9839.15,9774.211609999998,9774.211609999998,2017-09-29 15:15:00,9782.95,-56.19999999999891,-60.124419999998906,-6012.441999999891,MACD Reversal,100,1,-0.601244199999989,2017,9
46,2017-10-03 10:15:00,LONG,2017-10-03 11:15:00,9867.1,9801.977139999999,9972.28125,2017-10-11 15:15:00,9970.1,103.0,99.03256,9903.256000000001,TSL Hit,100,1,0.9903256000000001,2017,10
47,2017-10-12 09:15:00,LONG,2017-10-12 10:15:00,10025.4,9959.23236,10155.49375,2017-10-23 09:15:00,10167.1,141.70000000000073,137.66150000000073,13766.150000000072,MACD Reversal,100,1,1.3766150000000072,2017,10
48,2017-10-24 09:15:00,LONG,2017-10-24 10:15:00,10231.45,10163.92243,10418.35,2017-11-07 10:15:00,10424.2,192.75,188.61887,18861.887,MACD Reversal,100,1,1.8861886999999997,2017,10
49,2017-11-16 14:15:00,LONG,2017-11-16 15:15:00,10215.0,10147.581,10339.51625,2017-11-27 12:15:00,10346.6,131.60000000000036,127.48768000000037,12748.768000000036,MACD Reversal,100,1,1.2748768000000037,2017,11
50,2017-11-27 13:15:00,LONG,2017-11-27 14:15:00,10378.3,10309.803219999998,10367.93125,2017-11-29 14:15:00,10366.4,-11.899999999999636,-16.048939999999636,-1604.8939999999636,TSL Hit,100,1,-0.16048939999999637,2017,11
51,2017-12-07 14:15:00,LONG,2017-12-07 15:15:00,10175.0,10107.845,10194.985,2017-12-13 09:15:00,10226.75,51.75,47.66965,4766.965,MACD Reversal,100,1,0.47669649999999997,2017,12
52,2017-12-13 10:15:00,LONG,2017-12-13 11:15:00,10287.35,10219.45349,10219.45349,2017-12-13 13:15:00,10219.45349,-67.89651000000049,-71.99787069800048,-7199.787069800048,Initial SL hit,100,1,-0.7199787069800048,2017,12
53,2017-12-15 11:15:00,LONG,2017-12-15 12:15:00,10348.85,10280.54759,10280.54759,2017-12-18 09:15:00,10263.4,-85.45000000000073,-89.57245000000073,-8957.245000000074,Gap Open Outside ISL,100,1,-0.8957245000000074,2017,12
54,2017-12-18 09:15:00,LONG,2017-12-18 10:15:00,10412.3,10343.578819999999,10477.588749999999,2017-12-27 15:15:00,10475.1,62.80000000000109,58.62252000000109,5862.252000000109,TSL Hit,100,1,0.5862252000000109,2017,12
55,2017-12-27 15:15:00,LONG,2017-12-28 09:15:00,10503.7,10434.37558,10483.154999999999,2017-12-28 11:15:00,10493.15,-10.550000000001091,-14.749370000001091,-1474.937000000109,MACD Reversal,100,1,-0.1474937000000109,2017,12
56,2017-12-28 13:15:00,LONG,2017-12-28 14:15:00,10525.9,10456.429059999999,10456.429059999999,2017-12-28 14:15:00,10472.7,-53.19999999999891,-57.39971999999891,-5739.971999999891,MACD Reversal,100,1,-0.5739971999999891,2017,12
57,2017-12-29 10:15:00,LONG,2017-12-29 11:15:00,10524.2,10454.74028,10505.7875,2018-01-01 14:15:00,10454.74028,-69.45972000000074,-73.65550805600074,-7365.550805600074,Initial SL hit,100,1,-0.7365550805600075,2017,12
58,2018-01-04 13:15:00,LONG,2018-01-04 14:15:00,10497.05,10427.76947,11048.641249999999,2018-01-30 11:15:00,11040.85,543.8000000000011,539.4924200000011,53949.24200000011,TSL Hit,100,1,5.394924200000011,2018,1
59,2018-02-01 10:15:00,LONG,2018-02-01 11:15:00,11097.8,11024.554519999998,11024.554519999998,2018-02-01 11:15:00,11024.554519999998,-73.24548000000141,-77.66995090400141,-7766.995090400141,Initial SL Hit,100,1,-0.7766995090400141,2018,2
60,2018-02-08 12:15:00,LONG,2018-02-08 13:15:00,10612.55,10542.507169999999,10542.507169999999,2018-02-08 14:15:00,10542.507169999999,-70.04283000000032,-74.27384143400032,-7427.3841434000315,Initial SL Hit,100,1,-0.7427384143400032,2018,2
61,2018-02-12 15:15:00,LONG,2018-02-14 09:15:00,10539.85,10470.28699,10507.929999999998,2018-02-14 14:15:00,10503.45,-36.399999999999636,-40.60865999999964,-4060.8659999999636,TSL Hit,100,1,-0.40608659999999636,2018,2
62,2018-02-15 09:15:00,LONG,2018-02-15 10:15:00,10583.8,10513.946919999998,10525.240000000002,2018-02-15 14:15:00,10513.946919999998,-69.85308000000077,-74.07262938400078,-7407.2629384000775,Initial SL hit,100,1,-0.7407262938400078,2018,2
63,2018-02-15 15:15:00,LONG,2018-02-16 09:15:00,10556.3,10486.62842,10529.153750000001,2018-02-16 11:15:00,10514.65,-41.649999999999636,-45.86418999999964,-4586.4189999999635,TSL Hit,100,1,-0.4586418999999963,2018,2
64,2018-02-23 09:15:00,LONG,2018-02-23 10:15:00,10427.55,10358.728169999998,10464.46375,2018-02-28 11:15:00,10496.8,69.25,65.06513,6506.513,MACD Reversal,100,1,0.6506513,2018,2
65,2018-03-09 11:15:00,LONG,2018-03-09 12:15:00,10287.65,10219.751509999998,10219.751509999998,2018-03-09 14:15:00,10219.751509999998,-67.8984900000014,-71.9999703020014,-7199.99703020014,Initial SL Hit,100,1,-0.719999703020014,2018,3
66,2018-03-12 11:15:00,LONG,2018-03-12 12:15:00,10327.6,10259.43784,10341.9625,2018-03-15 14:15:00,10364.75,37.149999999999636,33.01152999999964,3301.152999999964,MACD Reversal,100,1,0.3301152999999964,2018,3
67,2018-03-26 14:15:00,LONG,2018-03-26 15:15:00,10140.75,10073.821049999999,10107.24875,2018-03-28 14:15:00,10102.75,-38.0,-42.0487,-4204.87,TSL Hit,100,1,-0.42048700000000006,2018,3
68,2018-04-02 10:15:00,LONG,2018-04-02 11:15:00,10163.85,10096.76859,10157.76125,2018-04-04 13:15:00,10147.05,-16.80000000000109,-20.862180000001093,-2086.2180000001094,TSL Hit,100,1,-0.20862180000001096,2018,4
69,2018-04-05 09:15:00,LONG,2018-04-05 10:15:00,10267.3,10199.53582,10526.46875,2018-04-20 12:15:00,10530.2,262.90000000000146,258.7405000000015,25874.05000000015,MACD Reversal,100,1,2.5874050000000146,2018,4
70,2018-04-20 13:15:00,LONG,2018-04-20 14:15:00,10558.25,10488.56555,10575.465,2018-04-25 13:15:00,10554.55,-3.7000000000007276,-7.922560000000727,-792.2560000000727,TSL Hit,100,1,-0.07922560000000728,2018,4
71,2018-04-26 14:15:00,LONG,2018-04-26 15:15:00,10627.75,10557.60685,10664.145,2018-05-03 10:15:00,10651.85,24.100000000000364,19.844080000000364,1984.4080000000365,TSL Hit,100,1,0.19844080000000364,2018,4
72,2018-05-07 13:15:00,LONG,2018-05-07 14:15:00,10695.75,10625.15805,10697.088749999999,2018-05-10 15:15:00,10710.35,14.600000000000364,10.318780000000363,1031.8780000000363,MACD Reversal,100,1,0.10318780000000363,2018,5
73,2018-05-11 09:15:00,LONG,2018-05-11 10:15:00,10762.5,10691.467499999999,10770.55625,2018-05-16 09:15:00,10711.55,-50.95000000000073,-55.244810000000726,-5524.4810000000725,TSL Hit,100,1,-0.5524481000000072,2018,5
74,2018-05-25 09:15:00,LONG,2018-05-25 10:15:00,10573.1,10503.31754,10574.85625,2018-05-30 09:15:00,10586.05,12.949999999998909,8.718169999998908,871.8169999998909,MACD Reversal,100,1,0.08718169999998909,2018,5
75,2018-05-31 10:15:00,LONG,2018-05-31 11:15:00,10653.95,10583.63393,10666.8575,2018-06-04 12:15:00,10657.45,3.5,-0.7622800000000005,-76.22800000000005,TSL Hit,100,1,-0.007622800000000006,2018,5
76,2018-06-06 12:15:00,LONG,2018-06-06 13:15:00,10663.6,10593.22024,10798.3875,2018-06-14 10:15:00,10784.8,121.19999999999891,116.9103199999989,11691.03199999989,TSL Hit,100,1,1.169103199999989,2018,6
77,2018-06-18 13:15:00,LONG,2018-06-18 14:15:00,10821.8,10750.376119999999,10750.376119999999,2018-06-18 14:15:00,10796.8,-25.0,-29.32372,-2932.3720000000003,MACD Reversal,100,1,-0.29323720000000003,2018,6
78,2018-06-20 15:15:00,LONG,2018-06-21 09:15:00,10776.35,10705.22609,10705.22609,2018-06-21 11:15:00,10750.55,-25.80000000000109,-30.10538000000109,-3010.538000000109,MACD Reversal,100,1,-0.3010538000000109,2018,6
79,2018-06-21 12:15:00,LONG,2018-06-21 13:15:00,10780.1,10708.95134,10708.95134,2018-06-21 14:15:00,10743.8,-36.30000000000109,-40.60478000000109,-4060.478000000109,MACD Reversal,100,1,-0.40604780000001095,2018,6
80,2018-06-22 14:15:00,LONG,2018-06-22 15:15:00,10832.25,10760.75715,10767.7325,2018-06-25 14:15:00,10760.75715,-71.49285000000054,-75.81145143000055,-7581.145143000054,Initial SL hit,100,1,-0.7581145143000054,2018,6
81,2018-06-26 11:15:00,LONG,2018-06-26 12:15:00,10793.85,10722.61059,10763.465,2018-06-26 14:15:00,10768.5,-25.350000000000364,-29.662470000000365,-2966.2470000000367,MACD Reversal,100,1,-0.2966247000000037,2018,6
82,2018-06-29 15:15:00,LONG,2018-07-02 09:15:00,10721.05,10650.29107,10650.29107,2018-07-02 09:15:00,10650.29107,-70.75892999999996,-75.03319821399997,-7503.319821399997,Initial SL Hit,100,1,-0.7503319821399997,2018,7
83,2018-07-03 10:15:00,LONG,2018-07-03 11:15:00,10694.75,10624.164649999999,10955.22,2018-07-16 12:15:00,10985.5,290.75,286.41395,28641.395,MACD Reversal,100,1,2.8641395,2018,7
84,2018-07-17 14:15:00,LONG,2018-07-17 15:15:00,11017.65,10944.933509999999,10997.473750000001,2018-07-18 13:15:00,10970.6,-47.04999999999927,-51.44764999999927,-5144.764999999927,TSL Hit,100,1,-0.5144764999999927,2018,7
85,2018-07-20 10:15:00,LONG,2018-07-20 11:15:00,11013.25,10940.562549999999,11268.27375,2018-08-02 10:15:00,11283.95,270.7000000000007,266.24056000000076,26624.056000000077,MACD Reversal,100,1,2.6624056000000076,2018,7
86,2018-08-03 11:15:00,LONG,2018-08-03 12:15:00,11327.45,11252.688830000001,11416.9725,2018-08-10 15:15:00,11421.3,93.84999999999854,89.30024999999854,8930.024999999854,MACD Reversal,100,1,0.8930024999999854,2018,8
87,2018-08-14 12:15:00,LONG,2018-08-14 13:15:00,11446.3,11370.75442,11428.641249999999,2018-08-16 12:15:00,11408.1,-38.19999999999891,-42.77087999999891,-3207.8159999999184,TSL Hit,75,1,-0.32078159999999184,2018,8
88,2018-08-17 09:15:00,LONG,2018-08-17 10:15:00,11464.05,11388.38727,11645.546250000001,2018-08-30 09:15:00,11665.85,201.8000000000011,197.1740200000011,14788.051500000081,MACD Reversal,75,1,1.4788051500000081,2018,8
89,2018-09-07 11:15:00,LONG,2018-09-07 12:15:00,11560.9,11484.598059999998,11559.55875,2018-09-10 09:15:00,11508.8,-52.100000000000364,-56.71394000000036,-4253.5455000000275,TSL Hit,75,1,-0.4253545500000028,2018,9
90,2018-09-14 11:15:00,LONG,2018-09-14 12:15:00,11464.95,11389.28133,11448.885,2018-09-17 09:15:00,11419.1,-45.850000000000364,-50.426810000000366,-3782.010750000027,TSL Hit,75,1,-0.3782010750000027,2018,9
91,2018-10-10 12:15:00,LONG,2018-10-10 13:15:00,10456.7,10387.68578,10387.68578,2018-10-11 09:15:00,10174.9,-281.8000000000011,-285.9263200000011,-28592.63200000011,Gap Open Outside ISL,100,1,-2.859263200000011,2018,10
92,2018-10-12 10:15:00,LONG,2018-10-12 11:15:00,10449.15,10380.185609999999,10459.62375,2018-10-17 14:15:00,10455.45,6.300000000001091,2.119080000001092,211.90800000010918,TSL Hit,100,1,0.021190800000010918,2018,10
93,2018-10-29 13:15:00,LONG,2018-10-29 14:15:00,10200.2,10132.87868,10157.026249999999,2018-10-31 09:15:00,10132.87868,-67.32132000000092,-71.38793573600093,-7138.793573600093,Initial SL hit,100,1,-0.7138793573600093,2018,10
94,2018-10-31 10:15:00,LONG,2018-10-31 11:15:00,10172.65,10105.510509999998,10523.6,2018-11-12 13:15:00,10521.0,348.35000000000036,344.21127000000035,34421.12700000004,TSL Hit,100,1,3.4421127000000036,2018,10
95,2018-11-13 14:15:00,LONG,2018-11-13 15:15:00,10589.4,10519.50996,10644.85,2018-11-20 15:15:00,10647.55,58.149999999999636,53.90260999999964,5390.260999999964,MACD Reversal,100,1,0.5390260999999964,2018,11
96,2018-11-27 09:15:00,LONG,2018-11-27 10:15:00,10635.8,10565.60372,10821.04375,2018-12-05 09:15:00,10800.75,164.95000000000073,160.66269000000074,16066.269000000073,TSL Hit,100,1,1.6066269000000073,2018,11
97,2018-12-12 09:15:00,LONG,2018-12-12 10:15:00,10653.4,10583.08756,10876.791249999998,2018-12-21 10:15:00,10831.6,178.20000000000073,173.90300000000073,17390.300000000072,TSL Hit,100,1,1.7390300000000074,2018,12
98,2018-12-27 12:15:00,LONG,2018-12-27 13:15:00,10810.6,10739.250039999999,10783.98375,2019-01-01 12:15:00,10828.5,17.899999999999636,13.572179999999637,1357.2179999999637,MACD Reversal,100,1,0.13572179999999637,2018,12
99,2019-01-01 14:15:00,LONG,2019-01-01 15:15:00,10913.85,10841.818589999999,10841.818589999999,2019-01-02 09:15:00,10841.818589999999,-72.03141000000142,-76.38254371800141,-7638.254371800142,Initial SL hit,100,1,-0.7638254371800142,2019,1
100,2019-01-02 09:15:00,LONG,2019-01-02 10:15:00,10882.85,10811.02319,10811.02319,2019-01-02 12:15:00,10811.02319,-71.82681000000048,-76.16558463800048,-7616.558463800048,Initial SL hit,100,1,-0.7616558463800048,2019,1
101,2019-01-07 09:15:00,LONG,2019-01-07 10:15:00,10822.45,10751.02183,10791.338749999999,2019-01-07 14:15:00,10751.02183,-71.42817000000105,-75.74286436600104,-7574.286436600104,Initial SL hit,100,1,-0.7574286436600104,2019,1
102,2019-01-07 15:15:00,LONG,2019-01-08 09:15:00,10778.95,10707.808930000001,10784.638750000002,2019-01-11 11:15:00,10775.65,-3.3000000000010914,-7.610920000001092,-761.0920000001091,TSL Hit,100,1,-0.07610920000001092,2019,1
103,2019-01-15 10:15:00,LONG,2019-01-15 11:15:00,10848.9,10777.29726,10892.0275,2019-01-22 11:15:00,10876.55,27.649999999999636,23.304909999999637,2330.4909999999636,TSL Hit,100,1,0.23304909999999637,2019,1
104,2019-01-22 15:15:00,LONG,2019-01-23 09:15:00,10931.05,10858.905069999999,10910.1,2019-01-23 14:15:00,10858.905069999999,-72.14493000000039,-76.50292101400038,-7650.292101400038,Initial SL hit,100,1,-0.7650292101400037,2019,1
105,2019-01-31 10:15:00,LONG,2019-01-31 11:15:00,10739.95,10669.06633,10960.712500000001,2019-02-08 12:15:00,10965.8,225.84999999999854,221.50884999999855,22150.884999999853,MACD Reversal,100,1,2.215088499999985,2019,1
106,2019-02-20 14:15:00,LONG,2019-02-20 15:15:00,10748.45,10677.51023,10779.497500000001,2019-02-27 11:15:00,10760.2,11.75,7.44827,744.827,TSL Hit,100,1,0.0744827,2019,2
107,2019-02-27 12:15:00,LONG,2019-02-27 13:15:00,10814.6,10743.22364,10743.22364,2019-02-27 14:15:00,10808.65,-5.950000000000728,-10.274650000000728,-1027.4650000000727,MACD Reversal,100,1,-0.10274650000000726,2019,2
108,2019-03-01 13:15:00,LONG,2019-03-01 14:15:00,10840.95,10769.399730000001,11458.997500000001,2019-03-22 14:15:00,11453.95,613.0,608.54102,60854.102,TSL Hit,100,1,6.0854102,2019,3
109,2019-03-26 14:15:00,LONG,2019-03-26 15:15:00,11486.9,11411.086459999999,11462.05,2019-03-27 13:15:00,11445.4,-41.5,-46.08646,-3456.4845,TSL Hit,75,1,-0.34564845,2019,3
110,2019-03-28 10:15:00,LONG,2019-03-28 11:15:00,11512.05,11436.070469999999,11624.98,2019-04-03 15:15:00,11635.2,123.15000000000146,118.52055000000145,8889.04125000011,MACD Reversal,75,1,0.8889041250000109,2019,3
111,2019-04-05 15:15:00,LONG,2019-04-08 09:15:00,11689.65,11612.498309999999,11612.498309999999,2019-04-08 11:15:00,11625.75,-63.899999999999636,-68.56307999999964,-5142.230999999973,MACD Reversal,75,1,-0.5142230999999974,2019,4
112,2019-04-09 14:15:00,LONG,2019-04-09 15:15:00,11679.25,11602.166949999999,11644.5275,2019-04-10 13:15:00,11602.166949999999,-77.0830500000011,-81.7393333900011,-6130.450004250082,Initial SL hit,75,1,-0.6130450004250082,2019,4
113,2019-04-12 13:15:00,LONG,2019-04-12 14:15:00,11636.85,11560.04679,11677.52625,2019-04-22 09:15:00,11661.25,24.399999999999636,19.740379999999636,1480.5284999999726,TSL Hit,75,1,0.14805284999999727,2019,4
114,2019-04-24 15:15:00,LONG,2019-04-25 09:15:00,11733.65,11656.20791,11692.58125,2019-04-25 14:15:00,11656.20791,-77.44209000000046,-82.12006158200046,-6159.004618650035,Initial SL hit,75,1,-0.6159004618650035,2019,4
115,2019-04-26 13:15:00,LONG,2019-04-26 14:15:00,11740.45,11662.96303,11674.658749999999,2019-04-30 09:15:00,11662.96303,-77.48696999999993,-82.16765260599993,-6162.573945449995,Initial SL hit,75,1,-0.6162573945449995,2019,4
116,2019-04-30 10:15:00,LONG,2019-04-30 11:15:00,11703.25,11626.008549999999,11716.016249999999,2019-05-03 14:15:00,11706.85,3.600000000000364,-1.0820199999996358,-81.15149999997269,TSL Hit,75,1,-0.008115149999997268,2019,4
117,2019-05-16 15:15:00,LONG,2019-05-17 09:15:00,11281.55,11207.091769999999,11629.18375,2019-05-23 15:15:00,11682.6,401.0500000000011,396.4571700000011,39645.71700000011,MACD Reversal,100,1,3.9645717000000116,2019,5
118,2019-05-24 12:15:00,LONG,2019-05-24 13:15:00,11828.8,11750.729919999998,11847.407500000001,2019-05-29 15:15:00,11863.0,34.20000000000073,29.461640000000727,2209.6230000000546,MACD Reversal,75,1,0.22096230000000547,2019,5
119,2019-05-30 09:15:00,LONG,2019-05-30 10:15:00,11919.05,11840.384269999999,11884.94875,2019-05-31 11:15:00,11840.384269999999,-78.66573000000062,-83.41761685400063,-6256.321264050047,Initial SL hit,75,1,-0.6256321264050047,2019,5
120,2019-05-31 14:15:00,LONG,2019-05-31 15:15:00,11925.0,11846.295,11966.59375,2019-06-06 10:15:00,11960.95,35.95000000000073,31.172810000000727,2337.9607500000543,TSL Hit,75,1,0.23379607500000543,2019,5
121,2019-06-10 15:15:00,LONG,2019-06-11 09:15:00,11936.15,11857.37141,11944.896250000002,2019-06-12 09:15:00,11910.25,-25.899999999999636,-30.669279999999638,-2300.195999999973,TSL Hit,75,1,-0.23001959999999733,2019,6
122,2019-06-20 13:15:00,LONG,2019-06-20 14:15:00,11776.4,11698.675759999998,11752.015000000001,2019-06-21 13:15:00,11728.3,-48.100000000000364,-52.80094000000037,-3960.0705000000276,TSL Hit,75,1,-0.3960070500000028,2019,6
123,2019-06-25 13:15:00,LONG,2019-06-25 14:15:00,11784.65,11706.871309999999,11786.0625,2019-06-28 13:15:00,11809.15,24.5,19.78124,1483.593,MACD Reversal,75,1,0.1483593,2019,6
124,2019-07-01 10:15:00,LONG,2019-07-01 11:15:00,11873.65,11795.283909999998,11883.162500000002,2019-07-05 12:15:00,11855.5,-18.149999999999636,-22.895829999999638,-1717.187249999973,TSL Hit,75,1,-0.1717187249999973,2019,7
125,2019-07-12 11:15:00,LONG,2019-07-12 12:15:00,11599.0,11522.4466,11522.4466,2019-07-12 15:15:00,11547.45,-51.54999999999927,-56.17928999999927,-4213.4467499999455,MACD Reversal,75,1,-0.42134467499999456,2019,7
126,2019-07-15 15:15:00,LONG,2019-07-16 09:15:00,11593.85,11517.33059,11615.1325,2019-07-18 14:15:00,11593.8,-0.050000000001091394,-4.687530000001092,-351.5647500000819,TSL Hit,75,1,-0.03515647500000819,2019,7
127,2019-08-06 13:15:00,LONG,2019-08-06 14:15:00,10995.1,10922.53234,10922.53234,2019-08-07 09:15:00,10922.53234,-72.56766000000061,-76.95118646800061,-7695.1186468000615,Initial SL Hit,100,1,-0.7695118646800061,2019,8
128,2019-08-07 10:15:00,LONG,2019-08-07 11:15:00,10961.4,10889.054759999999,10889.054759999999,2019-08-07 13:15:00,10889.054759999999,-72.34524000000056,-76.71533095200056,-7671.533095200056,Initial SL Hit,100,1,-0.7671533095200056,2019,8
129,2019-08-08 14:15:00,LONG,2019-08-08 15:15:00,11029.3,10956.506619999998,10968.80875,2019-08-13 14:15:00,10956.506619999998,-72.79338000000098,-77.19054132400098,-7719.054132400098,Initial SL hit,100,1,-0.7719054132400098,2019,8
130,2019-08-14 15:15:00,LONG,2019-08-16 09:15:00,11038.7,10965.84458,10965.84458,2019-08-16 09:15:00,10965.84458,-72.85541999999987,-77.25632891599987,-7725.6328915999875,Initial SL Hit,100,1,-0.7725632891599987,2019,8
131,2019-08-16 12:15:00,LONG,2019-08-16 13:15:00,11061.2,10988.19608,11051.061249999999,2019-08-20 09:15:00,11003.15,-58.05000000000109,-62.46287000000109,-6246.287000000109,TSL Hit,100,1,-0.624628700000011,2019,8
132,2019-08-26 11:15:00,LONG,2019-08-26 12:15:00,10936.15,10863.971409999998,10943.48625,2019-08-29 10:15:00,10970.45,34.30000000000109,29.918680000001093,2991.868000000109,MACD Reversal,100,1,0.2991868000000109,2019,8
133,2019-09-06 10:15:00,LONG,2019-09-06 11:15:00,10905.05,10833.076669999999,10951.07375,2019-09-12 15:15:00,10981.3,76.25,71.87273,7187.273,MACD Reversal,100,1,0.7187273,2019,9
134,2019-09-13 14:15:00,LONG,2019-09-13 15:15:00,11083.35,11010.19989,11010.19989,2019-09-16 09:15:00,11010.19989,-73.1501100000005,-77.56881997800049,-7756.881997800049,Initial SL hit,100,1,-0.7756881997800049,2019,9
135,2019-09-16 09:15:00,LONG,2019-09-16 10:15:00,11031.3,10958.493419999999,10996.817500000001,2019-09-16 12:15:00,10982.65,-48.649999999999636,-53.05278999999963,-5305.278999999963,TSL Hit,100,1,-0.5305278999999963,2019,9
136,2019-09-20 10:15:00,LONG,2019-09-20 11:15:00,11075.35,11002.25269,11512.61875,2019-09-27 15:15:00,11512.3,436.9499999999989,432.4324699999989,43243.24699999989,TSL Hit,100,1,4.3243246999999885,2019,9
137,2019-10-10 11:15:00,LONG,2019-10-10 12:15:00,11260.35,11186.03169,11186.03169,2019-10-10 14:15:00,11233.75,-26.600000000000364,-31.098820000000366,-3109.8820000000364,MACD Reversal,100,1,-0.31098820000000366,2019,10
138,2019-10-11 11:15:00,LONG,2019-10-11 12:15:00,11277.8,11203.36652,11564.7225,2019-10-24 10:15:00,11568.6,290.8000000000011,286.2307200000011,28623.07200000011,MACD Reversal,100,1,2.862307200000011,2019,10
139,2019-10-27 19:00:00,LONG,2019-10-29 09:15:00,11634.05,11557.265269999998,11887.776249999999,2019-11-06 09:15:00,11862.3,228.25,223.55073,16766.30475,TSL Hit,75,1,1.6766304749999998,2019,10
140,2019-11-06 12:15:00,LONG,2019-11-06 13:15:00,11972.8,11893.779519999998,11942.45375,2019-11-08 14:15:00,11909.15,-63.649999999999636,-68.42638999999963,-5131.979249999972,TSL Hit,75,1,-0.5131979249999972,2019,11
141,2019-11-15 09:15:00,LONG,2019-11-15 10:15:00,11943.3,11864.474219999998,11917.49875,2019-11-15 14:15:00,11891.6,-51.69999999999891,-56.46697999999891,-4235.023499999918,TSL Hit,75,1,-0.4235023499999918,2019,11
142,2019-11-15 15:15:00,LONG,2019-11-18 09:15:00,11893.85,11815.35059,11815.35059,2019-11-18 11:15:00,11875.1,-18.75,-23.503790000000002,-1762.7842500000002,MACD Reversal,75,1,-0.17627842500000002,2019,11
143,2019-11-19 10:15:00,LONG,2019-11-19 11:15:00,11928.5,11849.7719,11937.9675,2019-11-22 09:15:00,11929.05,0.5499999999992724,-4.221510000000728,-316.61325000005456,TSL Hit,75,1,-0.03166132500000546,2019,11
144,2019-11-25 10:15:00,LONG,2019-11-25 11:15:00,12001.7,11922.48878,12044.56,2019-11-29 11:15:00,12040.15,38.44999999999891,33.64162999999891,2523.1222499999185,TSL Hit,75,1,0.25231222499999184,2019,11
145,2019-12-05 09:15:00,LONG,2019-12-05 10:15:00,12079.5,11999.7753,12049.605,2019-12-05 11:15:00,12028.4,-51.100000000000364,-55.92158000000036,-4194.118500000027,TSL Hit,75,1,-0.4194118500000027,2019,12
146,2019-12-05 12:15:00,LONG,2019-12-05 13:15:00,12057.3,11977.721819999999,11977.721819999999,2019-12-06 10:15:00,12000.8,-56.5,-61.31162,-4598.3715,MACD Reversal,75,1,-0.45983715000000003,2019,12
147,2019-12-12 10:15:00,LONG,2019-12-12 11:15:00,11961.0,11882.0574,12230.93625,2019-12-24 14:15:00,12211.35,250.35000000000036,245.51553000000035,18413.664750000025,TSL Hit,75,1,1.8413664750000027,2019,12
148,2019-12-27 14:15:00,LONG,2019-12-27 15:15:00,12249.65,12168.80231,12235.95625,2019-12-30 11:15:00,12224.25,-25.399999999999636,-30.294779999999637,-2272.108499999973,TSL Hit,75,1,-0.2272108499999973,2019,12
149,2019-12-30 12:15:00,LONG,2019-12-30 13:15:00,12236.7,12155.93778,12231.595,2019-12-31 09:15:00,12211.35,-25.350000000000364,-30.239610000000365,-2267.9707500000272,TSL Hit,75,1,-0.2267970750000027,2019,12
150,2020-01-02 10:15:00,LONG,2020-01-02 11:15:00,12236.35,12155.59009,12223.821249999999,2020-01-03 13:15:00,12214.2,-22.149999999999636,-27.040109999999636,-2028.0082499999728,TSL Hit,75,1,-0.2028008249999973,2020,1
151,2020-01-09 09:15:00,LONG,2020-01-09 10:15:00,12177.0,12096.6318,12328.70375,2020-01-20 09:15:00,12311.0,134.0,129.1024,9682.679999999998,TSL Hit,75,1,0.9682679999999999,2020,1
152,2020-01-24 09:15:00,LONG,2020-01-24 10:15:00,12234.55,12153.801969999999,12212.279999999999,2020-01-27 09:15:00,12202.6,-31.94999999999891,-36.83742999999891,-2762.8072499999184,TSL Hit,75,1,-0.27628072499999184,2020,1
153,2020-01-27 09:15:00,LONG,2020-01-27 10:15:00,12213.4,12132.79156,12132.79156,2020-01-27 12:15:00,12177.6,-35.79999999999927,-40.67819999999927,-3050.864999999945,MACD Reversal,75,1,-0.30508649999999454,2020,1
154,2020-02-04 11:15:00,LONG,2020-02-04 12:15:00,11953.0,11874.1102,11963.285,2020-02-10 10:15:00,12014.65,61.649999999999636,56.85646999999963,4264.235249999972,MACD Reversal,75,1,0.4264235249999972,2020,2
155,2020-02-11 12:15:00,LONG,2020-02-11 13:15:00,12142.4,12062.26016,12126.177500000002,2020-02-14 10:15:00,12121.95,-20.44999999999891,-25.302869999998908,-1897.7152499999181,TSL Hit,75,1,-0.1897715249999918,2020,2
156,2020-02-19 11:15:00,LONG,2020-02-19 12:15:00,12093.55,12013.732569999998,12089.64375,2020-02-20 14:15:00,12084.6,-8.949999999998909,-13.785629999998909,-1033.9222499999182,TSL Hit,75,1,-0.10339222499999182,2020,2
157,2020-03-05 10:15:00,LONG,2020-03-05 11:15:00,11367.55,11292.524169999999,11325.3975,2020-03-05 13:15:00,11292.524169999999,-75.0258300000005,-79.55784483400049,-7955.784483400049,Initial SL hit,100,1,-0.795578448340005,2020,3
158,2020-03-25 13:15:00,LONG,2020-03-25 14:15:00,8320.85,8265.93239,8265.93239,2020-03-30 12:15:00,8391.95,71.10000000000036,67.75744000000036,8469.680000000044,MACD Reversal,125,1,0.8469680000000044,2020,3
159,2020-03-31 11:15:00,LONG,2020-03-31 12:15:00,8574.85,8518.25599,8518.25599,2020-04-01 09:15:00,8518.25599,-56.59401000000071,-60.012631198000705,-7501.578899750088,Initial SL hit,125,1,-0.7501578899750088,2020,3
160,2020-04-07 10:15:00,LONG,2020-04-07 11:15:00,8499.75,8443.65165,8837.69375,2020-04-16 09:15:00,8900.4,400.64999999999964,397.16996999999964,49646.24624999995,MACD Reversal,125,1,4.9646246249999955,2020,4
161,2020-04-16 12:15:00,LONG,2020-04-16 13:15:00,9041.1,8981.42874,8981.42874,2020-04-16 14:15:00,8981.42874,-59.671260000000984,-63.275765748000985,-6327.576574800099,Initial SL hit,100,1,-0.6327576574800099,2020,4
162,2020-04-17 13:15:00,LONG,2020-04-17 14:15:00,9175.65,9115.090709999999,9115.090709999999,2020-04-21 09:15:00,9032.45,-143.1999999999989,-146.8416199999989,-14684.16199999989,Gap Open Outside ISL,100,1,-1.468416199999989,2020,4
163,2020-04-22 13:15:00,LONG,2020-04-22 14:15:00,9162.65,9102.17651,9178.05625,2020-04-24 14:15:00,9145.55,-17.100000000000364,-20.761640000000362,-2076.164000000036,TSL Hit,100,1,-0.20761640000000361,2020,4
164,2020-04-27 09:15:00,LONG,2020-04-27 10:15:00,9353.65,9291.91591,9291.91591,2020-04-27 14:15:00,9291.91591,-61.734089999999924,-65.46320318199993,-6546.320318199993,Initial SL hit,100,1,-0.6546320318199994,2020,4
165,2020-04-27 15:15:00,LONG,2020-04-28 09:15:00,9289.7,9228.38798,9426.32375,2020-05-04 09:15:00,9376.8,87.09999999999854,83.36669999999854,8336.669999999855,TSL Hit,100,1,0.8336669999999855,2020,4
166,2020-05-13 10:15:00,LONG,2020-05-13 11:15:00,9430.3,9368.060019999999,9368.060019999999,2020-05-13 12:15:00,9368.060019999999,-62.23998000000029,-65.99965200400028,-6599.965200400028,Initial SL hit,100,1,-0.6599965200400029,2020,5
167,2020-05-13 12:15:00,LONG,2020-05-13 13:15:00,9417.4,9355.245159999999,9355.245159999999,2020-05-13 13:15:00,9355.245159999999,-62.15484000000106,-65.90936903200105,-6590.936903200105,Initial SL hit,100,1,-0.6590936903200105,2020,5
168,2020-05-20 14:15:00,LONG,2020-05-20 15:15:00,9084.3,9024.34362,9024.34362,2020-05-22 09:15:00,9024.34362,-59.956379999999626,-63.57810872399963,-6357.810872399963,Initial SL hit,100,1,-0.6357810872399963,2020,5
169,2020-05-26 11:15:00,LONG,2020-05-26 12:15:00,9104.8,9044.708319999998,9044.708319999998,2020-05-26 13:15:00,9044.708319999998,-60.09168000000136,-63.72158166400136,-6372.158166400136,Initial SL hit,100,1,-0.6372158166400136,2020,5
170,2020-05-27 11:15:00,LONG,2020-05-27 12:15:00,9109.95,9049.82433,10097.01875,2020-06-09 13:15:00,10096.05,986.0999999999985,982.2587999999986,98225.87999999986,TSL Hit,100,1,9.822587999999985,2020,5
171,2020-06-16 15:15:00,LONG,2020-06-17 09:15:00,9924.0,9858.5016,9858.5016,2020-06-17 09:15:00,9858.5016,-65.4984000000004,-69.4549003200004,-6945.490032000041,Initial SL Hit,100,1,-0.6945490032000041,2020,6
172,2020-06-17 10:15:00,LONG,2020-06-17 11:15:00,9942.1,9876.48214,9876.48214,2020-06-17 11:15:00,9876.48214,-65.61786000000029,-69.58157642800029,-6958.157642800029,Initial SL Hit,100,1,-0.6958157642800029,2020,6
173,2020-06-17 11:15:00,LONG,2020-06-17 12:15:00,9945.15,9879.512009999999,9922.651249999999,2020-06-17 14:15:00,9879.512009999999,-65.63799000000108,-69.60292240200108,-6960.292240200109,Initial SL hit,100,1,-0.6960292240200109,2020,6
174,2020-06-17 15:15:00,LONG,2020-06-18 09:15:00,9889.5,9824.229299999999,10235.11375,2020-06-25 09:15:00,10262.4,372.89999999999964,368.86961999999966,36886.96199999996,MACD Reversal,100,1,3.688696199999996,2020,6
175,2020-06-26 11:15:00,LONG,2020-06-26 12:15:00,10379.95,10311.44233,10311.44233,2020-06-26 13:15:00,10311.44233,-68.50767000000087,-72.64594846600087,-7264.594846600087,Initial SL Hit,100,1,-0.7264594846600086,2020,6
176,2020-06-26 13:15:00,LONG,2020-06-26 14:15:00,10369.5,10301.0613,10346.99875,2020-06-29 09:15:00,10301.0613,-68.43870000000061,-72.5728122600006,-7257.28122600006,Initial SL hit,100,1,-0.725728122600006,2020,6
177,2020-06-30 12:15:00,LONG,2020-06-30 13:15:00,10374.6,10306.12764,10306.12764,2020-06-30 14:15:00,10306.12764,-68.47235999999975,-72.60850552799975,-7260.850552799975,Initial SL Hit,100,1,-0.7260850552799976,2020,6
178,2020-07-01 10:15:00,LONG,2020-07-01 11:15:00,10350.5,10282.1867,10742.055,2020-07-10 13:15:00,10751.15,400.64999999999964,396.42966999999965,39642.96699999997,MACD Reversal,100,1,3.9642966999999967,2020,7
179,2020-07-13 13:15:00,LONG,2020-07-13 14:15:00,10812.9,10741.53486,10779.758749999999,2020-07-14 09:15:00,10741.53486,-71.36513999999988,-75.67602697199989,-7567.602697199989,Initial SL hit,100,1,-0.7567602697199989,2020,7
180,2020-07-15 12:15:00,LONG,2020-07-15 13:15:00,10797.1,10725.83914,10753.76125,2020-07-15 14:15:00,10725.83914,-71.26086000000032,-75.56544782800032,-7556.5447828000315,Initial SL hit,100,1,-0.7556544782800032,2020,7
181,2020-07-16 15:15:00,LONG,2020-07-17 09:15:00,10752.15,10681.185809999999,11136.79125,2020-07-27 14:15:00,11126.3,374.14999999999964,369.7743099999996,36977.43099999996,TSL Hit,100,1,3.6977430999999963,2020,7
182,2020-07-28 10:15:00,LONG,2020-07-28 11:15:00,11202.05,11128.116469999999,11201.77125,2020-07-30 12:15:00,11184.5,-17.549999999999272,-22.02730999999927,-2202.730999999927,TSL Hit,100,1,-0.2202730999999927,2020,7
183,2020-08-04 14:15:00,LONG,2020-08-04 15:15:00,11104.8,11031.508319999999,11107.64125,2020-08-05 13:15:00,11103.05,-1.75,-6.19157,-619.1569999999999,TSL Hit,100,1,-0.0619157,2020,8
184,2020-08-05 13:15:00,LONG,2020-08-05 14:15:00,11129.9,11056.442659999999,11291.275,2020-08-14 13:15:00,11188.2,58.30000000000109,53.83638000000109,5383.638000000109,TSL Hit,100,1,0.5383638000000109,2020,8
185,2020-08-18 09:15:00,LONG,2020-08-18 10:15:00,11322.5,11247.771499999999,11316.92625,2020-08-20 12:15:00,11331.15,8.649999999999636,4.119269999999636,411.9269999999636,MACD Reversal,100,1,0.04119269999999636,2020,8
186,2020-08-21 10:15:00,LONG,2020-08-21 11:15:00,11398.0,11322.7732,11537.7075,2020-08-31 12:15:00,11513.15,115.14999999999964,110.56776999999964,11056.776999999964,TSL Hit,100,1,1.1056776999999964,2020,8
187,2020-09-02 15:15:00,LONG,2020-09-03 09:15:00,11554.75,11478.48865,11544.105,2020-09-03 11:15:00,11519.45,-35.29999999999927,-39.91483999999927,-2993.6129999999457,TSL Hit,75,1,-0.29936129999999456,2020,9
188,2020-09-03 11:15:00,LONG,2020-09-03 12:15:00,11561.6,11485.29344,11485.29344,2020-09-04 09:15:00,11365.5,-196.10000000000036,-200.68542000000036,-15051.406500000026,Gap Open Outside ISL,75,1,-1.5051406500000026,2020,9
189,2020-09-10 10:15:00,LONG,2020-09-10 11:15:00,11407.8,11332.50852,11518.359999999999,2020-09-18 14:15:00,11508.2,100.40000000000146,95.81680000000145,9581.680000000146,TSL Hit,100,1,0.9581680000000146,2020,9
190,2020-09-28 09:15:00,LONG,2020-09-28 10:15:00,11177.95,11104.17553,11856.463749999999,2020-10-14 10:15:00,11849.55,671.5999999999985,666.9944999999985,66699.44999999985,TSL Hit,100,1,6.669944999999985,2020,9
191,2020-10-14 14:15:00,LONG,2020-10-14 15:15:00,11974.8,11895.766319999999,11900.032500000001,2020-10-15 11:15:00,11895.766319999999,-79.03368000000046,-83.80779326400045,-6285.584494800034,Initial SL hit,75,1,-0.6285584494800034,2020,10
192,2020-10-19 11:15:00,LONG,2020-10-19 12:15:00,11863.1,11784.803539999999,11861.08125,2020-10-21 13:15:00,11805.6,-57.5,-62.23374,-4667.5305,TSL Hit,75,1,-0.46675305,2020,10
193,2020-10-21 14:15:00,LONG,2020-10-21 15:15:00,11954.45,11875.55063,11875.55063,2020-10-22 09:15:00,11875.55063,-78.899370000001,-83.665370126001,-6274.902759450075,Initial SL hit,75,1,-0.6274902759450075,2020,10
194,2020-10-23 11:15:00,LONG,2020-10-23 12:15:00,11946.35,11867.50409,11902.15625,2020-10-26 10:15:00,11884.7,-61.649999999999636,-66.41620999999964,-4981.215749999973,TSL Hit,75,1,-0.4981215749999973,2020,10
195,2020-10-27 15:15:00,LONG,2020-10-28 09:15:00,11897.9,11819.37386,11819.37386,2020-10-28 10:15:00,11819.37386,-78.52613999999994,-83.26959477199995,-6245.219607899996,Initial SL Hit,75,1,-0.6245219607899996,2020,10
196,2020-11-03 09:15:00,LONG,2020-11-03 10:15:00,11797.35,11719.48749,12791.73125,2020-11-19 14:15:00,12771.75,974.3999999999996,969.4861799999996,72711.46349999997,TSL Hit,75,1,7.271146349999996,2020,11
197,2020-11-20 15:15:00,LONG,2020-11-23 09:15:00,12868.5,12783.5679,12917.7875,2020-11-25 13:15:00,12877.3,8.799999999999272,3.6508399999992722,273.8129999999454,TSL Hit,75,1,0.027381299999994543,2020,11
198,2020-11-26 15:15:00,LONG,2020-11-27 09:15:00,13018.0,12932.081199999999,12935.58,2020-11-27 14:15:00,12932.081199999999,-85.91880000000128,-91.10881624000129,-6833.161218000097,Initial SL hit,75,1,-0.6833161218000097,2020,11
199,2020-11-27 15:15:00,LONG,2020-12-01 09:15:00,12981.9,12896.219459999998,13465.7775,2020-12-15 09:15:00,13463.2,481.3000000000011,476.0109800000011,35700.823500000086,TSL Hit,75,1,3.5700823500000083,2020,12
200,2020-12-15 10:15:00,LONG,2020-12-15 11:15:00,13484.95,13395.94933,13644.615,2020-12-21 13:15:00,13582.75,97.79999999999927,92.38645999999927,6928.984499999946,TSL Hit,75,1,0.6928984499999946,2020,12
201,2020-12-23 12:15:00,LONG,2020-12-23 13:15:00,13566.1,13476.56374,14469.852499999999,2021-01-15 11:15:00,14501.25,935.1499999999996,929.5365299999996,69715.23974999998,MACD Reversal,75,1,6.9715239749999975,2020,12
202,2021-01-19 12:15:00,LONG,2021-01-19 13:15:00,14492.25,14396.601149999999,14522.385,2021-01-22 10:15:00,14498.35,6.100000000000364,0.30188000000036386,22.64100000002729,TSL Hit,75,1,0.002264100000002729,2021,1
203,2021-02-01 13:15:00,LONG,2021-02-01 14:15:00,14214.8,14120.98232,14120.98232,2021-02-01 14:15:00,14120.98232,-93.81768000000011,-99.48483646400011,-7461.362734800008,Initial SL hit,75,1,-0.7461362734800008,2021,2
204,2021-02-01 14:15:00,LONG,2021-02-01 15:15:00,14296.1,14201.74574,15214.622500000001,2021-02-17 12:15:00,15229.2,933.1000000000004,927.1949400000003,69539.62050000002,MACD Reversal,75,1,6.953962050000002,2021,2
205,2021-02-25 12:15:00,LONG,2021-02-25 13:15:00,15133.55,15033.668569999998,15033.668569999998,2021-02-26 09:15:00,14899.5,-234.04999999999927,-240.05660999999927,-18004.245749999944,Gap Open Outside ISL,75,1,-1.8004245749999943,2021,2
206,2021-03-02 12:15:00,LONG,2021-03-02 13:15:00,14849.85,14751.840989999999,14925.859999999997,2021-03-05 11:15:00,15008.25,158.39999999999964,152.42837999999963,11432.128499999973,MACD Reversal,75,1,1.1432128499999974,2021,3
207,2021-03-09 10:15:00,LONG,2021-03-09 11:15:00,15073.05,14973.567869999999,15019.745,2021-03-09 12:15:00,14973.567869999999,-99.48213000000032,-105.49145357400033,-7911.859018050025,Initial SL hit,75,1,-0.7911859018050025,2021,3
208,2021-03-09 14:15:00,LONG,2021-03-09 15:15:00,15114.45,15014.69463,15082.64375,2021-03-12 13:15:00,15014.69463,-99.75537000000077,-105.78119892600077,-7933.589919450058,Initial SL hit,75,1,-0.7933589919450057,2021,3
209,2021-03-22 15:15:00,LONG,2021-03-23 09:15:00,14760.1,14662.68334,14740.9375,2021-03-24 09:15:00,14668.75,-91.35000000000036,-97.23577000000036,-7292.682750000027,TSL Hit,75,1,-0.7292682750000027,2021,3
210,2021-03-30 09:15:00,LONG,2021-03-30 10:15:00,14743.25,14645.94455,14645.94455,2021-04-05 09:15:00,14645.94455,-97.30544999999984,-103.18328890999983,-7738.746668249987,Initial SL hit,75,1,-0.7738746668249987,2021,3
211,2021-04-06 10:15:00,LONG,2021-04-06 11:15:00,14765.2,14667.74968,14679.007500000002,2021-04-06 12:15:00,14667.74968,-97.45031999999992,-103.33690993599993,-7750.268245199994,Initial SL hit,75,1,-0.7750268245199994,2021,4
212,2021-04-06 15:15:00,LONG,2021-04-07 09:15:00,14703.55,14606.506569999998,14775.81625,2021-04-12 09:15:00,14606.506569999998,-97.04343000000154,-102.90544131400154,-7717.908098550115,Initial SL hit,75,1,-0.7717908098550115,2021,4
213,2021-04-15 14:15:00,LONG,2021-04-15 15:15:00,14588.45,14492.16623,14594.451249999998,2021-04-16 15:15:00,14590.45,2.0,-3.8357800000000006,-287.68350000000004,TSL Hit,75,1,-0.02876835,2021,4
214,2021-04-23 09:15:00,LONG,2021-04-23 10:15:00,14402.0,14306.9468,14306.9468,2021-04-23 14:15:00,14306.9468,-95.05320000000029,-100.79498936000029,-7559.624202000022,Initial SL Hit,75,1,-0.7559624202000021,2021,4
215,2021-04-26 14:15:00,LONG,2021-04-26 15:15:00,14490.6,14394.96204,14661.357499999998,2021-04-30 13:15:00,14699.6,209.0,203.16196,15237.146999999999,MACD Reversal,75,1,1.5237147,2021,4
216,2021-05-06 10:15:00,LONG,2021-05-06 11:15:00,14664.5,14567.7143,14751.407500000001,2021-05-12 09:15:00,14739.75,75.25,69.36915,5202.686250000001,TSL Hit,75,1,0.520268625,2021,5
217,2021-05-17 10:15:00,LONG,2021-05-17 11:15:00,14824.7,14726.85698,14900.188749999998,2021-05-20 13:15:00,14968.8,144.09999999999854,138.14129999999855,10360.59749999989,MACD Reversal,75,1,1.036059749999989,2021,5
218,2021-05-21 10:15:00,LONG,2021-05-21 11:15:00,15103.1,15003.419539999999,15436.039999999999,2021-06-02 12:15:00,15467.5,364.39999999999964,358.2858799999996,26871.440999999973,MACD Reversal,75,1,2.6871440999999976,2021,5
219,2021-06-02 14:15:00,LONG,2021-06-02 15:15:00,15576.65,15473.844109999998,15670.5275,2021-06-09 12:15:00,15659.65,83.0,76.75274,5756.4555,TSL Hit,75,1,0.5756455500000001,2021,6
220,2021-06-10 13:15:00,LONG,2021-06-10 14:15:00,15745.85,15641.927389999999,15730.440000000002,2021-06-14 09:15:00,15641.927389999999,-103.92261000000144,-110.20016547800144,-8265.012410850108,Initial SL hit,75,1,-0.8265012410850108,2021,6
221,2021-06-14 13:15:00,LONG,2021-06-14 14:15:00,15808.25,15703.91555,15774.289999999999,2021-06-16 12:15:00,15788.7,-19.549999999999272,-25.86938999999927,-1940.2042499999452,MACD Reversal,75,1,-0.19402042499999453,2021,6
222,2021-06-21 14:15:00,LONG,2021-06-21 15:15:00,15747.65,15643.715509999998,15729.951249999998,2021-06-23 12:15:00,15719.0,-28.649999999999636,-34.943329999999634,-2620.7497499999727,TSL Hit,75,1,-0.26207497499999727,2021,6
223,2021-06-24 12:15:00,LONG,2021-06-24 13:15:00,15792.5,15688.269499999999,15793.26875,2021-06-29 09:15:00,15768.65,-23.850000000000364,-30.162230000000363,-2262.1672500000273,TSL Hit,75,1,-0.22621672500000276,2021,6
224,2021-06-30 10:15:00,LONG,2021-06-30 11:15:00,15837.3,15732.773819999999,15790.803750000001,2021-06-30 13:15:00,15787.05,-50.25,-56.57487,-4243.11525,TSL Hit,75,1,-0.42431152499999997,2021,6
225,2021-07-05 09:15:00,LONG,2021-07-05 10:15:00,15821.55,15717.12777,15786.991250000001,2021-07-08 11:15:00,15792.5,-29.049999999999272,-35.372809999999276,-2652.9607499999456,MACD Reversal,75,1,-0.2652960749999946,2021,7
226,2021-07-13 11:15:00,LONG,2021-07-13 12:15:00,15795.7,15691.44838,15825.8275,2021-07-19 09:15:00,15825.2,29.5,23.175819999999998,1738.1864999999998,TSL Hit,75,1,0.17381865,2021,7
227,2021-07-22 12:15:00,LONG,2021-07-22 13:15:00,15822.35,15717.922489999999,15794.131254882752,2021-07-27 12:15:00,15717.922489999999,-104.42751000000135,-110.73556449800135,-8305.167337350102,Initial SL hit,75,1,-0.8305167337350101,2021,7
228,2021-07-29 11:15:00,LONG,2021-07-29 12:15:00,15801.8,15697.508119999999,15790.230004882751,2021-07-30 14:15:00,15748.95,-52.849999999998545,-59.160149999998545,-4437.01124999989,TSL Hit,75,1,-0.4437011249999891,2021,7
229,2021-08-02 10:15:00,LONG,2021-08-02 11:15:00,15871.45,15766.69843,16232.32375,2021-08-10 13:15:00,16208.35,336.89999999999964,330.48403999999965,24786.302999999974,TSL Hit,75,1,2.4786302999999976,2021,8
230,2021-08-10 15:15:00,LONG,2021-08-11 09:15:00,16288.1,16180.598539999999,16180.598539999999,2021-08-11 09:15:00,16218.75,-69.35000000000036,-75.85137000000036,-3792.568500000018,MACD Reversal,50,1,-0.3792568500000018,2021,8
231,2021-08-11 15:15:00,LONG,2021-08-12 09:15:00,16289.15,16181.641609999999,16490.18125,2021-08-20 09:15:00,16466.35,177.1999999999989,170.64889999999892,8532.444999999945,TSL Hit,50,1,0.8532444999999946,2021,8
232,2021-08-24 10:15:00,LONG,2021-08-24 11:15:00,16546.2,16436.99508,17269.97125,2021-09-08 12:15:00,17263.8,717.5999999999985,710.8379999999986,35541.89999999993,TSL Hit,50,1,3.554189999999993,2021,8
233,2021-09-08 14:15:00,LONG,2021-09-08 15:15:00,17354.9,17240.35766,17329.55875,2021-09-13 09:15:00,17288.2,-66.70000000000073,-73.62862000000072,-3681.431000000036,TSL Hit,50,1,-0.36814310000000355,2021,9
234,2021-09-13 13:15:00,LONG,2021-09-13 14:15:00,17370.4,17255.75536,17491.8275,2021-09-20 11:15:00,17510.85,140.4499999999971,133.4737499999971,6673.6874999998545,MACD Reversal,50,1,0.6673687499999854,2021,9
235,2021-09-21 15:15:00,LONG,2021-09-22 09:15:00,17578.35,17462.332889999998,17544.51375,2021-09-22 14:15:00,17535.6,-42.75,-49.77279,-2488.6395,TSL Hit,50,1,-0.24886395,2021,9
236,2021-09-23 09:15:00,LONG,2021-09-23 10:15:00,17730.1,17613.081339999997,17699.0025,2021-09-28 11:15:00,17732.4,2.3000000000029104,-4.79249999999709,-239.62499999985448,MACD Reversal,50,1,-0.023962499999985447,2021,9
237,2021-10-04 12:15:00,LONG,2021-10-04 13:15:00,17695.4,17578.61036,17681.541250000002,2021-10-06 14:15:00,17652.5,-42.900000000001455,-49.96958000000146,-2498.479000000073,TSL Hit,50,1,-0.24984790000000728,2021,10
238,2021-10-07 10:15:00,LONG,2021-10-07 11:15:00,17820.15,17702.53701,18273.275,2021-10-20 11:15:00,18302.75,482.59999999999854,475.37541999999854,23768.770999999928,MACD Reversal,50,1,2.3768770999999926,2021,10
239,2021-10-26 13:15:00,LONG,2021-10-26 14:15:00,18247.2,18126.76848,18199.82,2021-10-27 15:15:00,18181.5,-65.70000000000073,-72.98574000000073,-3649.2870000000366,TSL Hit,50,1,-0.36492870000000366,2021,10
240,2021-11-02 10:15:00,LONG,2021-11-02 11:15:00,17950.3,17831.828019999997,17831.828019999997,2021-11-03 12:15:00,17831.828019999997,-118.47198000000208,-125.62840560400208,-6281.420280200105,Initial SL Hit,50,1,-0.6281420280200105,2021,11
241,2021-11-08 10:15:00,LONG,2021-11-08 11:15:00,17921.9,17803.61546,17936.141249999997,2021-11-10 11:15:00,17960.75,38.849999999998545,31.673469999998545,1583.6734999999273,MACD Reversal,50,1,0.15836734999999275,2021,11
242,2021-11-12 12:15:00,LONG,2021-11-12 13:15:00,18021.65,17902.70711,18014.7725,2021-11-16 14:15:00,18002.0,-19.650000000001455,-26.854730000001457,-1342.7365000000727,TSL Hit,50,1,-0.13427365000000727,2021,11
243,2021-12-01 15:15:00,LONG,2021-12-02 09:15:00,17188.15,17074.70821,17182.138750000002,2021-12-03 15:15:00,17210.3,22.149999999997817,15.270309999997817,763.5154999998908,MACD Reversal,50,1,0.07635154999998908,2021,12
244,2021-12-07 13:15:00,LONG,2021-12-07 14:15:00,17243.45,17129.64323,17339.555,2021-12-13 13:15:00,17365.65,122.20000000000073,115.27818000000073,5763.909000000037,MACD Reversal,50,1,0.5763909000000037,2021,12
245,2021-12-22 11:15:00,LONG,2021-12-22 12:15:00,16904.3,16792.73162,18207.032499999998,2022-01-18 14:15:00,18097.6,1193.2999999999993,1186.2996199999993,59314.98099999996,TSL Hit,50,1,5.931498099999996,2021,12
246,2022-01-28 10:15:00,LONG,2022-01-28 11:15:00,17343.95,17229.47993,17229.47993,2022-01-28 13:15:00,17229.47993,-114.4700699999994,-121.38475598599939,-6069.23779929997,Initial SL Hit,50,1,-0.606923779929997,2022,1
247,2022-01-31 10:15:00,LONG,2022-01-31 11:15:00,17359.0,17244.4306,17446.8725,2022-02-03 15:15:00,17520.25,161.25,154.27415,7713.7074999999995,MACD Reversal,50,1,0.77137075,2022,1
248,2022-02-09 10:15:00,LONG,2022-02-09 11:15:00,17422.4,17307.41216,17416.6875,2022-02-11 09:15:00,17330.8,-91.60000000000218,-98.55064000000218,-4927.532000000108,TSL Hit,50,1,-0.4927532000000108,2022,2
249,2022-02-15 14:15:00,LONG,2022-02-15 15:15:00,17357.05,17242.493469999998,17289.28125,2022-02-16 10:15:00,17288.0,-69.04999999999927,-75.97900999999928,-3798.950499999964,TSL Hit,50,1,-0.3798950499999964,2022,2
250,2022-02-16 11:15:00,LONG,2022-02-16 12:15:00,17342.05,17227.59247,17297.73125,2022-02-16 15:15:00,17293.05,-49.0,-55.92702,-2796.351,TSL Hit,50,1,-0.2796351,2022,2
251,2022-02-16 15:15:00,LONG,2022-02-17 09:15:00,17329.75,17215.373649999998,17237.415,2022-02-18 15:15:00,17268.75,-61.0,-67.9197,-3395.985,MACD Reversal,50,1,-0.3395985,2022,2
252,2022-03-09 10:15:00,LONG,2022-03-09 11:15:00,16172.8,16066.059519999999,16958.030000000002,2022-03-22 10:15:00,17061.95,889.1500000000015,882.5030500000015,44125.15250000008,MACD Reversal,50,1,4.412515250000007,2022,3
253,2022-03-22 12:15:00,LONG,2022-03-22 13:15:00,17231.5,17117.7721,17119.92625,2022-03-24 09:15:00,17114.0,-117.5,-124.3691,-6218.455,Gap Open Outside ISL,50,1,-0.6218455,2022,3
254,2022-03-24 09:15:00,LONG,2022-03-24 10:15:00,17263.4,17149.46156,17159.0625,2022-03-24 12:15:00,17149.46156,-113.93844000000172,-120.82101231200173,-6041.0506156000865,Initial SL hit,50,1,-0.6041050615600086,2022,3
255,2022-03-28 14:15:00,LONG,2022-03-28 15:15:00,17231.2,17117.47408,17726.457499999997,2022-04-06 13:15:00,17798.15,566.9500000000007,559.9441300000008,27997.206500000037,MACD Reversal,50,1,2.799720650000004,2022,3
256,2022-04-21 10:15:00,LONG,2022-04-21 11:15:00,17341.15,17226.69841,17277.38625,2022-04-22 09:15:00,17226.69841,-114.45159000000058,-121.36515968200058,-6068.257984100029,Initial SL hit,50,1,-0.6068257984100028,2022,4
257,2022-04-22 09:15:00,LONG,2022-04-22 10:15:00,17259.25,17145.338949999998,17252.82625,2022-04-22 13:15:00,17218.2,-41.04999999999927,-47.945489999999275,-2397.2744999999636,TSL Hit,50,1,-0.23972744999999637,2022,4
258,2022-04-26 14:15:00,LONG,2022-04-26 15:15:00,17217.0,17103.3678,17156.8475,2022-04-27 09:15:00,17077.2,-139.79999999999927,-146.65883999999926,-7332.941999999963,Gap Open Outside ISL,50,1,-0.7332941999999963,2022,4
259,2022-04-28 11:15:00,LONG,2022-04-28 12:15:00,17185.25,17071.82735,17143.73125,2022-04-29 14:15:00,17071.82735,-113.42265000000043,-120.27406547000044,-6013.703273500022,Initial SL hit,50,1,-0.6013703273500022,2022,4
260,2022-05-17 10:15:00,LONG,2022-05-17 11:15:00,16112.15,16005.809809999999,16024.535,2022-05-19 09:15:00,15942.35,-169.79999999999927,-176.21089999999927,-8810.544999999964,Gap Open Outside ISL,50,1,-0.8810544999999963,2022,5
261,2022-05-20 11:15:00,LONG,2022-05-20 12:15:00,16210.7,16103.70938,16154.373750000002,2022-05-24 12:15:00,16162.25,-48.45000000000073,-54.92459000000073,-2746.2295000000363,MACD Reversal,50,1,-0.27462295000000364,2022,5
262,2022-05-27 11:15:00,LONG,2022-05-27 12:15:00,16279.1,16171.65794,16413.68625,2022-06-02 10:15:00,16517.5,238.39999999999964,231.84067999999962,11592.033999999981,MACD Reversal,50,1,1.1592033999999982,2022,5
263,2022-06-02 11:15:00,LONG,2022-06-02 12:15:00,16565.65,16456.31671,16588.465000000004,2022-06-06 09:15:00,16456.31671,-109.33329000000231,-115.9376833420023,-5796.8841671001155,Initial SL hit,50,1,-0.5796884167100116,2022,6
264,2022-06-21 10:15:00,LONG,2022-06-21 11:15:00,15593.6,15490.68224,15519.115,2022-06-22 09:15:00,15490.68224,-102.91776000000027,-109.13461644800027,-8185.09623360002,Initial SL hit,75,1,-0.8185096233600021,2022,6
265,2022-06-23 09:15:00,LONG,2022-06-23 10:15:00,15595.05,15492.122669999999,15492.122669999999,2022-06-23 12:15:00,15492.122669999999,-102.92733000000044,-109.14476453400044,-8185.857340050034,Initial SL hit,75,1,-0.8185857340050032,2022,6
266,2022-06-24 12:15:00,LONG,2022-06-24 13:15:00,15692.55,15588.979169999999,15750.91125,2022-06-30 15:15:00,15735.9,43.350000000000364,37.06431000000036,2779.823250000027,TSL Hit,75,1,0.2779823250000027,2022,6
267,2022-07-04 13:15:00,LONG,2022-07-04 14:15:00,15779.8,15675.653319999998,16067.930000000002,2022-07-12 12:15:00,16080.65,300.85000000000036,294.47791000000035,22085.843250000027,MACD Reversal,75,1,2.208584325000003,2022,7
268,2022-07-18 09:15:00,LONG,2022-07-18 10:15:00,16199.7,16092.78198,16514.28,2022-07-26 09:15:00,16512.05,312.34999999999854,305.80764999999855,15290.382499999927,TSL Hit,50,1,1.5290382499999926,2022,7
269,2022-07-27 13:15:00,LONG,2022-07-27 14:15:00,16617.2,16507.52648,17802.232500000002,2022-08-19 12:15:00,17810.55,1193.3499999999985,1186.4644499999986,59323.22249999993,MACD Reversal,50,1,5.932322249999993,2022,7
270,2022-08-25 10:15:00,LONG,2022-08-25 11:15:00,17702.35,17585.514489999998,17669.85875,2022-08-25 14:15:00,17585.514489999998,-116.8355100000008,-123.8930828980008,-6194.65414490004,Initial SL hit,50,1,-0.619465414490004,2022,8
271,2022-08-30 11:15:00,LONG,2022-08-30 12:15:00,17583.65,17467.59791,17561.97125,2022-09-01 12:15:00,17552.3,-31.350000000002183,-38.37719000000218,-1918.859500000109,TSL Hit,50,1,-0.1918859500000109,2022,8
272,2022-09-01 15:15:00,LONG,2022-09-02 09:15:00,17564.1,17448.176939999998,17448.176939999998,2022-09-02 09:15:00,17496.55,-67.54999999999927,-74.56212999999927,-3728.1064999999635,MACD Reversal,50,1,-0.37281064999999636,2022,9
273,2022-09-02 13:15:00,LONG,2022-09-02 14:15:00,17618.55,17502.26757,17502.26757,2022-09-02 15:15:00,17527.85,-90.70000000000073,-97.72928000000073,-4886.464000000036,MACD Reversal,50,1,-0.48864640000000364,2022,9
274,2022-09-05 10:15:00,LONG,2022-09-05 11:15:00,17657.25,17540.71215,17588.945,2022-09-07 09:15:00,17540.71215,-116.53785000000062,-123.57744243000062,-6178.8721215000305,Initial SL hit,50,1,-0.6178872121500031,2022,9
275,2022-09-08 11:15:00,LONG,2022-09-08 12:15:00,17756.9,17639.70446,17903.37875,2022-09-15 10:15:00,17887.5,130.59999999999854,123.47111999999855,6173.555999999928,TSL Hit,50,1,0.6173555999999927,2022,9
276,2022-09-20 10:15:00,LONG,2022-09-20 11:15:00,17879.65,17761.64431,17840.37875,2022-09-20 14:15:00,17804.55,-75.10000000000218,-82.23684000000219,-4111.84200000011,TSL Hit,50,1,-0.41118420000001094,2022,9
277,2022-09-20 15:15:00,LONG,2022-09-21 09:15:00,17814.8,17697.222319999997,17697.222319999997,2022-09-21 11:15:00,17697.222319999997,-117.57768000000215,-124.68008446400215,-6234.004223200108,Initial SL Hit,50,1,-0.6234004223200108,2022,9
278,2022-09-30 12:15:00,LONG,2022-09-30 13:15:00,17111.9,16998.961460000002,17021.4375,2022-10-03 09:15:00,16998.961460000002,-112.9385399999992,-119.7607122919992,-5988.035614599959,Initial SL hit,50,1,-0.5988035614599959,2022,9
279,2022-10-03 10:15:00,LONG,2022-10-03 11:15:00,17002.45,16890.23383,16890.23383,2022-10-03 13:15:00,16937.3,-65.15000000000146,-71.93795000000145,-3596.8975000000723,MACD Reversal,50,1,-0.35968975000000725,2022,10
280,2022-10-04 09:15:00,LONG,2022-10-04 10:15:00,17249.2,17135.35528,17139.72,2022-10-10 09:15:00,17106.2,-143.0,-149.87108,-7493.554,Gap Open Outside ISL,50,1,-0.7493554,2022,10
281,2022-10-14 10:15:00,LONG,2022-10-14 11:15:00,17308.5,17194.263899999998,17194.263899999998,2022-10-14 14:15:00,17194.263899999998,-114.2361000000019,-121.1366527800019,-6056.832639000095,Initial SL hit,50,1,-0.6056832639000095,2022,10
282,2022-10-14 15:15:00,LONG,2022-10-17 09:15:00,17203.15,17089.609210000002,17978.32125,2022-11-04 09:15:00,18034.0,830.8499999999985,823.8025699999986,41190.128499999926,MACD Reversal,50,1,4.119012849999992,2022,10
283,2022-11-04 13:15:00,LONG,2022-11-04 14:15:00,18061.2,17941.99608,18107.253749999996,2022-11-10 09:15:00,18025.15,-36.04999999999927,-43.26726999999927,-2163.3634999999636,TSL Hit,50,1,-0.21633634999999635,2022,11
284,2022-11-11 10:15:00,LONG,2022-11-11 11:15:00,18319.05,18198.144269999997,18313.57125,2022-11-17 15:15:00,18333.95,14.900000000001455,7.569400000001455,378.47000000007273,MACD Reversal,50,1,0.03784700000000728,2022,11
285,2022-11-23 10:15:00,LONG,2022-11-23 11:15:00,18275.95,18155.32873,18638.34,2022-12-02 11:15:00,18646.8,370.84999999999854,363.46544999999855,18173.272499999926,MACD Reversal,50,1,1.8173272499999928,2022,11
286,2022-12-13 11:15:00,LONG,2022-12-13 12:15:00,18592.7,18469.98818,18569.35625,2022-12-15 09:15:00,18565.1,-27.600000000002183,-35.03156000000219,-1751.5780000001093,TSL Hit,50,1,-0.1751578000000109,2022,12
287,2022-12-27 11:15:00,LONG,2022-12-27 12:15:00,18065.8,17946.56572,18061.14875,2022-12-29 09:15:00,18003.55,-62.25,-69.46387,-3473.1935,TSL Hit,50,1,-0.34731935,2022,12
288,2022-12-29 14:15:00,LONG,2022-12-29 15:15:00,18204.05,18083.90327,18083.90327,2022-12-30 14:15:00,18083.90327,-120.14673000000039,-127.40432065400039,-6370.216032700019,Initial SL hit,50,1,-0.6370216032700019,2022,12
289,2022-12-30 15:15:00,LONG,2023-01-02 09:15:00,18120.1,18000.507339999996,18155.38625,2023-01-04 09:15:00,18129.6,9.5,2.2500600000000004,112.50300000000001,TSL Hit,50,1,0.011250300000000001,2023,1
290,2023-01-09 10:15:00,LONG,2023-01-09 11:15:00,18108.75,17989.232249999997,18072.894999999997,2023-01-09 13:15:00,18053.25,-55.5,-62.7324,-3136.62,TSL Hit,50,1,-0.313662,2023,1
291,2023-01-09 13:15:00,LONG,2023-01-09 14:15:00,18077.35,17958.03949,18064.00875,2023-01-10 09:15:00,17990.8,-86.54999999999927,-93.76362999999927,-4688.181499999963,TSL Hit,50,1,-0.46881814999999627,2023,1
292,2023-01-13 15:15:00,LONG,2023-01-16 09:15:00,17965.7,17847.12638,17931.58875,2023-01-16 11:15:00,17914.6,-51.10000000000218,-58.27606000000218,-2913.803000000109,TSL Hit,50,1,-0.29138030000001086,2023,1
293,2023-01-16 12:15:00,LONG,2023-01-16 13:15:00,17923.1,17804.807539999998,17804.807539999998,2023-01-16 14:15:00,17894.85,-28.25,-35.41359,-1770.6795,MACD Reversal,50,1,-0.17706795,2023,1
294,2023-01-17 09:15:00,LONG,2023-01-17 10:15:00,18016.45,17897.54143,18034.10875,2023-01-20 14:15:00,18029.35,12.899999999997817,5.6908399999978165,284.54199999989083,TSL Hit,50,1,0.02845419999998908,2023,1
295,2023-01-23 12:15:00,LONG,2023-01-23 13:15:00,18116.45,17996.88143,18103.585,2023-01-24 15:15:00,18101.15,-15.299999999999272,-22.543519999999273,-1127.1759999999636,TSL Hit,50,1,-0.11271759999999635,2023,1
296,2023-02-01 09:15:00,LONG,2023-02-01 10:15:00,17815.3,17697.719019999997,17697.719019999997,2023-02-01 13:15:00,17697.719019999997,-117.58098000000246,-124.68358380400245,-6234.179190200122,Initial SL Hit,50,1,-0.6234179190200122,2023,2
297,2023-02-03 12:15:00,LONG,2023-02-03 13:15:00,17721.35,17604.389089999997,17690.488749999997,2023-02-07 12:15:00,17654.65,-66.69999999999709,-73.77519999999708,-3688.7599999998542,TSL Hit,50,1,-0.36887599999998544,2023,2
298,2023-02-08 10:15:00,LONG,2023-02-08 11:15:00,17867.85,17749.922189999997,17804.829999999998,2023-02-13 09:15:00,17749.922189999997,-117.92781000000105,-125.05136443800104,-6252.568221900052,Initial SL hit,50,1,-0.6252568221900052,2023,2
299,2023-02-14 10:15:00,LONG,2023-02-14 11:15:00,17860.3,17742.422019999998,17912.5375,2023-02-17 12:15:00,17921.05,60.75,53.59373,2679.6865000000003,MACD Reversal,50,1,0.26796865000000003,2023,2
300,2023-03-01 13:15:00,LONG,2023-03-01 14:15:00,17445.7,17330.55838,17330.55838,2023-03-02 09:15:00,17354.35,-91.35000000000218,-98.31001000000218,-4915.500500000109,MACD Reversal,50,1,-0.49155005000001095,2023,3
301,2023-03-03 09:15:00,LONG,2023-03-03 10:15:00,17514.75,17399.15265,17578.595,2023-03-09 14:15:00,17586.4,71.65000000000146,64.62977000000146,3231.4885000000727,MACD Reversal,50,1,0.32314885000000726,2023,3
302,2023-03-17 14:15:00,LONG,2023-03-17 15:15:00,17124.95,17011.92533,17011.92533,2023-03-20 09:15:00,17011.92533,-113.02467000000252,-119.85204506600252,-5992.602253300126,Initial SL Hit,50,1,-0.5992602253300127,2023,3
303,2023-03-21 11:15:00,LONG,2023-03-21 12:15:00,17079.1,16966.37794,17055.21,2023-03-23 15:15:00,17068.45,-10.649999999997817,-17.479509999997816,-873.9754999998909,MACD Reversal,50,1,-0.0873975499999891,2023,3
304,2023-03-29 13:15:00,LONG,2023-03-29 14:15:00,17052.4,16939.85416,17684.93,2023-04-17 09:15:00,17610.3,557.8999999999978,550.9674599999978,27548.37299999989,TSL Hit,50,1,2.754837299999989,2023,3
305,2023-04-24 10:15:00,LONG,2023-04-24 11:15:00,17644.95,17528.49333,18073.15,2023-05-05 14:15:00,18071.95,427.0,419.85662,20992.831000000002,TSL Hit,50,1,2.0992831000000005,2023,4
306,2023-05-08 09:15:00,LONG,2023-05-08 10:15:00,18218.6,18098.357239999998,18251.527500000004,2023-05-12 09:15:00,18244.2,25.600000000002183,18.30744000000218,915.3720000001091,TSL Hit,50,1,0.09153720000001091,2023,5
307,2023-05-12 09:15:00,LONG,2023-05-12 10:15:00,18277.3,18156.66982,18256.59625,2023-05-12 11:15:00,18277.8,0.5,-6.81102,-340.551,MACD Reversal,50,1,-0.0340551,2023,5
308,2023-05-12 12:15:00,LONG,2023-05-12 13:15:00,18313.0,18192.1342,18324.15375,2023-05-16 14:15:00,18283.2,-29.799999999999272,-37.11923999999927,-1855.9619999999636,TSL Hit,50,1,-0.18559619999999635,2023,5
309,2023-05-22 09:15:00,LONG,2023-05-22 10:15:00,18294.95,18174.20333,18253.878749999996,2023-05-24 14:15:00,18289.3,-5.650000000001455,-12.966850000001456,-648.3425000000727,MACD Reversal,50,1,-0.06483425000000727,2023,5
310,2023-05-25 15:15:00,LONG,2023-05-26 09:15:00,18338.1,18217.068539999997,18460.0125,2023-05-31 12:15:00,18495.5,157.40000000000146,150.03328000000147,7501.664000000073,MACD Reversal,50,1,0.7501664000000073,2023,5
311,2023-06-01 10:15:00,LONG,2023-06-01 11:15:00,18576.6,18453.99444,18489.916250000002,2023-06-01 11:15:00,18537.3,-39.29999999999927,-46.722779999999275,-2336.1389999999637,MACD Reversal,50,1,-0.23361389999999638,2023,6
312,2023-06-01 12:15:00,LONG,2023-06-01 13:15:00,18561.25,18438.74575,18502.37875,2023-06-01 13:15:00,18524.0,-37.25,-44.66705,-2233.3525,MACD Reversal,50,1,-0.22333524999999999,2023,6
313,2023-06-05 09:15:00,LONG,2023-06-05 10:15:00,18636.15,18513.151410000002,18567.8725,2023-06-06 10:15:00,18551.4,-84.75,-92.18751,-4609.3755,TSL Hit,50,1,-0.46093755000000003,2023,6
314,2023-06-06 14:15:00,LONG,2023-06-06 15:15:00,18613.15,18490.303210000002,18610.388750000002,2023-06-09 10:15:00,18612.05,-1.1000000000021828,-8.545040000002182,-427.2520000001091,MACD Reversal,50,1,-0.04272520000001091,2023,6
315,2023-06-13 09:15:00,LONG,2023-06-13 10:15:00,18703.4,18579.95756,18677.42,2023-06-15 14:15:00,18682.65,-20.75,-28.22721,-1411.3605,MACD Reversal,50,1,-0.14113604999999999,2023,6
316,2023-06-16 09:15:00,LONG,2023-06-16 10:15:00,18775.6,18651.681039999996,18731.1725,2023-06-20 09:15:00,18695.55,-80.04999999999927,-87.54422999999927,-4377.211499999964,TSL Hit,50,1,-0.4377211499999964,2023,6
317,2023-06-20 14:15:00,LONG,2023-06-20 15:15:00,18825.3,18701.05302,18782.723749999997,2023-06-22 14:15:00,18766.4,-58.89999999999782,-66.41833999999781,-3320.916999999891,TSL Hit,50,1,-0.33209169999998905,2023,6
318,2023-06-27 11:15:00,LONG,2023-06-27 12:15:00,18752.15,18628.38581,19344.04375,2023-07-07 13:15:00,19372.1,619.9499999999971,612.325149999997,30616.257499999854,MACD Reversal,50,1,3.0616257499999855,2023,6
319,2023-07-11 09:15:00,LONG,2023-07-11 10:15:00,19488.15,19359.52821,19421.63125,2023-07-12 14:15:00,19371.7,-116.45000000000073,-124.22197000000072,-6211.098500000036,TSL Hit,50,1,-0.6211098500000036,2023,7
320,2023-07-13 09:15:00,LONG,2023-07-13 10:15:00,19566.15,19437.01341,19437.89375,2023-07-13 14:15:00,19437.01341,-129.1365900000019,-136.9372226820019,-6846.861134100095,Initial SL hit,50,1,-0.6846861134100095,2023,7
321,2023-07-13 15:15:00,LONG,2023-07-14 09:15:00,19445.3,19316.96102,19731.182500000003,2023-07-21 13:15:00,19779.4,334.1000000000022,326.2550600000022,16312.753000000108,MACD Reversal,50,1,1.6312753000000106,2023,7
322,2023-07-26 11:15:00,LONG,2023-07-26 12:15:00,19817.8,19687.00252,19777.53,2023-07-26 15:15:00,19773.1,-44.70000000000073,-52.61818000000073,-2630.9090000000365,TSL Hit,50,1,-0.2630909000000036,2023,7
323,2023-07-27 12:15:00,LONG,2023-07-27 13:15:00,19745.8,19615.47772,19615.47772,2023-07-27 13:15:00,19696.1,-49.70000000000073,-57.588380000000726,-2879.4190000000362,MACD Reversal,50,1,-0.28794190000000364,2023,7
324,2023-07-31 12:15:00,LONG,2023-07-31 13:15:00,19711.45,19581.35443,19711.295000000002,2023-08-02 09:15:00,19610.7,-100.75,-108.61443,-5430.7215,TSL Hit,50,1,-0.54307215,2023,7
325,2023-08-07 09:15:00,LONG,2023-08-07 10:15:00,19583.1,19453.851539999996,19566.503749999996,2023-08-08 10:15:00,19560.85,-22.25,-30.078789999999998,-1503.9395,TSL Hit,50,1,-0.15039395,2023,8
326,2023-08-08 11:15:00,LONG,2023-08-08 12:15:00,19576.1,19446.897739999997,19539.8475,2023-08-09 09:15:00,19508.8,-67.29999999999927,-75.11697999999927,-3755.848999999964,TSL Hit,50,1,-0.3755848999999964,2023,8
327,2023-08-09 14:15:00,LONG,2023-08-09 15:15:00,19641.35,19511.71709,19521.32375,2023-08-10 10:15:00,19511.71709,-129.63291000000027,-137.46352341800028,-6873.176170900014,Initial SL hit,50,1,-0.6873176170900014,2023,8
328,2023-08-10 11:15:00,LONG,2023-08-10 12:15:00,19581.75,19452.510449999998,19529.03875,2023-08-10 15:15:00,19549.2,-32.54999999999927,-40.37618999999927,-2018.8094999999635,MACD Reversal,50,1,-0.20188094999999637,2023,8
329,2023-08-21 12:15:00,LONG,2023-08-21 13:15:00,19407.45,19279.36083,19386.88,2023-08-24 15:15:00,19380.4,-27.049999999999272,-34.807569999999274,-1740.3784999999637,TSL Hit,50,1,-0.17403784999999636,2023,8
330,2023-08-29 12:15:00,LONG,2023-08-29 13:15:00,19361.0,19233.217399999998,19370.594999999998,2023-08-30 14:15:00,19344.5,-16.5,-24.2411,-1212.055,TSL Hit,50,1,-0.12120550000000001,2023,8
331,2023-08-30 15:15:00,LONG,2023-08-31 09:15:00,19352.5,19224.7735,19224.7735,2023-08-31 09:15:00,19347.3,-5.200000000000728,-12.939960000000728,-646.9980000000364,MACD Reversal,50,1,-0.06469980000000364,2023,8
332,2023-09-01 12:15:00,LONG,2023-09-01 13:15:00,19400.95,19272.903729999998,20078.541250000002,2023-09-20 09:15:00,19969.35,568.3999999999978,560.5259399999978,28026.296999999893,TSL Hit,50,1,2.8026296999999896,2023,9
333,2023-09-27 15:15:00,LONG,2023-09-28 09:15:00,19730.05,19599.83167,19599.83167,2023-09-28 11:15:00,19629.8,-100.25,-108.12197,-5406.0985,MACD Reversal,50,1,-0.5406098500000001,2023,9
334,2023-09-29 13:15:00,LONG,2023-09-29 14:15:00,19718.8,19588.655919999997,19588.655919999997,2023-10-03 09:15:00,19588.655919999997,-130.14408000000185,-138.00557118400184,-6900.278559200092,Initial SL Hit,50,1,-0.6900278559200091,2023,9
335,2023-10-05 12:15:00,LONG,2023-10-05 13:15:00,19554.2,19425.14228,19550.79375,2023-10-09 12:15:00,19510.55,-43.650000000001455,-51.462950000001456,-2573.147500000073,TSL Hit,50,1,-0.25731475000000725,2023,10
336,2023-10-10 10:15:00,LONG,2023-10-10 11:15:00,19627.3,19497.75982,19678.9875,2023-10-13 10:15:00,19678.85,51.54999999999927,43.68876999999927,2184.438499999964,TSL Hit,50,1,0.21844384999999636,2023,10
337,2023-10-13 13:15:00,LONG,2023-10-13 14:15:00,19784.6,19654.02164,19699.2075,2023-10-13 15:15:00,19733.75,-50.849999999998545,-58.75366999999854,-2937.6834999999273,MACD Reversal,50,1,-0.29376834999999274,2023,10
338,2023-10-16 09:15:00,LONG,2023-10-16 10:15:00,19754.5,19624.1203,19715.96,2023-10-16 14:15:00,19730.45,-24.049999999999272,-31.94698999999927,-1597.3494999999637,MACD Reversal,50,1,-0.15973494999999635,2023,10
339,2023-10-17 11:15:00,LONG,2023-10-17 12:15:00,19836.2,19705.28108,19773.8975,2023-10-18 10:15:00,19724.9,-111.29999999999927,-119.21221999999928,-5960.6109999999635,TSL Hit,50,1,-0.5960610999999963,2023,10
340,2023-10-30 12:15:00,LONG,2023-10-30 13:15:00,19128.65,19002.40091,19002.40091,2023-11-01 09:15:00,19044.1,-84.55000000000291,-92.18455000000291,-4609.2275000001455,MACD Reversal,50,1,-0.4609227500000146,2023,10
341,2023-11-02 12:15:00,LONG,2023-11-02 13:15:00,19112.75,18986.60585,19347.665,2023-11-10 09:15:00,19349.1,236.34999999999854,228.65762999999853,11432.881499999927,MACD Reversal,50,1,1.1432881499999927,2023,11
342,2023-11-10 14:15:00,LONG,2023-11-10 15:15:00,19425.85,19297.639389999997,19631.1725,2023-11-20 14:15:00,19690.65,264.8000000000029,256.9767000000029,12848.835000000145,MACD Reversal,50,1,1.2848835000000145,2023,11
343,2023-11-21 10:15:00,LONG,2023-11-21 11:15:00,19783.85,19653.276589999998,19736.6125,2023-11-22 13:15:00,19735.8,-48.04999999999927,-55.953929999999275,-2797.6964999999636,TSL Hit,50,1,-0.2797696499999963,2023,11
344,2023-11-22 13:15:00,LONG,2023-11-22 14:15:00,19759.65,19629.23631,20931.115,2023-12-12 14:15:00,20903.2,1143.5499999999993,1135.4174299999993,56770.871499999965,TSL Hit,50,1,5.677087149999997,2023,11
345,2023-12-14 10:15:00,LONG,2023-12-14 11:15:00,21170.8,21031.072719999996,21289.251249999998,2023-12-20 14:15:00,21142.35,-28.450000000000728,-36.912630000000725,-1845.6315000000363,TSL Hit,50,1,-0.18456315000000362,2023,12
346,2023-12-22 13:15:00,LONG,2023-12-22 14:15:00,21345.85,21204.967389999998,21621.35125,2024-01-02 10:15:00,21588.4,242.5500000000029,233.9631500000029,11698.157500000145,TSL Hit,50,1,1.1698157500000144,2023,12
347,2024-01-04 12:15:00,LONG,2024-01-04 13:15:00,21672.7,21529.66018,21663.73125,2024-01-05 13:15:00,21649.2,-23.5,-32.16438,-1608.219,TSL Hit,50,1,-0.16082190000000002,2024,1
348,2024-01-05 13:15:00,LONG,2024-01-05 14:15:00,21699.45,21556.23363,21660.17,2024-01-08 10:15:00,21620.0,-79.45000000000073,-88.11389000000072,-4405.694500000036,TSL Hit,50,1,-0.4405694500000036,2024,1
349,2024-01-09 11:15:00,LONG,2024-01-09 12:15:00,21713.4,21570.09156,21629.6174902345,2024-01-09 14:15:00,21570.09156,-143.3084400000007,-151.9651383120007,-7598.256915600035,Initial SL hit,50,1,-0.7598256915600036,2024,1
350,2024-01-11 11:15:00,LONG,2024-01-11 12:15:00,21670.6,21527.574039999996,21629.4687402345,2024-01-11 13:15:00,21606.3,-64.29999999999927,-72.95537999999927,-3647.7689999999634,TSL Hit,50,1,-0.36477689999999635,2024,1
351,2024-01-11 14:15:00,LONG,2024-01-11 15:15:00,21664.9,21521.91166,21813.3624902345,2024-01-17 09:15:00,21791.0,126.09999999999854,117.40881999999854,5870.440999999927,TSL Hit,50,1,0.5870440999999926,2024,1
352,2024-01-20 12:15:00,LONG,2024-01-20 13:15:00,21658.4,21515.454560000002,21515.454560000002,2024-01-20 14:15:00,21578.2,-80.20000000000073,-88.84732000000074,-4442.366000000036,MACD Reversal,50,1,-0.4442366000000036,2024,1
353,2024-01-29 09:15:00,LONG,2024-01-29 10:15:00,21590.4,21447.90336,21765.98875,2024-02-05 15:15:00,21761.3,170.89999999999782,162.2296599999978,8111.48299999989,TSL Hit,50,1,0.8111482999999889,2024,1
354,2024-02-05 15:15:00,LONG,2024-02-06 09:15:00,21776.3,21632.576419999998,21860.219999999998,2024-02-08 10:15:00,21737.0,-39.29999999999927,-48.002659999999274,-2400.132999999964,TSL Hit,50,1,-0.2400132999999964,2024,2
355,2024-02-14 15:15:00,LONG,2024-02-15 09:15:00,21856.25,21711.99875,22030.71,2024-02-21 15:15:00,22028.75,172.5,163.723,8186.150000000001,TSL Hit,50,1,0.8186150000000001,2024,2
356,2024-02-22 15:15:00,LONG,2024-02-23 09:15:00,22252.5,22105.6335,22132.39375,2024-02-26 10:15:00,22105.6335,-146.8665000000001,-155.7381267000001,-7786.906335000005,Initial SL hit,50,1,-0.7786906335000005,2024,2
357,2024-02-27 12:15:00,LONG,2024-02-27 13:15:00,22209.75,22063.16565,22146.03125,2024-02-28 10:15:00,22063.16565,-146.584350000001,-155.438933130001,-7771.94665650005,Initial SL hit,50,1,-0.7771946656500051,2024,2
358,2024-03-01 09:15:00,LONG,2024-03-01 10:15:00,22201.1,22054.572739999996,22222.75625,2024-03-06 10:15:00,22273.25,72.15000000000146,63.25513000000146,3162.7565000000727,MACD Reversal,50,1,0.3162756500000073,2024,3
359,2024-03-06 13:15:00,LONG,2024-03-06 14:15:00,22412.75,22264.825849999997,22384.103750000002,2024-03-11 11:15:00,22373.55,-39.20000000000073,-48.15726000000073,-2407.8630000000367,TSL Hit,50,1,-0.24078630000000364,2024,3
360,2024-03-21 09:15:00,LONG,2024-03-21 10:15:00,22079.65,21933.924310000002,21968.234999999997,2024-03-21 11:15:00,21951.45,-128.20000000000073,-137.00622000000072,-6850.311000000036,TSL Hit,50,1,-0.6850311000000036,2024,3
361,2024-03-21 12:15:00,LONG,2024-03-21 13:15:00,22015.3,21869.99902,22358.00125,2024-04-04 11:15:00,22385.3,370.0,361.11988,18055.994000000002,MACD Reversal,50,1,1.8055994000000002,2024,3
362,2024-04-04 12:15:00,LONG,2024-04-04 13:15:00,22491.35,22342.907089999997,22604.396249999998,2024-04-12 12:15:00,22568.05,76.70000000000073,67.68812000000072,3384.4060000000363,TSL Hit,50,1,0.33844060000000364,2024,4
363,2024-04-22 10:15:00,LONG,2024-04-22 11:15:00,22297.4,22150.23716,22575.78375,2024-05-03 11:15:00,22476.55,179.14999999999782,170.19520999999781,8509.760499999891,TSL Hit,50,1,0.850976049999989,2024,4
364,2024-05-14 10:15:00,LONG,2024-05-14 11:15:00,22180.65,22034.25771,22117.1875,2024-05-16 13:15:00,22065.5,-115.15000000000146,-123.99923000000146,-6199.961500000073,TSL Hit,50,1,-0.6199961500000073,2024,5
365,2024-05-16 14:15:00,LONG,2024-05-16 15:15:00,22408.75,22260.85225,22819.8625,2024-05-28 15:15:00,22865.05,456.2999999999993,447.2452399999993,22362.261999999966,MACD Reversal,50,1,2.2362261999999964,2024,5
366,2024-06-03 10:15:00,LONG,2024-06-03 11:15:00,23207.5,23054.3305,23054.3305,2024-06-04 09:15:00,23054.3305,-153.16949999999997,-162.42186609999996,-8121.093304999998,Initial SL hit,50,1,-0.8121093304999997,2024,6
367,2024-06-06 09:15:00,LONG,2024-06-06 10:15:00,22799.5,22649.023299999997,22649.023299999997,2024-06-06 12:15:00,22649.023299999997,-150.4767000000029,-159.5664046600029,-7978.320233000144,Initial SL hit,50,1,-0.7978320233000145,2024,6
368,2024-06-06 12:15:00,LONG,2024-06-06 13:15:00,22805.45,22654.93403,23492.8675,2024-06-21 12:15:00,23453.25,647.7999999999993,638.5482599999992,31927.41299999996,TSL Hit,50,1,3.1927412999999962,2024,6
369,2024-06-24 14:15:00,LONG,2024-06-24 15:15:00,23550.25,23394.818349999998,24298.2225,2024-07-10 10:15:00,24211.45,661.2000000000007,651.6476600000008,32582.383000000038,TSL Hit,50,1,3.258238300000004,2024,6
370,2024-07-11 15:15:00,LONG,2024-07-12 09:15:00,24357.0,24196.2438,24555.8725,2024-07-19 13:15:00,24570.65,213.65000000000146,203.86447000000146,10193.223500000073,MACD Reversal,50,1,1.0193223500000073,2024,7
371,2024-07-26 09:15:00,LONG,2024-07-26 10:15:00,24595.0,24432.673,24836.807500000003,2024-08-02 09:15:00,24778.9,183.90000000000146,174.02522000000147,8701.261000000073,TSL Hit,50,1,0.8701261000000073,2024,7
372,2024-08-09 10:15:00,LONG,2024-08-09 11:15:00,24372.35,24211.492489999997,24255.3475,2024-08-12 09:15:00,24252.15,-120.19999999999709,-129.92489999999708,-6496.244999999854,TSL Hit,50,1,-0.6496244999999855,2024,8
373,2024-08-12 09:15:00,LONG,2024-08-12 10:15:00,24323.7,24163.16358,24252.0925,2024-08-13 11:15:00,24296.0,-27.700000000000728,-37.42394000000073,-1871.1970000000363,MACD Reversal,50,1,-0.1871197000000036,2024,8
374,2024-08-16 11:15:00,LONG,2024-08-16 12:15:00,24440.4,24279.09336,25177.36,2024-09-04 09:15:00,25152.45,712.0499999999993,702.1314299999992,35106.57149999996,TSL Hit,50,1,3.510657149999996,2024,8
375,2024-09-10 12:15:00,LONG,2024-09-10 13:15:00,25106.95,24941.24413,25064.00625,2024-09-10 14:15:00,25042.95,-64.0,-74.02998,-3701.499,TSL Hit,50,1,-0.3701499,2024,9
376,2024-09-10 15:15:00,LONG,2024-09-11 09:15:00,25061.75,24896.34245,25031.1525,2024-09-11 13:15:00,24937.55,-124.20000000000073,-134.19986000000074,-6709.993000000037,TSL Hit,50,1,-0.6709993000000036,2024,9
377,2024-09-12 13:15:00,LONG,2024-09-12 14:15:00,25230.2,25063.680679999998,25295.010000000002,2024-09-18 15:15:00,25343.45,113.25,103.13526999999999,5156.763499999999,MACD Reversal,50,1,0.5156763499999999,2024,9
378,2024-09-19 13:15:00,LONG,2024-09-19 14:15:00,25426.55,25258.73477,25997.010000000002,2024-09-30 09:15:00,25982.55,556.0,545.71818,27285.909,TSL Hit,50,1,2.7285909,2024,9
379,2024-10-09 10:15:00,LONG,2024-10-09 11:15:00,25221.45,25054.98843,25054.98843,2024-10-09 14:15:00,25054.98843,-166.46156999999948,-176.5168576859995,-8825.842884299975,Initial SL Hit,50,1,-0.8825842884299974,2024,10
380,2024-10-10 09:15:00,LONG,2024-10-10 10:15:00,25130.35,24964.48969,24964.48969,2024-10-10 10:15:00,25023.2,-107.14999999999782,-117.18070999999782,-5859.035499999891,MACD Reversal,50,1,-0.5859035499999891,2024,10
381,2024-10-14 10:15:00,LONG,2024-10-14 11:15:00,25118.4,24952.61856,25034.5075,2024-10-15 12:15:00,25025.35,-93.05000000000291,-103.07875000000291,-5153.9375000001455,TSL Hit,50,1,-0.5153937500000145,2024,10
382,2024-10-28 15:15:00,LONG,2024-10-29 09:15:00,24368.75,24207.91625,24207.91625,2024-10-29 09:15:00,24207.91625,-160.8337500000016,-170.5490832500016,-8527.45416250008,Initial SL Hit,50,1,-0.852745416250008,2024,10
383,2024-10-29 13:15:00,LONG,2024-10-29 14:15:00,24418.75,24257.58625,24365.4375,2024-10-30 13:15:00,24323.5,-95.25,-104.99845,-5249.922500000001,TSL Hit,50,1,-0.52499225,2024,10
384,2024-11-05 15:15:00,LONG,2024-11-06 09:15:00,24220.2,24060.34668,24229.46,2024-11-07 09:15:00,24221.4,1.2000000000007276,-8.488319999999273,-424.4159999999637,TSL Hit,50,1,-0.04244159999999637,2024,11
385,2024-11-07 11:15:00,LONG,2024-11-07 12:15:00,24233.2,24073.260879999998,24073.260879999998,2024-11-07 13:15:00,24216.0,-17.200000000000728,-26.889840000000728,-1344.4920000000363,MACD Reversal,50,1,-0.13444920000000363,2024,11
386,2024-11-19 10:15:00,LONG,2024-11-19 11:15:00,23750.0,23593.25,23593.25,2024-11-19 14:15:00,23593.25,-156.75,-166.21865,-8310.932499999999,Initial SL Hit,50,1,-0.83109325,2024,11
387,2024-11-22 11:15:00,LONG,2024-11-22 12:15:00,23657.0,23500.8638,23957.425,2024-11-28 12:15:00,23979.35,322.34999999999854,312.82272999999856,15641.136499999928,MACD Reversal,50,1,1.5641136499999926,2024,11
