Signal Generated At,Trade Type,Entry Time,Entry Price,Initial SL,Final SL,Exit Time,Exit Price,Points Captured,After Costs,PnL,Remarks,Qty,Leverage,ROI%,Trade Year,Trade Month,DD%
2017-01-17 12:15:00,LONG,2017-01-17 13:15:00,7622.55,7590.5,7590.5,2017-01-20 09:15:00,7575.95,-46.600000000000364,-49.63970000000037,-309007.1325000023,Gap Open Outside ISL,6225,6.333,-4.1200951000000305,2017,1,0.0
2017-01-20 10:15:00,LONG,2017-01-20 11:15:00,7572.1,7553.65,7553.65,2017-01-20 12:15:00,7553.65,-18.450000000000728,-21.475150000000728,-134756.56625000457,Initial SL hit,6275,6.333,-1.7967542166667276,2017,1,-1.7967542166667272
2017-01-20 15:15:00,LONG,2017-01-23 09:15:00,7509.9,7494.55,7494.55,2017-01-23 12:15:00,7494.55,-15.349999999999454,-18.350889999999456,-116069.37924999656,Initial SL Hit,6325,6.333,-1.5475917233332874,2017,1,-3.3443459400000144
2017-01-23 13:15:00,LONG,2017-01-23 14:15:00,7511.3,7486.0,8146.24375,2017-02-16 09:15:00,8126.9,615.5999999999995,612.4723599999994,3873887.6769999964,TSL Hit,6325,6.333,51.65183569333328,2017,1,0.0
2017-02-16 10:15:00,LONG,2017-02-16 11:15:00,8144.65,8116.35,8306.0125,2017-03-02 15:15:00,8300.6,155.95000000000073,152.66095000000072,889250.0337500043,TSL Hit,5825,6.333,11.856667116666724,2017,2,0.0
2017-03-03 12:15:00,LONG,2017-03-03 13:15:00,8241.75,8221.2,8323.20375,2017-03-10 13:15:00,8296.75,55.0,51.6923,298523.03250000003,TSL Hit,5775,6.333,3.9803071,2017,3,0.0
2017-03-14 10:15:00,LONG,2017-03-14 11:15:00,8516.55,8494.8,8494.8,2017-03-14 14:15:00,8494.8,-21.75,-25.15227,-140223.90525,Initial SL hit,5575,6.333,-1.86965207,2017,3,-1.8696520700000008
2017-03-14 15:15:00,LONG,2017-03-15 09:15:00,8515.65,8499.15,8499.15,2017-03-15 09:15:00,8499.15,-16.5,-19.90296,-110959.00200000001,Initial SL hit,5575,6.333,-1.4794533600000002,2017,3,-3.3491054300000016
2017-03-15 12:15:00,LONG,2017-03-15 13:15:00,8544.15,8534.4,8534.4,2017-03-15 13:15:00,8534.4,-9.75,-13.16571,-73069.6905,Initial SL hit,5550,6.333,-0.97426254,2017,3,-4.32336797
2017-03-16 11:15:00,LONG,2017-03-16 12:15:00,8584.35,8568.4,8568.4,2017-03-20 09:15:00,8568.4,-15.950000000000728,-19.380550000000728,-107077.53875000402,Initial SL hit,5525,6.333,-1.4277005166667203,2017,3,-5.751068486666718
2017-03-20 10:15:00,LONG,2017-03-20 11:15:00,8596.5,8565.3,8565.3,2017-03-21 11:15:00,8565.3,-31.200000000000728,-34.63236000000073,-191343.78900000404,Initial SL hit,5525,6.333,-2.5512505200000537,2017,3,-8.302319006666771
2017-03-21 12:15:00,LONG,2017-03-21 13:15:00,8551.6,8535.5,8535.5,2017-03-21 14:15:00,8535.5,-16.100000000000364,-19.517420000000364,-108321.68100000202,Initial SL hit,5550,6.333,-1.444289080000027,2017,3,-9.746608086666797
2017-03-22 11:15:00,LONG,2017-03-22 12:15:00,8488.8,8472.6,8472.6,2017-03-22 14:15:00,8472.6,-16.19999999999891,-19.592279999998908,-109716.76799999388,Initial SL hit,5600,6.333,-1.4628902399999184,2017,3,-11.209498326666711
2017-03-23 13:15:00,LONG,2017-03-23 14:15:00,8491.75,8474.35,8795.643125,2017-04-19 09:15:00,8785.35,293.60000000000036,290.14458000000036,1624809.648000002,TSL Hit,5600,6.333,21.664128640000023,2017,3,0.0
2017-04-19 14:15:00,LONG,2017-04-19 15:15:00,8791.5,8759.2,8800.654375,2017-04-21 11:15:00,8788.05,-3.4500000000007276,-6.9659100000007275,-37615.914000003926,TSL Hit,5400,6.333,-0.5015455200000524,2017,4,-0.5015455200000503
2017-04-21 14:15:00,LONG,2017-04-21 15:15:00,8819.3,8765.95,9256.559375,2017-05-19 11:15:00,9214.2,394.90000000000146,391.29330000000147,2103201.4875000077,TSL Hit,5375,6.333,28.0426865000001,2017,4,0.0
2017-05-19 12:15:00,LONG,2017-05-19 13:15:00,9246.15,9192.9,9192.9,2017-05-22 15:15:00,9192.9,-53.25,-56.93781,-291806.27625,Initial SL Hit,5125,6.333,-3.8907503500000002,2017,5,-3.8907503500000047
2017-05-23 11:15:00,LONG,2017-05-23 12:15:00,9172.5,9158.35,9158.35,2017-05-23 14:15:00,9158.35,-14.149999999999636,-17.816169999999637,-92198.67974999812,Initial SL Hit,5175,6.333,-1.229315729999975,2017,5,-5.120066079999987
2017-05-25 09:15:00,LONG,2017-05-25 10:15:00,9212.6,9159.6,9564.67,2017-06-15 13:15:00,9564.35,351.75,347.99461,1792172.2415,TSL Hit,5150,6.333,23.895629886666665,2017,5,0.0
2017-06-15 14:15:00,LONG,2017-06-15 15:15:00,9583.85,9545.85,9649.464375,2017-06-23 14:15:00,9641.1,57.25,53.40501,264354.79949999996,TSL Hit,4950,6.333,3.5247306599999995,2017,6,0.0
2017-07-12 14:15:00,LONG,2017-07-12 15:15:00,9638.7,9601.05,10110.576875,2017-08-08 09:15:00,10092.85,454.14999999999964,450.20368999999965,2217253.173249998,TSL Hit,4925,6.333,29.563375643333305,2017,7,0.0
2017-08-08 10:15:00,LONG,2017-08-08 11:15:00,10120.7,10060.4,10060.4,2017-08-09 09:15:00,10060.4,-60.30000000000109,-64.33622000000109,-302380.2340000051,Initial SL Hit,4700,6.333,-4.0317364533334015,2017,8,-4.031736453333394
2017-08-09 13:15:00,LONG,2017-08-09 14:15:00,10039.85,10017.2,10017.2,2017-08-09 15:15:00,10017.2,-22.649999999999636,-26.661409999999638,-125975.16224999829,Initial SL Hit,4725,6.333,-1.6796688299999771,2017,8,-5.711405283333363
2017-08-10 09:15:00,LONG,2017-08-10 10:15:00,10006.4,9954.15,9954.15,2017-08-10 14:15:00,9954.15,-52.25,-56.24211,-267150.02249999996,Initial SL Hit,4750,6.333,-3.5620003,2017,8,-9.273405583333357
2017-08-28 09:15:00,LONG,2017-08-28 10:15:00,10115.5,10074.25,10074.25,2017-08-29 09:15:00,10065.1,-50.399999999999636,-54.43611999999963,-255849.76399999828,Gap Open Outside ISL,4700,6.333,-3.411330186666644,2017,8,-12.684735770000003
2017-08-30 10:15:00,LONG,2017-08-30 11:15:00,10074.7,10055.95,10055.95,2017-08-31 09:15:00,10055.95,-18.75,-22.776130000000002,-107617.21425,Initial SL hit,4725,6.333,-1.4348961900000001,2017,8,-14.119631959999992
2017-08-31 10:15:00,LONG,2017-08-31 11:15:00,10066.85,10042.4,10042.4,2017-08-31 11:15:00,10042.4,-24.450000000000728,-28.471850000000728,-134529.49125000346,Initial SL hit,4725,6.333,-1.793726550000046,2017,8,-15.913358510000052
2017-08-31 13:15:00,LONG,2017-08-31 14:15:00,10075.2,10051.35,10051.35,2017-09-04 09:15:00,10051.35,-23.850000000000364,-27.875310000000365,-131710.83975000173,Initial SL hit,4725,6.333,-1.7561445300000231,2017,8,-17.66950304000008
2017-09-04 13:15:00,LONG,2017-09-04 14:15:00,10031.7,10004.25,10028.7375,2017-09-06 09:15:00,10004.25,-27.450000000000728,-31.45719000000073,-148635.22275000345,Initial SL hit,4725,6.333,-1.9818029700000461,2017,9,-19.651306010000127
2017-09-06 10:15:00,LONG,2017-09-06 11:15:00,10030.85,10010.15,10203.894375,2017-09-21 09:15:00,10177.5,146.64999999999964,142.60832999999963,673824.3592499982,TSL Hit,4725,6.333,8.984324789999977,2017,9,-10.666981220000139
2017-09-21 10:15:00,LONG,2017-09-21 11:15:00,10191.45,10155.25,10155.25,2017-09-22 09:15:00,10155.25,-36.20000000000073,-40.269340000000724,-187252.43100000336,Initial SL Hit,4650,6.333,-2.496699080000045,2017,9,-13.16368030000018
2017-09-22 11:15:00,LONG,2017-09-22 12:15:00,10111.2,10091.15,10091.15,2017-09-22 12:15:00,10091.15,-20.05000000000109,-24.09047000000109,-113225.20900000512,Initial SL Hit,4700,6.333,-1.5096694533334016,2017,9,-14.673349753333582
2017-10-12 10:15:00,LONG,2017-10-12 11:15:00,9976.6,9956.65,9956.65,2017-10-12 12:15:00,9956.65,-19.950000000000728,-23.93665000000073,-113699.08750000346,Initial SL Hit,4750,6.333,-1.5159878333333794,2017,10,-16.189337586666966
2017-10-12 13:15:00,LONG,2017-10-12 14:15:00,9993.15,9958.8,10037.26625,2017-10-18 10:15:00,10033.25,40.100000000000364,36.094720000000365,171449.92000000173,TSL Hit,4750,6.333,2.285998933333356,2017,10,-13.903338653333606
2017-10-18 11:15:00,LONG,2017-10-18 12:15:00,10034.85,10018.3,10041.685625,2017-10-18 14:15:00,10025.95,-8.899999999999636,-12.912159999999638,-61009.95599999829,TSL Hit,4725,6.333,-0.8134660799999771,2017,10,-14.71680473333359
2017-10-25 10:15:00,LONG,2017-10-25 11:15:00,10064.25,10015.0,10333.391875,2017-11-09 11:15:00,10325.9,261.64999999999964,257.5719699999996,1217027.5582499981,TSL Hit,4725,6.333,16.227034109999973,2017,10,0.0
2017-11-09 12:15:00,LONG,2017-11-09 13:15:00,10345.75,10300.1,10349.85125,2017-11-10 09:15:00,10349.6,3.850000000000364,-0.28906999999963645,-1329.7219999983276,TSL Hit,4600,6.333,-0.01772962666664437,2017,11,-0.017729626666636022
2017-11-10 12:15:00,LONG,2017-11-10 13:15:00,10369.6,10331.7,10373.101875,2017-11-13 09:15:00,10360.6,-9.0,-13.14604,-60143.132999999994,TSL Hit,4575,6.333,-0.80190844,2017,11,-0.8196380666666414
2017-11-13 11:15:00,LONG,2017-11-13 12:15:00,10363.65,10340.5,10340.5,2017-11-13 13:15:00,10340.5,-23.149999999999636,-27.290829999999637,-124855.54724999834,Initial SL Hit,4575,6.333,-1.6647406299999779,2017,11,-2.4843786966666244
2017-11-13 15:15:00,LONG,2017-11-14 09:15:00,10325.3,10303.65,10303.65,2017-11-14 09:15:00,10303.65,-21.649999999999636,-25.775789999999635,-118568.63399999832,Initial SL hit,4600,6.333,-1.5809151199999774,2017,11,-4.06529381666661
2017-11-14 11:15:00,LONG,2017-11-14 12:15:00,10301.4,10271.85,10271.85,2017-11-15 09:15:00,10271.85,-29.549999999999272,-33.66464999999927,-154857.38999999664,Initial SL Hit,4600,6.333,-2.0647651999999552,2017,11,-6.130059016666564
2017-11-15 11:15:00,LONG,2017-11-15 12:15:00,10272.95,10253.7,10253.7,2017-11-15 14:15:00,10253.7,-19.25,-23.355330000000002,-108018.40125000001,Initial SL Hit,4625,6.333,-1.44024535,2017,11,-7.570304366666562
2017-11-16 09:15:00,LONG,2017-11-16 10:15:00,10310.95,10271.45,10466.663125,2017-11-30 09:15:00,10431.45,120.5,116.35152,535216.992,TSL Hit,4600,6.333,7.13622656,2017,11,-0.4340778066665507
2017-11-30 12:15:00,LONG,2017-11-30 13:15:00,10415.8,10394.45,10394.45,2017-11-30 14:15:00,10394.45,-21.349999999998545,-25.512049999998546,-116079.82749999338,Initial SL Hit,4550,6.333,-1.547731033333245,2017,11,-1.9818088399997862
2017-12-01 11:15:00,LONG,2017-12-01 12:15:00,10322.85,10296.3,10296.3,2017-12-01 14:15:00,10296.3,-26.55000000000109,-30.673830000001093,-141099.61800000502,Initial SL Hit,4600,6.333,-1.8813282400000668,2017,12,-3.8631370799998592
2017-12-15 13:15:00,LONG,2017-12-15 14:15:00,10440.4,10411.35,10411.35,2017-12-15 15:15:00,10411.35,-29.049999999999272,-33.22034999999927,-151152.59249999668,Initial SL hit,4550,6.333,-2.015367899999956,2017,12,-5.8785049799998035
2017-12-18 09:15:00,LONG,2017-12-18 10:15:00,10515.2,10107.9,10435.731875000001,2017-12-28 11:15:00,10431.5,-83.70000000000073,-87.88934000000073,-397699.2635000033,TSL Hit,4525,6.333,-5.302656846666711,2017,12,-11.18116182666651
2017-12-28 12:15:00,LONG,2017-12-28 13:15:00,10446.7,10424.1,10424.1,2017-12-28 15:15:00,10424.1,-22.600000000000364,-26.774160000000364,-121822.42800000166,Initial SL Hit,4550,6.333,-1.6242990400000223,2017,12,-12.805460866666522
2017-12-29 09:15:00,LONG,2017-12-29 10:15:00,10468.55,10426.7,10462.79125,2018-01-01 11:15:00,10458.8,-9.75,-13.935469999999999,-63058.001749999996,TSL Hit,4525,6.333,-0.8407733566666665,2017,12,-13.646234223333181
2018-01-01 12:15:00,LONG,2018-01-01 13:15:00,10460.2,10450.75,10450.75,2018-01-01 13:15:00,10450.75,-9.450000000000728,-13.632190000000728,-62026.46450000331,Initial SL Hit,4550,6.333,-0.8270195266667107,2018,1,-14.473253749999884
2018-01-02 11:15:00,LONG,2018-01-02 12:15:00,10392.8,10370.05,10370.05,2018-01-02 12:15:00,10370.05,-22.75,-26.90257,-123079.25775,Initial SL Hit,4575,6.333,-1.64105677,2018,1,-16.11431051999989
2018-01-08 12:15:00,LONG,2018-01-08 13:15:00,10523.75,10511.6,10511.6,2018-01-08 13:15:00,10511.6,-12.149999999999636,-16.357069999999638,-74015.74174999836,Initial SL hit,4525,6.333,-0.9868765566666448,2018,1,-17.101187076666548
2018-01-08 14:15:00,LONG,2018-01-08 15:15:00,10524.8,10507.5,10507.5,2018-01-09 09:15:00,10507.5,-17.299999999999272,-21.506459999999272,-97316.7314999967,Initial SL hit,4525,6.333,-1.297556419999956,2018,1,-18.398743496666498
2018-01-12 13:15:00,LONG,2018-01-12 14:15:00,10511.2,10477.3,11125.719375,2018-02-02 09:15:00,11017.1,505.89999999999964,501.59433999999965,2269714.3884999985,TSL Hit,4525,6.333,30.262858513333313,2018,1,0.0
2018-02-02 11:15:00,LONG,2018-02-02 12:15:00,11001.85,10964.4,10964.4,2018-02-02 12:15:00,10964.4,-37.45000000000073,-41.84325000000073,-180972.05625000317,Initial SL Hit,4325,6.333,-2.4129607500000425,2018,2,-2.412960750000053
2018-02-22 12:15:00,LONG,2018-02-22 13:15:00,10369.8,10352.85,10352.85,2018-02-22 14:15:00,10352.85,-16.94999999999891,-21.094529999998908,-96507.474749995,Initial SL Hit,4575,6.333,-1.2867663299999335,2018,2,-3.699727079999974
2018-02-26 09:15:00,LONG,2018-02-26 10:15:00,10616.6,10552.1,10552.1,2018-02-28 09:15:00,10483.65,-132.95000000000073,-137.17005000000074,-613835.9737500033,Gap Open Outside ISL,4475,6.333,-8.184479650000045,2018,2,-11.884206730000017
2018-03-13 09:15:00,LONG,2018-03-13 10:15:00,10458.55,10322.1,10363.971875,2018-03-13 13:15:00,10354.9,-103.64999999999964,-107.81268999999963,-490547.73949999834,TSL Hit,4550,6.333,-6.540636526666645,2018,3,-18.424843256666662
2018-03-22 12:15:00,LONG,2018-03-22 13:15:00,10198.4,10161.5,10161.5,2018-03-22 13:15:00,10161.5,-36.899999999999636,-40.97197999999964,-190519.70699999834,Initial SL Hit,4650,6.333,-2.540262759999978,2018,3,-20.965106016666653
2018-03-27 11:15:00,LONG,2018-03-27 12:15:00,10271.9,10215.75,10223.06875,2018-03-28 09:15:00,10215.75,-56.149999999999636,-60.247529999999635,-278644.8262499983,Initial SL hit,4625,6.333,-3.715264349999977,2018,3,-24.680370366666637
2018-04-05 09:15:00,LONG,2018-04-05 10:15:00,10316.25,10265.6,10534.47875,2018-04-20 09:15:00,10510.5,194.25,190.08465,874389.39,TSL Hit,4600,6.333,11.6585252,2018,4,-13.021845166666651
2018-04-20 13:15:00,LONG,2018-04-20 14:15:00,10497.8,10471.4,10471.4,2018-04-23 09:15:00,10471.4,-26.399999999999636,-30.593839999999638,-138437.12599999836,Initial SL Hit,4525,6.333,-1.8458283466666447,2018,4,-14.867673513333301
2018-04-23 11:15:00,LONG,2018-04-23 12:15:00,10522.2,10495.95,10495.95,2018-04-23 13:15:00,10495.95,-26.25,-30.45363,-137802.67575,Initial SL Hit,4525,6.333,-1.83736901,2018,4,-16.705042523333304
2018-04-24 10:15:00,LONG,2018-04-24 11:15:00,10535.8,10519.65,10519.65,2018-04-24 12:15:00,10519.65,-16.149999999999636,-20.361089999999635,-91624.90499999835,Initial SL Hit,4500,6.333,-1.221665399999978,2018,4,-17.926707923333282
2018-04-24 13:15:00,LONG,2018-04-24 14:15:00,10564.5,10522.2,10522.2,2018-04-25 09:15:00,10522.2,-42.29999999999927,-46.51733999999927,-209328.02999999674,Initial SL Hit,4500,6.333,-2.7910403999999565,2018,4,-20.71774832333324
2018-04-26 14:15:00,LONG,2018-04-26 15:15:00,10491.1,10439.0,10863.566875,2018-05-17 11:15:00,10853.4,362.2999999999993,358.0310999999993,1620090.7274999968,TSL Hit,4525,6.333,21.601209699999956,2018,4,0.0
2018-05-17 13:15:00,LONG,2018-05-17 14:15:00,10875.5,10828.6,10828.6,2018-05-18 09:15:00,10828.6,-46.899999999999636,-51.24081999999964,-224178.58749999842,Initial SL Hit,4375,6.333,-2.9890478333333124,2018,5,-2.989047833333302
2018-05-18 11:15:00,LONG,2018-05-18 12:15:00,10822.95,10796.75,10796.75,2018-05-18 12:15:00,10796.75,-26.200000000000728,-30.523940000000728,-134305.3360000032,Initial SL Hit,4400,6.333,-1.7907378133333762,2018,5,-4.7797856466666815
2018-05-18 13:15:00,LONG,2018-05-18 14:15:00,10806.95,10784.6,10784.6,2018-05-18 14:15:00,10784.6,-22.350000000000364,-26.668310000000364,-117340.5640000016,Initial SL Hit,4400,6.333,-1.5645408533333547,2018,5,-6.344326500000022
2018-05-25 15:15:00,LONG,2018-05-28 09:15:00,10902.45,10874.1,10874.1,2018-05-30 09:15:00,10818.55,-83.90000000000146,-88.24420000000146,-383862.2700000063,Gap Open Outside ISL,4350,6.333,-5.118163600000084,2018,5,-11.46249010000011
2018-05-31 12:15:00,LONG,2018-05-31 13:15:00,10993.0,10959.55,10959.55,2018-06-04 09:15:00,10959.55,-33.45000000000073,-37.84051000000073,-163660.20575000314,Initial SL hit,4325,6.333,-2.1821360766667084,2018,5,-13.644626176666804
2018-06-04 10:15:00,LONG,2018-06-04 11:15:00,11015.25,10981.4,10981.4,2018-06-04 12:15:00,10981.4,-33.850000000000364,-38.24933000000036,-164472.11900000155,Initial SL hit,4300,6.333,-2.192961586666687,2018,6,-15.837587763333488
2018-06-04 15:15:00,LONG,2018-06-05 09:15:00,10894.7,10868.95,10868.95,2018-06-05 09:15:00,10868.95,-25.75,-30.10273,-130946.87550000001,Initial SL Hit,4350,6.333,-1.7459583400000003,2018,6,-17.583546103333475
2018-06-05 10:15:00,LONG,2018-06-05 11:15:00,10868.9,10795.7,11008.388125,2018-06-15 11:15:00,10997.5,128.60000000000036,124.22672000000037,543491.9000000017,TSL Hit,4375,6.333,7.246558666666688,2018,6,-10.336987436666789
2018-06-20 09:15:00,LONG,2018-06-20 10:15:00,10993.4,10951.85,11051.57625,2018-06-27 13:15:00,11029.15,35.75,31.345489999999998,135569.24425,TSL Hit,4325,6.333,1.807589923333333,2018,6,-8.529397513333464
2018-07-04 12:15:00,LONG,2018-07-04 13:15:00,10954.65,10934.55,11037.057499999999,2018-07-06 14:15:00,11018.8,64.14999999999964,59.75530999999964,258441.71574999843,TSL Hit,4325,6.333,3.4458895433333123,2018,7,-5.0835079700001415
2018-07-09 10:15:00,LONG,2018-07-09 11:15:00,11062.3,11040.2,11462.9025,2018-08-02 15:15:00,11454.6,392.3000000000011,387.7966200000011,1667525.4660000047,TSL Hit,4300,6.333,22.233672880000064,2018,7,0.0
2018-08-03 09:15:00,LONG,2018-08-03 10:15:00,11591.15,11514.6,11679.645625000001,2018-08-13 09:15:00,11614.75,23.600000000000364,18.958820000000365,77731.1620000015,TSL Hit,4100,6.333,1.0364154933333531,2018,8,0.0
2018-08-13 10:15:00,LONG,2018-08-13 11:15:00,11628.85,11601.6,11601.6,2018-08-13 11:15:00,11601.6,-27.25,-31.89609,-129976.56675,Initial SL Hit,4075,6.333,-1.7330208900000001,2018,8,-1.733020890000006
2018-08-20 10:15:00,LONG,2018-08-20 11:15:00,11707.35,11687.0,11687.0,2018-08-21 09:15:00,11687.0,-20.350000000000364,-25.028870000000364,-101366.92350000147,Initial SL hit,4050,6.333,-1.3515589800000196,2018,8,-3.0845798700000273
2018-08-21 11:15:00,LONG,2018-08-21 12:15:00,11693.25,11662.05,11696.38,2018-08-23 09:15:00,11680.55,-12.700000000000728,-17.374760000000727,-70367.77800000295,TSL Hit,4050,6.333,-0.9382370400000393,2018,8,-4.022816910000074
2018-08-27 10:15:00,LONG,2018-08-27 11:15:00,11714.75,11693.3,11693.3,2018-08-31 10:15:00,11693.3,-21.450000000000728,-26.131610000000727,-105833.02050000294,Initial SL hit,4050,6.333,-1.4111069400000393,2018,8,-5.433923850000127
2018-08-31 13:15:00,LONG,2018-08-31 14:15:00,11704.1,11674.4,11695.18,2018-09-03 13:15:00,11691.2,-12.899999999999636,-17.579059999999636,-71195.19299999853,TSL Hit,4050,6.333,-0.9492692399999805,2018,8,-6.3831930900001055
2018-09-03 15:15:00,LONG,2018-09-04 09:15:00,11636.65,11616.95,11616.95,2018-09-04 09:15:00,11616.95,-19.69999999999891,-24.35071999999891,-99229.18399999556,Initial SL Hit,4075,6.333,-1.3230557866666075,2018,9,-7.706248876666706
2018-09-04 10:15:00,LONG,2018-09-04 11:15:00,11589.45,11557.55,11557.55,2018-09-04 13:15:00,11557.55,-31.900000000001455,-36.52940000000146,-149770.54000000597,Initial SL Hit,4100,6.333,-1.996940533333413,2018,9,-9.703189410000107
2018-10-16 09:15:00,LONG,2018-10-16 10:15:00,10647.4,10518.35,10518.35,2018-10-17 13:15:00,10518.35,-129.04999999999927,-133.28314999999927,-593110.0174999967,Initial SL hit,4450,6.333,-7.908133566666622,2018,10,-17.61132297666674
2018-10-24 12:15:00,LONG,2018-10-24 13:15:00,10440.05,10409.1,10409.1,2018-10-24 13:15:00,10409.1,-30.94999999999891,-35.119829999998906,-159795.226499995,Initial SL Hit,4550,6.333,-2.1306030199999335,2018,10,-19.74192599666668
2018-10-24 14:15:00,LONG,2018-10-24 15:15:00,10492.05,10344.4,10425.861249999998,2018-10-25 09:15:00,10373.8,-118.25,-122.42317,-553964.84425,TSL Hit,4525,6.333,-7.3861979233333335,2018,10,-27.128123920000007
2018-10-25 12:15:00,LONG,2018-10-25 13:15:00,10355.9,10295.45,10295.45,2018-10-25 13:15:00,10295.45,-60.44999999999891,-64.5802699999989,-295454.73524999496,Initial SL Hit,4575,6.333,-3.9393964699999326,2018,10,-31.06752038999994
2018-10-25 14:15:00,LONG,2018-10-25 15:15:00,10342.2,10303.9,10303.9,2018-10-26 09:15:00,10303.9,-38.30000000000109,-42.429220000001095,-195174.41200000505,Initial SL Hit,4600,6.333,-2.602325493333401,2018,10,-33.66984588333335
2018-10-26 10:15:00,LONG,2018-10-26 11:15:00,10341.25,10290.85,10290.85,2018-10-26 14:15:00,10290.85,-50.399999999999636,-54.52641999999963,-250821.53199999832,Initial SL Hit,4600,6.333,-3.3442870933333113,2018,10,-37.01413297666667
2018-10-29 12:15:00,LONG,2018-10-29 13:15:00,10412.65,10315.35,10432.526875,2018-10-30 13:15:00,10427.75,15.100000000000364,10.931920000000364,49740.236000001656,TSL Hit,4550,6.333,0.6632031466666888,2018,10,-36.350929829999984
2018-10-31 12:15:00,LONG,2018-10-31 13:15:00,10495.7,10435.55,11226.38875,2018-12-06 09:15:00,11201.85,706.1499999999996,701.8104899999996,3175692.4672499984,TSL Hit,4525,6.333,42.34256622999998,2018,10,0.0
2018-12-06 11:15:00,LONG,2018-12-06 12:15:00,11206.5,11186.95,11186.95,2018-12-06 12:15:00,11186.95,-19.549999999999272,-24.028689999999273,-102121.93249999691,Initial SL Hit,4250,6.333,-1.3616257666666254,2018,12,-1.3616257666666343
2018-12-07 10:15:00,LONG,2018-12-07 11:15:00,11255.65,11212.5,11212.5,2018-12-07 12:15:00,11212.5,-43.149999999999636,-47.64362999999964,-201294.33674999847,Initial SL Hit,4225,6.333,-2.6839244899999795,2018,12,-4.0455502566666155
2018-12-07 13:15:00,LONG,2018-12-07 14:15:00,11249.35,11206.5,11251.948125,2018-12-10 09:15:00,11124.8,-124.55000000000109,-129.0248300000011,-545129.9067500046,Gap Open Outside ISL,4225,6.333,-7.268398756666729,2018,12,-11.313949013333342
2018-12-10 10:15:00,LONG,2018-12-10 11:15:00,11120.4,11096.65,11096.65,2018-12-10 13:15:00,11096.65,-23.75,-28.19341,-120526.82775,Initial SL Hit,4275,6.333,-1.60702437,2018,12,-12.920973383333347
2018-12-11 14:15:00,LONG,2018-12-11 15:15:00,11079.05,11014.1,11353.051875000001,2018-12-24 14:15:00,11338.35,259.3000000000011,254.8165200000011,1089340.6230000048,TSL Hit,4275,6.333,14.524541640000063,2018,12,0.0
2018-12-26 12:15:00,LONG,2018-12-26 13:15:00,11308.4,11261.0,11517.791874999999,2019-01-03 11:15:00,11501.0,192.60000000000036,188.03812000000036,789760.1040000016,TSL Hit,4200,6.333,10.53013472000002,2018,12,0.0
2019-01-03 12:15:00,LONG,2019-01-03 13:15:00,11522.75,11479.8,11479.8,2019-01-03 13:15:00,11479.8,-42.95000000000073,-47.55051000000073,-196145.853750003,Initial SL Hit,4125,6.333,-2.61527805000004,2019,1,-2.615278050000029
2019-01-04 10:15:00,LONG,2019-01-04 11:15:00,11542.05,11460.7,11522.7525,2019-01-04 13:15:00,11521.1,-20.94999999999891,-25.562629999998908,-105445.8487499955,TSL Hit,4125,6.333,-1.40594464999994,2019,1,-4.021222699999981
2019-01-07 12:15:00,LONG,2019-01-07 13:15:00,11651.85,11635.2,11635.2,2019-01-07 13:15:00,11635.2,-16.649999999999636,-21.307409999999635,-86827.69574999851,Initial SL hit,4075,6.333,-1.1577026099999803,2019,1,-5.178925309999954
2019-01-08 13:15:00,LONG,2019-01-08 14:15:00,11626.95,11554.05,11607.86125,2019-01-14 09:15:00,11581.8,-45.150000000001455,-49.79175000000146,-202901.38125000594,TSL Hit,4075,6.333,-2.705351750000079,2019,1,-7.884277060000045
2019-01-14 11:15:00,LONG,2019-01-14 12:15:00,11577.4,11552.0,11659.783125,2019-01-22 10:15:00,11647.65,70.25,65.60499,268980.45900000003,TSL Hit,4100,6.333,3.5864061200000004,2019,1,-4.2978709400000525
2019-01-22 11:15:00,LONG,2019-01-22 12:15:00,11657.25,11630.8,11661.86,2019-01-23 09:15:00,11649.85,-7.399999999999636,-12.061419999999636,-49150.28649999852,TSL Hit,4075,6.333,-0.6553371533333135,2019,1,-4.953208093333359
2019-01-23 10:15:00,LONG,2019-01-23 11:15:00,11650.65,11631.25,11631.25,2019-01-23 13:15:00,11631.25,-19.399999999999636,-24.056379999999635,-98029.74849999852,Initial SL Hit,4075,6.333,-1.3070633133333136,2019,1,-6.260271406666675
2019-02-08 11:15:00,LONG,2019-02-08 12:15:00,11557.75,11536.7,11536.7,2019-02-08 12:15:00,11536.7,-21.049999999999272,-25.668889999999273,-105242.44899999702,Initial SL hit,4100,6.333,-1.4032326533332937,2019,2,-7.66350405999998
2019-02-12 13:15:00,LONG,2019-02-12 14:15:00,11465.25,11437.35,11437.35,2019-02-12 14:15:00,11437.35,-27.899999999999636,-32.480519999999636,-134794.15799999848,Initial SL Hit,4150,6.333,-1.7972554399999798,2019,2,-9.460759499999966
2019-02-13 10:15:00,LONG,2019-02-13 11:15:00,11436.0,11411.6,11411.6,2019-02-13 13:15:00,11411.6,-24.399999999999636,-28.969519999999637,-120223.50799999849,Initial SL Hit,4150,6.333,-1.6029801066666465,2019,2,-11.063739606666616
2019-02-14 10:15:00,LONG,2019-02-14 11:15:00,11310.95,11275.7,11275.7,2019-02-14 12:15:00,11275.7,-35.25,-39.76733,-167022.786,Initial SL Hit,4200,6.333,-2.22697048,2019,2,-13.290710086666621
2019-03-01 15:15:00,LONG,2019-03-05 09:15:00,11313.1,11298.55,11298.55,2019-03-05 09:15:00,11298.55,-14.550000000001091,-19.07233000000109,-80103.78600000459,Initial SL Hit,4200,6.333,-1.0680504800000612,2019,3,-14.358760566666689
2019-03-05 10:15:00,LONG,2019-03-05 11:15:00,11345.3,11307.4,12445.418125,2019-04-09 11:15:00,12435.0,1089.7000000000007,1084.9439400000008,4529640.949500003,TSL Hit,4175,6.333,60.39521266000004,2019,3,0.0
2019-04-09 12:15:00,LONG,2019-04-09 13:15:00,12483.1,12418.2,12487.297499999999,2019-04-10 13:15:00,12453.5,-29.600000000000364,-34.58732000000036,-131431.81600000136,TSL Hit,3800,6.333,-1.7524242133333514,2019,4,-1.7524242133333416
2019-04-11 11:15:00,LONG,2019-04-11 12:15:00,12439.6,12404.8,12404.8,2019-04-11 13:15:00,12404.8,-34.80000000000109,-39.76888000000109,-152115.96600000418,Initial SL Hit,3825,6.333,-2.0282128800000554,2019,4,-3.780637093333411
2019-04-11 15:15:00,LONG,2019-04-12 09:15:00,12453.45,12432.95,12432.95,2019-04-12 09:15:00,12432.95,-20.5,-25.47728,-97450.596,Initial SL Hit,3825,6.333,-1.2993412800000002,2019,4,-5.079978373333404
2019-04-15 10:15:00,LONG,2019-04-15 11:15:00,12551.05,12535.8,12535.8,2019-04-15 11:15:00,12535.8,-15.25,-20.26737,-76509.32175,Initial SL hit,3775,6.333,-1.02012429,2019,4,-6.100102663333416
2019-04-15 13:15:00,LONG,2019-04-15 14:15:00,12550.65,12509.2,12533.845625,2019-04-22 09:15:00,12509.2,-41.44999999999891,-46.46196999999891,-175393.93674999586,Initial SL hit,3775,6.333,-2.338585823333278,2019,4,-8.438688486666706
2019-04-26 13:15:00,LONG,2019-04-26 14:15:00,12477.6,12364.5,12471.369374999998,2019-04-30 09:15:00,12466.35,-11.25,-16.23879,-61707.40200000001,TSL Hit,3800,6.333,-0.8227653600000001,2019,4,-9.261453846666711
2019-04-30 13:15:00,LONG,2019-04-30 14:15:00,12529.7,12457.85,12504.49625,2019-05-06 11:15:00,12500.1,-29.600000000000364,-34.605960000000366,-131502.64800000138,TSL Hit,3800,6.333,-1.7533686400000186,2019,4,-11.01482248666673
2019-05-06 11:15:00,LONG,2019-05-07 11:15:00,12518.15,12488.5,12488.5,2019-05-07 11:15:00,12488.5,-29.649999999999636,-34.65132999999964,-131675.05399999864,Initial SL Hit,3800,6.333,-1.7556673866666483,2019,5,-12.77048987333339
2019-05-20 10:15:00,LONG,2019-05-20 11:15:00,13059.85,13006.85,13006.85,2019-05-23 14:15:00,13006.85,-53.0,-58.21334,-211023.3575,Initial SL hit,3625,6.333,-2.8136447666666666,2019,5,-15.584134640000059
2019-05-24 10:15:00,LONG,2019-05-24 11:15:00,13133.7,13079.7,13394.884375,2019-06-06 13:15:00,13354.8,221.09999999999854,215.80229999999855,782283.3374999948,TSL Hit,3625,6.333,10.43044449999993,2019,5,-5.153690140000123
2019-06-07 11:15:00,LONG,2019-06-07 12:15:00,13415.85,13349.8,13433.61875,2019-06-10 11:15:00,13395.95,-19.899999999999636,-25.26235999999964,-89681.37799999872,TSL Hit,3550,6.333,-1.1957517066666496,2019,6,-6.349441846666764
2019-06-10 14:15:00,LONG,2019-06-10 15:15:00,13458.65,13395.9,13439.635624999999,2019-06-11 09:15:00,13395.9,-62.75,-68.12091,-240126.20774999997,Initial SL hit,3525,6.333,-3.2016827699999992,2019,6,-9.551124616666755
2019-06-11 10:15:00,LONG,2019-06-11 11:15:00,13457.2,13416.4,13468.40125,2019-06-12 09:15:00,13416.4,-40.80000000000109,-46.17472000000109,-162765.88800000385,Initial SL hit,3525,6.333,-2.1702118400000514,2019,6,-11.721336456666819
2019-06-12 11:15:00,LONG,2019-06-12 12:15:00,13353.6,13327.4,13327.4,2019-06-13 09:15:00,13327.4,-26.200000000000728,-31.536200000000726,-111953.51000000257,Initial SL Hit,3550,6.333,-1.492713466666701,2019,6,-13.214049923333533
2019-06-13 12:15:00,LONG,2019-06-13 13:15:00,13385.85,13323.75,13464.77125,2019-06-14 09:15:00,13434.65,48.79999999999927,43.43589999999927,154197.44499999742,TSL Hit,3550,6.333,2.0559659333332987,2019,6,-11.158083990000222
2019-06-14 13:15:00,LONG,2019-06-14 14:15:00,13445.8,13420.4,13420.4,2019-06-14 14:15:00,13420.4,-25.399999999999636,-30.773239999999635,-108475.67099999872,Initial SL Hit,3525,6.333,-1.446342279999983,2019,6,-12.604426270000204
2019-06-26 12:15:00,LONG,2019-06-26 13:15:00,13487.2,13442.75,13584.548125000001,2019-07-08 10:15:00,13507.45,20.25,14.85107,52350.02175,TSL Hit,3525,6.333,0.69800029,2019,6,-11.906425980000193
2019-07-08 14:15:00,LONG,2019-07-08 15:15:00,13417.75,13347.4,13347.4,2019-07-09 09:15:00,13347.4,-70.35000000000036,-75.70303000000037,-268745.7565000013,Initial SL Hit,3550,6.333,-3.5832767533333505,2019,7,-15.48970273333353
2019-07-09 15:15:00,LONG,2019-07-10 09:15:00,13383.05,13363.9,13363.9,2019-07-10 09:15:00,13363.9,-19.149999999999636,-24.499389999999636,-86972.8344999987,Initial SL Hit,3550,6.333,-1.159637793333316,2019,7,-16.649340526666833
2019-07-10 12:15:00,LONG,2019-07-10 13:15:00,13354.8,13304.45,13304.45,2019-07-10 14:15:00,13304.45,-50.349999999998545,-55.68184999999855,-197670.56749999485,Initial SL Hit,3550,6.333,-2.635607566666598,2019,7,-19.28494809333344
2019-08-09 10:15:00,LONG,2019-08-09 11:15:00,12818.85,12728.6,12728.6,2019-08-13 09:15:00,12728.6,-90.25,-95.35949,-352830.11299999995,Initial SL hit,3700,6.333,-4.704401506666666,2019,8,-23.98934960000011
2019-08-26 14:15:00,LONG,2019-08-26 15:15:00,12578.3,12490.45,12490.45,2019-08-29 09:15:00,12490.45,-87.84999999999854,-92.86374999999855,-350560.6562499945,Initial SL hit,3775,6.333,-4.67414208333326,2019,8,-28.663491683333376
2019-09-09 12:15:00,LONG,2019-09-09 13:15:00,12370.95,12332.05,12332.05,2019-09-09 13:15:00,12332.05,-38.900000000001455,-43.84060000000146,-168786.31000000561,Initial SL Hit,3850,6.333,-2.2504841333334085,2019,9,-30.913975816666778
2019-09-11 11:15:00,LONG,2019-09-11 12:15:00,12395.35,12361.45,12361.45,2019-09-11 12:15:00,12361.45,-33.899999999999636,-38.85135999999964,-148606.45199999862,Initial SL hit,3825,6.333,-1.9814193599999819,2019,9,-32.89539517666677
2019-09-12 11:15:00,LONG,2019-09-12 12:15:00,12493.1,12445.4,12445.4,2019-09-12 14:15:00,12445.4,-47.70000000000073,-52.68770000000073,-200213.26000000277,Initial SL hit,3800,6.333,-2.6695101333333704,2019,9,-35.56490531000014
2019-09-20 10:15:00,LONG,2019-09-20 11:15:00,12523.05,12043.95,12852.19125,2019-10-01 13:15:00,12821.55,298.5,293.43108,1115038.104,TSL Hit,3800,6.333,14.867174720000001,2019,9,-20.697730590000134
2019-10-01 14:15:00,LONG,2019-10-01 15:15:00,13015.5,12800.25,12891.591875,2019-10-03 12:15:00,12846.05,-169.45000000000073,-174.62231000000074,-637371.4315000027,TSL Hit,3650,6.333,-8.49828575333337,2019,10,-29.196016343333497
2019-10-09 10:15:00,LONG,2019-10-09 11:15:00,12662.7,12589.95,13941.4,2019-11-22 12:15:00,13929.8,1267.0999999999985,1261.7814999999985,4731680.624999994,TSL Hit,3750,6.333,63.08907499999993,2019,10,0.0
2019-11-22 15:15:00,LONG,2019-11-25 09:15:00,13966.75,13943.2,13943.2,2019-11-25 09:15:00,13943.2,-23.549999999999272,-29.131989999999274,-99048.76599999753,Initial SL Hit,3400,6.333,-1.3206502133333005,2019,11,-1.3206502133332947
2019-11-25 10:15:00,LONG,2019-11-25 11:15:00,14048.1,14002.3,14104.804375000002,2019-12-03 11:15:00,14075.6,27.5,21.87526,73829.0025,TSL Hit,3375,6.333,0.9843867000000001,2019,11,-0.33626351333327875
2019-12-03 12:15:00,LONG,2019-12-03 13:15:00,14099.15,14070.65,14113.66625,2019-12-04 09:15:00,14070.65,-28.5,-34.13396,-115202.115,Initial SL hit,3375,6.333,-1.5360282,2019,12,-1.8722917133332544
2019-12-04 13:15:00,LONG,2019-12-04 14:15:00,14146.7,14084.7,14151.70375,2019-12-06 11:15:00,14146.55,-0.1500000000014552,-5.808650000001456,-19458.977500004876,TSL Hit,3350,6.333,-0.25945303333339836,2019,12,-2.131744746666641
2019-12-06 15:15:00,LONG,2019-12-09 09:15:00,14052.55,14026.5,14026.5,2019-12-09 09:15:00,14026.5,-26.049999999999272,-31.665809999999272,-106872.10874999754,Initial SL Hit,3375,6.333,-1.4249614499999672,2019,12,-3.556706196666596
2019-12-09 10:15:00,LONG,2019-12-09 11:15:00,14085.0,14006.5,14578.971875,2019-12-31 14:15:00,14555.35,470.35000000000036,464.62193000000036,1568099.0137500013,TSL Hit,3375,6.333,20.907986850000018,2019,12,0.0
2020-01-01 11:15:00,LONG,2020-01-01 12:15:00,14572.2,14545.9,14545.9,2020-01-01 12:15:00,14545.9,-26.30000000000109,-32.12362000000109,-104401.76500000354,Initial SL Hit,3250,6.333,-1.3920235333333804,2020,1,-1.3920235333333721
2020-01-01 14:15:00,LONG,2020-01-01 15:15:00,14577.7,14548.8,14610.245,2020-01-03 10:15:00,14578.2,0.5,-5.331180000000001,-17326.335000000003,TSL Hit,3250,6.333,-0.23101780000000005,2020,1,-1.62304133333339
2020-01-10 09:15:00,LONG,2020-01-10 10:15:00,14655.8,14581.1,14581.1,2020-01-10 13:15:00,14581.1,-74.69999999999891,-80.54737999999891,-261778.98499999646,Initial SL hit,3250,6.333,-3.4903864666666196,2020,1,-5.113427800000011
2020-01-10 15:15:00,LONG,2020-01-13 09:15:00,14617.55,14603.45,14603.45,2020-01-14 09:15:00,14603.45,-14.099999999998545,-19.944199999998546,-64818.64999999527,Initial SL hit,3250,6.333,-0.8642486666666036,2020,1,-5.977676466666594
2020-01-15 14:15:00,LONG,2020-01-15 15:15:00,14641.15,14549.3,14549.3,2020-01-17 09:15:00,14549.3,-91.85000000000036,-97.68809000000036,-317486.29250000115,Initial SL hit,3250,6.333,-4.233150566666682,2020,1,-10.21082703333326
2020-01-22 11:15:00,LONG,2020-01-22 12:15:00,14238.5,14203.65,14203.65,2020-01-22 13:15:00,14203.65,-34.850000000000364,-40.53843000000036,-134790.2797500012,Initial SL Hit,3325,6.333,-1.797203730000016,2020,1,-12.008030763333295
2020-01-23 12:15:00,LONG,2020-01-23 13:15:00,14309.35,14228.0,14228.0,2020-01-27 15:15:00,14228.0,-81.35000000000036,-87.05747000000036,-289466.0877500012,Initial SL Hit,3325,6.333,-3.859547836666683,2020,1,-15.867578600000002
2020-02-05 09:15:00,LONG,2020-02-05 10:15:00,14323.5,14178.3,14391.988124999998,2020-02-17 12:15:00,14390.3,66.79999999999927,61.05723999999927,203015.32299999756,TSL Hit,3325,6.333,2.706870973333301,2020,2,-13.160707626666692
2020-02-18 13:15:00,LONG,2020-02-18 14:15:00,14250.4,14214.05,14479.496875,2020-02-20 09:15:00,14474.85,224.45000000000073,218.70495000000074,727193.9587500024,TSL Hit,3325,6.333,9.695919450000034,2020,2,-3.464788176666673
2020-02-20 10:15:00,LONG,2020-02-20 11:15:00,14536.85,14474.2,14498.480625000002,2020-02-24 09:15:00,14405.85,-131.0,-136.78854,-447982.4685,Gap Open Outside ISL,3275,6.333,-5.97309958,2020,2,-9.437887756666669
2020-04-07 12:15:00,LONG,2020-04-07 13:15:00,9116.65,8946.0,9339.86875,2020-04-15 13:15:00,9241.75,125.10000000000036,121.42832000000037,631427.264000002,TSL Hit,5200,6.333,8.419030186666692,2020,4,-1.018857569999966
2020-04-15 15:15:00,LONG,2020-04-16 09:15:00,9261.9,9231.5,9231.5,2020-04-16 09:15:00,9231.5,-30.399999999999636,-34.09867999999964,-174755.73499999815,Initial SL hit,5125,6.333,-2.3300764666666423,2020,4,-3.3489340366666056
2020-04-16 10:15:00,LONG,2020-04-16 11:15:00,9293.6,9176.75,9394.94375,2020-04-22 09:15:00,9348.45,54.850000000000364,51.12159000000036,260720.10900000183,TSL Hit,5100,6.333,3.4762681200000243,2020,4,0.0
2020-04-22 10:15:00,LONG,2020-04-22 11:15:00,9519.8,9332.15,9520.598125,2020-04-24 09:15:00,9514.15,-5.649999999999636,-9.456789999999636,-47283.94999999818,TSL Hit,5000,6.333,-0.6304526666666423,2020,4,-0.6304526666666561
2020-04-24 11:15:00,LONG,2020-04-24 12:15:00,9513.4,9457.5,9457.5,2020-04-24 13:15:00,9457.5,-55.899999999999636,-59.69417999999963,-298470.89999999816,Initial SL Hit,5000,6.333,-3.9796119999999755,2020,4,-4.610064666666631
2020-04-27 11:15:00,LONG,2020-04-27 12:15:00,9732.1,9688.35,9688.35,2020-04-27 13:15:00,9688.35,-43.75,-47.63409,-232216.18875,Initial SL hit,4875,6.333,-3.09621585,2020,4,-7.706280516666652
2020-04-28 10:15:00,LONG,2020-04-28 11:15:00,9790.9,9721.75,9794.728125,2020-05-04 12:15:00,9781.1,-9.799999999999272,-13.714399999999273,-66514.83999999647,TSL Hit,4850,6.333,-0.8868645333332863,2020,4,-8.593145049999919
2020-05-05 11:15:00,LONG,2020-05-05 12:15:00,9712.5,9623.85,9623.85,2020-05-05 14:15:00,9623.85,-88.64999999999964,-92.51726999999964,-453334.6229999982,Initial SL Hit,4900,6.333,-6.044461639999977,2020,5,-14.63760668999987
2020-05-07 12:15:00,LONG,2020-05-07 13:15:00,9641.7,9577.05,9577.05,2020-05-07 13:15:00,9577.05,-64.65000000000146,-68.49375000000146,-337331.71875000716,Initial SL Hit,4925,6.333,-4.497756250000096,2020,5,-19.135362939999993
2020-05-08 11:15:00,LONG,2020-05-08 12:15:00,9736.55,9686.0,9686.0,2020-05-08 12:15:00,9686.0,-50.54999999999927,-54.43450999999927,-265368.23624999647,Initial SL Hit,4875,6.333,-3.5382431499999525,2020,5,-22.673606089999964
2020-05-13 10:15:00,LONG,2020-05-13 11:15:00,9756.8,9690.7,9690.7,2020-05-13 12:15:00,9690.7,-66.09999999999854,-69.98949999999854,-341198.8124999929,Initial SL Hit,4875,6.333,-4.549317499999905,2020,5,-27.22292358999988
2020-05-28 14:15:00,LONG,2020-05-28 15:15:00,9427.45,9374.1,9374.1,2020-05-29 09:15:00,9340.75,-86.70000000000073,-90.45364000000073,-456790.8820000037,Gap Open Outside ISL,5050,6.333,-6.0905450933333825,2020,5,-33.31346868333327
2020-05-29 10:15:00,LONG,2020-05-29 11:15:00,9458.05,9308.55,10033.291874999999,2020-06-11 14:15:00,10027.15,569.1000000000004,565.2029600000004,2840144.874000002,TSL Hit,5025,6.333,37.86859832000003,2020,5,0.0
2020-06-12 09:15:00,LONG,2020-06-12 10:15:00,9782.65,9585.5,10923.56,2020-07-13 13:15:00,10916.6,1133.9500000000007,1129.8101500000007,5479579.227500004,TSL Hit,4850,6.333,73.06105636666672,2020,6,0.0
2020-07-14 13:15:00,LONG,2020-07-14 14:15:00,10655.3,10568.05,10568.05,2020-07-16 09:15:00,10568.05,-87.25,-91.49467,-407151.2815,Initial SL Hit,4450,6.333,-5.428683753333333,2020,7,-5.42868375333336
2020-07-17 09:15:00,LONG,2020-07-17 10:15:00,10838.3,10713.75,11020.75,2020-07-27 09:15:00,10961.55,123.25,118.89003,520143.88125,TSL Hit,4375,6.333,6.93525175,2020,7,0.0
2020-07-28 15:15:00,LONG,2020-07-29 09:15:00,11057.7,11022.55,11022.55,2020-07-29 09:15:00,11022.55,-35.150000000001455,-39.566050000001454,-170134.01500000624,Initial SL hit,4300,6.333,-2.2684535333334166,2020,7,-2.2684535333333997
2020-07-29 10:15:00,LONG,2020-07-29 11:15:00,11066.4,10994.2,11008.023125,2020-07-29 13:15:00,10994.2,-72.19999999999891,-76.61211999999891,-329432.1159999953,Initial SL hit,4300,6.333,-4.392428213333271,2020,7,-6.660881746666689
2020-07-30 10:15:00,LONG,2020-07-30 11:15:00,11055.25,11003.25,11003.25,2020-07-30 12:15:00,11003.25,-52.0,-56.4117,-242570.31000000003,Initial SL Hit,4300,6.333,-3.2342708000000004,2020,7,-9.89515254666668
2020-07-31 11:15:00,LONG,2020-07-31 12:15:00,10744.15,10673.2,10673.2,2020-08-03 09:15:00,10673.2,-70.94999999999891,-75.2334699999989,-332908.10474999517,Initial SL Hit,4425,6.333,-4.438774729999936,2020,7,-14.3339272766666
2020-08-11 12:15:00,LONG,2020-08-11 13:15:00,11037.75,10994.3,10994.3,2020-08-12 09:15:00,10994.3,-43.45000000000073,-47.85641000000073,-205782.56300000314,Initial SL hit,4300,6.333,-2.7437675066667087,2020,8,-17.0776947833333
2020-08-12 10:15:00,LONG,2020-08-12 11:15:00,10998.85,10938.65,10938.65,2020-08-14 10:15:00,10938.65,-60.20000000000073,-64.58750000000073,-279340.93750000314,Initial SL hit,4325,6.333,-3.724545833333375,2020,8,-20.802240616666666
2020-08-17 14:15:00,LONG,2020-08-17 15:15:00,10797.95,10675.35,10899.289375,2020-08-20 12:15:00,10896.6,98.64999999999964,94.31108999999964,414968.7959999984,TSL Hit,4400,6.333,5.532917279999978,2020,8,-15.269323336666673
2020-08-21 10:15:00,LONG,2020-08-21 11:15:00,11043.55,11024.25,11024.25,2020-08-21 11:15:00,11024.25,-19.299999999999272,-23.713559999999273,-101968.30799999688,Initial SL hit,4300,6.333,-1.3595774399999583,2020,8,-16.628900776666626
2020-08-21 12:15:00,LONG,2020-08-21 13:15:00,11042.45,11022.1,11022.1,2020-08-21 14:15:00,11022.1,-20.350000000000364,-24.762910000000364,-106480.51300000156,Initial SL hit,4300,6.333,-1.4197401733333541,2020,8,-18.048640949999992
2020-08-24 10:15:00,LONG,2020-08-24 11:15:00,11214.75,11177.15,11350.411875000002,2020-09-04 09:15:00,11177.15,-37.600000000000364,-42.078380000000365,-177781.15550000154,Initial SL hit,4225,6.333,-2.3704154066666874,2020,8,-20.41905635666666
2020-09-04 11:15:00,LONG,2020-09-04 12:15:00,11194.95,11164.3,11164.3,2020-09-04 14:15:00,11164.3,-30.650000000001455,-35.12185000000146,-149267.8625000062,Initial SL Hit,4250,6.333,-1.9902381666667492,2020,9,-22.409294523333415
2020-09-07 10:15:00,LONG,2020-09-07 11:15:00,11174.8,11110.2,11110.2,2020-09-07 14:15:00,11110.2,-64.59999999999854,-69.05699999999854,-293492.2499999938,Initial SL Hit,4250,6.333,-3.913229999999917,2020,9,-26.322524523333357
2020-09-08 09:15:00,LONG,2020-09-08 10:15:00,11153.75,11082.55,11082.55,2020-09-08 14:15:00,11082.55,-71.20000000000073,-75.64726000000073,-321500.85500000307,Initial SL Hit,4250,6.333,-4.286678066666708,2020,9,-30.609202590000052
2020-10-01 13:15:00,LONG,2020-10-01 14:15:00,10947.0,10879.15,11778.960000000001,2020-10-29 09:15:00,11776.75,829.75,825.20525,3589642.8375,TSL Hit,4350,6.333,47.861904499999994,2020,10,0.0
2020-10-29 10:15:00,LONG,2020-10-29 11:15:00,11780.8,11701.7,11701.7,2020-10-29 12:15:00,11701.7,-79.09999999999854,-83.79649999999855,-337280.91249999416,Initial SL Hit,4025,6.333,-4.497078833333255,2020,10,-4.497078833333262
2020-10-29 14:15:00,LONG,2020-10-29 15:15:00,11722.9,11643.85,11643.85,2020-10-30 09:15:00,11643.85,-79.04999999999927,-83.72334999999927,-339079.56749999704,Initial SL Hit,4050,6.333,-4.52106089999996,2020,10,-9.018139733333214
2020-11-02 10:15:00,LONG,2020-11-02 11:15:00,11828.2,11753.2,13995.99,2020-11-26 11:15:00,13958.0,2129.7999999999993,2124.6427599999993,8551687.108999997,TSL Hit,4025,6.333,114.02249478666664,2020,11,0.0
2020-11-26 12:15:00,LONG,2020-11-26 13:15:00,14163.25,13953.3,14146.259999999998,2020-12-02 13:15:00,14081.35,-81.89999999999964,-87.54891999999964,-293288.8819999988,TSL Hit,3350,6.333,-3.910518426666651,2020,11,-3.9105184266666697
2020-12-04 13:15:00,LONG,2020-12-04 14:15:00,14221.45,14153.05,14564.93125,2020-12-21 14:15:00,14411.45,190.0,184.27342,617315.9569999999,TSL Hit,3350,6.333,8.230879426666665,2020,12,0.0
2020-12-22 13:15:00,LONG,2020-12-22 14:15:00,14413.8,14233.1,15435.860625000001,2021-01-15 13:15:00,15413.6,999.8000000000011,993.8345200000011,3279653.916000004,TSL Hit,3300,6.333,43.72871888000005,2020,12,0.0
2021-01-15 14:15:00,LONG,2021-01-15 15:15:00,15464.0,15364.35,15364.35,2021-01-18 10:15:00,15364.35,-99.64999999999964,-105.81566999999964,-325383.1852499989,Initial SL Hit,3075,6.333,-4.338442469999984,2021,1,-4.338442470000018
2021-01-18 12:15:00,LONG,2021-01-18 13:15:00,15296.6,15235.1,15235.1,2021-01-18 15:15:00,15235.1,-61.5,-67.60634,-209579.654,Initial SL Hit,3100,6.333,-2.794395386666667,2021,1,-7.132837856666697
2021-01-19 09:15:00,LONG,2021-01-19 10:15:00,15396.65,15269.15,15536.415625,2021-01-21 14:15:00,15531.55,134.89999999999964,128.71435999999963,395796.65699999884,TSL Hit,3075,6.333,5.277288759999984,2021,1,-1.855549096666664
2021-02-01 14:15:00,LONG,2021-02-01 15:15:00,15727.95,15460.0,16991.000625,2021-02-19 09:15:00,16967.3,1239.3499999999985,1232.8109499999985,3729253.123749995,TSL Hit,3025,6.333,49.723374983333265,2021,2,0.0
2021-02-19 14:15:00,LONG,2021-02-19 15:15:00,16788.0,16634.15,16634.15,2021-02-22 10:15:00,16634.15,-153.84999999999854,-160.53442999999854,-453509.76474999584,Initial SL Hit,2825,6.333,-6.046796863333278,2021,2,-6.04679686333327
2021-03-10 12:15:00,LONG,2021-03-10 13:15:00,16686.25,16610.35,16610.35,2021-03-12 13:15:00,16610.35,-75.90000000000146,-82.55932000000145,-235294.06200000414,Initial SL hit,2850,6.333,-3.1372541600000554,2021,3,-9.184051023333382
2021-03-17 10:15:00,LONG,2021-03-17 11:15:00,16191.4,16120.8,16120.8,2021-03-17 12:15:00,16120.8,-70.60000000000036,-77.06244000000036,-225407.63700000106,Initial SL Hit,2925,6.333,-3.0054351600000144,2021,3,-12.189486183333429
2021-04-27 14:15:00,LONG,2021-04-27 15:15:00,15596.05,15546.5,15546.5,2021-04-30 15:15:00,15546.5,-49.54999999999927,-55.77850999999927,-170124.45549999777,Initial SL hit,3050,6.333,-2.2683260733333035,2021,4,-14.457812256666784
2021-05-03 09:15:00,LONG,2021-05-03 10:15:00,15435.45,15238.75,15445.585000000001,2021-05-04 14:15:00,15423.25,-12.200000000000728,-18.371740000000727,-56493.100500002234,TSL Hit,3075,6.333,-0.7532413400000297,2021,5,-15.21105359666683
2021-05-05 11:15:00,LONG,2021-05-05 12:15:00,15505.6,15439.85,15685.550624999998,2021-05-11 13:15:00,15679.35,173.75,167.51301,515102.50575,TSL Hit,3075,6.333,6.868033410000001,2021,5,-8.343020186666877
2021-05-12 10:15:00,LONG,2021-05-12 11:15:00,15543.1,15478.7,15478.7,2021-05-12 11:15:00,15478.7,-64.39999999999964,-70.60435999999964,-215343.2979999989,Initial SL Hit,3050,6.333,-2.871243973333319,2021,5,-11.214264160000198
2021-05-18 12:15:00,LONG,2021-05-18 13:15:00,16156.6,16108.65,16108.65,2021-05-18 14:15:00,16108.65,-47.95000000000073,-54.403050000000725,-160488.99750000215,Initial SL hit,2950,6.333,-2.1398533000000284,2021,5,-13.354117460000225
2021-05-18 15:15:00,LONG,2021-05-19 09:15:00,16158.05,16132.2,16132.2,2021-05-19 09:15:00,16132.2,-25.849999999998545,-32.308049999998545,-95308.7474999957,Initial SL hit,2950,6.333,-1.2707832999999427,2021,5,-14.624900760000173
2021-05-20 10:15:00,LONG,2021-05-20 11:15:00,16020.7,15959.85,15959.85,2021-05-20 12:15:00,15959.85,-60.850000000000364,-67.24611000000037,-200057.1772500011,Initial SL hit,2975,6.333,-2.6674290300000147,2021,5,-17.292329790000167
2021-05-21 10:15:00,LONG,2021-05-21 11:15:00,16177.4,16108.45,16108.45,2021-05-21 12:15:00,16108.45,-68.94999999999891,-75.40716999999891,-220565.97224999682,Initial SL hit,2925,6.333,-2.9408796299999573,2021,5,-20.233209420000094
2021-05-21 13:15:00,LONG,2021-05-21 14:15:00,16191.45,16103.75,16569.91875,2021-06-09 12:15:00,16501.7,310.25,303.71137,888355.7572499999,TSL Hit,2925,6.333,11.84474343,2021,5,-8.3884659900001
2021-06-10 10:15:00,LONG,2021-06-10 11:15:00,16545.3,16477.6,16617.769999999997,2021-06-14 09:15:00,16477.6,-67.70000000000073,-74.30458000000073,-213625.66750000208,Initial SL hit,2875,6.333,-2.848342233333361,2021,6,-11.236808223333469
2021-06-14 10:15:00,LONG,2021-06-14 11:15:00,16492.9,16429.25,16631.845624999998,2021-06-16 10:15:00,16627.65,134.75,128.12589,368361.93374999997,TSL Hit,2875,6.333,4.91149245,2021,6,-6.3253157733335
2021-06-25 10:15:00,LONG,2021-06-25 11:15:00,16617.4,16573.55,16573.55,2021-06-29 09:15:00,16573.55,-43.85000000000218,-50.488190000002184,-143891.34150000624,Initial SL hit,2850,6.333,-1.918551220000083,2021,6,-8.24386699333354
2021-06-29 12:15:00,LONG,2021-06-29 13:15:00,16593.0,16558.55,16558.55,2021-06-29 13:15:00,16558.55,-34.45000000000073,-41.08031000000073,-118105.8912500021,Initial SL Hit,2875,6.333,-1.5747452166666946,2021,6,-9.818612210000197
2021-06-29 15:15:00,LONG,2021-06-30 09:15:00,16562.1,16534.85,16534.85,2021-06-30 09:15:00,16534.85,-27.25,-33.86939,-97374.49625000001,Initial SL Hit,2875,6.333,-1.298326616666667,2021,6,-11.11693882666691
2021-07-05 09:15:00,LONG,2021-07-05 10:15:00,16566.35,16496.25,16610.365625,2021-07-09 09:15:00,16563.1,-3.25,-9.87589,-28393.18375,TSL Hit,2875,6.333,-0.3785757833333333,2021,7,-11.495514610000214
2021-07-09 11:15:00,LONG,2021-07-09 12:15:00,16606.9,16555.1,16555.1,2021-07-09 14:15:00,16555.1,-51.80000000000291,-58.432400000002914,-166532.34000000832,Initial SL Hit,2850,6.333,-2.220431200000111,2021,7,-13.715945810000335
2021-07-12 11:15:00,LONG,2021-07-12 12:15:00,16687.35,16663.7,16663.7,2021-07-12 12:15:00,16663.7,-23.649999999997817,-30.320209999997818,-86412.59849999378,Initial SL Hit,2850,6.333,-1.1521679799999172,2021,7,-14.86811379000028
2021-07-13 11:15:00,LONG,2021-07-13 12:15:00,16802.35,16729.55,16729.55,2021-07-19 09:15:00,16608.75,-193.59999999999854,-200.28221999999855,-565797.2714999958,Gap Open Outside ISL,2825,6.333,-7.543963619999945,2021,7,-22.41207741000028
2021-07-19 14:15:00,LONG,2021-07-19 15:15:00,16561.0,16501.15,16501.15,2021-07-20 09:15:00,16456.05,-104.95000000000073,-111.55341000000072,-320716.05375000206,Gap Open Outside ISL,2875,6.333,-4.276214050000028,2021,7,-26.6882914600003
2021-08-04 09:15:00,LONG,2021-08-04 10:15:00,17101.45,16868.95,17241.870000000003,2021-08-20 09:15:00,17177.6,76.14999999999782,69.29418999999781,192291.37724999394,TSL Hit,2775,6.333,2.563885029999919,2021,8,-24.124406430000363
2021-08-20 10:15:00,LONG,2021-08-20 11:15:00,17187.05,17085.1,18184.55625,2021-09-20 15:15:00,18157.95,970.9000000000015,963.8310000000015,2674631.025000004,TSL Hit,2775,6.333,35.661747000000055,2021,8,0.0
2021-09-21 13:15:00,LONG,2021-09-21 14:15:00,18218.1,18119.15,18191.933125,2021-09-22 14:15:00,18134.75,-83.34999999999854,-90.62056999999855,-235613.48199999623,TSL Hit,2600,6.333,-3.1415130933332835,2021,9,-3.1415130933332875
2021-09-23 10:15:00,LONG,2021-09-23 11:15:00,18452.4,18382.75,18382.75,2021-09-28 12:15:00,18382.75,-69.65000000000146,-77.01703000000145,-198318.85225000375,Initial SL hit,2575,6.333,-2.6442513633333835,2021,9,-5.785764456666698
2021-09-28 13:15:00,LONG,2021-09-28 14:15:00,18431.75,18307.35,18307.35,2021-09-28 14:15:00,18307.35,-124.40000000000146,-131.74782000000147,-339250.6365000038,Initial SL Hit,2575,6.333,-4.52334182000005,2021,9,-10.30910627666674
2021-09-29 09:15:00,LONG,2021-09-29 10:15:00,18419.45,18270.65,18270.65,2021-09-30 14:15:00,18270.65,-148.79999999999927,-156.13801999999927,-402055.4014999981,Initial SL Hit,2575,6.333,-5.360738686666641,2021,9,-15.66984496333339
2021-10-04 09:15:00,LONG,2021-10-04 10:15:00,18377.6,18217.55,18398.93625,2021-10-06 14:15:00,18311.85,-65.75,-73.08789,-188201.31675,TSL Hit,2575,6.333,-2.50935089,2021,10,-18.17919585333334
2021-10-07 10:15:00,LONG,2021-10-07 11:15:00,18421.45,18367.8,18367.8,2021-10-07 11:15:00,18367.8,-53.650000000001455,-61.007850000001454,-157095.21375000375,Initial SL Hit,2575,6.333,-2.09460285000005,2021,10,-20.27379870333334
2021-10-13 12:15:00,LONG,2021-10-13 13:15:00,18693.5,18647.25,18647.25,2021-10-13 15:15:00,18647.25,-46.25,-53.71815,-136981.2825,Initial SL hit,2550,6.333,-1.8264171,2021,10,-22.1002158033333
2021-10-14 10:15:00,LONG,2021-10-14 11:15:00,18738.5,18706.0,19150.381875,2021-10-28 13:15:00,19126.85,388.34999999999854,380.7769299999986,961461.7482499963,TSL Hit,2525,6.333,12.819489976666617,2021,10,-9.28072582666664
2021-10-29 09:15:00,LONG,2021-10-29 10:15:00,18977.05,18568.85,19209.128125,2021-11-09 09:15:00,19137.8,160.75,153.12703,382817.57499999995,TSL Hit,2500,6.333,5.104234333333333,2021,10,-4.1764914933332875
2021-11-09 12:15:00,LONG,2021-11-09 13:15:00,19118.3,19079.3,19079.3,2021-11-09 13:15:00,19079.3,-39.0,-46.63952,-115432.81199999999,Initial SL Hit,2475,6.333,-1.53910416,2021,11,-5.715595653333253
2021-11-09 14:15:00,LONG,2021-11-09 15:15:00,19093.15,19031.85,19031.85,2021-11-10 09:15:00,19001.0,-92.15000000000146,-99.76883000000146,-249422.07500000365,Gap Open Outside ISL,2500,6.333,-3.3256276666667155,2021,11,-9.041223319999972
2021-12-08 09:15:00,LONG,2021-12-08 10:15:00,18254.9,18115.45,18115.45,2021-12-09 10:15:00,18115.45,-139.45000000000073,-146.72407000000072,-381482.58200000186,Initial SL hit,2600,6.333,-5.086434426666692,2021,12,-14.127657746666614
2021-12-14 10:15:00,LONG,2021-12-14 11:15:00,17817.55,17757.3,17757.3,2021-12-16 11:15:00,17757.3,-60.25,-67.36497,-180201.29475,Initial SL Hit,2675,6.333,-2.4026839300000002,2021,12,-16.53034167666658
2022-01-03 12:15:00,LONG,2022-01-03 13:15:00,17667.95,17571.6,18389.210625,2022-01-19 10:15:00,18334.85,666.8999999999978,659.6994399999978,1781188.487999994,TSL Hit,2700,6.333,23.749179839999922,2022,1,0.0
2022-01-19 13:15:00,LONG,2022-01-19 14:15:00,18269.55,18170.45,18170.45,2022-01-20 10:15:00,18170.45,-99.09999999999854,-106.38799999999854,-276608.7999999962,Initial SL Hit,2600,6.333,-3.688117333333283,2022,1,-3.6881173333332526
2022-01-20 11:15:00,LONG,2022-01-20 12:15:00,18171.45,18111.9,18111.9,2022-01-20 13:15:00,18111.9,-59.54999999999927,-66.80666999999927,-175367.5087499981,Initial SL Hit,2625,6.333,-2.3382334499999744,2022,1,-6.026350783333214
2022-02-09 14:15:00,LONG,2022-02-09 15:15:00,17875.05,17815.9,17918.906874999997,2022-02-11 09:15:00,17815.9,-59.14999999999782,-66.28818999999781,-175663.7034999942,Initial SL hit,2650,6.333,-2.3421827133332562,2022,2,-8.368533496666487
2022-02-11 11:15:00,LONG,2022-02-11 12:15:00,17829.15,17770.5,17770.5,2022-02-11 15:15:00,17770.5,-58.650000000001455,-65.76993000000145,-175934.56275000388,Initial SL Hit,2675,6.333,-2.345794170000052,2022,2,-10.714327666666577
2022-03-15 10:15:00,LONG,2022-03-15 11:15:00,16636.15,16540.6,16540.6,2022-03-15 12:15:00,16540.6,-95.55000000000291,-102.18535000000291,-291228.2475000083,Initial SL hit,2850,6.333,-3.8830433000001108,2022,3,-14.597370966666745
2022-03-17 11:15:00,LONG,2022-03-17 12:15:00,17140.95,17077.6,17077.6,2022-03-21 09:15:00,17077.6,-63.35000000000218,-70.19371000000218,-194787.54525000605,Initial SL hit,2775,6.333,-2.5971672700000803,2022,3,-17.194538236666858
2022-03-22 11:15:00,LONG,2022-03-22 12:15:00,16794.4,16697.55,16697.55,2022-03-22 12:15:00,16697.55,-96.85000000000218,-103.54839000000219,-292524.2017500062,Initial SL hit,2825,6.333,-3.9003226900000825,2022,3,-21.09486092666691
2022-03-22 14:15:00,LONG,2022-03-22 15:15:00,17089.05,16995.0,16995.0,2022-03-23 11:15:00,16995.0,-94.04999999999927,-100.86680999999928,-279905.39774999797,Initial SL hit,2775,6.333,-3.7320719699999727,2022,3,-24.826932896666904
2022-03-24 09:15:00,LONG,2022-03-24 10:15:00,16825.05,16686.1,16686.1,2022-03-24 12:15:00,16686.1,-138.95000000000073,-145.6522300000007,-411467.54975000204,Initial SL hit,2825,6.333,-5.4862339966666935,2022,3,-30.313166893333573
2022-03-25 12:15:00,LONG,2022-03-25 13:15:00,16641.2,16576.85,16576.85,2022-03-25 13:15:00,16576.85,-64.35000000000218,-70.99361000000218,-202331.7885000062,Initial SL Hit,2850,6.333,-2.6977571800000826,2022,3,-33.010924073333626
2022-03-25 14:15:00,LONG,2022-03-25 15:15:00,16611.15,16550.25,16550.25,2022-03-28 09:15:00,16550.25,-60.900000000001455,-67.53228000000145,-192466.99800000413,Initial SL Hit,2850,6.333,-2.566226640000055,2022,3,-35.57715071333371
2022-03-28 10:15:00,LONG,2022-03-28 11:15:00,16423.5,16374.9,17532.468125000003,2022-04-13 11:15:00,17453.35,1029.8499999999985,1023.0746299999986,2966916.426999996,TSL Hit,2900,6.333,39.55888569333328,2022,3,0.0
2022-04-13 12:15:00,LONG,2022-04-13 13:15:00,17507.35,17441.55,17441.55,2022-04-13 14:15:00,17441.55,-65.79999999999927,-72.78977999999927,-198352.150499998,Initial SL Hit,2725,6.333,-2.6446953399999735,2022,4,-2.6446953399999984
2022-04-18 10:15:00,LONG,2022-04-18 11:15:00,17086.25,17039.45,17039.45,2022-04-18 11:15:00,17039.45,-46.79999999999927,-53.62513999999927,-148809.76349999796,Initial SL Hit,2775,6.333,-1.9841301799999729,2022,4,-4.628825519999964
2022-05-23 12:15:00,LONG,2022-05-23 13:15:00,16002.6,15936.5,15936.5,2022-05-23 13:15:00,15936.5,-66.10000000000036,-72.48782000000037,-215651.2645000011,Initial SL hit,2975,6.333,-2.875350193333348,2022,5,-7.504175713333325
2022-05-25 09:15:00,LONG,2022-05-25 10:15:00,15998.4,15874.7,16267.149374999999,2022-06-07 09:15:00,16194.15,195.75,189.31149,563201.6827499999,TSL Hit,2975,6.333,7.509355769999999,2022,5,0.0
2022-06-07 11:15:00,LONG,2022-06-07 12:15:00,16130.1,16095.95,16095.95,2022-06-07 13:15:00,16095.95,-34.149999999999636,-40.59520999999964,-119755.86949999894,Initial SL Hit,2950,6.333,-1.5967449266666525,2022,6,-1.5967449266667018
2022-06-09 09:15:00,LONG,2022-06-09 10:15:00,16092.05,16030.1,16030.1,2022-06-09 10:15:00,16030.1,-61.94999999999891,-68.37442999999891,-201704.5684999968,Initial SL Hit,2950,6.333,-2.6893942466666236,2022,6,-4.286139173333368
2022-06-09 11:15:00,LONG,2022-06-09 12:15:00,16120.5,16083.3,16083.3,2022-06-09 12:15:00,16083.3,-37.20000000000073,-43.640760000000725,-128740.24200000214,Initial SL Hit,2950,6.333,-1.7165365600000284,2022,6,-6.002675733333376
2022-06-09 13:15:00,LONG,2022-06-09 14:15:00,16138.45,16094.15,16094.15,2022-06-10 09:15:00,16053.05,-85.40000000000146,-91.83830000000145,-270922.9850000043,Gap Open Outside ISL,2950,6.333,-3.6123064666667237,2022,6,-9.6149822000001
2022-06-28 13:15:00,LONG,2022-06-28 14:15:00,15560.6,15488.0,15488.0,2022-06-29 09:15:00,15435.45,-125.14999999999964,-131.34920999999963,-400615.0904999989,Gap Open Outside ISL,3050,6.333,-5.3415345399999845,2022,6,-14.956516740000097
2022-06-29 10:15:00,LONG,2022-06-29 11:15:00,15456.55,15406.35,15406.35,2022-06-29 14:15:00,15406.35,-50.19999999999891,-56.37257999999891,-173345.68349999667,Initial SL hit,3075,6.333,-2.3112757799999555,2022,6,-17.267792520000057
2022-06-29 15:15:00,LONG,2022-06-30 09:15:00,15409.95,15383.3,15383.3,2022-07-01 09:15:00,15383.3,-26.650000000001455,-32.80865000000146,-100886.59875000447,Initial SL hit,3075,6.333,-1.3451546500000597,2022,6,-18.612947170000098
2022-07-01 10:15:00,LONG,2022-07-01 11:15:00,15462.95,15366.15,17890.873750000002,2022-08-22 09:15:00,17831.6,2368.649999999998,2361.9910899999977,7263122.601749993,TSL Hit,3075,6.333,96.8416346899999,2022,7,0.0
2022-08-22 11:15:00,LONG,2022-08-22 12:15:00,17835.95,17787.2,17787.2,2022-08-22 13:15:00,17787.2,-48.75,-55.87463,-149464.63525000002,Initial SL Hit,2675,6.333,-1.9928618033333334,2022,8,-1.9928618033333123
2022-08-22 15:15:00,LONG,2022-08-23 09:15:00,17780.55,17758.5,17758.5,2022-08-23 10:15:00,17758.5,-22.049999999999272,-29.157809999999273,-77997.14174999806,Initial SL Hit,2675,6.333,-1.039961889999974,2022,8,-3.0328236933332846
2022-08-23 11:15:00,LONG,2022-08-23 12:15:00,17803.55,17710.7,18021.43,2022-08-25 14:15:00,17899.05,95.5,88.35948,236361.60900000003,TSL Hit,2675,6.333,3.1514881200000002,2022,8,0.0
2022-08-26 11:15:00,LONG,2022-08-26 12:15:00,18045.95,17945.2,17945.2,2022-08-26 14:15:00,17945.2,-100.75,-107.94823,-283364.10375,Initial SL Hit,2625,6.333,-3.7781880500000002,2022,8,-3.7781880500000398
2022-08-30 12:15:00,LONG,2022-08-30 13:15:00,18032.3,17923.95,18035.439374999998,2022-09-01 09:15:00,17923.95,-108.34999999999854,-115.54124999999854,-303295.78124999616,Initial SL hit,2625,6.333,-4.043943749999949,2022,8,-7.8221317999999656
2022-09-07 11:15:00,LONG,2022-09-07 12:15:00,18166.2,18069.35,18380.056875000002,2022-09-16 13:15:00,18318.4,152.20000000000073,144.90308000000073,380370.5850000019,TSL Hit,2625,6.333,5.0716078000000255,2022,9,-2.7505239999999276
2022-09-16 15:15:00,LONG,2022-09-19 09:15:00,18417.8,18356.0,18356.0,2022-09-19 09:15:00,18356.0,-61.79999999999927,-69.15475999999927,-178073.50699999812,Initial SL Hit,2575,6.333,-2.374313426666642,2022,9,-5.124837426666545
2022-09-19 10:15:00,LONG,2022-09-19 11:15:00,18572.05,18502.75,18502.75,2022-09-19 11:15:00,18502.75,-69.29999999999927,-76.71495999999928,-195623.14799999815,Initial SL hit,2550,6.333,-2.6083086399999753,2022,9,-7.7331460666665635
2022-09-20 10:15:00,LONG,2022-09-20 11:15:00,18779.95,18723.8,18723.8,2022-09-20 11:15:00,18723.8,-56.150000000001455,-63.65075000000145,-160718.14375000366,Initial SL hit,2525,6.333,-2.142908583333382,2022,9,-9.876054649999901
2022-09-20 15:15:00,LONG,2022-09-21 09:15:00,18760.15,18711.05,18711.05,2022-09-21 09:15:00,18711.05,-49.10000000000218,-56.59424000000218,-142900.4560000055,Initial SL hit,2525,6.333,-1.9053394133334067,2022,9,-11.781394063333323
2022-09-21 12:15:00,LONG,2022-09-21 13:15:00,18629.5,18518.75,18518.75,2022-09-22 09:15:00,18518.75,-110.75,-118.17965,-301358.1075,Initial SL hit,2550,6.333,-4.0181081,2022,9,-15.799502163333273
2022-09-22 12:15:00,LONG,2022-09-22 13:15:00,18386.25,18274.95,18274.95,2022-09-23 09:15:00,18274.95,-111.29999999999927,-118.63223999999927,-305478.0179999981,Initial SL Hit,2575,6.333,-4.073040239999974,2022,9,-19.872542403333227
2022-10-12 13:15:00,LONG,2022-10-12 14:15:00,17586.4,17497.9,17511.040625,2022-10-13 09:15:00,17497.9,-88.5,-95.51686000000001,-257895.52200000003,Initial SL hit,2700,6.333,-3.4386069600000004,2022,10,-23.311149363333243
2022-10-14 10:15:00,LONG,2022-10-14 11:15:00,17744.85,17646.15,17646.15,2022-10-17 09:15:00,17646.15,-98.69999999999709,-105.77819999999709,-282956.6849999922,Initial SL hit,2675,6.333,-3.772755799999896,2022,10,-27.083905163333156
2022-10-17 11:15:00,LONG,2022-10-17 12:15:00,17866.0,17791.65,19207.651875,2022-12-07 10:15:00,19159.1,1293.0999999999985,1285.6949799999986,3407091.6969999964,TSL Hit,2650,6.333,45.42788929333329,2022,10,0.0
2022-12-07 11:15:00,LONG,2022-12-07 12:15:00,19198.35,19141.85,19253.036874999998,2022-12-09 13:15:00,19240.25,41.900000000001455,34.212280000001456,84675.3930000036,TSL Hit,2475,6.333,1.129005240000048,2022,12,0.0
2022-12-09 14:15:00,LONG,2022-12-09 15:15:00,19300.55,19200.2,19256.755624999998,2022-12-12 09:15:00,19200.2,-100.34999999999854,-108.05014999999855,-264722.86749999644,Initial SL hit,2450,6.333,-3.5296382333332854,2022,12,-3.5296382333332303
2022-12-12 14:15:00,LONG,2022-12-12 15:15:00,19321.3,19269.3,19309.458124999997,2022-12-15 14:15:00,19269.3,-52.0,-59.71812,-146309.394,Initial SL hit,2450,6.333,-1.9507919200000001,2022,12,-5.480430153333259
2022-12-19 14:15:00,LONG,2022-12-19 15:15:00,19288.55,19229.3,19229.3,2022-12-20 09:15:00,19194.5,-94.04999999999927,-101.74660999999928,-249279.19449999824,Gap Open Outside ISL,2450,6.333,-3.32372259333331,2022,12,-8.804152746666546
2023-01-03 09:15:00,LONG,2023-01-03 10:15:00,19165.6,19063.45,19063.45,2023-01-04 11:15:00,19063.45,-102.14999999999782,-109.79580999999781,-271744.6297499946,Initial SL hit,2475,6.333,-3.6232617299999283,2023,1,-12.427414476666513
2023-01-09 14:15:00,LONG,2023-01-09 15:15:00,18743.15,18649.0,18649.0,2023-01-10 09:15:00,18649.0,-94.15000000000146,-101.62843000000146,-256611.78575000368,Initial SL Hit,2525,6.333,-3.421490476666716,2023,1,-15.848904953333204
2023-01-23 13:15:00,LONG,2023-01-23 14:15:00,18895.15,18865.3,18865.3,2023-01-23 15:15:00,18865.3,-29.850000000002183,-37.40209000000218,-94440.27725000551,Initial SL hit,2525,6.333,-1.2592036966667401,2023,1,-17.108108649999963
2023-01-24 11:15:00,LONG,2023-01-24 12:15:00,18913.9,18884.35,18884.35,2023-01-24 12:15:00,18884.35,-29.55000000000291,-37.10965000000291,-92774.12500000728,Initial SL hit,2500,6.333,-1.2369883333334304,2023,1,-18.345096983333406
2023-01-24 14:15:00,LONG,2023-01-24 15:15:00,18903.25,18844.9,18844.9,2023-01-25 09:15:00,18844.9,-58.349999999998545,-65.89962999999855,-166396.56574999634,Initial SL hit,2525,6.333,-2.2186208766666176,2023,1,-20.563717859999997
2023-02-13 12:15:00,LONG,2023-02-13 13:15:00,18411.8,18342.15,18425.56875,2023-02-17 12:15:00,18349.4,-62.39999999999782,-69.75223999999781,-179612.01799999436,TSL Hit,2575,6.333,-2.3948269066665917,2023,2,-22.95854476666659
2023-02-17 13:15:00,LONG,2023-02-17 14:15:00,18372.45,18317.4,18317.4,2023-02-20 12:15:00,18317.4,-55.04999999999927,-62.38796999999927,-160649.0227499981,Initial SL Hit,2575,6.333,-2.1419869699999747,2023,2,-25.10053173666654
2023-02-21 09:15:00,LONG,2023-02-21 10:15:00,18328.5,18215.4,18215.4,2023-02-22 09:15:00,18184.2,-144.29999999999927,-151.60253999999927,-394166.6039999981,Gap Open Outside ISL,2600,6.333,-5.255554719999974,2023,2,-30.356086456666503
2023-03-08 14:15:00,LONG,2023-03-08 15:15:00,18405.5,18322.9,18322.9,2023-03-09 14:15:00,18322.9,-82.59999999999854,-89.94567999999855,-231610.12599999626,Initial SL hit,2575,6.333,-3.0881350133332837,2023,3,-33.444221469999775
2023-03-29 09:15:00,LONG,2023-03-29 10:15:00,17772.75,17701.4,17701.4,2023-03-29 12:15:00,17701.4,-71.34999999999854,-78.44482999999855,-209839.92024999612,Initial SL hit,2675,6.333,-2.797865603333282,2023,3,-36.242087073333096
2023-03-29 13:15:00,LONG,2023-03-29 14:15:00,17807.7,17725.0,17725.0,2023-03-29 14:15:00,17725.0,-82.70000000000073,-89.80654000000072,-240232.49450000192,Initial SL hit,2675,6.333,-3.203099926666692,2023,3,-39.445186999999805
2023-03-31 10:15:00,LONG,2023-03-31 11:15:00,17988.85,17929.0,19026.57125,2023-05-05 15:15:00,19019.65,1030.800000000003,1023.3983000000029,2712005.4950000076,TSL Hit,2650,6.333,36.16007326666677,2023,3,-3.2851137333329916
2023-05-08 09:15:00,LONG,2023-05-08 10:15:00,19285.6,19055.65,19342.769375,2023-05-17 11:15:00,19273.6,-12.0,-19.71184,-48786.804,TSL Hit,2475,6.333,-0.65049072,2023,5,-3.935604453332985
2023-05-17 13:15:00,LONG,2023-05-17 14:15:00,19264.2,19206.4,19368.34,2023-05-19 09:15:00,19299.85,35.64999999999782,27.937189999997816,69144.5452499946,TSL Hit,2475,6.333,0.9219272699999279,2023,5,-3.013677183333016
2023-05-19 10:15:00,LONG,2023-05-19 11:15:00,19322.25,19266.85,19380.9975,2023-05-22 14:15:00,19372.7,50.45000000000073,42.71101000000073,104641.97450000179,TSL Hit,2450,6.333,1.3952263266666904,2023,5,-1.6184508566662998
2023-05-23 11:15:00,LONG,2023-05-23 12:15:00,19451.3,19416.85,19416.85,2023-05-23 12:15:00,19416.85,-34.45000000000073,-42.223630000000725,-103447.89350000178,Initial SL hit,2450,6.333,-1.3793052466666904,2023,5,-2.9977561033330176
2023-05-23 13:15:00,LONG,2023-05-23 14:15:00,19460.55,19415.95,19415.95,2023-05-23 14:15:00,19415.95,-44.599999999998545,-52.375299999998546,-128319.48499999644,Initial SL Hit,2450,6.333,-1.710926466666619,2023,5,-4.70868256999961
2023-05-24 09:15:00,LONG,2023-05-24 10:15:00,19381.35,19288.75,19288.75,2023-05-24 13:15:00,19288.75,-92.59999999999854,-100.33401999999855,-245818.34899999644,Initial SL Hit,2450,6.333,-3.2775779866666186,2023,5,-7.986260556666252
2023-05-29 10:15:00,LONG,2023-05-29 11:15:00,19600.45,19566.95,19566.95,2023-05-29 11:15:00,19566.95,-33.5,-41.33348,-100233.689,Initial SL hit,2425,6.333,-1.3364491866666666,2023,5,-9.322709743332894
2023-05-29 15:15:00,LONG,2023-05-30 09:15:00,19536.1,19510.4,19510.4,2023-05-30 09:15:00,19510.4,-25.69999999999709,-33.50929999999709,-81260.05249999295,Initial SL hit,2425,6.333,-1.0834673666665726,2023,5,-10.406177109999476
2023-05-30 11:15:00,LONG,2023-05-30 12:15:00,19538.4,19498.5,19498.5,2023-05-31 09:15:00,19498.5,-39.900000000001455,-47.70738000000146,-115690.39650000354,Initial SL hit,2425,6.333,-1.5425386200000473,2023,5,-11.948715729999549
2023-06-01 11:15:00,LONG,2023-06-01 12:15:00,19468.05,19416.45,19416.45,2023-06-01 12:15:00,19416.45,-51.599999999998545,-59.37689999999854,-145473.40499999642,Initial SL hit,2450,6.333,-1.9396453999999521,2023,6,-13.888361129999453
2023-06-02 10:15:00,LONG,2023-06-02 11:15:00,19369.05,19318.3,19425.428125,2023-06-08 14:15:00,19421.1,52.04999999999927,44.291969999999274,108515.32649999822,TSL Hit,2450,6.333,1.4468710199999761,2023,6,-12.44149010999945
2023-06-09 10:15:00,LONG,2023-06-09 11:15:00,19486.8,19446.55,19446.55,2023-06-09 12:15:00,19446.55,-40.25,-48.03667,-116488.92475,Initial SL hit,2425,6.333,-1.5531856633333334,2023,6,-13.994675773332801
2023-06-12 10:15:00,LONG,2023-06-12 11:15:00,19450.95,19425.65,19425.65,2023-06-12 11:15:00,19425.65,-25.299999999999272,-33.07531999999927,-81034.53399999822,Initial SL Hit,2450,6.333,-1.0804604533333098,2023,6,-15.075136226666132
2023-06-13 10:15:00,LONG,2023-06-13 11:15:00,19470.9,19444.8,19444.8,2023-06-13 12:15:00,19444.8,-26.100000000002183,-33.883140000002186,-83013.69300000535,Initial SL Hit,2450,6.333,-1.1068492400000713,2023,6,-16.18198546666622
2023-06-16 09:15:00,LONG,2023-06-16 10:15:00,19364.75,19264.25,19435.16875,2023-06-19 10:15:00,19402.8,38.04999999999927,30.29648999999927,74226.40049999821,TSL Hit,2450,6.333,0.9896853399999761,2023,6,-15.192300126666282
2023-06-19 11:15:00,LONG,2023-06-19 12:15:00,19421.85,19382.15,19382.15,2023-06-19 13:15:00,19382.15,-39.69999999999709,-47.46079999999709,-116278.95999999288,Initial SL Hit,2450,6.333,-1.5503861333332383,2023,6,-16.742686259999573
2023-06-20 14:15:00,LONG,2023-06-20 15:15:00,19510.5,19386.7,20030.8775,2023-07-11 14:15:00,19960.35,449.84999999999854,441.95582999999857,1071742.8877499965,TSL Hit,2425,6.333,14.289905169999953,2023,6,-2.4527810899995757
2023-07-12 12:15:00,LONG,2023-07-12 13:15:00,20024.55,19975.7,19975.7,2023-07-12 14:15:00,19975.7,-48.849999999998545,-56.85004999999855,-135018.86874999656,Initial SL Hit,2375,6.333,-1.8002515833332875,2023,7,-4.253032673332882
2023-07-13 10:15:00,LONG,2023-07-13 11:15:00,20137.25,20082.6,20082.6,2023-07-13 13:15:00,20082.6,-54.650000000001455,-62.69397000000146,-147330.82950000343,Initial SL Hit,2350,6.333,-1.964411060000046,2023,7,-6.217443733332971
2023-07-14 13:15:00,LONG,2023-07-14 14:15:00,20027.7,19946.05,19946.05,2023-07-14 14:15:00,19946.05,-81.65000000000146,-89.64475000000145,-212906.28125000343,Initial SL Hit,2375,6.333,-2.8387504166667124,2023,7,-9.05619414999967
2023-07-17 11:15:00,LONG,2023-07-17 12:15:00,20031.15,19984.6,20351.404375000002,2023-07-28 09:15:00,20251.85,220.6999999999971,212.6433999999971,505028.0749999931,TSL Hit,2375,6.333,6.733707666666574,2023,7,-2.3224864833331367
2023-07-28 13:15:00,LONG,2023-07-28 14:15:00,20251.4,20195.6,20195.6,2023-08-02 09:15:00,20195.6,-55.80000000000291,-63.88940000000291,-150140.09000000684,Initial SL Hit,2350,6.333,-2.0018678666667578,2023,7,-4.324354349999908
2023-08-31 11:15:00,LONG,2023-08-31 12:15:00,19652.7,19612.05,19612.05,2023-08-31 12:15:00,19612.05,-40.650000000001455,-48.502950000001455,-117619.65375000353,Initial SL Hit,2425,6.333,-1.5682620500000473,2023,8,-5.892616399999952
2023-08-31 14:15:00,LONG,2023-08-31 15:15:00,19638.85,19566.2,19566.2,2023-09-01 09:15:00,19566.2,-72.64999999999782,-80.49100999999781,-195190.6992499947,Initial SL Hit,2425,6.333,-2.6025426566665963,2023,8,-8.49515905666658
2023-09-01 11:15:00,LONG,2023-09-01 12:15:00,19636.05,19572.5,19716.743125,2023-09-06 12:15:00,19692.0,55.95000000000073,48.084390000000724,116604.64575000176,TSL Hit,2425,6.333,1.5547286100000235,2023,9,-6.940430446666596
2023-09-06 13:15:00,LONG,2023-09-06 14:15:00,19706.95,19654.0,20137.965625,2023-09-20 12:15:00,20132.3,425.34999999999854,417.38214999999855,1001717.1599999965,TSL Hit,2400,6.333,13.356228799999952,2023,9,0.0
2023-09-22 11:15:00,LONG,2023-09-22 12:15:00,19910.2,19856.1,19856.1,2023-09-22 13:15:00,19856.1,-54.10000000000218,-62.05326000000218,-147376.49250000517,Initial SL Hit,2375,6.333,-1.965019900000069,2023,9,-1.9650199000000157
2023-09-25 11:15:00,LONG,2023-09-25 12:15:00,19804.9,19726.9,19726.9,2023-09-27 09:15:00,19726.9,-78.0,-85.90636,-206175.26400000002,Initial SL Hit,2400,6.333,-2.74900352,2023,9,-4.7140234199999895
2023-10-10 12:15:00,LONG,2023-10-10 13:15:00,19832.45,19784.5,19784.5,2023-10-16 09:15:00,19784.5,-47.95000000000073,-55.873390000000725,-134096.13600000174,Initial SL hit,2400,6.333,-1.7879484800000234,2023,10,-6.501971900000058
2023-10-16 10:15:00,LONG,2023-10-16 11:15:00,19829.85,19755.6,19787.166250000002,2023-10-18 10:15:00,19755.6,-74.25,-82.16709,-197201.016,Initial SL hit,2400,6.333,-2.62934688,2023,10,-9.131318780000015
2023-10-18 12:15:00,LONG,2023-10-18 13:15:00,19711.3,19676.5,19676.5,2023-10-18 14:15:00,19676.5,-34.79999999999927,-42.677559999999275,-102426.14399999825,Initial SL Hit,2400,6.333,-1.3656819199999768,2023,10,-10.497000699999944
2023-10-19 12:15:00,LONG,2023-10-19 13:15:00,19696.35,19633.7,19633.7,2023-10-19 13:15:00,19633.7,-62.64999999999782,-70.51600999999782,-169238.42399999476,Initial SL Hit,2400,6.333,-2.25651231999993,2023,10,-12.7535130199999
2023-10-19 15:15:00,LONG,2023-10-20 09:15:00,19611.15,19588.3,19588.3,2023-10-20 10:15:00,19588.3,-22.850000000002183,-30.689890000002183,-74422.9832500053,Initial SL Hit,2425,6.333,-0.9923064433334041,2023,10,-13.745819463333305
2023-11-09 10:15:00,LONG,2023-11-09 11:15:00,19536.6,19491.05,19491.05,2023-11-09 13:15:00,19491.05,-45.54999999999927,-53.35552999999927,-129387.16024999823,Initial SL hit,2425,6.333,-1.7251621366666432,2023,11,-15.47098159999996
2023-11-10 09:15:00,LONG,2023-11-10 10:15:00,19477.05,19423.1,19529.99875,2023-11-20 09:15:00,19525.15,48.10000000000218,40.29956000000218,98733.92200000535,TSL Hit,2450,6.333,1.3164522933334046,2023,11,-14.154529306666518
2023-11-20 11:15:00,LONG,2023-11-20 12:15:00,19542.3,19483.1,19574.963125000002,2023-11-22 11:15:00,19511.0,-31.299999999999272,-39.11065999999927,-94843.35049999823,TSL Hit,2425,6.333,-1.264578006666643,2023,11,-15.419107313333143
2023-11-22 12:15:00,LONG,2023-11-22 13:15:00,19524.1,19467.25,19592.19875,2023-11-24 12:15:00,19584.25,60.150000000001455,52.32833000000146,126896.20025000353,TSL Hit,2425,6.333,1.6919493366667138,2023,11,-13.727157976666376
2023-11-24 13:15:00,LONG,2023-11-24 14:15:00,19629.85,19576.95,21258.773125,2023-12-20 14:15:00,21187.35,1557.5,1549.33656,3757141.158,TSL Hit,2425,6.333,50.09521544,2023,11,0.0
2023-12-21 09:15:00,LONG,2023-12-21 10:15:00,21127.95,20996.45,21292.838125000002,2023-12-22 12:15:00,21273.3,145.34999999999854,136.86974999999853,307956.9374999967,TSL Hit,2250,6.333,4.106092499999956,2023,12,0.0
2023-12-26 10:15:00,LONG,2023-12-26 11:15:00,21277.8,21228.05,21228.05,2023-12-26 12:15:00,21228.05,-49.75,-58.25117,-129608.85325,Initial SL Hit,2225,6.333,-1.7281180433333334,2023,12,-1.7281180433333247
2023-12-26 13:15:00,LONG,2023-12-26 14:15:00,21278.65,21240.3,21240.3,2023-12-26 14:15:00,21240.3,-38.35000000000218,-46.853790000002185,-104249.68275000487,Initial SL Hit,2225,6.333,-1.389995770000065,2023,12,-3.118113813333366
2023-12-27 10:15:00,LONG,2023-12-27 11:15:00,21404.85,21367.65,21367.65,2023-12-27 12:15:00,21367.65,-37.19999999999709,-45.754499999997094,-101803.76249999354,Initial SL hit,2225,6.333,-1.357383499999914,2023,12,-4.475497313333335
2023-12-27 13:15:00,LONG,2023-12-27 14:15:00,21369.75,21309.75,21397.285625,2024-01-01 15:15:00,21389.45,19.700000000000728,11.148160000000727,24804.656000001618,TSL Hit,2225,6.333,0.3307287466666883,2023,12,-4.1447685666666985
2024-01-04 10:15:00,LONG,2024-01-04 11:15:00,21474.0,21403.75,21403.75,2024-01-05 13:15:00,21403.75,-70.25,-78.82554999999999,-173416.21,Initial SL hit,2200,6.333,-2.312216133333333,2024,1,-6.456984700000021
2024-01-08 12:15:00,LONG,2024-01-08 13:15:00,21439.25,21389.75,21389.75,2024-01-08 14:15:00,21389.75,-49.5,-58.0658,-129196.40500000001,Initial SL Hit,2225,6.333,-1.7226187333333334,2024,1,-8.179603433333341
2024-01-09 11:15:00,LONG,2024-01-09 12:15:00,21453.75,21412.95,21412.95,2024-01-09 13:15:00,21412.95,-40.79999999999927,-49.373339999999274,-109855.68149999839,Initial SL hit,2225,6.333,-1.4647424199999786,2024,1,-9.644345853333334
2024-01-10 09:15:00,LONG,2024-01-10 10:15:00,21231.5,21095.85,21361.059375,2024-01-17 09:15:00,20800.6,-430.90000000000146,-439.3064200000015,-977456.7845000033,Gap Open Outside ISL,2225,6.333,-13.032757126666711,2024,1,-22.677102980000086
2024-02-09 14:15:00,LONG,2024-02-09 15:15:00,20232.55,20101.2,20101.2,2024-02-12 09:15:00,20101.2,-131.34999999999854,-139.41674999999856,-327629.3624999966,Initial SL Hit,2350,6.333,-4.368391499999954,2024,2,-27.045494480000002
2024-02-13 09:15:00,LONG,2024-02-13 10:15:00,20177.7,19920.05,20512.8,2024-02-28 10:15:00,20440.5,262.7999999999993,254.67635999999928,598489.4459999983,TSL Hit,2350,6.333,7.979859279999976,2024,2,-19.065635199999974
2024-02-28 12:15:00,LONG,2024-02-28 13:15:00,20473.95,20334.65,20334.65,2024-02-28 14:15:00,20334.65,-139.29999999999927,-147.46171999999927,-342848.4989999983,Initial SL Hit,2325,6.333,-4.571313319999978,2024,2,-23.63694851999992
2024-02-28 15:15:00,LONG,2024-02-29 09:15:00,20340.95,20293.35,20293.35,2024-02-29 09:15:00,20293.35,-47.60000000000218,-55.72686000000218,-129564.94950000508,Initial SL Hit,2325,6.333,-1.7275326600000678,2024,2,-25.364481179999984
2024-02-29 10:15:00,LONG,2024-02-29 11:15:00,20336.25,20244.2,20769.79875,2024-03-13 13:15:00,20755.65,419.40000000000146,411.18162000000143,955997.2665000033,TSL Hit,2325,6.333,12.746630220000043,2024,2,-12.617850959999942
2024-03-14 09:15:00,LONG,2024-03-14 10:15:00,20731.3,20590.5,20590.5,2024-03-15 09:15:00,20590.5,-140.79999999999927,-149.06435999999928,-342848.02799999836,Initial SL Hit,2300,6.333,-4.5713070399999784,2024,3,-17.189157999999907
2024-03-15 12:15:00,LONG,2024-03-15 13:15:00,20595.35,20530.35,20530.35,2024-03-18 09:15:00,20530.35,-65.0,-73.22514,-168417.822,Initial SL Hit,2300,6.333,-2.24557096,2024,3,-19.434728959999916
2024-03-18 10:15:00,LONG,2024-03-18 11:15:00,20607.7,20489.75,20489.75,2024-03-20 09:15:00,20489.75,-117.95000000000073,-126.16949000000074,-290189.8270000017,Initial SL Hit,2300,6.333,-3.869197693333356,2024,3,-23.303926653333292
2024-03-28 09:15:00,LONG,2024-03-28 10:15:00,21018.9,20809.35,21325.116875,2024-04-15 09:15:00,21269.6,250.6999999999971,242.2422999999971,545045.1749999935,TSL Hit,2250,6.333,7.267268999999914,2024,3,-16.03665765333335
2024-04-15 11:15:00,LONG,2024-04-15 12:15:00,21301.15,21269.4,21269.4,2024-04-15 12:15:00,21269.4,-31.75,-40.26411,-89587.64475,Initial SL Hit,2225,6.333,-1.1945019300000002,2024,4,-17.23115958333335
2024-04-16 09:15:00,LONG,2024-04-16 10:15:00,21076.65,20964.1,20964.1,2024-04-18 13:15:00,20964.1,-112.55000000000291,-120.95815000000292,-272155.83750000654,Initial SL Hit,2250,6.333,-3.6287445000000877,2024,4,-20.85990408333339
2024-04-19 14:15:00,LONG,2024-04-19 15:15:00,21198.55,21086.55,21352.32625,2024-04-26 13:15:00,21345.55,147.0,138.49117999999999,311605.15499999997,TSL Hit,2250,6.333,4.1547354,2024,4,-16.70516868333334
2024-04-29 13:15:00,LONG,2024-04-29 14:15:00,21787.25,21629.4,21629.4,2024-05-07 09:15:00,21629.4,-157.84999999999854,-166.53332999999856,-362209.99274999683,Initial SL hit,2175,6.333,-4.829466569999958,2024,4,-21.53463525333325
2024-05-07 11:15:00,LONG,2024-05-07 12:15:00,21570.15,21526.65,21526.65,2024-05-07 12:15:00,21526.65,-43.5,-52.11936,-114662.592,Initial SL Hit,2200,6.333,-1.5288345600000002,2024,5,-23.0634698133332
2024-05-07 14:15:00,LONG,2024-05-07 15:15:00,21568.3,21509.4,21509.4,2024-05-08 09:15:00,21445.65,-122.64999999999782,-131.25278999999782,-288756.1379999952,Gap Open Outside ISL,2200,6.333,-3.8500818399999357,2024,5,-26.913551653333116
2024-05-08 10:15:00,LONG,2024-05-08 11:15:00,21500.95,21396.4,21396.4,2024-05-09 09:15:00,21374.7,-126.25,-134.82513,-296615.286,Gap Open Outside ISL,2200,6.333,-3.9548704800000003,2024,5,-30.86842213333307
2024-05-23 11:15:00,LONG,2024-05-23 12:15:00,21584.25,21522.3,21738.961875,2024-06-04 10:15:00,21522.3,-61.95000000000073,-70.57131000000072,-155256.88200000158,Initial SL hit,2200,6.333,-2.0700917600000213,2024,5,-32.93851389333304
2024-06-05 13:15:00,LONG,2024-06-05 14:15:00,21579.55,21304.0,23503.743125,2024-07-08 11:15:00,23494.4,1914.8500000000022,1905.8352100000022,4192837.462000005,TSL Hit,2200,6.333,55.904499493333404,2024,6,0.0
2024-07-08 12:15:00,LONG,2024-07-08 13:15:00,23579.8,23476.8,23603.975625,2024-07-10 09:15:00,23581.6,1.7999999999992724,-7.632280000000726,-15455.36700000147,TSL Hit,2025,6.333,-0.2060715600000196,2024,7,-0.2060715600000549
2024-07-10 11:15:00,LONG,2024-07-10 12:15:00,23586.8,23499.1,23499.1,2024-07-11 10:15:00,23499.1,-87.70000000000073,-97.11718000000073,-196662.28950000147,Initial SL Hit,2025,6.333,-2.6221638600000197,2024,7,-2.8282354200000555
2024-07-11 12:15:00,LONG,2024-07-11 13:15:00,23490.35,23435.25,23635.111875,2024-07-12 14:15:00,23584.55,94.20000000000073,84.78502000000073,171689.6655000015,TSL Hit,2025,6.333,2.2891955400000197,2024,7,-0.5390398800000185
2024-07-15 11:15:00,LONG,2024-07-15 12:15:00,23685.35,23571.85,23656.105625,2024-07-16 14:15:00,23644.8,-40.54999999999927,-50.016029999999276,-100032.05999999856,TSL Hit,2000,6.333,-1.3337607999999808,2024,7,-1.8728006799999548
2024-07-16 15:15:00,LONG,2024-07-18 09:15:00,23672.35,23628.85,23628.85,2024-07-18 10:15:00,23628.85,-43.5,-52.96024,-105920.48,Initial SL Hit,2000,6.333,-1.4122730666666667,2024,7,-3.285073746666626
2024-07-18 11:15:00,LONG,2024-07-18 12:15:00,23670.0,23523.75,23673.996250000004,2024-07-19 09:15:00,23646.15,-23.849999999998545,-33.31322999999855,-66626.4599999971,TSL Hit,2000,6.333,-0.8883527999999613,2024,7,-4.173426546666633
2024-08-09 12:15:00,LONG,2024-08-09 13:15:00,23043.1,22984.9,22984.9,2024-08-09 14:15:00,22984.9,-58.19999999999709,-67.4055999999971,-138181.47999999404,Initial SL Hit,2050,6.333,-1.842419733333254,2024,8,-6.0158462799998915
2024-08-12 10:15:00,LONG,2024-08-12 11:15:00,23110.1,22892.8,22892.8,2024-08-13 09:15:00,22892.8,-217.29999999999927,-226.50057999999927,-464326.1889999985,Initial SL Hit,2050,6.333,-6.1910158533333135,2024,8,-12.206862133333175
2024-08-21 13:15:00,LONG,2024-08-21 14:15:00,23075.45,23014.05,23593.525625000002,2024-09-06 14:15:00,23523.4,447.9500000000007,438.6302300000007,899191.9715000015,TSL Hit,2050,6.333,11.989226286666685,2024,8,-0.21763584666643965
2024-09-06 15:15:00,LONG,2024-09-09 09:15:00,23562.2,23521.45,23521.45,2024-09-09 09:15:00,23521.45,-40.75,-50.16673,-101587.62825000001,Initial SL Hit,2025,6.333,-1.35450171,2024,9,-1.572137556666462
2024-09-09 10:15:00,LONG,2024-09-09 11:15:00,23619.55,23482.3,23632.822500000002,2024-09-10 09:15:00,23597.35,-22.200000000000728,-31.643380000000725,-63286.76000000145,TSL Hit,2000,6.333,-0.843823466666686,2024,9,-2.415961023333125
2024-09-10 10:15:00,LONG,2024-09-10 11:15:00,23649.05,23579.05,23652.655625000003,2024-09-10 14:15:00,23645.35,-3.7000000000007276,-13.158880000000726,-26317.760000001454,TSL Hit,2000,6.333,-0.35090346666668604,2024,9,-2.7668644899997616
2024-09-10 15:15:00,LONG,2024-09-11 09:15:00,23676.35,23639.6,23639.6,2024-09-11 11:15:00,23639.6,-36.75,-46.21319,-92426.37999999999,Initial SL Hit,2000,6.333,-1.2323517333333331,2024,9,-3.9992162233330646
