week_start,entry_time,current week open,previous week high,previous week low,previous week range,multiplier%,high level,low level,strike,type,expiry,tag,entry price,exit price,exit_time,dte,slippage,final points,portfolio,index leverage,qty,PnL,ROI%,Trade Year
2023-08-26,2023-08-26 09:16:00,64940.5703,65913.77,64735.82,1177.9500000000044,36.27778427440156,65176.1603,64704.980299999996,65200,CE,2023-09-01,STRANGLE,273.45,297.8,2023-08-30 09:15:00,6,5.7125,-30.06250000000002,10000000,9,1380.3680981595091,-41497.315950920274,-0.41497315950920277,2023
2023-08-26,2023-08-26 09:16:00,64940.5703,65913.77,64735.82,1177.9500000000044,36.27778427440156,65176.1603,64704.980299999996,64700,PE,2023-09-01,STRANGLE,223.35,0.05,2023-09-01 15:15:00,6,2.234,221.06599999999997,10000000,8,1236.4760432766616,273342.81298299844,2.7334281298299845,2023
2023-08-26,2023-08-30 14:15:00,64940.5703,65913.77,64735.82,1177.9500000000044,36.27778427440156,65176.1603,64704.980299999996,65200,CE,2023-09-01,RE-ENTRY,166.7,67.5,2023-09-01 12:15:00,2,2.342,96.85799999999999,10000000,9,1380.3680981595091,133699.69325153372,1.3369969325153372,2023
2023-09-02,2023-09-02 09:16:00,65604.3672,65473.2695,64723.6289,749.6405999999988,22.853374919833048,65754.29531999999,65454.43908,65800,CE,2023-09-08,STRANGLE,220.1,227.6,2023-09-05 09:15:00,6,4.477,-11.977,10000000,9,1367.7811550151976,-16381.914893617022,-0.16381914893617022,2023
2023-09-02,2023-09-02 09:16:00,65604.3672,65473.2695,64723.6289,749.6405999999988,22.853374919833048,65754.29531999999,65454.43908,65500,PE,2023-09-08,STRANGLE,359.0,323.15,2023-09-04 09:15:00,6,6.8215,29.028500000000022,10000000,8,1221.3740458015268,35454.65648854965,0.35454656488549646,2023
2023-09-02,2023-09-04 11:15:00,65604.3672,65473.2695,64723.6289,749.6405999999988,22.853374919833048,65754.29531999999,65454.43908,65500,PE,2023-09-08,RE-ENTRY,254.0,0.05,2023-09-08 15:15:00,4,2.5405,251.40949999999998,10000000,8,1221.3740458015268,307065.03816793894,3.070650381679389,2023
2023-09-02,2023-09-05 11:15:00,65604.3672,65473.2695,64723.6289,749.6405999999988,22.853374919833048,65754.29531999999,65454.43908,65800,CE,2023-09-08,RE-ENTRY,195.7,225.15,2023-09-05 14:15:00,3,4.2085,-33.65850000000002,10000000,9,1367.7811550151976,-46037.462006079055,-0.4603746200607905,2023
2023-09-02,2023-09-06 09:15:00,65604.3672,65473.2695,64723.6289,749.6405999999988,22.853374919833048,65754.29531999999,65454.43908,65800,CE,2023-09-08,RE-ENTRY,183.65,187.55,2023-09-06 14:15:00,2,3.7120000000000006,-7.612000000000006,10000000,9,1367.7811550151976,-10411.550151975693,-0.10411550151975693,2023
2023-09-09,2023-09-09 09:16:00,66816.7031,66766.9219,65285.5586,1481.3633000000045,44.341107276213535,67112.97576,66520.43044,67100,CE,2023-09-15,STRANGLE,245.35,337.9,2023-09-11 14:15:00,6,5.8325000000000005,-98.38249999999998,10000000,9,1341.2816691505216,-131958.64381520115,-1.3195864381520115,2023
2023-09-09,2023-09-09 09:16:00,66816.7031,66766.9219,65285.5586,1481.3633000000045,44.341107276213535,67112.97576,66520.43044,66500,PE,2023-09-15,STRANGLE,248.4,0.05,2023-09-15 15:15:00,6,2.4845,245.8655,10000000,8,1203.0075187969924,295778.0451127819,2.957780451127819,2023
2023-09-16,2023-09-16 09:16:00,67685.5469,67927.2266,66735.8438,1191.3827999999921,35.20346232143667,67923.82346,67447.27034,67900,CE,2023-09-22,STRANGLE,283.45,0.1,2023-09-22 15:15:00,6,2.8355,280.51449999999994,10000000,9,1325.4786450662739,371815.97938144323,3.7181597938144324,2023
2023-09-16,2023-09-16 09:16:00,67685.5469,67927.2266,66735.8438,1191.3827999999921,35.20346232143667,67923.82346,67447.27034,67400,PE,2023-09-22,STRANGLE,283.15,406.05,2023-09-20 09:15:00,6,6.892,-129.79200000000003,10000000,8,1186.9436201780416,-154055.7863501484,-1.540557863501484,2023
2023-09-23,2023-09-23 09:16:00,66084.4609,67803.1484,65952.8281,1850.3203000000067,55.998650054812096,66454.52496000001,65714.39684,66500,CE,2023-09-29,STRANGLE,201.0,0.05,2023-09-29 15:15:00,6,2.0105,198.93949999999998,10000000,9,1353.3834586466166,269241.4285714286,2.692414285714286,2023
2023-09-23,2023-09-23 09:16:00,66084.4609,67803.1484,65952.8281,1850.3203000000067,55.998650054812096,66454.52496000001,65714.39684,65700,PE,2023-09-29,STRANGLE,224.85,370.0,2023-09-27 09:15:00,6,5.9485,-151.0985,10000000,8,1217.6560121765601,-183985.99695585997,-1.8398599695585995,2023
2023-09-23,2023-09-27 10:15:00,66084.4609,67803.1484,65952.8281,1850.3203000000067,55.998650054812096,66454.52496000001,65714.39684,65700,PE,2023-09-29,RE-ENTRY,196.15,230.0,2023-09-28 13:15:00,2,4.2615,-38.11149999999999,10000000,8,1217.6560121765601,-46406.69710806696,-0.4640669710806696,2023
2023-09-23,2023-09-29 09:15:00,66084.4609,67803.1484,65952.8281,1850.3203000000067,55.998650054812096,66454.52496000001,65714.39684,65700,PE,2023-09-29,RE-ENTRY,105.65,0.05,2023-09-29 15:15:00,0,1.057,104.543,10000000,8,1217.6560121765601,127297.41248097413,1.2729741248097415,2023
2023-09-30,2023-09-30 09:16:00,65813.5,66304.2891,65423.3906,880.8984999999957,26.769538164662134,65989.6797,65637.3203,66000,CE,2023-10-06,STRANGLE,193.55,54.75,2023-10-06 13:15:00,6,2.483,136.317,10000000,9,1363.6363636363637,185886.8181818182,1.858868181818182,2023
2023-09-30,2023-09-30 09:16:00,65813.5,66304.2891,65423.3906,880.8984999999957,26.769538164662134,65989.6797,65637.3203,65600,PE,2023-10-06,STRANGLE,420.4,457.4,2023-10-03 09:15:00,6,8.778,-45.778,10000000,8,1219.5121951219512,-55826.829268292684,-0.5582682926829268,2023
2023-09-30,2023-10-05 10:15:00,65813.5,66304.2891,65423.3906,880.8984999999957,26.769538164662134,65989.6797,65637.3203,65600,PE,2023-10-06,RE-ENTRY,147.8,186.55,2023-10-05 12:15:00,1,3.3435,-42.0935,10000000,8,1219.5121951219512,-51333.53658536585,-0.5133353658536585,2023
2023-09-30,2023-10-05 13:15:00,65813.5,66304.2891,65423.3906,880.8984999999957,26.769538164662134,65989.6797,65637.3203,65600,PE,2023-10-06,RE-ENTRY,173.15,167.0,2023-10-05 14:15:00,1,3.4015,2.7485000000000057,10000000,8,1219.5121951219512,3351.82926829269,0.0335182926829269,2023
2023-09-30,2023-10-06 09:15:00,65813.5,66304.2891,65423.3906,880.8984999999957,26.769538164662134,65989.6797,65637.3203,65600,PE,2023-10-06,RE-ENTRY,50.8,0.05,2023-10-06 15:15:00,0,0.5085,50.2415,10000000,8,1219.5121951219512,61270.12195121952,0.6127012195121951,2023
2023-10-07,2023-10-07 09:16:00,65578.3828,66095.8125,64878.7695,1217.0429999999978,37.117200761467934,65821.7914,65334.974200000004,65800,CE,2023-10-13,STRANGLE,263.45,350.0,2023-10-10 09:15:00,6,6.134500000000001,-92.68450000000001,10000000,9,1367.7811550151976,-126772.1124620061,-1.267721124620061,2023
2023-10-07,2023-10-07 09:16:00,65578.3828,66095.8125,64878.7695,1217.0429999999978,37.117200761467934,65821.7914,65334.974200000004,65300,PE,2023-10-13,STRANGLE,310.75,0.05,2023-10-13 15:15:00,6,3.108,307.592,10000000,8,1225.114854517611,376835.52833078103,3.76835528330781,2023
2023-10-14,2023-10-14 09:16:00,66179.4375,66592.1562,65434.6094,1157.5467999999964,34.98206825949515,66410.94686,65947.92814,66400,CE,2023-10-20,STRANGLE,268.85,349.6,2023-10-17 09:15:00,6,6.184500000000001,-86.9345,10000000,9,1355.421686746988,-117832.90662650602,-1.1783290662650603,2023
2023-10-14,2023-10-14 09:16:00,66179.4375,66592.1562,65434.6094,1157.5467999999964,34.98206825949515,66410.94686,65947.92814,65900,PE,2023-10-20,STRANGLE,274.5,177.5,2023-10-18 14:15:00,6,4.5200000000000005,92.48,10000000,8,1213.9605462822458,112267.07132018209,1.1226707132018208,2023
2023-10-14,2023-10-17 13:15:00,66179.4375,66592.1562,65434.6094,1157.5467999999964,34.98206825949515,66410.94686,65947.92814,66400,CE,2023-10-20,RE-ENTRY,246.8,276.25,2023-10-17 14:15:00,3,5.230499999999999,-34.68049999999999,10000000,9,1355.421686746988,-47006.7018072289,-0.47006701807228896,2023
2023-10-14,2023-10-18 10:15:00,66179.4375,66592.1562,65434.6094,1157.5467999999964,34.98206825949515,66410.94686,65947.92814,66400,CE,2023-10-20,RE-ENTRY,145.3,0.05,2023-10-20 15:15:00,2,1.4535000000000002,143.7965,10000000,9,1355.421686746988,194904.89457831325,1.9490489457831326,2023
2023-10-21,2023-10-21 09:16:00,65369.3906,66559.8203,65308.6094,1251.2109000000055,38.28124718666126,65619.63278,65119.14842,65600,CE,2023-10-27,STRANGLE,278.0,0.05,2023-10-27 15:15:00,6,2.7805,275.16949999999997,10000000,9,1371.9512195121952,377519.1310975609,3.775191310975609,2023
2023-10-21,2023-10-21 09:16:00,65369.3906,66559.8203,65308.6094,1251.2109000000055,38.28124718666126,65619.63278,65119.14842,65100,PE,2023-10-27,STRANGLE,238.35,324.8,2023-10-23 12:15:00,6,5.6315,-92.08150000000002,10000000,8,1228.878648233487,-113156.98924731185,-1.1315698924731186,2023
2023-10-28,2023-10-28 09:16:00,63809.3984,65453.9219,63092.9805,2360.9414000000033,73.99980125811696,64281.58668,63337.210119999996,64300,CE,2023-11-03,STRANGLE,172.25,229.2,2023-11-03 09:15:00,6,4.0145,-60.96449999999999,10000000,9,1399.6889580093314,-85331.33748055986,-0.8533133748055985,2023
2023-10-28,2023-10-28 09:16:00,63809.3984,65453.9219,63092.9805,2360.9414000000033,73.99980125811696,64281.58668,63337.210119999996,63300,PE,2023-11-03,STRANGLE,319.95,0.05,2023-11-03 15:15:00,6,3.2,316.7,10000000,8,1263.823064770932,400252.76461295417,4.002527646129542,2023
2023-11-04,2023-11-04 09:16:00,64791.4102,64535.1914,63431.4492,1103.7422000000006,34.07063364087731,65012.15864,64570.661759999995,65000,CE,2023-11-10,STRANGLE,230.05,242.85,2023-11-08 14:15:00,6,4.729,-17.528999999999982,10000000,9,1384.6153846153845,-24270.92307692305,-0.24270923076923048,2023
2023-11-04,2023-11-04 09:16:00,64791.4102,64535.1914,63431.4492,1103.7422000000006,34.07063364087731,65012.15864,64570.661759999995,64600,PE,2023-11-10,STRANGLE,305.15,0.05,2023-11-10 15:15:00,6,3.052,302.04799999999994,10000000,8,1238.390092879257,374053.2507739938,3.740532507739938,2023
2023-11-04,2023-11-08 15:15:00,64791.4102,64535.1914,63431.4492,1103.7422000000006,34.07063364087731,65012.15864,64570.661759999995,65000,CE,2023-11-10,RE-ENTRY,211.95,186.9,2023-11-09 09:15:00,2,3.9885,21.06149999999998,10000000,9,1384.6153846153845,29162.076923076896,0.29162076923076896,2023
2023-11-04,2023-11-09 10:15:00,64791.4102,64535.1914,63431.4492,1103.7422000000006,34.07063364087731,65012.15864,64570.661759999995,65000,CE,2023-11-10,RE-ENTRY,157.4,0.05,2023-11-10 15:15:00,1,1.5745000000000002,155.7755,10000000,9,1384.6153846153845,215689.15384615381,2.156891538461538,2023
2023-11-11,2023-11-11 09:16:00,65143.0898,65124.0,64580.9492,543.0507999999973,16.67255273482583,65251.69996,65034.479640000005,65300,CE,2023-11-17,STRANGLE,273.85,392.75,2023-11-15 09:15:00,6,6.666,-125.56599999999997,10000000,9,1378.2542113323125,-173061.86830015312,-1.7306186830015313,2023
2023-11-11,2023-11-11 09:16:00,65143.0898,65124.0,64580.9492,543.0507999999973,16.67255273482583,65251.69996,65034.479640000005,65000,PE,2023-11-17,STRANGLE,244.95,284.5,2023-11-13 10:15:00,6,5.2945,-44.84450000000001,10000000,8,1230.7692307692307,-55193.23076923078,-0.5519323076923078,2023
2023-11-11,2023-11-15 09:15:00,65143.0898,65124.0,64580.9492,543.0507999999973,16.67255273482583,65251.69996,65034.479640000005,65000,PE,2023-11-17,RE-ENTRY,61.2,0.05,2023-11-17 15:15:00,2,0.6125,60.53750000000001,10000000,8,1230.7692307692307,74507.69230769231,0.7450769230769231,2023
2023-11-18,2023-11-18 09:16:00,65766.6797,66358.3672,64853.3594,1505.0077999999921,45.76809432573475,66067.68126,65465.678139999996,66100,CE,2023-11-24,STRANGLE,310.3,212.0,2023-11-23 09:15:00,6,5.223,93.07700000000001,10000000,9,1361.5733736762481,126731.16490166416,1.2673116490166416,2023
2023-11-18,2023-11-18 09:16:00,65766.6797,66358.3672,64853.3594,1505.0077999999921,45.76809432573475,66067.68126,65465.678139999996,65500,PE,2023-11-24,STRANGLE,240.25,0.05,2023-11-24 15:15:00,6,2.403,237.797,10000000,8,1221.3740458015268,290439.0839694657,2.9043908396946567,2023
2023-11-18,2023-11-23 10:15:00,65766.6797,66358.3672,64853.3594,1505.0077999999921,45.76809432573475,66067.68126,65465.678139999996,66100,CE,2023-11-24,RE-ENTRY,165.85,0.05,2023-11-24 15:15:00,1,1.659,164.141,10000000,9,1361.5733736762481,223490.01512859305,2.2349001512859306,2023
2023-11-25,2023-11-25 09:16:00,66098.7969,66235.2422,65547.7969,687.4452999999921,20.800538958069662,66236.28596,65961.30784000001,66200,CE,2023-12-01,STRANGLE,266.7,544.9,2023-11-29 09:15:00,6,8.116,-286.316,10000000,9,1359.5166163141994,-389251.35951661627,-3.8925135951661622,2023
2023-11-25,2023-11-25 09:16:00,66098.7969,66235.2422,65547.7969,687.4452999999921,20.800538958069662,66236.28596,65961.30784000001,66000,PE,2023-12-01,STRANGLE,213.75,222.0,2023-11-28 09:15:00,6,4.3575,-12.6075,10000000,8,1212.121212121212,-15281.81818181818,-0.15281818181818183,2023
2023-11-25,2023-11-28 11:15:00,66098.7969,66235.2422,65547.7969,687.4452999999921,20.800538958069662,66236.28596,65961.30784000001,66000,PE,2023-12-01,RE-ENTRY,204.3,217.55,2023-11-28 12:15:00,3,4.218500000000001,-17.4685,10000000,8,1212.121212121212,-21173.939393939392,-0.21173939393939395,2023
2023-11-25,2023-11-28 14:15:00,66098.7969,66235.2422,65547.7969,687.4452999999921,20.800538958069662,66236.28596,65961.30784000001,66000,PE,2023-12-01,RE-ENTRY,101.05,0.05,2023-12-01 15:15:00,3,1.011,99.989,10000000,8,1212.121212121212,121198.78787878787,1.2119878787878786,2023
2023-12-02,2023-12-02 09:16:00,68573.9297,67564.3281,65906.6484,1657.6796999999933,48.34722779493833,68905.46564,68242.39375999999,68900,CE,2023-12-08,STRANGLE,187.15,655.05,2023-12-05 09:15:00,6,8.421999999999999,-476.322,10000000,9,1306.2409288824383,-622191.2917271408,-6.221912917271408,2023
2023-12-02,2023-12-02 09:16:00,68573.9297,67564.3281,65906.6484,1657.6796999999933,48.34722779493833,68905.46564,68242.39375999999,68200,PE,2023-12-08,STRANGLE,302.1,0.05,2023-12-08 15:15:00,6,3.0215000000000005,299.0285,10000000,8,1173.0205278592375,350766.568914956,3.50766568914956,2023
2023-12-09,2023-12-09 09:16:00,69851.2266,69893.7969,68274.4688,1619.3280999999988,46.365058391114886,70175.09221999999,69527.36098,70200,CE,2023-12-15,STRANGLE,328.25,392.9,2023-12-14 09:15:00,6,7.2115,-71.86149999999998,10000000,9,1282.051282051282,-92130.12820512817,-0.9213012820512818,2023
2023-12-09,2023-12-09 09:16:00,69851.2266,69893.7969,68274.4688,1619.3280999999988,46.365058391114886,70175.09221999999,69527.36098,69500,PE,2023-12-15,STRANGLE,165.35,237.0,2023-12-13 09:15:00,6,4.0235,-75.6735,10000000,8,1151.0791366906474,-87106.1870503597,-0.871061870503597,2023
2023-12-09,2023-12-13 14:15:00,69851.2266,69893.7969,68274.4688,1619.3280999999988,46.365058391114886,70175.09221999999,69527.36098,69500,PE,2023-12-15,RE-ENTRY,123.4,0.05,2023-12-15 15:15:00,2,1.2345000000000002,122.11550000000001,10000000,8,1151.0791366906474,140564.60431654676,1.4056460431654676,2023
2023-12-16,2023-12-16 09:16:00,71371.4375,71605.7578,69100.5625,2505.1953000000067,70.2016209215348,71872.47656,70870.39844,71900,CE,2023-12-22,STRANGLE,200.75,0.05,2023-12-22 15:15:00,6,2.008,198.69199999999998,10000000,9,1251.7385257301808,248710.43115438105,2.4871043115438103,2023
2023-12-16,2023-12-16 09:16:00,71371.4375,71605.7578,69100.5625,2505.1953000000067,70.2016209215348,71872.47656,70870.39844,70900,PE,2023-12-22,STRANGLE,302.0,509.85,2023-12-20 14:15:00,6,8.118500000000001,-215.96850000000003,10000000,8,1128.3497884344147,-243688.01128349794,-2.436880112834979,2023
2023-12-16,2023-12-21 14:15:00,71371.4375,71605.7578,69100.5625,2505.1953000000067,70.2016209215348,71872.47656,70870.39844,70900,PE,2023-12-22,RE-ENTRY,152.5,142.0,2023-12-21 15:15:00,1,2.945,7.555,10000000,8,1128.3497884344147,8524.682651622003,0.08524682651622002,2023
2023-12-16,2023-12-22 09:15:00,71371.4375,71605.7578,69100.5625,2505.1953000000067,70.2016209215348,71872.47656,70870.39844,70900,PE,2023-12-22,RE-ENTRY,53.8,0.05,2023-12-22 15:15:00,0,0.5385,53.2115,10000000,8,1128.3497884344147,60041.18476727786,0.6004118476727787,2023
2023-12-23,2023-12-23 09:16:00,71133.5938,71913.0703,69920.3906,1992.6797000000079,56.02640309732271,71532.12974,70735.05786,71500,CE,2023-12-29,STRANGLE,404.65,589.55,2023-12-27 09:15:00,6,9.942,-194.84199999999998,10000000,9,1258.7412587412587,-245255.6643356643,-2.452556643356643,2023
2023-12-23,2023-12-23 09:16:00,71133.5938,71913.0703,69920.3906,1992.6797000000079,56.02640309732271,71532.12974,70735.05786,70700,PE,2023-12-29,STRANGLE,320.0,0.1,2023-12-29 15:15:00,6,3.2010000000000005,316.69899999999996,10000000,8,1131.5417256011315,358358.13295615267,3.583581329561526,2023
2023-12-30,2023-12-30 09:16:00,72152.2031,72484.3438,71012.0781,1472.2657000000036,40.80999988204112,72446.65624,71857.74996,72400,CE,2024-01-05,STRANGLE,428.0,0.1,2024-01-05 15:15:00,6,4.281000000000001,423.61899999999997,10000000,9,1243.0939226519338,526598.2044198895,5.2659820441988945,2023
2023-12-30,2023-12-30 09:16:00,72152.2031,72484.3438,71012.0781,1472.2657000000036,40.80999988204112,72446.65624,71857.74996,71900,PE,2024-01-05,STRANGLE,334.7,497.3,2024-01-02 10:15:00,6,8.32,-170.92000000000002,10000000,8,1112.6564673157163,-190175.24339360226,-1.9017524339360226,2023
2023-12-30,2024-01-02 13:15:00,72152.2031,72484.3438,71012.0781,1472.2657000000036,40.80999988204112,72446.65624,71857.74996,71900,PE,2024-01-05,RE-ENTRY,336.1,506.25,2024-01-03 09:15:00,3,8.4235,-178.57349999999997,10000000,8,1112.6564673157163,-198690.95966620304,-1.9869095966620303,2023
2023-12-30,2024-01-04 12:15:00,72152.2031,72484.3438,71012.0781,1472.2657000000036,40.80999988204112,72446.65624,71857.74996,71900,PE,2024-01-05,RE-ENTRY,184.9,180.45,2024-01-04 13:15:00,1,3.6535,0.7965000000000169,10000000,8,1112.6564673157163,886.2308762169869,0.008862308762169868,2023
2023-12-30,2024-01-05 09:15:00,72152.2031,72484.3438,71012.0781,1472.2657000000036,40.80999988204112,72446.65624,71857.74996,71900,PE,2024-01-05,RE-ENTRY,27.35,57.75,2024-01-05 13:15:00,0,0.851,-31.250999999999998,10000000,8,1112.6564673157163,-34771.62726008345,-0.3477162726008345,2023
2023-12-30,2024-01-05 14:15:00,72152.2031,72484.3438,71012.0781,1472.2657000000036,40.80999988204112,72446.65624,71857.74996,71900,PE,2024-01-05,RE-ENTRY,0.35,0.05,2024-01-05 15:15:00,0,0.004,0.296,10000000,8,1112.6564673157163,329.346314325452,0.0032934631432545197,2023
2024-01-06,2024-01-06 09:16:00,72144.1875,72561.9062,71303.9688,1257.9373999999953,34.87286900278682,72395.77498,71892.60002,72400,CE,2024-01-12,STRANGLE,310.35,97.2,2024-01-12 12:15:00,6,4.0755,209.07450000000003,10000000,9,1243.0939226519338,259899.24033149178,2.598992403314918,2024
2024-01-06,2024-01-06 09:16:00,72144.1875,72561.9062,71303.9688,1257.9373999999953,34.87286900278682,72395.77498,71892.60002,71900,PE,2024-01-12,STRANGLE,357.85,464.0,2024-01-08 10:15:00,6,8.2185,-114.36849999999998,10000000,8,1112.6564673157163,-127252.85118219748,-1.272528511821975,2024
2024-01-06,2024-01-09 10:15:00,72144.1875,72561.9062,71303.9688,1257.9373999999953,34.87286900278682,72395.77498,71892.60002,71900,PE,2024-01-12,RE-ENTRY,310.95,369.8,2024-01-09 13:15:00,3,6.8075,-65.65750000000003,10000000,8,1112.6564673157163,-73054.24200278167,-0.7305424200278167,2024
2024-01-06,2024-01-12 09:15:00,72144.1875,72561.9062,71303.9688,1257.9373999999953,34.87286900278682,72395.77498,71892.60002,71900,PE,2024-01-12,RE-ENTRY,30.6,0.05,2024-01-12 15:15:00,0,0.30650000000000005,30.2435,10000000,8,1112.6564673157163,33650.62586926287,0.3365062586926287,2024
2024-01-13,2024-01-13 09:16:00,73124.6094,72720.9609,71110.9766,1609.984300000011,44.03399384175066,73446.60626,72802.61254,73400,CE,2024-01-19,STRANGLE,347.2,0.05,2024-01-19 15:15:00,6,3.4725,343.67749999999995,10000000,9,1226.158038147139,421402.9291553133,4.214029291553133,2024
2024-01-13,2024-01-13 09:16:00,73124.6094,72720.9609,71110.9766,1609.984300000011,44.03399384175066,73446.60626,72802.61254,72800,PE,2024-01-19,STRANGLE,358.0,663.3,2024-01-17 09:15:00,6,10.213,-315.513,10000000,8,1098.901098901099,-346717.5824175824,-3.467175824175824,2024
2024-01-20,2024-01-20 09:16:00,72016.1172,73427.5938,70665.5,2762.0938000000024,76.70765676881015,72568.53596,71463.69844,72600,CE,2024-01-25,STRANGLE,284.45,0.45,2024-01-25 15:15:00,5,2.8489999999999998,281.151,10000000,9,1239.6694214876034,348534.2975206612,3.485342975206612,2024
2024-01-20,2024-01-20 09:16:00,72016.1172,73427.5938,70665.5,2762.0938000000024,76.70765676881015,72568.53596,71463.69844,71500,PE,2024-01-25,STRANGLE,272.4,392.4,2024-01-20 14:15:00,5,6.648,-126.648,10000000,8,1118.881118881119,-141704.05594405596,-1.4170405594405595,2024
2024-01-20,2024-01-23 09:15:00,72016.1172,73427.5938,70665.5,2762.0938000000024,76.70765676881015,72568.53596,71463.69844,71500,PE,2024-01-25,RE-ENTRY,255.45,445.0,2024-01-23 10:15:00,2,7.0045,-196.55450000000002,10000000,8,1118.881118881119,-219921.11888111892,-2.1992111888111894,2024
2024-01-27,2024-01-27 09:16:00,71001.5391,72039.2031,70001.6016,2037.6015000000043,57.39598115275235,71409.0594,70594.01879999999,71400,CE,2024-02-02,STRANGLE,550.5,892.75,2024-01-29 10:15:00,6,14.432500000000001,-356.6825,10000000,9,1260.5042016806722,-449599.78991596634,-4.495997899159663,2024
2024-01-27,2024-01-27 09:16:00,71001.5391,72039.2031,70001.6016,2037.6015000000043,57.39598115275235,71409.0594,70594.01879999999,70600,PE,2024-02-02,STRANGLE,382.95,0.05,2024-02-02 15:15:00,6,3.83,379.07,10000000,8,1133.14447592068,429541.07648725214,4.295410764872521,2024
2024-01-27,2024-01-30 14:15:00,71001.5391,72039.2031,70001.6016,2037.6015000000043,57.39598115275235,71409.0594,70594.01879999999,71400,CE,2024-02-02,RE-ENTRY,585.35,695.8,2024-01-31 09:15:00,3,12.8115,-123.26149999999993,10000000,9,1260.5042016806722,-155371.63865546207,-1.5537163865546209,2024
2024-02-03,2024-02-03 09:16:00,72275.3125,73089.3984,70846.0391,2243.359300000011,62.07816258144885,72723.98436,71826.64064,72700,CE,2024-02-09,STRANGLE,374.85,0.05,2024-02-09 15:15:00,6,3.7490000000000006,371.051,10000000,9,1237.9642365887207,459347.8679504814,4.593478679504814,2024
2024-02-03,2024-02-03 09:16:00,72275.3125,73089.3984,70846.0391,2243.359300000011,62.07816258144885,72723.98436,71826.64064,71800,PE,2024-02-09,STRANGLE,556.45,662.85,2024-02-05 14:15:00,6,12.193000000000001,-118.59299999999998,10000000,8,1114.2061281337046,-132137.0473537604,-1.321370473537604,2024
2024-02-03,2024-02-06 09:15:00,72275.3125,73089.3984,70846.0391,2243.359300000011,62.07816258144885,72723.98436,71826.64064,71800,PE,2024-02-09,RE-ENTRY,488.5,473.0,2024-02-08 10:15:00,3,9.615,5.885,10000000,8,1114.2061281337046,6557.103064066851,0.06557103064066852,2024
2024-02-10,2024-02-10 09:16:00,71676.4219,72559.2109,71200.3125,1358.8984000000055,37.91758472251544,71948.20158000001,71404.64222,71900,CE,2024-02-16,STRANGLE,549.05,424.45,2024-02-15 13:15:00,6,9.735,114.86499999999997,10000000,9,1251.7385257301808,143780.94575799716,1.4378094575799716,2024
2024-02-10,2024-02-10 09:16:00,71676.4219,72559.2109,71200.3125,1358.8984000000055,37.91758472251544,71948.20158000001,71404.64222,71400,PE,2024-02-16,STRANGLE,502.9,563.4,2024-02-12 09:15:00,6,10.663,-71.163,10000000,8,1120.4481792717088,-79734.45378151261,-0.7973445378151262,2024
2024-02-10,2024-02-12 10:15:00,71676.4219,72559.2109,71200.3125,1358.8984000000055,37.91758472251544,71948.20158000001,71404.64222,71400,PE,2024-02-16,RE-ENTRY,512.15,654.95,2024-02-12 11:15:00,4,11.671,-154.47100000000006,10000000,8,1120.4481792717088,-173076.7507002802,-1.730767507002802,2024
2024-02-10,2024-02-13 09:15:00,71676.4219,72559.2109,71200.3125,1358.8984000000055,37.91758472251544,71948.20158000001,71404.64222,71400,PE,2024-02-16,RE-ENTRY,471.7,571.7,2024-02-13 11:15:00,3,10.434000000000001,-110.43400000000005,10000000,8,1120.4481792717088,-123735.57422969195,-1.2373557422969195,2024
2024-02-10,2024-02-13 12:15:00,71676.4219,72559.2109,71200.3125,1358.8984000000055,37.91758472251544,71948.20158000001,71404.64222,71400,PE,2024-02-16,RE-ENTRY,470.35,576.5,2024-02-14 09:15:00,3,10.468499999999999,-116.61849999999998,10000000,8,1120.4481792717088,-130664.98599439775,-1.3066498599439775,2024
2024-02-10,2024-02-14 13:15:00,71676.4219,72559.2109,71200.3125,1358.8984000000055,37.91758472251544,71948.20158000001,71404.64222,71400,PE,2024-02-16,RE-ENTRY,346.85,0.05,2024-02-16 15:15:00,2,3.4690000000000003,343.331,10000000,8,1120.4481792717088,384684.59383753507,3.846845938375351,2024
2024-02-17,2024-02-17 09:16:00,72675.4609,72545.3281,70809.8438,1735.4842999999964,47.75984296509625,73022.55776000001,72328.36404,73000,CE,2024-02-23,STRANGLE,368.9,487.5,2024-02-20 14:15:00,6,8.564,-127.16400000000002,10000000,9,1232.876712328767,-156777.53424657535,-1.5677753424657535,2024
2024-02-17,2024-02-17 09:16:00,72675.4609,72545.3281,70809.8438,1735.4842999999964,47.75984296509625,73022.55776000001,72328.36404,72300,PE,2024-02-23,STRANGLE,475.0,376.35,2024-02-22 09:15:00,6,8.5135,90.13649999999998,10000000,8,1106.5006915629322,99736.09958506221,0.9973609958506221,2024
2024-02-17,2024-02-21 13:15:00,72675.4609,72545.3281,70809.8438,1735.4842999999964,47.75984296509625,73022.55776000001,72328.36404,73000,CE,2024-02-23,RE-ENTRY,302.1,351.7,2024-02-22 14:15:00,2,6.537999999999999,-56.13799999999996,10000000,9,1232.876712328767,-69211.23287671228,-0.6921123287671228,2024
2024-02-17,2024-02-22 13:15:00,72675.4609,72545.3281,70809.8438,1735.4842999999964,47.75984296509625,73022.55776000001,72328.36404,72300,PE,2024-02-23,RE-ENTRY,145.95,0.05,2024-02-23 15:15:00,1,1.46,144.43999999999997,10000000,8,1106.5006915629322,159822.95988934988,1.598229598893499,2024
2024-02-24,2024-02-24 09:16:00,72972.3203,73413.9297,72081.3594,1332.5702999999921,36.52262377081058,73238.83436000001,72705.80624,73200,CE,2024-03-01,STRANGLE,560.7,429.0,2024-03-01 11:15:00,6,9.897,121.80300000000004,10000000,9,1229.5081967213114,149757.78688524594,1.4975778688524592,2024
2024-02-24,2024-02-24 09:16:00,72972.3203,73413.9297,72081.3594,1332.5702999999921,36.52262377081058,73238.83436000001,72705.80624,72700,PE,2024-03-01,STRANGLE,470.8,444.15,2024-02-28 10:15:00,6,9.149500000000002,17.50050000000003,10000000,8,1100.4126547455296,19257.771664374173,0.19257771664374174,2024
2024-02-24,2024-03-01 09:15:00,72972.3203,73413.9297,72081.3594,1332.5702999999921,36.52262377081058,73238.83436000001,72705.80624,72700,PE,2024-03-01,RE-ENTRY,110.75,0.05,2024-03-01 15:15:00,0,1.108,109.592,10000000,8,1100.4126547455296,120596.42365887208,1.2059642365887209,2024
2024-03-02,2024-03-02 09:16:00,73848.19,73819.2109,72099.3203,1719.8905999999988,46.57908609540731,74192.16812,73504.21188,74200,CE,2024-03-07,STRANGLE,420.05,0.05,2024-03-07 15:15:00,5,4.2010000000000005,415.799,10000000,9,1212.9380053908355,504338.409703504,5.04338409703504,2024
2024-03-02,2024-03-02 09:16:00,73848.19,73819.2109,72099.3203,1719.8905999999988,46.57908609540731,74192.16812,73504.21188,73500,PE,2024-03-07,STRANGLE,429.95,394.45,2024-03-05 10:15:00,5,8.244,27.256,10000000,8,1088.4353741496598,29666.394557823125,0.2966639455782312,2024
2024-03-02,2024-03-05 11:15:00,73848.19,73819.2109,72099.3203,1719.8905999999988,46.57908609540731,74192.16812,73504.21188,73500,PE,2024-03-07,RE-ENTRY,316.7,285.2,2024-03-06 10:15:00,2,6.019,25.481,10000000,8,1088.4353741496598,27734.42176870748,0.2773442176870748,2024
2024-03-02,2024-03-06 12:15:00,73848.19,73819.2109,72099.3203,1719.8905999999988,46.57908609540731,74192.16812,73504.21188,73500,PE,2024-03-07,RE-ENTRY,221.6,0.05,2024-03-07 15:15:00,1,2.2165,219.3335,10000000,8,1088.4353741496598,238730.34013605438,2.3873034013605436,2024
2024-03-09,2024-03-09 09:16:00,74187.3516,74245.1719,73321.4766,923.6953000000067,24.901692271759345,74372.09066,74002.61253999999,74400,CE,2024-03-15,STRANGLE,400.0,0.05,2024-03-15 15:15:00,6,4.000500000000001,395.9495,10000000,9,1209.6774193548388,478971.1693548387,4.789711693548387,2024
2024-03-09,2024-03-09 09:16:00,74187.3516,74245.1719,73321.4766,923.6953000000067,24.901692271759345,74372.09066,74002.61253999999,74000,PE,2024-03-15,STRANGLE,471.2,522.85,2024-03-11 09:15:00,6,9.9405,-61.590500000000034,10000000,8,1081.081081081081,-66584.32432432436,-0.6658432432432436,2024
2024-03-16,2024-03-16 09:16:00,72550.5234,74187.3516,72484.8203,1702.5312999999878,46.93367380999453,72891.02966,72210.01714000001,72900,CE,2024-03-22,STRANGLE,462.4,0.05,2024-03-22 15:15:00,6,4.6245,457.72549999999995,10000000,9,1234.567901234568,565093.2098765431,5.6509320987654315,2024
2024-03-16,2024-03-16 09:16:00,72550.5234,74187.3516,72484.8203,1702.5312999999878,46.93367380999453,72891.02966,72210.01714000001,72200,PE,2024-03-22,STRANGLE,396.5,410.55,2024-03-19 10:15:00,6,8.0705,-22.12050000000001,10000000,8,1108.03324099723,-24510.249307479236,-0.24510249307479234,2024
2024-03-16,2024-03-20 12:15:00,72550.5234,74187.3516,72484.8203,1702.5312999999878,46.93367380999453,72891.02966,72210.01714000001,72200,PE,2024-03-22,RE-ENTRY,257.95,336.4,2024-03-20 13:15:00,2,5.943499999999999,-84.39349999999999,10000000,8,1108.03324099723,-93510.80332409972,-0.9351080332409972,2024
2024-03-16,2024-03-21 09:15:00,72550.5234,74187.3516,72484.8203,1702.5312999999878,46.93367380999453,72891.02966,72210.01714000001,72200,PE,2024-03-22,RE-ENTRY,75.05,0.1,2024-03-22 15:15:00,1,0.7515,74.19850000000001,10000000,8,1108.03324099723,82214.40443213299,0.8221440443213299,2024
2024-03-23,2024-03-23 09:16:00,72417.6875,73115.6172,71674.4219,1441.1952999999921,39.80230106077309,72705.92655999999,72129.44844000001,72700,CE,2024-03-28,STRANGLE,478.1,479.6,2024-03-27 09:15:00,5,9.577,-11.077,10000000,9,1237.9642365887207,-13712.92984869326,-0.1371292984869326,2024
2024-03-23,2024-03-23 09:16:00,72417.6875,73115.6172,71674.4219,1441.1952999999921,39.80230106077309,72705.92655999999,72129.44844000001,72100,PE,2024-03-28,STRANGLE,170.0,0.1,2024-03-28 15:15:00,5,1.701,168.199,10000000,8,1109.5700416088766,186628.57142857145,1.8662857142857145,2024
2024-03-30,2024-03-30 09:16:00,74004.3984,74190.3125,72363.0312,1827.2813000000024,49.383045859609396,74369.85466000001,73638.94214,74400,CE,2024-04-05,STRANGLE,355.0,0.05,2024-04-05 15:15:00,6,3.5505,351.3995,10000000,9,1209.6774193548388,425080.04032258067,4.250800403225806,2024
2024-03-30,2024-03-30 09:16:00,74004.3984,74190.3125,72363.0312,1827.2813000000024,49.383045859609396,74369.85466000001,73638.94214,73600,PE,2024-04-05,STRANGLE,285.05,0.1,2024-04-05 15:15:00,6,2.8515000000000006,282.0985,10000000,8,1086.9565217391305,306628.8043478261,3.066288043478261,2024
2024-04-06,2024-04-06 09:16:00,74470.5234,74501.7266,73485.1172,1016.6094000000012,27.302329930985852,74673.84528000001,74267.20152,74700,CE,2024-04-12,STRANGLE,372.8,407.65,2024-04-08 11:15:00,6,7.804500000000001,-42.65449999999997,10000000,9,1204.8192771084337,-51390.96385542165,-0.5139096385542166,2024
2024-04-06,2024-04-06 09:16:00,74470.5234,74501.7266,73485.1172,1016.6094000000012,27.302329930985852,74673.84528000001,74267.20152,74300,PE,2024-04-12,STRANGLE,429.1,73.95,2024-04-12 14:15:00,6,5.0305,350.1195,10000000,8,1076.7160161507402,376979.2732166891,3.7697927321668914,2024
2024-04-06,2024-04-09 13:15:00,74470.5234,74501.7266,73485.1172,1016.6094000000012,27.302329930985852,74673.84528000001,74267.20152,74700,CE,2024-04-12,RE-ENTRY,331.45,332.0,2024-04-09 15:15:00,3,6.634500000000001,-7.184500000000012,10000000,9,1204.8192771084337,-8656.024096385556,-0.08656024096385556,2024
2024-04-06,2024-04-12 09:15:00,74470.5234,74501.7266,73485.1172,1016.6094000000012,27.302329930985852,74673.84528000001,74267.20152,74700,CE,2024-04-12,RE-ENTRY,100.1,111.4,2024-04-12 10:15:00,0,2.115,-13.415000000000012,10000000,9,1204.8192771084337,-16162.65060240965,-0.1616265060240965,2024
2024-04-06,2024-04-12 12:15:00,74470.5234,74501.7266,73485.1172,1016.6094000000012,27.302329930985852,74673.84528000001,74267.20152,74700,CE,2024-04-12,RE-ENTRY,42.9,0.05,2024-04-12 15:15:00,0,0.4295,42.420500000000004,10000000,9,1204.8192771084337,51109.03614457831,0.5110903614457831,2024
2024-04-13,2024-04-13 09:16:00,73357.0781,75123.2969,74189.3125,933.9844000000012,25.464056753372823,73543.87498,73170.28122,73500,CE,2024-04-19,STRANGLE,700.0,704.55,2024-04-15 09:15:00,6,14.0455,-18.595499999999955,10000000,9,1224.4897959183672,-22769.99999999994,-0.22769999999999943,2024
2024-04-13,2024-04-13 09:16:00,73357.0781,75123.2969,74189.3125,933.9844000000012,25.464056753372823,73543.87498,73170.28122,73200,PE,2024-04-19,STRANGLE,285.3,422.6,2024-04-16 09:15:00,6,7.079000000000001,-144.37900000000002,10000000,8,1092.896174863388,-157791.25683060114,-1.5779125683060113,2024
2024-04-13,2024-04-15 14:15:00,73357.0781,75123.2969,74189.3125,933.9844000000012,25.464056753372823,73543.87498,73170.28122,73500,CE,2024-04-19,RE-ENTRY,477.95,0.05,2024-04-19 15:15:00,4,4.78,473.12,10000000,9,1224.4897959183672,579330.6122448979,5.793306122448978,2024
2024-04-13,2024-04-18 10:15:00,73357.0781,75123.2969,74189.3125,933.9844000000012,25.464056753372823,73543.87498,73170.28122,73200,PE,2024-04-19,RE-ENTRY,212.75,451.25,2024-04-18 13:15:00,1,6.640000000000001,-245.14,10000000,8,1092.896174863388,-267912.5683060109,-2.6791256830601093,2024
2024-04-20,2024-04-20 09:16:00,73728.1797,73905.7969,71816.4609,2089.3359999999957,56.676728179144135,74146.04689999999,73310.3125,74100,CE,2024-04-26,STRANGLE,228.95,506.15,2024-04-25 13:15:00,6,7.350999999999999,-284.551,10000000,9,1214.5748987854251,-345608.5020242915,-3.4560850202429148,2024
2024-04-20,2024-04-20 09:16:00,73728.1797,73905.7969,71816.4609,2089.3359999999957,56.676728179144135,74146.04689999999,73310.3125,73300,PE,2024-04-26,STRANGLE,469.95,0.05,2024-04-26 15:15:00,6,4.7,465.2,10000000,8,1091.4051841746248,507721.6916780354,5.077216916780354,2024
2024-04-20,2024-04-26 10:15:00,73728.1797,73905.7969,71816.4609,2089.3359999999957,56.676728179144135,74146.04689999999,73310.3125,74100,CE,2024-04-26,RE-ENTRY,106.55,147.0,2024-04-26 11:15:00,0,2.5355000000000003,-42.9855,10000000,9,1214.5748987854251,-52209.1093117409,-0.5220910931174089,2024
2024-04-20,2024-04-26 12:15:00,73728.1797,73905.7969,71816.4609,2089.3359999999957,56.676728179144135,74146.04689999999,73310.3125,74100,CE,2024-04-26,RE-ENTRY,105.65,0.05,2024-04-26 15:15:00,0,1.057,104.543,10000000,9,1214.5748987854251,126975.3036437247,1.2697530364372471,2024
2024-04-27,2024-04-27 09:16:00,74000.6875,74571.25,73227.3203,1343.9296999999933,36.32208687250354,74269.47344,73731.90156,74300,CE,2024-05-03,STRANGLE,402.0,511.0,2024-04-29 10:15:00,6,9.13,-118.13,10000000,9,1211.3055181695827,-143091.5208613728,-1.4309152086137278,2024
2024-04-27,2024-04-27 09:16:00,74000.6875,74571.25,73227.3203,1343.9296999999933,36.32208687250354,74269.47344,73731.90156,73700,PE,2024-05-03,STRANGLE,304.5,201.65,2024-05-03 12:15:00,6,5.0615,97.7885,10000000,8,1085.4816824966078,106147.62550881953,1.0614762550881953,2024
2024-04-27,2024-05-03 11:15:00,74000.6875,74571.25,73227.3203,1343.9296999999933,36.32208687250354,74269.47344,73731.90156,74300,CE,2024-05-03,RE-ENTRY,59.6,0.05,2024-05-03 15:15:00,0,0.5965,58.953500000000005,10000000,9,1211.3055181695827,71410.6998654105,0.714106998654105,2024
2024-04-27,2024-05-03 14:15:00,74000.6875,74571.25,73227.3203,1343.9296999999933,36.32208687250354,74269.47344,73731.90156,73700,PE,2024-05-03,RE-ENTRY,0.45,0.05,2024-05-03 15:15:00,0,0.005,0.395,10000000,8,1085.4816824966078,428.76526458616013,0.0042876526458616015,2024
2024-05-04,2024-05-04 09:16:00,74196.6797,75095.1797,73467.7266,1627.4530999999988,43.86862340957284,74522.17031999999,73871.18908,74500,CE,2024-05-10,STRANGLE,371.85,0.05,2024-05-10 15:15:00,6,3.7190000000000003,368.081,10000000,9,1208.0536912751677,444661.610738255,4.4466161073825505,2024
2024-05-04,2024-05-04 09:16:00,74196.6797,75095.1797,73467.7266,1627.4530999999988,43.86862340957284,74522.17031999999,73871.18908,73900,PE,2024-05-10,STRANGLE,420.55,524.85,2024-05-07 09:15:00,6,9.454,-113.75400000000002,10000000,8,1082.5439783491204,-123143.70771312586,-1.2314370771312586,2024
2024-05-11,2024-05-11 09:16:00,72476.6484,74359.6875,72334.1797,2025.5078000000067,55.89408022350014,72881.74996,72071.54684000001,72900,CE,2024-05-17,STRANGLE,442.1,544.65,2024-05-14 10:15:00,6,9.8675,-112.41749999999996,10000000,9,1234.567901234568,-138787.037037037,-1.3878703703703699,2024
2024-05-11,2024-05-11 09:16:00,72476.6484,74359.6875,72334.1797,2025.5078000000067,55.89408022350014,72881.74996,72071.54684000001,72100,PE,2024-05-17,STRANGLE,330.65,506.6,2024-05-13 09:15:00,6,8.3725,-184.32250000000005,10000000,8,1109.5700416088766,-204518.72399445222,-2.045187239944522,2024
2024-05-11,2024-05-13 10:15:00,72476.6484,74359.6875,72334.1797,2025.5078000000067,55.89408022350014,72881.74996,72071.54684000001,72100,PE,2024-05-17,RE-ENTRY,450.4,0.05,2024-05-17 15:15:00,4,4.5045,445.84549999999996,10000000,8,1109.5700416088766,494696.80998613033,4.946968099861303,2024
2024-05-11,2024-05-16 10:15:00,72476.6484,74359.6875,72334.1797,2025.5078000000067,55.89408022350014,72881.74996,72071.54684000001,72900,CE,2024-05-17,RE-ENTRY,353.2,613.75,2024-05-16 11:15:00,1,9.669500000000001,-270.21950000000004,10000000,9,1234.567901234568,-333604.3209876544,-3.3360432098765442,2024
2024-05-11,2024-05-16 12:15:00,72476.6484,74359.6875,72334.1797,2025.5078000000067,55.89408022350014,72881.74996,72071.54684000001,72900,CE,2024-05-17,RE-ENTRY,331.35,748.3,2024-05-16 14:15:00,1,10.796500000000002,-427.7464999999999,10000000,9,1234.567901234568,-528082.098765432,-5.28082098765432,2024
2024-05-18,2024-05-18 09:16:00,73921.46,74070.8438,71866.0078,2204.8359999999957,59.65347545895321,74362.4272,73480.4928,74400,CE,2024-05-24,STRANGLE,319.55,402.85,2024-05-23 09:15:00,6,7.224000000000001,-90.52400000000002,10000000,9,1209.6774193548388,-109504.83870967744,-1.0950483870967744,2024
2024-05-18,2024-05-18 09:16:00,73921.46,74070.8438,71866.0078,2204.8359999999957,59.65347545895321,74362.4272,73480.4928,73500,PE,2024-05-24,STRANGLE,330.6,0.05,2024-05-24 15:15:00,6,3.3065,327.2435,10000000,8,1088.4353741496598,356183.40136054414,3.561834013605441,2024
2024-05-25,2024-05-25 09:16:00,75655.4609,75636.5,73762.3672,1874.1328000000067,49.54388692383226,76030.28746,75280.63434,76000,CE,2024-05-31,STRANGLE,378.25,0.05,2024-05-31 15:15:00,6,3.7830000000000004,374.417,10000000,9,1184.2105263157894,443388.5526315789,4.433885526315789,2024
2024-05-25,2024-05-25 09:16:00,75655.4609,75636.5,73762.3672,1874.1328000000067,49.54388692383226,76030.28746,75280.63434,75300,PE,2024-05-31,STRANGLE,412.8,379.15,2024-05-28 14:15:00,6,7.9195,25.730500000000035,10000000,8,1062.4169986719787,27336.520584329384,0.2733652058432939,2024
2024-06-01,2024-06-01 09:16:00,76583.29,76009.6797,73668.7266,2340.953099999999,61.13482719272048,77051.48061999999,76115.09938,77100,CE,2024-06-07,STRANGLE,610.55,0.05,2024-06-07 15:15:00,6,6.105999999999999,604.394,10000000,9,1167.3151750972763,705518.2879377432,7.0551828793774325,2024
2024-06-01,2024-06-01 09:16:00,76583.29,76009.6797,73668.7266,2340.953099999999,61.13482719272048,77051.48061999999,76115.09938,76100,PE,2024-06-07,STRANGLE,1442.45,1090.0,2024-06-03 09:15:00,6,25.3245,327.12550000000005,10000000,8,1051.2483574244416,343890.1445466492,3.4389014454664917,2024
2024-06-01,2024-06-03 11:15:00,76583.29,76009.6797,73668.7266,2340.953099999999,61.13482719272048,77051.48061999999,76115.09938,76100,PE,2024-06-07,RE-ENTRY,975.35,1938.55,2024-06-04 09:15:00,4,29.139000000000003,-992.3389999999999,10000000,8,1051.2483574244416,-1043194.7437582129,-10.43194743758213,2024
2024-06-01,2024-06-07 11:15:00,76583.29,76009.6797,73668.7266,2340.953099999999,61.13482719272048,77051.48061999999,76115.09938,76100,PE,2024-06-07,RE-ENTRY,154.25,0.05,2024-06-07 15:15:00,0,1.5430000000000001,152.65699999999998,10000000,8,1051.2483574244416,160480.42049934296,1.6048042049934297,2024
2024-06-08,2024-06-08 09:16:00,76935.41,76795.31,70234.43,6560.880000000005,170.55553483110063,78247.58600000001,75623.234,78200,CE,2024-06-14,STRANGLE,383.05,0.05,2024-06-14 15:15:00,6,3.8310000000000004,379.169,10000000,9,1150.8951406649617,436383.7595907928,4.363837595907928,2024
2024-06-08,2024-06-08 09:16:00,76935.41,76795.31,70234.43,6560.880000000005,170.55553483110063,78247.58600000001,75623.234,75600,PE,2024-06-14,STRANGLE,259.85,0.05,2024-06-14 15:15:00,6,2.599,257.201,10000000,8,1058.2010582010582,272170.3703703704,2.721703703703704,2024
2024-06-15,2024-06-15 09:16:00,77235.31,77145.46,76296.44,849.0200000000041,21.98528108451961,77405.114,77065.506,77400,CE,2024-06-21,STRANGLE,301.95,301.05,2024-06-19 08:15:00,6,6.03,-5.130000000000023,10000000,9,1162.7906976744187,-5965.1162790697945,-0.05965116279069794,2024
2024-06-15,2024-06-15 09:16:00,77235.31,77145.46,76296.44,849.0200000000041,21.98528108451961,77405.114,77065.506,77100,PE,2024-06-21,STRANGLE,436.05,276.3,2024-06-21 12:15:00,6,7.1235,152.6265,10000000,8,1037.6134889753566,158367.31517509726,1.5836731517509728,2024
2024-06-15,2024-06-19 09:15:00,77235.31,77145.46,76296.44,849.0200000000041,21.98528108451961,77405.114,77065.506,77400,CE,2024-06-21,RE-ENTRY,300.0,355.0,2024-06-19 11:15:00,2,6.55,-61.55,10000000,9,1162.7906976744187,-71569.76744186046,-0.7156976744186045,2024
2024-06-15,2024-06-19 14:15:00,77235.31,77145.46,76296.44,849.0200000000041,21.98528108451961,77405.114,77065.506,77400,CE,2024-06-21,RE-ENTRY,284.85,263.1,2024-06-20 08:15:00,2,5.479500000000001,16.2705,10000000,9,1162.7906976744187,18919.186046511626,0.18919186046511627,2024
2024-06-15,2024-06-20 09:15:00,77235.31,77145.46,76296.44,849.0200000000041,21.98528108451961,77405.114,77065.506,77400,CE,2024-06-21,RE-ENTRY,217.95,288.85,2024-06-20 11:15:00,1,5.0680000000000005,-75.96800000000003,10000000,9,1162.7906976744187,-88334.88372093027,-0.8833488372093028,2024
2024-06-15,2024-06-21 10:15:00,77235.31,77145.46,76296.44,849.0200000000041,21.98528108451961,77405.114,77065.506,77400,CE,2024-06-21,RE-ENTRY,78.25,129.95,2024-06-21 13:15:00,0,2.082,-53.78199999999999,10000000,9,1162.7906976744187,-62537.20930232557,-0.6253720930232557,2024
2024-06-15,2024-06-21 13:15:00,77235.31,77145.46,76296.44,849.0200000000041,21.98528108451961,77405.114,77065.506,77100,PE,2024-06-21,RE-ENTRY,44.75,0.05,2024-06-21 15:15:00,0,0.44799999999999995,44.252,10000000,8,1037.6134889753566,45916.47211413748,0.45916472114137485,2024
2024-06-15,2024-06-21 14:15:00,77235.31,77145.46,76296.44,849.0200000000041,21.98528108451961,77405.114,77065.506,77400,CE,2024-06-21,RE-ENTRY,0.3,0.05,2024-06-21 15:15:00,0,0.0034999999999999996,0.2465,10000000,9,1162.7906976744187,286.6279069767442,0.002866279069767442,2024
2024-06-22,2024-06-22 09:16:00,76885.65,77851.63,76802.0,1049.6300000000047,27.303664598010286,77095.576,76675.72399999999,77100,CE,2024-06-28,STRANGLE,455.0,553.65,2024-06-24 10:15:00,6,10.0865,-108.73649999999998,10000000,9,1167.3151750972763,-126929.76653696496,-1.2692976653696495,2024
2024-06-22,2024-06-22 09:16:00,76885.65,77851.63,76802.0,1049.6300000000047,27.303664598010286,77095.576,76675.72399999999,76700,PE,2024-06-28,STRANGLE,383.3,0.05,2024-06-28 15:15:00,6,3.8335000000000004,379.4165,10000000,8,1043.0247718383312,395740.80834419816,3.957408083441982,2024
2024-06-29,2024-06-29 09:16:00,79043.35,79671.58,76745.94,2925.6399999999994,74.02621472900628,79628.478,78458.22200000001,79600,CE,2024-07-05,STRANGLE,368.95,418.0,2024-07-02 08:15:00,6,7.8695,-56.91950000000001,10000000,9,1130.6532663316582,-64356.21859296483,-0.6435621859296483,2024
2024-06-29,2024-06-29 09:16:00,79043.35,79671.58,76745.94,2925.6399999999994,74.02621472900628,79628.478,78458.22200000001,78500,PE,2024-07-05,STRANGLE,310.35,0.05,2024-07-05 15:15:00,6,3.1040000000000005,307.196,10000000,8,1019.108280254777,313065.9872611465,3.130659872611465,2024
2024-06-29,2024-07-02 09:15:00,79043.35,79671.58,76745.94,2925.6399999999994,74.02621472900628,79628.478,78458.22200000001,79600,CE,2024-07-05,RE-ENTRY,394.9,351.0,2024-07-03 08:15:00,3,7.459,36.440999999999974,10000000,9,1130.6532663316582,41202.135678391925,0.41202135678391927,2024
2024-07-06,2024-07-06 09:16:00,79915.0,80392.64,78971.79,1420.8500000000058,35.55903147093802,80199.17,79630.83,80200,CE,2024-07-12,STRANGLE,296.45,390.0,2024-07-09 10:15:00,6,6.8645000000000005,-100.41450000000002,10000000,9,1122.1945137157106,-112684.60099750625,-1.1268460099750626,2024
2024-07-06,2024-07-06 09:16:00,79915.0,80392.64,78971.79,1420.8500000000058,35.55903147093802,80199.17,79630.83,79600,PE,2024-07-12,STRANGLE,347.6,340.2,2024-07-10 10:15:00,6,6.878,0.522000000000034,10000000,8,1005.0251256281407,524.6231155779236,0.005246231155779236,2024
2024-07-06,2024-07-10 09:15:00,79915.0,80392.64,78971.79,1420.8500000000058,35.55903147093802,80199.17,79630.83,80200,CE,2024-07-12,RE-ENTRY,307.45,590.85,2024-07-12 10:15:00,2,8.983,-292.38300000000004,10000000,9,1122.1945137157106,-328110.5985037407,-3.281105985037407,2024
2024-07-06,2024-07-10 11:15:00,79915.0,80392.64,78971.79,1420.8500000000058,35.55903147093802,80199.17,79630.83,79600,PE,2024-07-12,RE-ENTRY,274.0,0.05,2024-07-12 15:15:00,2,2.7405000000000004,271.2095,10000000,8,1005.0251256281407,272572.3618090452,2.725723618090452,2024
2024-07-13,2024-07-13 09:16:00,80686.54,80893.51,79435.76,1457.75,36.133659963607315,80978.09,80394.98999999999,81000,CE,2024-07-19,STRANGLE,334.65,398.6,2024-07-18 12:15:00,6,7.3325000000000005,-71.28250000000004,10000000,9,1111.111111111111,-79202.77777777782,-0.7920277777777782,2024
2024-07-13,2024-07-13 09:16:00,80686.54,80893.51,79435.76,1457.75,36.133659963607315,80978.09,80394.98999999999,80400,PE,2024-07-19,STRANGLE,360.05,0.05,2024-07-19 15:15:00,6,3.6010000000000004,356.399,10000000,8,995.0248756218906,354625.8706467662,3.546258706467662,2024
2024-07-13,2024-07-19 12:15:00,80686.54,80893.51,79435.76,1457.75,36.133659963607315,80978.09,80394.98999999999,81000,CE,2024-07-19,RE-ENTRY,48.05,0.05,2024-07-19 15:15:00,0,0.4809999999999999,47.519,10000000,9,1111.111111111111,52798.88888888888,0.5279888888888888,2024
2024-07-20,2024-07-20 09:16:00,80408.9,81587.76,80390.37,1197.3899999999994,29.782524073827638,80648.378,80169.42199999999,80600,CE,2024-07-26,STRANGLE,705.0,883.7,2024-07-22 09:15:00,6,15.887,-194.58700000000005,10000000,9,1116.6253101736972,-217280.76923076928,-2.1728076923076927,2024
2024-07-20,2024-07-20 09:16:00,80408.9,81587.76,80390.37,1197.3899999999994,29.782524073827638,80648.378,80169.42199999999,80200,PE,2024-07-26,STRANGLE,820.05,767.8,2024-07-23 12:15:00,6,15.878499999999999,36.3715,10000000,8,997.5062344139651,36280.798004987526,0.36280798004987524,2024
2024-07-20,2024-07-22 10:15:00,80408.9,81587.76,80390.37,1197.3899999999994,29.782524073827638,80648.378,80169.42199999999,80600,CE,2024-07-26,RE-ENTRY,849.2,817.05,2024-07-23 08:15:00,4,16.6625,15.48750000000009,10000000,9,1116.6253101736972,17293.734491315237,0.17293734491315238,2024
2024-07-20,2024-07-23 09:15:00,80408.9,81587.76,80390.37,1197.3899999999994,29.782524073827638,80648.378,80169.42199999999,80600,CE,2024-07-26,RE-ENTRY,687.8,823.2,2024-07-23 10:15:00,3,15.11,-150.5100000000001,10000000,9,1116.6253101736972,-168063.2754342433,-1.680632754342433,2024
2024-07-20,2024-07-23 11:15:00,80408.9,81587.76,80390.37,1197.3899999999994,29.782524073827638,80648.378,80169.42199999999,80600,CE,2024-07-26,RE-ENTRY,612.5,200.3,2024-07-26 10:15:00,3,8.128,404.072,10000000,9,1116.6253101736972,451197.0223325062,4.511970223325061,2024
2024-07-20,2024-07-23 13:15:00,80408.9,81587.76,80390.37,1197.3899999999994,29.782524073827638,80648.378,80169.42199999999,80200,PE,2024-07-26,RE-ENTRY,387.5,513.65,2024-07-24 11:15:00,3,9.0115,-135.1615,10000000,8,997.5062344139651,-134824.43890274313,-1.3482443890274312,2024
2024-07-20,2024-07-26 09:15:00,80408.9,81587.76,80390.37,1197.3899999999994,29.782524073827638,80648.378,80169.42199999999,80200,PE,2024-07-26,RE-ENTRY,75.95,0.1,2024-07-26 15:15:00,0,0.7605,75.08950000000002,10000000,8,997.5062344139651,74902.24438902744,0.7490224438902744,2024
2024-07-27,2024-07-27 09:16:00,81679.65,81427.18,79224.32,2202.859999999986,53.93901663388583,82120.222,81239.078,82100,CE,2024-08-02,STRANGLE,318.55,0.05,2024-08-02 15:15:00,6,3.1860000000000004,315.314,10000000,9,1096.2241169305726,345654.8112058466,3.456548112058466,2024
2024-07-27,2024-07-27 09:16:00,81679.65,81427.18,79224.32,2202.859999999986,53.93901663388583,82120.222,81239.078,81200,PE,2024-08-02,STRANGLE,285.7,471.9,2024-07-29 13:15:00,6,7.576,-193.77599999999998,10000000,8,985.2216748768473,-190912.31527093594,-1.9091231527093593,2024
2024-07-27,2024-07-29 14:15:00,81679.65,81427.18,79224.32,2202.859999999986,53.93901663388583,82120.222,81239.078,81200,PE,2024-08-02,RE-ENTRY,395.0,74.75,2024-08-02 08:15:00,4,4.6975,315.5525,10000000,8,985.2216748768473,310889.16256157635,3.1088916256157635,2024
2024-08-03,2024-08-03 09:16:00,78588.19,82129.49,80868.91,1260.5800000000017,32.0806472321096,78840.306,78336.07400000001,78800,CE,2024-08-09,STRANGLE,1174.1,1120.0,2024-08-05 09:15:00,6,22.941,31.15899999999991,10000000,9,1142.1319796954315,35587.69035532985,0.3558769035532985,2024
2024-08-03,2024-08-03 09:16:00,78588.19,82129.49,80868.91,1260.5800000000017,32.0806472321096,78840.306,78336.07400000001,78300,PE,2024-08-09,STRANGLE,305.95,0.05,2024-08-09 15:15:00,6,3.06,302.84,10000000,8,1021.7113665389528,309415.07024265645,3.094150702426565,2024
2024-08-03,2024-08-05 10:15:00,78588.19,82129.49,80868.91,1260.5800000000017,32.0806472321096,78840.306,78336.07400000001,78800,CE,2024-08-09,RE-ENTRY,878.05,884.6,2024-08-05 13:15:00,4,17.6265,-24.17650000000007,10000000,9,1142.1319796954315,-27612.753807106677,-0.27612753807106677,2024
2024-08-03,2024-08-05 14:15:00,78588.19,82129.49,80868.91,1260.5800000000017,32.0806472321096,78840.306,78336.07400000001,78800,CE,2024-08-09,RE-ENTRY,855.05,880.0,2024-08-06 08:15:00,4,17.3505,-42.30050000000004,10000000,9,1142.1319796954315,-48312.753807106645,-0.4831275380710664,2024
2024-08-03,2024-08-06 13:15:00,78588.19,82129.49,80868.91,1260.5800000000017,32.0806472321096,78840.306,78336.07400000001,78800,CE,2024-08-09,RE-ENTRY,615.9,650.0,2024-08-07 08:15:00,3,12.659,-46.75900000000002,10000000,9,1142.1319796954315,-53404.94923857871,-0.534049492385787,2024
2024-08-10,2024-08-10 09:16:00,79330.12,79984.24,78295.86,1688.3800000000047,42.56592577951489,79667.796,78992.44399999999,79700,CE,2024-08-16,STRANGLE,509.7,750.55,2024-08-12 10:15:00,6,12.602500000000001,-253.45249999999996,10000000,9,1129.2346298619825,-286207.34002509405,-2.8620734002509405,2024
2024-08-10,2024-08-10 09:16:00,79330.12,79984.24,78295.86,1688.3800000000047,42.56592577951489,79667.796,78992.44399999999,79000,PE,2024-08-16,STRANGLE,393.7,417.55,2024-08-13 14:15:00,6,8.1125,-31.962500000000023,10000000,8,1012.6582278481013,-32367.088607594964,-0.3236708860759496,2024
2024-08-10,2024-08-12 14:15:00,79330.12,79984.24,78295.86,1688.3800000000047,42.56592577951489,79667.796,78992.44399999999,79700,CE,2024-08-16,RE-ENTRY,469.45,100.0,2024-08-16 08:15:00,4,5.694500000000001,363.7555,10000000,9,1129.2346298619825,410765.3074027604,4.107653074027604,2024
2024-08-10,2024-08-14 08:15:00,79330.12,79984.24,78295.86,1688.3800000000047,42.56592577951489,79667.796,78992.44399999999,79000,PE,2024-08-16,RE-ENTRY,329.3,0.05,2024-08-16 15:15:00,2,3.2935000000000003,325.9565,10000000,8,1012.6582278481013,330082.53164556966,3.3008253164556964,2024
2024-08-10,2024-08-16 09:15:00,79330.12,79984.24,78295.86,1688.3800000000047,42.56592577951489,79667.796,78992.44399999999,79700,CE,2024-08-16,RE-ENTRY,138.9,474.45,2024-08-16 11:15:00,0,6.133500000000001,-341.6835,10000000,9,1129.2346298619825,-385840.84065244667,-3.858408406524467,2024
2024-08-17,2024-08-17 09:16:00,80680.25,80518.21,78889.38,1628.8300000000017,40.37741578639138,81006.016,80354.484,81000,CE,2024-08-23,STRANGLE,313.8,274.1,2024-08-22 08:15:00,6,5.879000000000001,33.820999999999984,10000000,9,1111.111111111111,37578.88888888887,0.3757888888888887,2024
2024-08-17,2024-08-17 09:16:00,80680.25,80518.21,78889.38,1628.8300000000017,40.37741578639138,81006.016,80354.484,80400,PE,2024-08-23,STRANGLE,415.45,0.05,2024-08-23 15:15:00,6,4.155,411.245,10000000,8,995.0248756218906,409199.0049751244,4.091990049751244,2024
2024-08-17,2024-08-23 09:15:00,80680.25,80518.21,78889.38,1628.8300000000017,40.37741578639138,81006.016,80354.484,81000,CE,2024-08-23,RE-ENTRY,137.4,133.6,2024-08-23 10:15:00,0,2.71,1.0900000000000114,10000000,9,1111.111111111111,1211.1111111111238,0.012111111111111237,2024
2024-08-24,2024-08-24 09:16:00,81388.26,81236.45,80332.65,903.8000000000029,22.20959140790092,81569.01999999999,81207.5,81600,CE,2024-08-30,STRANGLE,347.95,542.05,2024-08-26 09:15:00,6,8.9,-202.99999999999997,10000000,9,1102.9411764705883,-223897.0588235294,-2.238970588235294,2024
2024-08-24,2024-08-24 09:16:00,81388.26,81236.45,80332.65,903.8000000000029,22.20959140790092,81569.01999999999,81207.5,81200,PE,2024-08-30,STRANGLE,377.0,0.05,2024-08-30 15:15:00,6,3.7705,373.17949999999996,10000000,8,985.2216748768473,367664.5320197044,3.676645320197044,2024
2024-08-31,2024-08-31 09:16:00,82725.28,82637.03,81278.44,1358.5899999999965,32.84582415435757,82996.99799999999,82453.562,83000,CE,2024-09-06,STRANGLE,271.45,0.05,2024-09-06 15:15:00,6,2.715,268.685,10000000,9,1084.3373493975903,291345.1807228915,2.9134518072289155,2024
2024-08-31,2024-08-31 09:16:00,82725.28,82637.03,81278.44,1358.5899999999965,32.84582415435757,82996.99799999999,82453.562,82500,PE,2024-09-06,STRANGLE,410.0,353.0,2024-09-03 10:15:00,6,7.63,49.37,10000000,8,969.6969696969697,47873.93939393939,0.47873939393939396,2024
2024-08-31,2024-09-03 11:15:00,82725.28,82637.03,81278.44,1358.5899999999965,32.84582415435757,82996.99799999999,82453.562,82500,PE,2024-09-06,RE-ENTRY,329.85,324.05,2024-09-04 08:15:00,3,6.5390000000000015,-0.7389999999999901,10000000,8,969.6969696969697,-716.6060606060511,-0.00716606060606051,2024
2024-08-31,2024-09-05 08:15:00,82725.28,82637.03,81278.44,1358.5899999999965,32.84582415435757,82996.99799999999,82453.562,82500,PE,2024-09-06,RE-ENTRY,331.95,331.95,2024-09-05 09:15:00,1,6.639,-6.639,10000000,8,969.6969696969697,-6437.818181818182,-0.06437818181818182,2024
2024-09-07,2024-09-07 09:16:00,80973.75,82725.28,80981.93,1743.3500000000058,43.059633523209826,81322.42,80625.08,81300,CE,2024-09-13,STRANGLE,408.05,502.1,2024-09-09 10:15:00,6,9.101500000000001,-103.15150000000001,10000000,9,1107.0110701107012,-114189.85239852402,-1.1418985239852402,2024
2024-09-07,2024-09-07 09:16:00,80973.75,82725.28,80981.93,1743.3500000000058,43.059633523209826,81322.42,80625.08,80600,PE,2024-09-13,STRANGLE,343.5,0.05,2024-09-13 15:15:00,6,3.4355,340.0145,10000000,8,992.5558312655087,337483.3746898263,3.374833746898263,2024
2024-09-07,2024-09-09 11:15:00,80973.75,82725.28,80981.93,1743.3500000000058,43.059633523209826,81322.42,80625.08,81300,CE,2024-09-13,RE-ENTRY,429.1,466.85,2024-09-09 12:15:00,4,8.9595,-46.7095,10000000,9,1107.0110701107012,-51707.9335793358,-0.517079335793358,2024
2024-09-14,2024-09-14 09:16:00,82985.33,83116.19,80895.05,2221.1399999999994,53.53090720974416,83429.558,82541.102,83400,CE,2024-09-20,STRANGLE,285.15,335.0,2024-09-19 09:15:00,6,6.2015,-56.051500000000026,10000000,9,1079.136690647482,-60487.23021582737,-0.6048723021582737,2024
2024-09-14,2024-09-14 09:16:00,82985.33,83116.19,80895.05,2221.1399999999994,53.53090720974416,83429.558,82541.102,82500,PE,2024-09-20,STRANGLE,268.75,0.55,2024-09-20 15:15:00,6,2.693,265.507,10000000,8,969.6969696969697,257461.33333333334,2.5746133333333336,2024
2024-09-14,2024-09-19 10:15:00,82985.33,83116.19,80895.05,2221.1399999999994,53.53090720974416,83429.558,82541.102,83400,CE,2024-09-20,RE-ENTRY,304.5,256.85,2024-09-20 08:15:00,1,5.6135,42.036499999999975,10000000,9,1079.136690647482,45363.12949640285,0.45363129496402854,2024
2024-09-21,2024-09-21 09:16:00,84651.15,84694.46,82700.63,1993.8300000000017,47.10697964528543,85049.916,84252.38399999999,85000,CE,2024-09-27,STRANGLE,355.95,431.8,2024-09-24 13:15:00,6,7.8775,-83.72750000000002,10000000,9,1058.8235294117646,-88652.64705882354,-0.8865264705882354,2024
2024-09-21,2024-09-21 09:16:00,84651.15,84694.46,82700.63,1993.8300000000017,47.10697964528543,85049.916,84252.38399999999,84300,PE,2024-09-27,STRANGLE,409.5,0.05,2024-09-27 15:15:00,6,4.0955,405.3545,10000000,8,948.9916963226572,384678.0545670225,3.846780545670225,2024
2024-09-21,2024-09-24 14:15:00,84651.15,84694.46,82700.63,1993.8300000000017,47.10697964528543,85049.916,84252.38399999999,85000,CE,2024-09-27,RE-ENTRY,372.75,406.45,2024-09-25 14:15:00,3,7.792000000000001,-41.49199999999999,10000000,9,1058.8235294117646,-43932.70588235293,-0.43932705882352924,2024
2024-09-28,2024-09-28 09:16:00,85208.76,85978.25,84607.38,1370.8699999999953,32.17673863579274,85482.934,84934.586,85500,CE,2024-10-04,STRANGLE,440.0,0.05,2024-10-04 15:15:00,6,4.4005,435.54949999999997,10000000,9,1052.6315789473683,458473.15789473674,4.584731578947368,2024
2024-09-28,2024-09-28 09:16:00,85208.76,85978.25,84607.38,1370.8699999999953,32.17673863579274,85482.934,84934.586,84900,PE,2024-10-04,STRANGLE,265.7,425.95,2024-09-30 09:15:00,6,6.9165,-167.1665,10000000,8,942.2850412249705,-157518.49234393405,-1.5751849234393405,2024
2024-10-05,2024-10-05 09:16:00,81926.9922,85359.65,81532.6797,3826.970300000001,93.42391798438321,82692.38626,81161.59813999999,82700,CE,2024-10-11,STRANGLE,416.7,0.05,2024-10-11 15:15:00,6,4.1675,412.48249999999996,10000000,9,1088.2708585247883,448892.68440145097,4.48892684401451,2024
2024-10-05,2024-10-05 09:16:00,81926.9922,85359.65,81532.6797,3826.970300000001,93.42391798438321,82692.38626,81161.59813999999,81200,PE,2024-10-11,STRANGLE,296.25,679.15,2024-10-07 12:15:00,6,9.754,-392.654,10000000,8,985.2216748768473,-386851.23152709357,-3.8685123152709355,2024
2024-10-05,2024-10-08 09:15:00,81926.9922,85359.65,81532.6797,3826.970300000001,93.42391798438321,82692.38626,81161.59813999999,81200,PE,2024-10-11,RE-ENTRY,624.45,0.05,2024-10-11 15:15:00,3,6.245,618.1550000000001,10000000,8,985.2216748768473,609019.7044334976,6.090197044334976,2024
2024-10-12,2024-10-12 09:16:00,81576.9297,82319.2109,80726.0625,1593.1484000000055,39.05879777184126,81895.55937999999,81258.30002,81900,CE,2024-10-18,STRANGLE,389.8,572.05,2024-10-14 11:15:00,6,9.6185,-191.86849999999995,10000000,9,1098.901098901099,-210844.50549450546,-2.108445054945055,2024
2024-10-12,2024-10-12 09:16:00,81576.9297,82319.2109,80726.0625,1593.1484000000055,39.05879777184126,81895.55937999999,81258.30002,81300,PE,2024-10-18,STRANGLE,322.5,324.2,2024-10-17 09:15:00,6,6.4670000000000005,-8.16699999999999,10000000,8,984.009840098401,-8036.408364083631,-0.0803640836408363,2024
2024-10-12,2024-10-15 09:15:00,81576.9297,82319.2109,80726.0625,1593.1484000000055,39.05879777184126,81895.55937999999,81258.30002,81900,CE,2024-10-18,RE-ENTRY,388.5,0.05,2024-10-18 15:15:00,3,3.8855000000000004,384.5645,10000000,9,1098.901098901099,422598.3516483517,4.225983516483517,2024
2024-10-12,2024-10-18 13:15:00,81576.9297,82319.2109,80726.0625,1593.1484000000055,39.05879777184126,81895.55937999999,81258.30002,81300,PE,2024-10-18,RE-ENTRY,38.7,77.85,2024-10-18 14:15:00,0,1.1655,-40.31549999999999,10000000,8,984.009840098401,-39670.84870848708,-0.3967084870848708,2024
2024-10-19,2024-10-19 09:16:00,81770.0234,82300.4375,80409.25,1891.1875,46.25625434271308,82148.26090000001,81391.7859,82100,CE,2024-10-25,STRANGLE,280.0,0.1,2024-10-25 15:15:00,6,2.801,277.099,10000000,9,1096.2241169305726,303762.6065773447,3.037626065773447,2024
2024-10-19,2024-10-19 09:16:00,81770.0234,82300.4375,80409.25,1891.1875,46.25625434271308,82148.26090000001,81391.7859,81400,PE,2024-10-25,STRANGLE,359.1,569.25,2024-10-21 09:15:00,6,9.2835,-219.43349999999998,10000000,8,982.8009828009828,-215659.45945945944,-2.1565945945945946,2024
2024-10-26,2024-10-26 09:16:00,79653.6719,81770.0234,79137.9766,2632.046800000011,66.0872684765713,80180.08126,79127.26254,80200,CE,2024-10-31,STRANGLE,257.8,417.55,2024-10-28 10:15:00,5,6.753500000000001,-166.5035,10000000,9,1122.1945137157106,-186849.31421446384,-1.8684931421446382,2024
2024-10-26,2024-10-26 09:16:00,79653.6719,81770.0234,79137.9766,2632.046800000011,66.0872684765713,80180.08126,79127.26254,79100,PE,2024-10-31,STRANGLE,232.9,0.05,2024-10-31 15:15:00,5,2.3295000000000003,230.5205,10000000,8,1011.378002528445,233143.3628318584,2.331433628318584,2024
2024-10-26,2024-10-28 13:15:00,79653.6719,81770.0234,79137.9766,2632.046800000011,66.0872684765713,80180.08126,79127.26254,80200,CE,2024-10-31,RE-ENTRY,393.5,419.15,2024-10-29 13:15:00,3,8.1265,-33.77649999999998,10000000,9,1122.1945137157106,-37903.80299251867,-0.3790380299251867,2024
2024-10-26,2024-10-30 09:15:00,79653.6719,81770.0234,79137.9766,2632.046800000011,66.0872684765713,80180.08126,79127.26254,80200,CE,2024-10-31,RE-ENTRY,331.1,345.4,2024-10-30 10:15:00,1,6.765000000000001,-21.064999999999955,10000000,9,1122.1945137157106,-23639.027431421393,-0.23639027431421392,2024
2024-10-26,2024-10-30 13:15:00,79653.6719,81770.0234,79137.9766,2632.046800000011,66.0872684765713,80180.08126,79127.26254,80200,CE,2024-10-31,RE-ENTRY,171.15,0.15,2024-10-31 15:15:00,1,1.713,169.287,10000000,9,1122.1945137157106,189972.94264339152,1.8997294264339153,2024
2024-11-02,2024-11-02 09:16:00,79713.14,80539.8125,79287.9297,1251.8828000000067,31.409697322173148,79963.51656,79462.76344,80000,CE,2024-11-08,STRANGLE,470.0,498.9,2024-11-06 09:15:00,6,9.689,-38.58899999999998,10000000,9,1125.0,-43412.62499999997,-0.4341262499999997,2024
2024-11-02,2024-11-02 09:16:00,79713.14,80539.8125,79287.9297,1251.8828000000067,31.409697322173148,79963.51656,79462.76344,79500,PE,2024-11-08,STRANGLE,733.35,1205.0,2024-11-04 09:15:00,6,19.383499999999998,-491.0335,10000000,8,1006.2893081761006,-494121.7610062893,-4.941217610062893,2024
2024-11-02,2024-11-05 15:15:00,79713.14,80539.8125,79287.9297,1251.8828000000067,31.409697322173148,79963.51656,79462.76344,79500,PE,2024-11-08,RE-ENTRY,656.0,143.5,2024-11-08 11:15:00,3,7.995,504.505,10000000,8,1006.2893081761006,507677.9874213836,5.076779874213837,2024
2024-11-02,2024-11-06 10:15:00,79713.14,80539.8125,79287.9297,1251.8828000000067,31.409697322173148,79963.51656,79462.76344,80000,CE,2024-11-08,RE-ENTRY,447.1,540.05,2024-11-06 11:15:00,2,9.8715,-102.82149999999993,10000000,9,1125.0,-115674.18749999993,-1.1567418749999994,2024
2024-11-02,2024-11-07 09:15:00,79713.14,80539.8125,79287.9297,1251.8828000000067,31.409697322173148,79963.51656,79462.76344,80000,CE,2024-11-08,RE-ENTRY,201.65,0.05,2024-11-08 15:15:00,1,2.0170000000000003,199.583,10000000,9,1125.0,224530.875,2.24530875,2024
2024-11-02,2024-11-08 12:15:00,79713.14,80539.8125,79287.9297,1251.8828000000067,31.409697322173148,79963.51656,79462.76344,79500,PE,2024-11-08,RE-ENTRY,42.7,83.15,2024-11-08 13:15:00,0,1.2585000000000002,-41.7085,10000000,8,1006.2893081761006,-41970.81761006289,-0.41970817610062894,2024
2024-11-02,2024-11-08 14:15:00,79713.14,80539.8125,79287.9297,1251.8828000000067,31.409697322173148,79963.51656,79462.76344,79500,PE,2024-11-08,RE-ENTRY,8.9,13.7,2024-11-08 15:15:00,0,0.226,-5.025999999999999,10000000,8,1006.2893081761006,-5057.610062893081,-0.05057610062893081,2024
2024-11-09,2024-11-09 09:16:00,79298.46,80569.73,78232.6,2337.12999999999,58.94515479871841,79765.886,78831.03400000001,79800,CE,2024-11-14,STRANGLE,213.35,562.1,2024-11-11 10:15:00,5,7.754500000000001,-356.5045,10000000,9,1127.8195488721803,-402072.74436090223,-4.020727443609022,2024
2024-11-09,2024-11-09 09:16:00,79298.46,80569.73,78232.6,2337.12999999999,58.94515479871841,79765.886,78831.03400000001,78800,PE,2024-11-14,STRANGLE,378.5,395.0,2024-11-12 14:15:00,5,7.735,-24.235,10000000,8,1015.2284263959391,-24604.060913705584,-0.24604060913705583,2024
2024-11-09,2024-11-11 12:15:00,79298.46,80569.73,78232.6,2337.12999999999,58.94515479871841,79765.886,78831.03400000001,79800,CE,2024-11-14,RE-ENTRY,392.65,0.05,2024-11-14 15:15:00,3,3.927,388.67299999999994,10000000,9,1127.8195488721803,438353.0075187969,4.383530075187969,2024
2024-11-16,2024-11-16 09:16:00,77863.54,80102.14,77424.81,2677.3300000000017,68.76979906128085,78399.006,77328.074,78400,CE,2024-11-22,STRANGLE,258.15,538.2,2024-11-22 13:15:00,6,7.963500000000001,-288.0135000000001,10000000,9,1147.9591836734694,-330627.7423469389,-3.306277423469389,2024
2024-11-16,2024-11-16 09:16:00,77863.54,80102.14,77424.81,2677.3300000000017,68.76979906128085,78399.006,77328.074,77300,PE,2024-11-22,STRANGLE,331.1,473.6,2024-11-18 09:15:00,6,8.047,-150.547,10000000,8,1034.9288486416558,-155805.43337645536,-1.5580543337645536,2024
2024-11-16,2024-11-18 11:15:00,77863.54,80102.14,77424.81,2677.3300000000017,68.76979906128085,78399.006,77328.074,77300,PE,2024-11-22,RE-ENTRY,442.0,505.8,2024-11-21 09:15:00,4,9.478,-73.278,10000000,8,1034.9288486416558,-75837.51617076327,-0.7583751617076326,2024
2024-11-16,2024-11-22 08:15:00,77863.54,80102.14,77424.81,2677.3300000000017,68.76979906128085,78399.006,77328.074,77300,PE,2024-11-22,RE-ENTRY,151.0,0.05,2024-11-22 15:15:00,0,1.5105000000000002,149.43949999999998,10000000,8,1034.9288486416558,154659.2496765847,1.5465924967658469,2024
2024-11-23,2024-11-23 09:16:00,80193.47,79218.19,76802.73,2415.4600000000064,60.24081511873738,80676.562,79710.378,80700,CE,2024-11-29,STRANGLE,434.9,0.05,2024-11-29 15:15:00,6,4.3495,430.5005,10000000,9,1115.2416356877322,480112.08178438654,4.801120817843866,2024
2024-11-23,2024-11-23 09:16:00,80193.47,79218.19,76802.73,2415.4600000000064,60.24081511873738,80676.562,79710.378,79700,PE,2024-11-29,STRANGLE,331.9,431.6,2024-11-28 10:15:00,6,7.635,-107.33500000000005,10000000,8,1003.7641154328733,-107739.0213299875,-1.077390213299875,2024
2024-11-23,2024-11-29 10:15:00,80193.47,79218.19,76802.73,2415.4600000000064,60.24081511873738,80676.562,79710.378,79700,PE,2024-11-29,RE-ENTRY,114.0,40.6,2024-11-29 13:15:00,0,1.546,71.854,10000000,8,1003.7641154328733,72124.46675031367,0.7212446675031368,2024
2024-11-23,2024-11-29 14:15:00,80193.47,79218.19,76802.73,2415.4600000000064,60.24081511873738,80676.562,79710.378,79700,PE,2024-11-29,RE-ENTRY,0.6,0.05,2024-11-29 15:15:00,0,0.006500000000000001,0.5435,10000000,8,1003.7641154328733,545.5457967377666,0.005455457967377666,2024
2024-11-30,2024-11-30 09:16:00,79743.87,80482.36,78918.92,1563.4400000000023,39.21154064882987,80056.55799999999,79431.182,80100,CE,2024-12-06,STRANGLE,373.0,799.35,2024-12-02 13:15:00,6,11.7235,-438.0735,10000000,9,1123.5955056179776,-492217.4157303371,-4.92217415730337,2024
2024-11-30,2024-11-30 09:16:00,79743.87,80482.36,78918.92,1563.4400000000023,39.21154064882987,80056.55799999999,79431.182,79400,PE,2024-12-06,STRANGLE,496.55,0.05,2024-12-06 15:15:00,6,4.966,491.534,10000000,8,1007.5566750629723,495248.362720403,4.95248362720403,2024
2024-12-07,2024-12-07 09:16:00,81602.58,82317.74,79308.95,3008.790000000008,73.74252137616256,82204.338,81000.822,82200,CE,2024-12-13,STRANGLE,422.0,0.05,2024-12-13 15:15:00,6,4.2205,417.7295,10000000,9,1094.890510948905,457368.0656934306,4.573680656934306,2024
2024-12-07,2024-12-07 09:16:00,81602.58,82317.74,79308.95,3008.790000000008,73.74252137616256,82204.338,81000.822,81000,PE,2024-12-13,STRANGLE,410.9,388.0,2024-12-13 09:15:00,6,7.989,14.910999999999976,10000000,8,987.6543209876543,14726.91358024689,0.1472691358024689,2024
2024-12-07,2024-12-13 11:15:00,81602.58,82317.74,79308.95,3008.790000000008,73.74252137616256,82204.338,81000.822,81000,PE,2024-12-13,RE-ENTRY,195.3,0.05,2024-12-13 15:15:00,0,1.9535000000000002,193.2965,10000000,8,987.6543209876543,190910.1234567901,1.909101234567901,2024
2024-12-14,2024-12-14 09:16:00,82000.31,82213.92,80082.82,2131.0999999999913,51.977852278850925,82426.53,81574.09,82400,CE,2024-12-20,STRANGLE,382.0,0.05,2024-12-20 15:15:00,6,3.8205,378.1295,10000000,9,1092.2330097087379,413005.5218446602,4.130055218446602,2024
2024-12-14,2024-12-14 09:16:00,82000.31,82213.92,80082.82,2131.0999999999913,51.977852278850925,82426.53,81574.09,81600,PE,2024-12-20,STRANGLE,336.8,709.85,2024-12-17 09:15:00,6,10.466500000000002,-383.5165,10000000,8,980.3921568627451,-375996.56862745096,-3.75996568627451,2024
2024-12-21,2024-12-21 09:16:00,78488.64,82116.44,77874.59,4241.850000000006,108.0882532809845,79337.01,77640.27,79300,CE,2024-12-27,STRANGLE,435.8,0.05,2024-12-27 15:15:00,6,4.3585,431.3915,10000000,9,1134.9306431273644,489599.43253467843,4.895994325346784,2024
2024-12-21,2024-12-21 09:16:00,78488.64,82116.44,77874.59,4241.850000000006,108.0882532809845,79337.01,77640.27,77600,PE,2024-12-27,STRANGLE,244.5,0.05,2024-12-27 15:15:00,6,2.4455,242.00449999999998,10000000,8,1030.9278350515465,249489.17525773196,2.4948917525773195,2024
2024-12-28,2024-12-28 09:16:00,78637.58,79043.15,78173.38,869.7699999999895,22.120975747218814,78811.534,78463.626,78800,CE,2025-01-03,STRANGLE,482.35,720.2,2024-12-30 11:15:00,6,12.025500000000003,-249.87550000000002,10000000,9,1142.1319796954315,-285390.7994923858,-2.8539079949238584,2024
2024-12-28,2024-12-28 09:16:00,78637.58,79043.15,78173.38,869.7699999999895,22.120975747218814,78811.534,78463.626,78500,PE,2025-01-03,STRANGLE,435.75,675.5,2024-12-30 13:15:00,6,11.1125,-250.8625,10000000,8,1019.108280254777,-255656.05095541402,-2.5565605095541404,2024
2024-12-28,2024-12-30 12:15:00,78637.58,79043.15,78173.38,869.7699999999895,22.120975747218814,78811.534,78463.626,78800,CE,2025-01-03,RE-ENTRY,516.75,532.6,2025-01-02 09:15:00,4,10.4935,-26.34350000000002,10000000,9,1142.1319796954315,-30087.753807106623,-0.3008775380710662,2024
2024-12-28,2025-01-01 10:15:00,78637.58,79043.15,78173.38,869.7699999999895,22.120975747218814,78811.534,78463.626,78500,PE,2025-01-03,RE-ENTRY,516.75,535.1,2025-01-01 11:15:00,2,10.5185,-28.868500000000022,10000000,8,1019.108280254777,-29420.127388535053,-0.29420127388535056,2024
2024-12-28,2025-01-01 13:15:00,78637.58,79043.15,78173.38,869.7699999999895,22.120975747218814,78811.534,78463.626,78500,PE,2025-01-03,RE-ENTRY,436.55,0.05,2025-01-03 15:15:00,2,4.3660000000000005,432.134,10000000,8,1019.108280254777,440391.3375796178,4.403913375796178,2024
2025-01-04,2025-01-04 09:16:00,79281.65,80072.99,77560.79,2512.2000000000116,63.37405944502951,79784.09,78779.20999999999,79800,CE,2025-01-07,STRANGLE,165.35,0.05,2025-01-10 15:15:00,3,1.6540000000000001,163.646,10000000,9,1127.8195488721803,184563.1578947368,1.8456315789473678,2025
2025-01-04,2025-01-04 09:16:00,79281.65,80072.99,77560.79,2512.2000000000116,63.37405944502951,79784.09,78779.20999999999,78800,PE,2025-01-07,STRANGLE,168.65,641.1,2025-01-06 10:15:00,3,8.0975,-480.54750000000007,10000000,8,1015.2284263959391,-487865.4822335026,-4.878654822335027,2025
2025-01-11,2025-01-11 09:16:00,76629.9,79532.67,77099.55,2433.1199999999953,63.503149553894644,77116.52399999999,76143.276,77100,CE,2025-01-14,STRANGLE,228.45,0.1,2025-01-16 08:15:00,3,2.2855,226.06449999999998,10000000,9,1167.3151750972763,263888.5214007782,2.6388852140077823,2025
2025-01-11,2025-01-11 09:16:00,76629.9,79532.67,77099.55,2433.1199999999953,63.503149553894644,77116.52399999999,76143.276,76100,PE,2025-01-14,STRANGLE,138.65,0.05,2025-01-17 15:15:00,3,1.3870000000000002,137.213,10000000,8,1051.2483574244416,144244.9408672799,1.4424494086727988,2025
2025-01-18,2025-01-18 09:16:00,76978.53,77319.5,76249.72,1069.7799999999988,27.794243407869672,77192.486,76764.574,77200,CE,2025-01-21,STRANGLE,220.3,277.8,2025-01-20 12:15:00,3,4.981000000000001,-62.481,10000000,9,1165.80310880829,-72840.54404145078,-0.7284054404145078,2025
2025-01-18,2025-01-18 09:16:00,76978.53,77319.5,76249.72,1069.7799999999988,27.794243407869672,77192.486,76764.574,76800,PE,2025-01-21,STRANGLE,320.0,450.7,2025-01-21 09:15:00,3,7.707000000000001,-138.40699999999998,10000000,8,1041.6666666666667,-144173.9583333333,-1.4417395833333333,2025
2025-01-18,2025-01-20 13:15:00,76978.53,77319.5,76249.72,1069.7799999999988,27.794243407869672,77192.486,76764.574,77200,CE,2025-01-21,RE-ENTRY,294.65,214.9,2025-01-21 08:15:00,1,5.0954999999999995,74.65449999999997,10000000,9,1165.80310880829,87032.44818652846,0.8703244818652845,2025
2025-01-18,2025-01-21 09:15:00,76978.53,77319.5,76249.72,1069.7799999999988,27.794243407869672,77192.486,76764.574,77200,CE,2025-01-21,RE-ENTRY,188.05,0.05,2025-01-24 15:15:00,0,1.8810000000000002,186.119,10000000,9,1165.80310880829,216978.10880829013,2.1697810880829014,2025
2025-01-18,2025-01-21 11:15:00,76978.53,77319.5,76249.72,1069.7799999999988,27.794243407869672,77192.486,76764.574,76800,PE,2025-01-21,RE-ENTRY,398.7,415.95,2025-01-21 12:15:00,0,8.1465,-25.3965,10000000,8,1041.6666666666667,-26454.6875,-0.264546875,2025
2025-01-25,2025-01-25 09:16:00,75700.43,77337.36,75641.87,1695.4900000000052,44.79472573669675,76039.52799999999,75361.332,76000,CE,2025-01-28,STRANGLE,285.7,225.05,2025-01-28 11:15:00,3,5.1075,55.542499999999976,10000000,9,1184.2105263157894,65774.0131578947,0.6577401315789471,2025
2025-01-25,2025-01-25 09:16:00,75700.43,77337.36,75641.87,1695.4900000000052,44.79472573669675,76039.52799999999,75361.332,75400,PE,2025-01-28,STRANGLE,229.2,0.1,2025-01-31 15:15:00,3,2.2929999999999997,226.807,10000000,8,1061.0079575596817,240644.0318302387,2.406440318302387,2025
2025-01-25,2025-01-28 14:15:00,75700.43,77337.36,75641.87,1695.4900000000052,44.79472573669675,76039.52799999999,75361.332,76000,CE,2025-01-28,RE-ENTRY,1.2,0.05,2025-01-29 08:15:00,0,0.0125,1.1375,10000000,9,1184.2105263157894,1347.0394736842104,0.013470394736842103,2025
2025-02-01,2025-02-01 09:16:00,77637.01,77605.96,75267.59,2338.37000000001,60.23853829507371,78104.684,77169.336,78100,CE,2025-02-04,STRANGLE,413.1,353.3,2025-02-04 12:15:00,3,7.6640000000000015,52.13600000000001,10000000,9,1152.3687580025608,60079.89756722152,0.6007989756722152,2025
2025-02-01,2025-02-01 09:16:00,77637.01,77605.96,75267.59,2338.37000000001,60.23853829507371,78104.684,77169.336,77200,PE,2025-02-04,STRANGLE,484.65,378.8,2025-02-03 09:15:00,3,8.634500000000001,97.21549999999996,10000000,8,1036.2694300518135,100741.45077720204,1.0074145077720205,2025
2025-02-01,2025-02-03 12:15:00,77637.01,77605.96,75267.59,2338.37000000001,60.23853829507371,78104.684,77169.336,77200,PE,2025-02-04,RE-ENTRY,218.85,0.05,2025-02-07 15:15:00,1,2.189,216.611,10000000,8,1036.2694300518135,224467.35751295337,2.2446735751295335,2025
2025-02-08,2025-02-08 09:16:00,77789.3,78735.41,76756.09,1979.320000000007,50.88926111946005,78185.164,77393.436,78200,CE,2025-02-11,STRANGLE,197.35,0.05,2025-02-14 15:15:00,3,1.9740000000000002,195.326,10000000,9,1150.8951406649617,224799.74424552429,2.247997442455243,2025
2025-02-08,2025-02-08 09:16:00,77789.3,78735.41,76756.09,1979.320000000007,50.88926111946005,78185.164,77393.436,77400,PE,2025-02-11,STRANGLE,228.25,388.2,2025-02-10 09:15:00,3,6.1645,-166.1145,10000000,8,1033.59173126615,-171694.57364341087,-1.7169457364341087,2025
2025-02-15,2025-02-15 09:16:00,75641.41,77849.58,75388.39,2461.1900000000023,65.07520153312853,76133.648,75149.172,76100,CE,2025-02-18,STRANGLE,218.25,0.05,2025-02-19 11:15:00,3,2.1830000000000003,216.017,10000000,9,1182.6544021024968,255473.45597897505,2.5547345597897504,2025
2025-02-15,2025-02-15 09:16:00,75641.41,77849.58,75388.39,2461.1900000000023,65.07520153312853,76133.648,75149.172,75100,PE,2025-02-18,STRANGLE,229.0,0.05,2025-02-21 15:15:00,3,2.2905,226.65949999999998,10000000,8,1065.2463382157123,241448.2023968042,2.4144820239680422,2025
2025-02-22,2025-02-22 09:16:00,74840.97,76338.58,75112.41,1226.1699999999983,32.767346548287605,75086.204,74595.736,75100,CE,2025-02-25,STRANGLE,324.65,0.05,2025-02-28 15:15:00,3,3.247,321.35299999999995,10000000,9,1198.4021304926764,385110.119840213,3.8511011984021297,2025
2025-02-22,2025-02-22 09:16:00,74840.97,76338.58,75112.41,1226.1699999999983,32.767346548287605,75086.204,74595.736,74600,PE,2025-02-25,STRANGLE,185.3,234.6,2025-02-24 09:15:00,3,4.199,-53.49899999999998,10000000,8,1072.3860589812332,-57371.581769436976,-0.5737158176943697,2025
2025-02-22,2025-02-25 09:15:00,74840.97,76338.58,75112.41,1226.1699999999983,32.767346548287605,75086.204,74595.736,74600,PE,2025-02-25,RE-ENTRY,53.65,3.4,2025-02-25 14:15:00,0,0.5705,49.6795,10000000,8,1072.3860589812332,53275.60321715817,0.5327560321715817,2025
2025-03-01,2025-03-01 09:16:00,73427.65,74907.04,73141.27,1765.7699999999895,48.09550625683894,73780.80399999999,73074.496,73800,CE,2025-03-04,STRANGLE,215.25,0.05,2025-03-05 11:15:00,3,2.153,213.047,10000000,9,1219.5121951219512,259813.41463414635,2.5981341463414633,2025
2025-03-01,2025-03-01 09:16:00,73427.65,74907.04,73141.27,1765.7699999999895,48.09550625683894,73780.80399999999,73074.496,73100,PE,2025-03-04,STRANGLE,141.25,387.6,2025-03-03 09:15:00,3,5.2885,-251.63850000000002,10000000,8,1094.391244870041,-275390.9712722298,-2.7539097127222982,2025
2025-03-01,2025-03-03 12:15:00,73427.65,74907.04,73141.27,1765.7699999999895,48.09550625683894,73780.80399999999,73074.496,73100,PE,2025-03-04,RE-ENTRY,184.5,170.5,2025-03-04 08:15:00,1,3.5500000000000003,10.45,10000000,8,1094.391244870041,11436.388508891927,0.11436388508891926,2025
2025-03-08,2025-03-08 09:16:00,74474.98,74586.43,72633.54,1952.8899999999994,52.444189981655576,74865.55799999999,74084.402,74900,CE,2025-03-11,STRANGLE,80.75,0.05,2025-03-13 15:15:00,3,0.8079999999999999,79.892,10000000,9,1201.6021361815754,95998.39786381842,0.9599839786381843,2025
2025-03-08,2025-03-08 09:16:00,74474.98,74586.43,72633.54,1952.8899999999994,52.444189981655576,74865.55799999999,74084.402,74100,PE,2025-03-11,STRANGLE,205.85,179.9,2025-03-11 08:15:00,3,3.8575,22.092499999999987,10000000,8,1079.6221322537112,23851.551956815103,0.23851551956815106,2025
2025-03-08,2025-03-11 13:15:00,74474.98,74586.43,72633.54,1952.8899999999994,52.444189981655576,74865.55799999999,74084.402,74100,PE,2025-03-11,RE-ENTRY,31.05,0.05,2025-03-12 09:15:00,0,0.311,30.689,10000000,8,1079.6221322537112,33132.52361673414,0.33132523616734144,2025
2025-03-15,2025-03-15 09:16:00,73830.03,74741.25,73598.16,1143.0899999999965,30.96544861217032,74058.648,73601.412,74100,CE,2025-03-18,STRANGLE,305.85,305.0,2025-03-17 09:15:00,3,6.1085,-5.2584999999999775,10000000,9,1214.5748987854251,-6386.842105263131,-0.06386842105263131,2025
2025-03-15,2025-03-15 09:16:00,73830.03,74741.25,73598.16,1143.0899999999965,30.96544861217032,74058.648,73601.412,73600,PE,2025-03-18,STRANGLE,84.5,0.05,2025-03-21 15:15:00,3,0.8455,83.6045,10000000,8,1086.9565217391305,90874.45652173914,0.9087445652173914,2025
2025-03-15,2025-03-17 12:15:00,73830.03,74741.25,73598.16,1143.0899999999965,30.96544861217032,74058.648,73601.412,74100,CE,2025-03-18,RE-ENTRY,219.9,305.95,2025-03-17 13:15:00,1,5.258500000000001,-91.30849999999998,10000000,9,1214.5748987854251,-110901.01214574897,-1.1090101214574897,2025
2025-03-22,2025-03-22 09:16:00,77456.27,77041.94,73796.06,3245.8800000000047,83.81193672248882,78105.44600000001,76807.094,78100,CE,2025-03-25,STRANGLE,58.0,309.5,2025-03-25 08:15:00,3,3.6750000000000003,-255.175,10000000,9,1152.3687580025608,-294055.69782330346,-2.9405569782330345,2025
2025-03-22,2025-03-22 09:16:00,77456.27,77041.94,73796.06,3245.8800000000047,83.81193672248882,78105.44600000001,76807.094,76800,PE,2025-03-25,STRANGLE,86.75,0.05,2025-03-28 15:15:00,3,0.868,85.83200000000001,10000000,8,1041.6666666666667,89408.33333333334,0.8940833333333333,2025
2025-03-22,2025-03-25 11:15:00,77456.27,77041.94,73796.06,3245.8800000000047,83.81193672248882,78105.44600000001,76807.094,78100,CE,2025-03-25,RE-ENTRY,144.3,150.4,2025-03-25 13:15:00,0,2.9470000000000005,-9.046999999999995,10000000,9,1152.3687580025608,-10425.480153649161,-0.10425480153649162,2025
2025-03-22,2025-03-25 14:15:00,77456.27,77041.94,73796.06,3245.8800000000047,83.81193672248882,78105.44600000001,76807.094,78100,CE,2025-03-25,RE-ENTRY,0.55,0.25,2025-03-28 15:15:00,0,0.008,0.29200000000000004,10000000,9,1152.3687580025608,336.4916773367478,0.003364916773367478,2025
2025-03-29,2025-03-29 09:16:00,76882.58,78741.69,77082.51,1659.1800000000076,43.16140275209307,77214.416,76550.744,77200,CE,2025-04-01,STRANGLE,124.65,0.05,2025-04-04 15:15:00,3,1.247,123.35300000000001,10000000,9,1165.80310880829,143805.31088082903,1.4380531088082902,2025
2025-03-29,2025-03-29 09:16:00,76882.58,78741.69,77082.51,1659.1800000000076,43.16140275209307,77214.416,76550.744,76600,PE,2025-04-01,STRANGLE,85.15,431.75,2025-04-01 10:15:00,3,5.169,-351.769,10000000,8,1044.3864229765013,-367382.76762402087,-3.673827676240209,2025
2025-04-05,2025-04-05 09:16:00,71449.94,77487.05,75240.55,2246.5,62.88318786551815,71899.24,71000.64,71900,CE,2025-04-08,STRANGLE,1456.85,1100.0,2025-04-07 09:15:00,3,25.5685,331.28149999999994,10000000,9,1251.7385257301808,414677.8164116828,4.146778164116828,2025
2025-04-05,2025-04-05 09:16:00,71449.94,77487.05,75240.55,2246.5,62.88318786551815,71899.24,71000.64,71000,PE,2025-04-08,STRANGLE,378.7,0.05,2025-04-11 15:15:00,3,3.7875,374.86249999999995,10000000,8,1126.7605633802816,422380.2816901408,4.223802816901408,2025
2025-04-12,2025-04-12 09:16:00,76852.06,75467.33,71425.01,4042.320000000007,105.19744038090863,77660.524,76043.59599999999,77700,CE,2025-04-15,STRANGLE,34.75,0.05,2025-04-17 11:15:00,3,0.348,34.352000000000004,10000000,9,1158.3011583011582,39789.96138996139,0.3978996138996139,2025
2025-04-12,2025-04-12 09:16:00,76852.06,75467.33,71425.01,4042.320000000007,105.19744038090863,77660.524,76043.59599999999,76000,PE,2025-04-15,STRANGLE,106.0,0.05,2025-04-17 15:15:00,3,1.0605,104.8895,10000000,8,1052.6315789473683,110409.99999999999,1.1040999999999999,2025
2025-04-26,2025-04-26 09:16:00,79343.63,80254.55,78605.81,1648.7400000000052,41.55947994816988,79673.37800000001,79013.882,79700,CE,2025-04-29,STRANGLE,266.45,515.15,2025-04-28 09:15:00,3,7.815999999999999,-256.51599999999996,10000000,9,1129.2346298619825,-289666.75031367625,-2.896667503136763,2025
2025-04-26,2025-04-26 09:16:00,79343.63,80254.55,78605.81,1648.7400000000052,41.55947994816988,79673.37800000001,79013.882,79000,PE,2025-04-29,STRANGLE,202.9,0.05,2025-05-02 15:15:00,3,2.0295,200.82049999999998,10000000,8,1012.6582278481013,203362.5316455696,2.033625316455696,2025
2025-05-03,2025-05-03 09:16:00,80661.62,81177.93,79341.35,1836.5799999999872,45.537890263051686,81028.93599999999,80294.304,81000,CE,2025-05-06,STRANGLE,247.0,0.05,2025-05-09 15:15:00,3,2.4705000000000004,244.4795,10000000,9,1111.111111111111,271643.8888888889,2.716438888888889,2025
2025-05-03,2025-05-03 09:16:00,80661.62,81177.93,79341.35,1836.5799999999872,45.537890263051686,81028.93599999999,80294.304,80300,PE,2025-05-06,STRANGLE,174.95,0.1,2025-05-08 15:15:00,3,1.7505,173.0995,10000000,8,996.2640099626401,172452.80199252802,1.7245280199252804,2025
2025-05-10,2025-05-10 09:16:00,80803.8,81049.03,78968.34,2080.6900000000023,51.49980570220713,81219.93800000001,80387.662,81200,CE,2025-05-13,STRANGLE,254.45,682.3,2025-05-12 09:15:00,3,9.3675,-437.2175,10000000,9,1108.3743842364531,-484600.6773399014,-4.846006773399014,2025
2025-05-10,2025-05-10 09:16:00,80803.8,81049.03,78968.34,2080.6900000000023,51.49980570220713,81219.93800000001,80387.662,80400,PE,2025-05-13,STRANGLE,103.8,0.05,2025-05-16 15:15:00,3,1.0385,102.7115,10000000,8,995.0248756218906,102200.49751243781,1.022004975124378,2025
2025-05-10,2025-05-13 13:15:00,80803.8,81049.03,78968.34,2080.6900000000023,51.49980570220713,81219.93800000001,80387.662,81200,CE,2025-05-13,RE-ENTRY,52.65,0.15,2025-05-14 09:15:00,0,0.528,51.972,10000000,9,1108.3743842364531,57604.43349753694,0.5760443349753694,2025
2025-05-17,2025-05-17 09:16:00,82354.92,82718.14,80651.07,2067.0699999999924,50.199065216747044,82768.334,81941.506,82800,CE,2025-05-20,STRANGLE,170.1,0.1,2025-05-23 15:15:00,3,1.702,168.298,10000000,9,1086.9565217391305,182932.6086956522,1.8293260869565218,2025
2025-05-17,2025-05-17 09:16:00,82354.92,82718.14,80651.07,2067.0699999999924,50.199065216747044,82768.334,81941.506,81900,PE,2025-05-20,STRANGLE,302.35,137.35,2025-05-20 09:15:00,3,4.397,160.60300000000004,10000000,8,976.8009768009769,156877.16727716732,1.5687716727716732,2025
2025-05-24,2025-05-24 09:16:00,81928.95,82424.1,80489.92,1934.1800000000076,47.21603291632586,82315.786,81542.114,82300,CE,2025-05-27,STRANGLE,484.0,574.75,2025-05-26 09:15:00,3,10.5875,-101.3375,10000000,9,1093.5601458080193,-110818.65127582017,-1.1081865127582018,2025
2025-05-24,2025-05-24 09:16:00,81928.95,82424.1,80489.92,1934.1800000000076,47.21603291632586,82315.786,81542.114,81500,PE,2025-05-27,STRANGLE,221.0,396.4,2025-05-27 09:15:00,3,6.1739999999999995,-181.57399999999998,10000000,8,981.5950920245399,-178232.14723926378,-1.7823214723926377,2025
2025-05-24,2025-05-26 10:15:00,81928.95,82424.1,80489.92,1934.1800000000076,47.21603291632586,82315.786,81542.114,82300,CE,2025-05-27,RE-ENTRY,484.6,0.05,2025-05-30 15:15:00,1,4.846500000000001,479.7035,10000000,9,1093.5601458080193,524584.6294046172,5.2458462940461725,2025
2025-05-24,2025-05-27 10:15:00,81928.95,82424.1,80489.92,1934.1800000000076,47.21603291632586,82315.786,81542.114,81500,PE,2025-05-27,RE-ENTRY,286.0,208.75,2025-05-27 12:15:00,0,4.9475,72.3025,10000000,8,981.5950920245399,70971.77914110429,0.7097177914110429,2025
2025-05-24,2025-05-27 14:15:00,81928.95,82424.1,80489.92,1934.1800000000076,47.21603291632586,82315.786,81542.114,81500,PE,2025-05-27,RE-ENTRY,3.05,0.05,2025-05-28 09:15:00,0,0.030999999999999996,2.969,10000000,8,981.5950920245399,2914.3558282208587,0.02914355828220859,2025
