,Week,Week High,Week Low,Weekly Range,Current Week Open,Multiplier to Range,Entry Level Long,Entry Level Short,Break Type,Strike,Expiry,DTE,Contract,Option Type,Entry Time,Entry Price,Exit Time,Exit Price,Remark,Points,Qty,PnL,ROI%,Trade Year,Cumulative ROI%,Running Max ROI%,Drawdown,Slippage in pts,PnL w cs,ROI% w cs
0,2016-12-30,18248.2,17831.75,416.4500000000007,18168.45,50%,18376.675000000003,17960.225,high,18000,2017-01-12,2,BANKNIFTY1711218000PE,PE,2017-01-10 09:17:00,15.9,2017-01-11 15:20:00,0.05,Friday Closing,15.85,353.70925371428723,5606.291671371452,0.5606291671371452,2017,0.5606291671371452,0.5606291671371452,0.0,0.1595,5549.875045404024,0.5549875045404024
1,2017-01-13,19276.25,18781.6,494.65000000000146,18996.6,50%,19243.925,18749.274999999998,high,18700,2017-01-25,0,BANKNIFTY17JAN18700PE,PE,2017-01-25 13:05:00,0.3,2017-01-24 15:20:00,0.05,Friday Closing,0.25,337.76893227343174,84.44223306835794,0.008444223306835794,2017,0.569073390443981,0.569073390443981,0.0,0.0034999999999999996,83.26004180540093,0.008326004180540093
2,2017-01-13,19276.25,18781.6,494.65000000000146,18996.6,50%,19243.925,18749.274999999998,low,19200,2017-01-25,2,BANKNIFTY17JAN19200CE,CE,2017-01-23 09:15:00,15.5,2017-01-25 13:38:00,58.45,SL Hit,-42.95,337.76893227343174,-14507.175641143895,-1.4507175641143895,2017,-1.4507175641143895,-1.4507175641143895,0.0,0.7395,-14756.955766560097,-1.4756955766560098
3,2017-01-20,19517.7,18725.05,792.6500000000015,19588.4,50%,19984.725000000002,19192.075,high,19200,2017-02-02,1,BANKNIFTY1720219200PE,PE,2017-02-01 14:53:00,1.95,2017-02-01 15:20:00,0.05,Friday Closing,1.9,325.24840847197044,617.9719760967438,0.06179719760967438,2017,0.6308705880536554,0.6308705880536554,0.0,0.02,611.4670079273044,0.061146700792730435
4,2017-01-27,20145.9,19435.75,710.1500000000015,20061.9,50%,20416.975000000002,19706.825,high,19700,2017-02-09,3,BANKNIFTY1720919700PE,PE,2017-02-06 09:24:00,10.75,2017-02-08 15:20:00,0.05,Friday Closing,10.7,318.3625390147169,3406.479167457471,0.34064791674574707,2017,0.9715185047994024,0.9715185047994024,0.0,0.10800000000000001,3372.0960132438813,0.3372096013243881
5,2017-02-10,20366.7,20088.4,278.2999999999993,20918.45,50%,21057.6,20779.300000000003,low,21100,2017-02-23,6,BANKNIFTY17FEB21100CE,CE,2017-02-17 09:40:00,17.95,2017-02-17 09:41:00,15.6,SL Hit,2.3499999999999996,308.6771521920827,725.3913076513942,0.07253913076513942,2017,-1.37817843334925,-1.37817843334925,0.0,0.33549999999999996,621.8301230909505,0.062183012309095044
6,2017-02-17,21031.65,20452.6,579.0500000000029,20853.45,50%,21142.975000000002,20563.925,low,21100,2017-03-02,2,BANKNIFTY1730221100CE,CE,2017-02-28 11:42:00,6.8,2017-03-01 15:20:00,0.05,Expiry Closing,6.75,307.430718713899,2075.157351318818,0.20751573513188182,2017,-1.1706626982173682,-1.1706626982173682,0.0,0.06849999999999999,2054.098347086916,0.2054098347086916
7,2017-03-03,20777.15,20423.7,353.4500000000007,20825.9,50%,21002.625,20649.175000000003,high,20600,2017-03-16,2,BANKNIFTY1731620600PE,PE,2017-03-14 09:15:00,12.0,2017-03-15 15:20:00,0.05,Friday Closing,11.95,309.4851238833241,3698.3472304057227,0.36983472304057224,2017,1.3413532278399747,1.3413532278399747,0.0,0.12050000000000001,3661.054272977782,0.3661054272977782
8,2017-03-10,21289.3,20653.5,635.7999999999993,21308.45,50%,21626.35,20990.550000000003,low,21600,2017-03-23,2,BANKNIFTY1732321600CE,CE,2017-03-21 12:32:00,1.5,2017-03-22 15:20:00,0.05,Expiry Closing,1.45,300.55927144432604,435.81094359427277,0.04358109435942727,2017,-1.127081603857941,-1.127081603857941,0.0,0.015500000000000002,431.1522748868857,0.043115227488688575
9,2017-03-17,21316.85,20755.15,561.6999999999971,20987.6,50%,21268.449999999997,20706.75,high,20700,2017-03-30,1,BANKNIFTY17MAR20700PE,PE,2017-03-29 09:15:00,2.95,2017-03-29 15:20:00,0.05,Friday Closing,2.9000000000000004,305.6170054705444,886.289315864579,0.08862893158645789,2017,1.4299821594264326,1.4299821594264326,0.0,0.03,877.1208057004626,0.08771208057004627
10,2017-03-31,21699.0,21408.6,290.40000000000146,21536.5,50%,21681.7,21391.3,high,21400,2017-04-13,2,BANKNIFTY1741321400PE,PE,2017-04-11 13:41:00,14.8,2017-04-12 15:20:00,0.05,Friday Closing,14.75,299.79199048045126,4421.931859586656,0.44219318595866564,2017,1.8721753453850982,1.8721753453850982,0.0,0.14850000000000002,4377.412749000309,0.43774127490003095
11,2017-04-07,21786.95,21396.7,390.25,21700.5,50%,21895.625,21505.375,high,21500,2017-04-20,2,BANKNIFTY1742021500PE,PE,2017-04-18 10:08:00,14.85,2017-04-19 15:20:00,7.7,Friday Closing,7.1499999999999995,296.8629577826621,2122.5701481460337,0.21225701481460338,2017,2.0844323601997017,2.0844323601997017,0.0,0.2255,2055.6275511660433,0.20556275511660432
12,2017-04-07,21786.95,21396.7,390.25,21700.5,50%,21895.625,21505.375,low,21900,2017-04-20,1,BANKNIFTY1742021900CE,CE,2017-04-19 09:52:00,9.6,2017-04-19 15:20:00,0.05,Expiry Closing,9.549999999999999,296.8629577826621,2835.0412468244226,0.2835041246824423,2017,-0.8435774791754986,-0.8435774791754986,0.0,0.0965,2806.393971398396,0.2806393971398396
13,2017-04-14,21947.0,21417.2,529.7999999999993,21567.5,50%,21832.4,21302.6,high,21300,2017-04-27,3,BANKNIFTY17APR21300PE,PE,2017-04-24 12:45:00,17.75,2017-04-26 15:20:00,0.1,Friday Closing,17.65,297.7226507392682,5254.804785548084,0.5254804785548083,2017,2.60991283875451,2.60991283875451,0.0,0.17850000000000002,5201.661292391124,0.5201661292391124
14,2017-04-28,22740.85,22185.25,555.5999999999985,22844.85,50%,23122.649999999998,22567.05,low,23100,2017-05-11,6,BANKNIFTY1751123100CE,CE,2017-05-05 13:16:00,18.8,2017-05-08 09:49:00,18.55,SL Hit,0.25,281.1096478993541,70.27741197483853,0.007027741197483854,2017,-0.8365497379780148,-0.8365497379780148,0.0,0.3735,-34.71704151557023,-0.003471704151557023
15,2017-05-05,22977.2,22515.35,461.8500000000022,22840.4,50%,23071.325000000004,22609.475,low,23100,2017-05-18,6,BANKNIFTY1751823100CE,CE,2017-05-12 14:45:00,9.65,2017-05-17 14:17:00,15.35,SL Hit,-5.699999999999999,281.73501088472375,-1605.8895620429253,-0.16058895620429253,2017,-0.9971386941823074,-0.8365497379780148,-0.1605889562042926,0.25,-1676.3233147641063,-0.16763233147641063
16,2017-05-12,22977.65,22579.35,398.3000000000029,22761.95,50%,22961.100000000002,22562.8,low,23000,2017-05-25,2,BANKNIFTY17MAY23000CE,CE,2017-05-23 09:26:00,10.2,2017-05-24 15:20:00,196.2,Expiry Closing,-186.0,283.0874827425515,-52654.27179011458,-5.265427179011459,2017,-6.262565873193767,-0.8365497379780148,-5.426016135215752,2.0639999999999996,-53238.5643544952,-5.32385643544952
17,2017-06-02,23653.35,23309.05,344.2999999999993,23483.95,50%,23656.1,23311.800000000003,high,23300,2017-06-15,6,BANKNIFTY1761523300PE,PE,2017-06-09 13:59:00,35.5,2017-06-14 15:20:00,0.1,Friday Closing,35.4,274.7705665769083,9726.878056822554,0.9726878056822554,2017,3.5826006444367655,3.5826006444367655,0.0,0.35600000000000004,9629.059735121175,0.9629059735121174
18,2017-06-09,23706.65,23311.9,394.75,23448.6,50%,23645.975,23251.225,high,23300,2017-06-22,3,BANKNIFTY1762223300PE,PE,2017-06-19 13:44:00,15.3,2017-06-21 15:20:00,0.05,Friday Closing,15.25,274.88822093400677,4192.045369243603,0.4192045369243603,2017,4.001805181361125,4.001805181361125,0.0,0.15350000000000003,4149.850027330233,0.4149850027330233
19,2017-06-16,23896.9,23391.0,505.90000000000146,23772.3,50%,24025.25,23519.35,low,24000,2017-06-29,6,BANKNIFTY17JUN24000CE,CE,2017-06-23 15:13:00,15.85,2017-06-28 15:20:00,0.05,Expiry Closing,15.799999999999999,270.5486935619817,4274.6693582793105,0.42746693582793105,2017,-5.835098937365835,-0.8365497379780148,-4.998549199387821,0.159,4231.652116002955,0.4231652116002955
20,2017-06-30,23540.15,22998.05,542.1000000000022,23463.75,50%,23734.800000000003,23192.699999999997,high,23200,2017-07-13,3,BANKNIFTY1771323200PE,PE,2017-07-10 12:30:00,25.05,2017-07-12 15:20:00,0.05,Friday Closing,25.0,273.85948059389585,6846.4870148473965,0.6846487014847397,2017,4.686453882845865,4.686453882845865,0.0,0.251,6777.748285218328,0.6777748285218328
21,2017-07-14,24299.6,23756.2,543.3999999999978,24231.4,50%,24503.1,23959.700000000004,high,24000,2017-07-27,2,BANKNIFTY17JUL24000PE,PE,2017-07-25 09:15:00,12.95,2017-07-26 15:20:00,0.1,Friday Closing,12.85,265.27255734988637,3408.75236194604,0.34087523619460397,2017,5.027329119040469,5.027329119040469,0.0,0.1305,3374.1342932118796,0.33741342932118795
22,2017-07-28,25196.45,24622.05,574.4000000000015,24629.5,50%,24916.7,24342.3,high,24300,2017-08-10,3,BANKNIFTY1781024300PE,PE,2017-08-07 09:17:00,7.4,2017-08-08 10:10:00,29.15,SL Hit,-21.75,260.86921622847325,-5673.905452969293,-0.5673905452969293,2017,4.45993857374354,5.027329119040469,-0.567390545296929,0.3655,-5769.2531515008,-0.57692531515008
23,2017-07-28,25196.45,24622.05,574.4000000000015,24629.5,50%,24916.7,24342.3,low,24900,2017-08-10,1,BANKNIFTY1781024900CE,CE,2017-08-09 15:19:00,2.0,2017-08-09 15:20:00,0.05,Expiry Closing,1.95,260.86921622847325,508.6949716455228,0.05086949716455228,2017,-5.784229440201283,-0.8365497379780148,-4.947679702223269,0.020499999999999997,503.3471527128391,0.05033471527128391
24,2017-08-04,24977.8,24081.4,896.3999999999978,23958.25,50%,24406.449999999997,23510.050000000003,high,23500,2017-08-17,1,BANKNIFTY1781723500PE,PE,2017-08-16 14:58:00,2.65,2017-08-16 15:20:00,0.05,Friday Closing,2.6,266.32304165497237,692.4399083029282,0.06924399083029283,2017,4.529182564573833,5.027329119040469,-0.49814655446663636,0.026999999999999996,685.2491861782439,0.06852491861782439
25,2017-08-25,24421.75,24105.75,316.0,24389.2,50%,24547.2,24231.2,low,24500,2017-09-07,3,BANKNIFTY1790724500CE,CE,2017-09-04 12:00:00,45.0,2017-09-06 15:20:00,0.05,Expiry Closing,44.95,264.79598487811234,11902.57952027115,1.190257952027115,2017,-4.5939714881741684,-0.8365497379780148,-3.7574217501961535,0.45049999999999996,11783.288929083561,1.1783288929083562
26,2017-09-01,24494.15,24151.9,342.25,24409.5,50%,24580.625,24238.375,high,24200,2017-09-14,3,BANKNIFTY1791424200PE,PE,2017-09-11 11:25:00,23.2,2017-09-13 15:20:00,0.05,Friday Closing,23.15,264.43591243103054,6121.691372778357,0.6121691372778356,2017,5.141351701851669,5.141351701851669,0.0,0.2325,6060.210023138142,0.6060210023138143
27,2017-09-15,25104.9,24710.85,394.0500000000029,24704.55,50%,24901.575,24507.524999999998,low,24900,2017-09-28,6,BANKNIFTY17SEP24900CE,CE,2017-09-22 09:30:00,40.8,2017-09-27 15:20:00,0.1,Expiry Closing,40.699999999999996,261.02766592072993,10623.826002973707,1.0623826002973706,2017,-3.5315888878767976,-0.8365497379780148,-2.6950391498987827,0.409,10517.065687612128,1.0517065687612128
28,2017-09-29,24228.6,24006.25,222.34999999999854,24083.55,50%,24194.725,23972.375,high,24000,2017-10-12,6,BANKNIFTY17101224000PE,PE,2017-10-06 09:53:00,65.4,2017-10-11 15:20:00,0.05,Friday Closing,65.35000000000001,268.65360114653095,17556.5128349258,1.7556512834925802,2017,6.8970029853442485,6.8970029853442485,0.0,0.6545000000000001,17380.679052975396,1.7380679052975396
29,2017-10-06,24460.2,23978.6,481.6000000000022,24411.1,50%,24651.9,24170.299999999996,high,24200,2017-10-19,6,BANKNIFTY17101924200PE,PE,2017-10-13 11:03:00,,2017-10-18 15:20:00,,Friday Closing,,263.6713600168749,,,2017,,,,,,
30,2017-10-13,24877.05,23924.1,952.9500000000007,24085.45,50%,24561.925000000003,23608.975,high,23600,2017-10-26,1,BANKNIFTY17OCT23600PE,PE,2017-10-25 09:15:00,2.0,2017-10-25 15:20:00,0.05,Friday Closing,1.95,264.6372383272076,516.0426147380549,0.05160426147380549,2017,6.948607246818054,6.948607246818054,0.0,0.020499999999999997,510.61755135234716,0.05106175513523471
31,2017-10-20,25177.35,23914.05,1263.2999999999993,24887.6,50%,25519.25,24255.949999999997,high,24300,2017-11-02,1,BANKNIFTY17110224300PE,PE,2017-11-01 12:54:00,1.4,2017-11-01 15:20:00,0.05,Friday Closing,1.3499999999999999,254.70967994749063,343.85806792911234,0.034385806792911235,2017,6.982993053610965,6.982993053610965,0.0,0.014499999999999999,340.1647775698737,0.03401647775698737
32,2017-10-27,25598.15,24802.4,795.75,25531.4,50%,25929.275,25133.525,low,25900,2017-11-09,1,BANKNIFTY17110925900CE,CE,2017-11-08 15:04:00,1.35,2017-11-08 15:20:00,0.05,Expiry Closing,1.3,250.6819029841752,325.88647387942774,0.032588647387942773,2017,-3.4990002404888547,-0.8365497379780148,-2.66245050251084,0.014000000000000002,322.3769272376493,0.03223769272376493
33,2017-11-03,25693.7,25120.25,573.4500000000007,25250.9,50%,25537.625,24964.175000000003,high,25000,2017-11-16,6,BANKNIFTY17111625000PE,PE,2017-11-10 13:47:00,32.6,2017-11-15 15:20:00,0.05,Friday Closing,32.550000000000004,254.5264095623614,8284.834631254866,0.8284834631254865,2017,7.811476516736452,7.811476516736452,0.0,0.3265,8201.731758532755,0.8201731758532754
34,2017-11-17,25924.3,25621.6,302.7000000000007,25776.6,50%,25927.949999999997,25625.25,high,25600,2017-11-30,3,BANKNIFTY17NOV25600PE,PE,2017-11-27 15:29:00,23.7,2017-11-29 15:20:00,265.1,Friday Closing,-241.40000000000003,250.69471361985813,-60517.70386783376,-6.051770386783376,2017,1.7597061299530754,7.811476516736452,-6.051770386783376,2.8880000000000003,-61241.71020076791,-6.124171020076791
35,2017-11-24,25953.5,25271.1,682.4000000000015,25409.55,50%,25750.75,25068.35,low,25800,2017-12-07,3,BANKNIFTY17120725800CE,CE,2017-12-04 13:57:00,9.15,2017-12-06 15:20:00,0.05,Expiry Closing,9.1,252.41983243206508,2297.020475131792,0.2297020475131792,2017,-3.2692981929756755,-0.8365497379780148,-2.4327484549976606,0.09200000000000001,2273.797850548042,0.22737978505480416
36,2017-12-08,25443.0,24889.1,553.9000000000015,25487.15,50%,25764.100000000002,25210.2,high,25200,2017-12-21,1,BANKNIFTY17122125200PE,PE,2017-12-20 09:15:00,7.65,2017-12-20 15:20:00,0.1,Friday Closing,7.550000000000001,252.289037847237,1904.7822357466396,0.19047822357466396,2017,1.9501843535277394,7.811476516736452,-5.861292163208712,0.0775,1885.2298353134788,0.1885229835313479
37,2017-12-08,25443.0,24889.1,553.9000000000015,25487.15,50%,25764.100000000002,25210.2,low,25800,2017-12-21,3,BANKNIFTY17122125800CE,CE,2017-12-18 09:15:00,24.55,2017-12-18 09:35:00,95.95,SL Hit,-71.4,252.289037847237,-18013.437302292725,-1.8013437302292725,2017,-5.070641923204948,-0.8365497379780148,-4.234092185226934,1.205,-18317.445592898646,-1.8317445592898647
38,2017-12-22,25732.45,25419.05,313.40000000000146,25484.85,50%,25641.55,25328.149999999998,low,25600,2018-01-04,3,BANKNIFTY1810425600CE,CE,2018-01-01 15:07:00,43.5,2018-01-03 15:20:00,0.05,Expiry Closing,43.45,253.49481603101216,11014.349756547479,1.101434975654748,2018,-3.9692069475502003,-0.8365497379780148,-3.1326572095721854,0.4355,10903.952764165973,1.0903952764165974
39,2017-12-29,25587.8,25234.65,353.1499999999978,25524.45,50%,25701.025,25347.875,high,25300,2018-01-11,3,BANKNIFTY1811125300PE,PE,2018-01-08 09:15:00,17.8,2018-01-10 15:20:00,0.05,Friday Closing,17.75,252.908201132056,4489.1205700939945,0.44891205700939946,2018,2.3990964105371386,7.811476516736452,-5.412380106199313,0.17850000000000002,4443.976456191923,0.44439764561919226
40,2018-01-05,25801.6,25501.1,300.5,25732.4,50%,25882.65,25582.15,high,25600,2018-01-18,3,BANKNIFTY1811825600PE,PE,2018-01-15 09:15:00,35.0,2018-01-17 15:20:00,0.05,Friday Closing,34.95,251.1334813089077,8777.115171746325,0.8777115171746325,2018,3.276807927711771,7.811476516736452,-4.5346685890246805,0.3505,8689.092886547553,0.8689092886547553
41,2018-01-05,25801.6,25501.1,300.5,25732.4,50%,25882.65,25582.15,low,25900,2018-01-18,6,BANKNIFTY1811825900CE,CE,2018-01-12 12:35:00,28.15,2018-01-15 09:15:00,93.0,SL Hit,-64.85,251.1334813089077,-16286.006262882664,-1.6286006262882664,2018,-5.597807573838467,-0.8365497379780148,-4.7612578358604525,1.2115,-16590.254475488404,-1.6590254475488404
42,2018-01-12,26867.5,25557.8,1309.7000000000007,26615.65,50%,27270.5,25960.800000000003,high,26000,2018-01-25,2,BANKNIFTY18JAN26000PE,PE,2018-01-23 12:37:00,7.85,2018-01-24 15:20:00,0.05,Friday Closing,7.8,238.35279881190297,1859.151830732843,0.1859151830732843,2018,3.462723110785056,7.811476516736452,-4.3487534059513955,0.079,1840.3219596267027,0.18403219596267026
43,2018-01-26,27651.35,27047.1,604.25,27017.4,50%,27319.525,26715.275,low,27300,2018-02-08,6,BANKNIFTY1820827300CE,CE,2018-02-02 10:18:00,52.55,2018-02-07 15:20:00,0.05,Expiry Closing,52.5,237.92507373389543,12491.06637102951,1.2491066371029511,2018,-4.348700936735516,-0.8365497379780148,-3.512151198757501,0.5259999999999999,12365.917782245482,1.2365917782245484
44,2018-02-09,25810.25,25214.2,596.0499999999993,25511.95,50%,25809.975,25213.925000000003,low,25800,2018-02-22,6,BANKNIFTY18FEB25800CE,CE,2018-02-16 13:47:00,50.65,2018-02-21 15:20:00,0.05,Expiry Closing,50.6,251.84061588591234,12743.135163827164,1.2743135163827164,2018,-3.0743874203527994,-0.8365497379780148,-2.2378376823747845,0.507,12615.451971573008,1.2615451971573008
45,2018-02-16,25599.35,24782.1,817.25,25002.25,50%,25410.875,24593.625,high,24600,2018-03-01,3,BANKNIFTY1830124600PE,PE,2018-02-26 09:15:00,12.05,2018-02-28 15:20:00,0.05,Friday Closing,12.0,255.79599285738882,3069.551914288666,0.30695519142886657,2018,3.769678302213922,7.811476516736452,-4.0417982145225295,0.12100000000000001,3038.600599152922,0.3038600599152922
46,2018-02-23,25722.1,24855.35,866.75,24831.35,50%,25264.725,24397.975,low,25300,2018-03-08,2,BANKNIFTY1830825300CE,CE,2018-03-06 15:25:00,3.0,2018-03-07 15:20:00,0.05,Expiry Closing,2.95,257.2757075329338,758.9633372221547,0.07589633372221546,2018,-2.9984910866305836,-0.8365497379780148,-2.1619413486525687,0.0305,751.1164281424002,0.07511164281424003
47,2018-03-09,25009.55,24270.15,739.3999999999978,24753.65,50%,25123.35,24383.950000000004,low,25100,2018-03-22,3,BANKNIFTY1832225100CE,CE,2018-03-19 10:46:00,30.7,2018-03-21 15:20:00,0.05,Expiry Closing,30.65,258.72345845597823,7929.874001675733,0.7929874001675733,2018,-2.20550368646301,-0.8365497379780148,-1.3689539484849953,0.3075,7850.31653820052,0.785031653820052
48,2018-03-16,24785.0,24084.8,700.2000000000007,23785.65,50%,24135.75,23435.550000000003,high,23400,2018-03-28,2,BANKNIFTY18MAR23400PE,PE,2018-03-26 14:48:00,13.2,2018-03-27 15:20:00,0.05,Friday Closing,13.149999999999999,269.3100483722279,3541.427136094797,0.35414271360947974,2018,4.123821015823402,7.811476516736452,-3.68765550091305,0.1325,3505.7435546854767,0.35057435546854765
49,2018-03-30,24822.6,24065.45,757.1499999999978,24776.35,50%,25154.924999999996,24397.775,high,24400,2018-04-12,2,BANKNIFTY1841224400PE,PE,2018-04-10 09:15:00,17.7,2018-04-11 15:20:00,0.05,Friday Closing,17.65,258.3987032360463,4560.737112116217,0.4560737112116217,2018,4.579894727035024,7.811476516736452,-3.231581789701428,0.1775,4514.871342291819,0.4514871342291819
50,2018-04-13,25426.75,25050.7,376.0499999999993,25126.8,50%,25314.824999999997,24938.775,low,25300,2018-04-26,6,BANKNIFTY18APR25300CE,CE,2018-04-20 09:59:00,55.9,2018-04-25 15:20:00,0.05,Expiry Closing,55.85,256.76653897469174,14340.411201736533,1.4340411201736534,2018,-0.771462566289357,-0.771462566289357,0.0,0.5595,14196.750323180193,1.4196750323180194
51,2018-04-20,25126.8,24737.0,389.7999999999993,25030.15,50%,25225.050000000003,24835.25,high,24800,2018-05-03,6,BANKNIFTY1850324800PE,PE,2018-04-27 09:25:00,40.95,2018-05-02 15:20:00,0.1,Friday Closing,40.85,257.68036138679605,10526.24276265062,1.052624276265062,2018,5.632519003300086,7.811476516736452,-2.178957513436366,0.41050000000000003,10420.46497430134,1.042046497430134
52,2018-04-27,25716.0,25030.15,685.8499999999985,25632.3,50%,25975.225,25289.375,high,25300,2018-05-10,2,BANKNIFTY1851025300PE,PE,2018-05-08 09:15:00,7.3,2018-05-09 15:20:00,0.05,Friday Closing,7.25,250.23844836762726,1814.2287506652976,0.18142287506652977,2018,5.813941878366616,7.811476516736452,-1.997534638369836,0.0735,1795.836224710277,0.17958362247102772
53,2018-05-04,26265.4,25538.2,727.2000000000007,26173.7,50%,26537.300000000003,25810.1,high,25800,2018-05-17,3,BANKNIFTY1851725800PE,PE,2018-05-14 10:21:00,35.7,2018-05-16 15:20:00,0.05,Friday Closing,35.650000000000006,244.9382567179027,8732.048851993233,0.8732048851993233,2018,6.687146763565939,7.811476516736452,-1.124329753170513,0.3575,8644.483425216584,0.8644483425216584
54,2018-05-18,26070.8,25632.75,438.0499999999993,26066.75,50%,26285.775,25847.725,high,25800,2018-05-31,6,BANKNIFTY18MAY25800PE,PE,2018-05-25 14:09:00,35.6,2018-05-30 15:20:00,0.05,Friday Closing,35.550000000000004,247.28203752790245,8790.876434116934,0.8790876434116934,2018,7.566234406977632,7.811476516736452,-0.24524210975882,0.3565,8702.720387738236,0.8702720387738236
55,2018-05-25,27162.65,25985.35,1177.300000000003,26913.4,50%,27502.050000000003,26324.75,low,27500,2018-06-07,3,BANKNIFTY1860727500CE,CE,2018-06-04 14:09:00,7.9,2018-06-06 15:20:00,0.05,Expiry Closing,7.8500000000000005,236.34601784230628,1855.3162400621045,0.18553162400621045,2018,-0.5859309422831466,-0.5859309422831466,0.0,0.0795,1836.5267316436411,0.18365267316436412
56,2018-06-08,26764.35,26285.15,479.1999999999971,26513.7,50%,26753.3,26274.100000000002,low,26800,2018-06-21,2,BANKNIFTY1862126800CE,CE,2018-06-19 14:04:00,9.95,2018-06-20 15:20:00,0.05,Expiry Closing,9.899999999999999,242.96068148602228,2405.31074671162,0.240531074671162,2018,-0.3453998676119846,-0.3453998676119846,0.0,0.1,2381.0146785630177,0.2381014678563018
57,2018-06-15,26682.95,26225.7,457.25,26518.4,50%,26747.025,26289.775,high,26300,2018-06-28,6,BANKNIFTY18JUN26300PE,PE,2018-06-22 15:10:00,35.0,2018-06-27 15:20:00,1.3,Friday Closing,33.7,243.01768140568902,8189.69586337172,0.8189695863371721,2018,8.385203993314803,8.385203993314803,0.0,0.363,8101.480445021455,0.8101480445021455
58,2018-06-29,26596.35,26061.75,534.5999999999985,26427.55,50%,26694.85,26160.25,high,26200,2018-07-12,3,BANKNIFTY1871226200PE,PE,2018-07-09 11:39:00,14.95,2018-07-11 15:20:00,0.05,Friday Closing,14.899999999999999,243.49265869634033,3628.0406145754705,0.36280406145754707,2018,8.74800805477235,8.74800805477235,0.0,0.15,3591.5167157710193,0.3591516715771019
59,2018-07-06,27163.9,26411.0,752.9000000000015,27046.85,50%,27423.3,26670.399999999998,low,27400,2018-07-19,3,BANKNIFTY1871927400CE,CE,2018-07-16 14:40:00,8.75,2018-07-18 09:18:00,39.45,SL Hit,-30.700000000000003,237.0247198550138,-7276.658899548925,-0.7276658899548925,2018,-1.073065757566877,-0.3453998676119846,-0.7276658899548923,0.48200000000000004,-7390.904814519041,-0.739090481451904
60,2018-07-13,27187.0,26648.1,538.9000000000015,26764.4,50%,27033.850000000002,26494.95,high,26500,2018-07-26,3,BANKNIFTY18JUL26500PE,PE,2018-07-23 15:11:00,21.3,2018-07-25 15:20:00,0.05,Friday Closing,21.25,240.43930109843768,5109.335148341801,0.5109335148341801,2018,9.258941569606531,9.258941569606531,0.0,0.21350000000000002,5058.001357557285,0.5058001357557285
61,2018-07-20,27446.65,26701.3,745.3500000000022,27497.8,50%,27870.475,27125.125,high,27100,2018-08-02,3,BANKNIFTY1880227100PE,PE,2018-07-30 15:16:00,15.95,2018-08-01 15:20:00,0.05,Friday Closing,15.899999999999999,233.22171581216324,3708.2252814133954,0.37082252814133954,2018,9.62976409774787,9.62976409774787,0.0,0.16,3670.909806883449,0.36709098068834495
62,2018-07-27,27870.55,27330.45,540.0999999999985,27471.95,50%,27742.0,27201.9,high,27200,2018-08-09,3,BANKNIFTY1880927200PE,PE,2018-08-06 09:15:00,9.25,2018-08-08 15:20:00,0.05,Friday Closing,9.2,234.30178069353326,2155.576382380506,0.2155576382380506,2018,9.845321735985921,9.845321735985921,0.0,0.09300000000000001,2133.7863167760074,0.21337863167760074
63,2018-08-03,28354.85,27456.0,898.8499999999985,28348.95,50%,28798.375,27899.525,low,28800,2018-08-16,3,BANKNIFTY1881628800CE,CE,2018-08-13 09:15:00,3.9,2018-08-15 15:20:00,0.05,Expiry Closing,3.85,225.7071796585745,868.9726416855118,0.08689726416855117,2018,-0.9861684933983259,-0.3453998676119846,-0.6407686257863413,0.0395,860.0572080889981,0.08600572080889982
64,2018-08-10,28373.9,27743.1,630.8000000000029,27991.75,50%,28307.15,27676.35,high,27700,2018-08-23,3,BANKNIFTY1882327700PE,PE,2018-08-20 09:43:00,11.15,2018-08-22 15:20:00,0.05,Friday Closing,11.1,229.6239642634458,2548.826003324248,0.2548826003324248,2018,10.100204336318347,10.100204336318347,0.0,0.11200000000000002,2523.1081193267423,0.25231081193267424
65,2018-08-17,28321.95,27966.3,355.65000000000146,27954.25,50%,28132.075,27776.425,high,27800,2018-08-30,3,BANKNIFTY18AUG27800PE,PE,2018-08-27 09:20:00,26.4,2018-08-29 15:20:00,0.1,Friday Closing,26.299999999999997,231.05298844823923,6076.693596188691,0.6076693596188691,2018,10.707873695937215,10.707873695937215,0.0,0.265,6015.464554249907,0.6015464554249907
66,2018-08-24,28386.7,27786.8,599.9000000000015,27998.0,50%,28297.95,27698.05,low,28300,2018-09-06,2,BANKNIFTY1890628300CE,CE,2018-09-04 09:30:00,9.4,2018-09-05 15:20:00,0.05,Expiry Closing,9.35,229.6986177443949,2147.6820759100924,0.21476820759100923,2018,-0.7714002858073167,-0.3453998676119846,-0.4260004181953321,0.09450000000000001,2125.975556533247,0.2125975556533247
67,2018-08-31,28199.45,27136.9,1062.5499999999993,27439.25,50%,27970.525,26907.975,low,28000,2018-09-12,1,BANKNIFTY1891228000CE,CE,2018-09-11 14:37:00,1.35,2018-09-11 15:20:00,0.05,Expiry Closing,1.3,232.3874864701324,302.10373241117213,0.03021037324111721,2018,-0.7411899125661995,-0.3453998676119846,-0.3957900449542149,0.014000000000000002,298.85030760059027,0.029885030760059026
68,2018-09-07,27508.25,26557.5,950.75,27059.85,50%,27535.225,26584.475,low,27500,2018-09-19,1,BANKNIFTY1891927500CE,CE,2018-09-18 14:33:00,1.75,2018-09-18 15:20:00,0.05,Expiry Closing,1.7,236.06126334540576,401.3041476871898,0.04013041476871898,2018,-0.7010594977974804,-0.3453998676119846,-0.35565963018549585,0.018000000000000002,397.0550449469725,0.03970550449469725
69,2018-09-14,27205.55,26236.7,968.8499999999985,26331.05,50%,26815.475,25846.625,low,26800,2018-09-27,6,BANKNIFTY18SEP26800CE,CE,2018-09-21 13:03:00,13.5,2018-09-26 15:20:00,0.05,Expiry Closing,13.45,242.39734705426625,3260.244317879881,0.32602443178798807,2018,-0.3750350660094924,-0.3453998676119846,-0.029635198397507778,0.1355,3227.3994773540276,0.3227399477354027
70,2018-09-28,25464.0,24503.25,960.75,24741.65,50%,25222.025,24261.275,high,24300,2018-10-11,1,BANKNIFTY18101124300PE,PE,2018-10-10 13:19:00,10.1,2018-10-10 15:20:00,0.05,Friday Closing,10.049999999999999,257.7112662444827,2589.998225757051,0.2589998225757051,2018,10.966873518512921,10.966873518512921,0.0,0.1015,2563.840532233236,0.2563840532233236
71,2018-09-28,25464.0,24503.25,960.75,24741.65,50%,25222.025,24261.275,low,25200,2018-10-11,6,BANKNIFTY18101125200CE,CE,2018-10-05 15:21:00,48.3,2018-10-10 15:20:00,0.05,Expiry Closing,48.25,257.7112662444827,12434.56859629629,1.2434568596296292,2018,0.8684217936201368,0.8684217936201368,0.0,0.48349999999999993,12309.965199067083,1.2309965199067083
72,2018-10-05,25371.0,24244.85,1126.1500000000015,25001.95,50%,25565.025,24438.875,high,24400,2018-10-17,1,BANKNIFTY18101724400PE,PE,2018-10-16 09:27:00,6.45,2018-10-16 15:20:00,0.1,Friday Closing,6.3500000000000005,254.2536140684392,1614.510449334589,0.1614510449334589,2018,11.12832456344638,11.12832456344638,0.0,0.0655,1597.8568376131063,0.15978568376131064
73,2018-10-12,25903.15,25001.95,901.2000000000007,24966.5,50%,25417.1,24515.9,high,24500,2018-10-25,3,BANKNIFTY18OCT24500PE,PE,2018-10-22 09:15:00,38.1,2018-10-23 09:15:00,93.0,SL Hit,-54.9,255.7333448741202,-14039.7606335892,-1.40397606335892,2018,9.724348500087459,11.12832456344638,-1.4039760633589218,1.311,-14375.027048719172,-1.4375027048719171
74,2018-10-19,25491.45,24699.85,791.6000000000022,24771.85,50%,25167.65,24376.049999999996,high,24400,2018-11-01,1,BANKNIFTY18110124400PE,PE,2018-10-31 15:02:00,11.1,2018-10-31 15:20:00,0.05,Friday Closing,11.049999999999999,258.26805442701243,2853.862001418487,0.2853862001418487,2018,10.009734700229307,11.12832456344638,-1.118589863217073,0.1115,2825.0651133498754,0.28250651133498755
75,2018-10-19,25491.45,24699.85,791.6000000000022,24771.85,50%,25167.65,24376.049999999996,low,25200,2018-11-01,6,BANKNIFTY18110125200CE,CE,2018-10-26 15:23:00,38.65,2018-10-31 15:20:00,102.75,Expiry Closing,-64.1,258.26805442701243,-16554.982288771494,-1.6554982288771496,2018,-0.7870764352570128,0.8684217936201368,-1.6554982288771496,1.4140000000000001,-16920.17331773129,-1.6920173317731289
76,2018-11-02,25857.6,25500.45,357.1499999999978,25742.55,50%,25921.125,25563.975,high,25600,2018-11-15,1,BANKNIFTY18111525600PE,PE,2018-11-14 09:15:00,35.9,2018-11-14 15:20:00,0.05,Friday Closing,35.85,250.7607212264128,8989.7718559669,0.8989771855966899,2018,10.908711885825998,11.12832456344638,-0.2196126776203826,0.3595,8899.623376686004,0.8899623376686003
77,2018-11-02,25857.6,25500.45,357.1499999999978,25742.55,50%,25921.125,25563.975,low,25900,2018-11-15,3,BANKNIFTY18111525900CE,CE,2018-11-12 14:55:00,58.35,2018-11-14 09:15:00,133.7,SL Hit,-75.35,250.7607212264128,-18894.820344410204,-1.8894820344410204,2018,-2.6765584696980333,0.8684217936201368,-3.54498026331817,1.9204999999999999,-19376.40630952553,-1.937640630952553
78,2018-11-16,26378.05,25951.35,426.7000000000007,26096.0,50%,26309.35,25882.65,high,25900,2018-11-29,3,BANKNIFTY18NOV25900PE,PE,2018-11-26 14:10:00,49.75,2018-11-28 15:20:00,0.1,Friday Closing,49.65,247.0604556935082,12266.551625182681,1.2266551625182682,2018,12.135367048344266,12.135367048344266,0.0,0.4985,12143.391988019468,1.2143391988019467
79,2018-11-23,27003.05,26026.05,977.0,27009.3,50%,27497.8,26520.8,low,27500,2018-12-06,1,BANKNIFTY18120627500CE,CE,2018-12-05 09:30:00,1.9,2018-12-05 15:20:00,0.05,Expiry Closing,1.8499999999999999,236.38254696739375,437.3077118896784,0.043730771188967836,2018,-2.6328276985090655,0.8684217936201368,-3.5012494921292023,0.0195,432.6982522238142,0.04326982522238142
80,2018-11-30,27032.9,26150.6,882.3000000000029,26307.4,50%,26748.550000000003,25866.25,low,26700,2018-12-13,2,BANKNIFTY18121326700CE,CE,2018-12-11 09:15:00,48.55,2018-12-12 15:20:00,102.5,Expiry Closing,-53.95,243.0038263756353,-13110.056432965524,-1.3110056432965524,2018,-3.9438333418056177,0.8684217936201368,-4.812255135425755,1.5105000000000002,-13477.113712705921,-1.3477113712705922
81,2018-12-14,27363.45,26734.8,628.6500000000015,27261.25,50%,27575.575,26946.925,low,27600,2018-12-27,6,BANKNIFTY18DEC27600CE,CE,2018-12-21 13:59:00,35.0,2018-12-26 15:20:00,0.05,Expiry Closing,34.95,235.71584636041135,8238.268830296378,0.8238268830296377,2018,-3.12000645877598,0.8684217936201368,-3.9884282523961168,0.3505,8155.650426147054,0.8155650426147054
82,2018-12-28,27428.85,26923.75,505.09999999999854,26999.7,50%,27252.25,26747.15,high,26700,2019-01-10,6,BANKNIFTY1911026700PE,PE,2019-01-04 12:51:00,42.7,2019-01-09 15:20:00,0.05,Friday Closing,42.650000000000006,238.51241640598482,10172.554559715254,1.0172554559715254,2019,13.152622504315792,13.152622504315792,0.0,0.4275,10070.590501701696,1.0070590501701695
83,2019-01-04,27752.95,26926.9,826.0499999999993,27602.8,50%,28015.824999999997,27189.775,low,28000,2019-01-17,3,BANKNIFTY1911728000CE,CE,2019-01-14 11:54:00,10.65,2019-01-16 15:20:00,0.05,Expiry Closing,10.6,232.01172908525808,2459.3243283037355,0.24593243283037355,2019,-2.8740740259456063,0.8684217936201368,-3.742495819565743,0.10700000000000001,2434.499073291613,0.2434499073291613
84,2019-01-11,27612.15,27182.25,429.90000000000146,27550.05,50%,27765.0,27335.1,low,27800,2019-01-24,1,BANKNIFTY1912427800CE,CE,2019-01-23 14:46:00,7.55,2019-01-23 15:20:00,0.05,Expiry Closing,7.5,234.1076895371871,1755.8076715289033,0.17558076715289034,2019,-2.698493258792716,0.8684217936201368,-3.566915052412853,0.076,1738.015487124077,0.17380154871240772
85,2019-01-18,27622.2,27142.8,479.40000000000146,27261.45,50%,27501.15,27021.75,low,27500,2019-01-31,3,BANKNIFTY19JAN27500CE,CE,2019-01-28 09:15:00,46.45,2019-01-30 15:20:00,0.1,Expiry Closing,46.35,236.35375247944177,10954.996427422126,1.0954996427422126,2019,-1.6029936160505036,0.8684217936201368,-2.4714154096706404,0.4655,10844.973755642946,1.0844973755642946
86,2019-01-25,27431.4,26443.7,987.7000000000007,27334.55,50%,27828.4,26840.699999999997,low,27800,2019-02-07,3,BANKNIFTY1920727800CE,CE,2019-02-04 09:45:00,9.75,2019-02-06 15:20:00,0.15,Expiry Closing,9.6,233.57433413347513,2242.313607681361,0.22423136076813613,2019,-1.3787622552823675,0.8684217936201368,-2.247184048902504,0.099,2219.189748602147,0.22191897486021472
87,2019-02-01,27588.5,26827.3,761.2000000000007,27302.65,50%,27683.25,26922.050000000003,low,27700,2019-02-14,1,BANKNIFTY1921427700CE,CE,2019-02-13 15:06:00,2.25,2019-02-13 15:20:00,0.05,Expiry Closing,2.2,234.7990210686968,516.557846351133,0.0516557846351133,2019,-1.3271064706472542,0.8684217936201368,-2.195528264267391,0.023,511.15746886655296,0.051115746886655294
88,2019-02-08,27482.1,26818.65,663.4499999999971,27017.2,50%,27348.925,26685.475000000002,low,27300,2019-02-21,6,BANKNIFTY1922127300CE,CE,2019-02-15 11:14:00,41.3,2019-02-20 15:20:00,0.1,Expiry Closing,41.199999999999996,237.66930510065754,9791.975370147089,0.9791975370147089,2019,-0.34790893363254527,0.8684217936201368,-1.2163307272526822,0.414,9693.580277835417,0.9693580277835417
89,2019-02-22,27196.85,26719.65,477.1999999999971,26941.0,50%,27179.6,26702.4,high,26700,2019-03-07,2,BANKNIFTY1930726700PE,PE,2019-03-05 11:53:00,31.15,2019-03-06 15:20:00,0.05,Friday Closing,31.099999999999998,239.14995069831787,7437.5634667176855,0.7437563466717686,2019,13.89637885098756,13.89637885098756,0.0,0.312,7362.94868209981,0.736294868209981
90,2019-03-01,27813.55,26941.0,872.5499999999993,27686.15,50%,28122.425000000003,27249.875,high,27200,2019-03-14,2,BANKNIFTY1931427200PE,PE,2019-03-12 09:15:00,5.95,2019-03-13 15:20:00,0.05,Friday Closing,5.9,231.13227255473166,1363.6804080729169,0.1363680408072917,2019,14.032746891794853,14.032746891794853,0.0,0.06,1349.8124717196329,0.13498124717196328
91,2019-03-08,29069.25,27648.3,1420.9500000000007,29007.0,50%,29717.475,28296.525,high,28300,2019-03-20,2,BANKNIFTY1932028300PE,PE,2019-03-18 09:15:00,7.15,2019-03-19 15:20:00,0.05,Friday Closing,7.1000000000000005,218.72652370364577,1552.958318295885,0.1552958318295885,2019,14.188042723624442,14.188042723624442,0.0,0.07200000000000001,1537.2100085892225,0.15372100085892226
92,2019-03-15,29883.7,29002.35,881.3500000000022,29920.75,50%,30361.425000000003,29480.074999999997,low,30400,2019-03-28,3,BANKNIFTY19MAR30400CE,CE,2019-03-25 09:15:00,10.7,2019-03-26 15:14:00,50.5,SL Hit,-39.8,214.08744813525715,-8520.680435783233,-0.8520680435783233,2019,-1.1999769772108686,0.8684217936201368,-2.0683987708310054,0.612,-8651.701954042011,-0.8651701954042011
93,2019-04-05,30231.9,29641.4,590.5,29780.55,50%,30075.8,29485.3,high,29500,2019-04-18,3,BANKNIFTY1941829500PE,PE,2019-04-15 09:48:00,28.45,2019-04-17 15:20:00,0.05,Friday Closing,28.4,216.12060194575042,6137.825095259312,0.6137825095259312,2019,14.801825233150371,14.801825233150371,0.0,0.28500000000000003,6076.230723704773,0.6076230723704773
94,2019-04-12,30656.5,29711.55,944.9500000000007,30282.5,50%,30754.975,29810.025,low,30800,2019-04-25,3,BANKNIFTY19APR30800CE,CE,2019-04-22 14:23:00,14.25,2019-04-24 15:20:00,0.05,Expiry Closing,14.2,211.34792013324673,3001.1404658921033,0.3001140465892103,2019,-0.8998629306216583,0.8684217936201368,-1.7682847242417952,0.14300000000000002,2970.917713313049,0.2970917713313049
95,2019-04-26,30047.3,29550.85,496.4500000000007,29811.65,50%,30059.875,29563.425000000003,high,29600,2019-05-09,6,BANKNIFTY1950929600PE,PE,2019-05-03 13:54:00,69.75,2019-05-06 09:15:00,185.05,SL Hit,-115.30000000000001,216.2350974513367,-24931.906736139124,-2.4931906736139124,2019,12.30863455953646,14.801825233150371,-2.4931906736139116,2.548,-25482.873764445132,-2.548287376444513
96,2019-04-26,30047.3,29550.85,496.4500000000007,29811.65,50%,30059.875,29563.425000000003,low,30100,2019-05-09,3,BANKNIFTY1950930100CE,CE,2019-05-06 09:15:00,57.0,2019-05-08 15:20:00,0.05,Expiry Closing,56.95,216.2350974513367,12314.588799853627,1.2314588799853627,2019,0.3315959493637044,0.8684217936201368,-0.5368258442564324,0.5705,12191.22667675764,1.219122667675764
97,2019-05-10,29202.4,28526.1,676.3000000000029,28881.4,50%,29219.550000000003,28543.25,high,28500,2019-05-23,6,BANKNIFTY1952328500PE,PE,2019-05-17 13:30:00,427.85,2019-05-22 15:20:00,0.1,Friday Closing,427.75,222.45380233439596,95154.61394853787,9.515461394853787,2019,21.824095954390245,21.824095954390245,0.0,4.2795000000000005,94202.62290144782,9.420262290144782
98,2019-05-24,31711.3,30565.05,1146.25,31678.9,50%,32252.025,31105.775,low,32300,2019-06-06,6,BANKNIFTY1960632300CE,CE,2019-05-31 12:00:00,17.5,2019-06-04 09:36:00,20.9,SL Hit,-3.3999999999999986,201.53773290204256,-685.2282918669445,-0.06852282918669445,2019,0.26307312017700996,0.8684217936201368,-0.6053486734431268,0.384,-762.6187813013288,-0.07626187813013288
99,2019-06-07,31398.7,30628.9,769.7999999999993,30983.45,50%,31368.35,30598.550000000003,low,31400,2019-06-20,6,BANKNIFTY1962031400CE,CE,2019-06-14 15:11:00,25.8,2019-06-19 15:20:00,0.05,Expiry Closing,25.75,207.2152344640378,5335.792287448973,0.5335792287448973,2019,0.7966523489219073,0.8684217936201368,-0.07176944469822955,0.2585,5282.227149340019,0.5282227149340019
100,2019-06-28,31607.8,31061.3,546.5,31523.05,50%,31796.3,31249.8,low,31800,2019-07-11,3,BANKNIFTY1971131800CE,CE,2019-07-08 09:15:00,32.55,2019-07-10 15:20:00,0.05,Expiry Closing,32.5,204.42630117340698,6643.854788135727,0.6643854788135727,2019,1.4610378277354799,1.4610378277354799,0.0,0.32599999999999996,6577.211813953197,0.6577211813953197
101,2019-07-12,30861.4,30334.65,526.75,30515.1,50%,30778.475,30251.725,low,30800,2019-07-25,6,BANKNIFTY19JUL30800CE,CE,2019-07-19 09:50:00,44.1,2019-07-24 15:20:00,0.05,Expiry Closing,44.050000000000004,211.18655164039154,9302.767599759249,0.9302767599759248,2019,2.391314587711405,2.391314587711405,0.0,0.4415,9209.528737210016,0.9209528737210015
102,2019-07-26,29583.45,28049.8,1533.6500000000015,28224.25,50%,28991.075,27457.425,low,29000,2019-08-08,3,BANKNIFTY1980829000CE,CE,2019-08-05 09:45:00,16.9,2019-08-07 15:20:00,0.05,Expiry Closing,16.849999999999998,224.20693265082443,3777.886815166391,0.3777886815166391,2019,2.7691032692280437,2.7691032692280437,0.0,0.16949999999999998,3739.883740082076,0.3739883740082076
103,2019-08-02,28541.2,27390.5,1150.7000000000007,28293.65,50%,28869.0,27718.300000000003,low,28900,2019-08-14,1,BANKNIFTY1981428900CE,CE,2019-08-13 14:49:00,2.7,2019-08-13 15:20:00,0.05,Expiry Closing,2.6500000000000004,225.1550105649659,596.6607779971597,0.059666077799715965,2019,2.8287693470277597,2.8287693470277597,0.0,0.0275,590.4690152066231,0.05904690152066231
104,2019-08-09,28602.2,27683.85,918.3500000000022,27920.3,50%,28379.475,27461.125,high,27500,2019-08-22,3,BANKNIFTY1982227500PE,PE,2019-08-19 09:16:00,38.75,2019-08-21 14:47:00,60.65,SL Hit,-21.9,229.03876833521412,-5015.949026541189,-0.5015949026541189,2019,21.32250105173613,21.824095954390245,-0.5015949026541158,0.9940000000000001,-5243.613562266391,-0.5243613562266392
105,2019-08-16,28468.25,26978.35,1489.9000000000015,26835.35,50%,27580.3,26090.399999999998,high,26100,2019-08-29,3,BANKNIFTY19AUG26100PE,PE,2019-08-26 09:15:00,25.65,2019-08-26 10:03:00,93.65,SL Hit,-68.0,235.67546400873087,-16025.9315525937,-1.6025931552593702,2019,19.71990789647676,21.824095954390245,-2.104188057913486,1.193,-16307.092381156115,-1.6307092381156114
106,2019-08-30,27585.0,26642.6,942.4000000000015,26986.5,50%,27457.7,26515.3,high,26500,2019-09-12,3,BANKNIFTY1991226500PE,PE,2019-09-09 10:31:00,20.75,2019-09-11 15:20:00,0.05,Friday Closing,20.7,236.72776671024886,4900.264770902151,0.49002647709021513,2019,20.209934373566973,21.824095954390245,-1.6141615808232714,0.20800000000000002,4851.02539542642,0.48510253954264204
107,2019-09-06,28061.95,26964.95,1097.0,27772.0,50%,28320.5,27223.5,low,28300,2019-09-19,2,BANKNIFTY1991928300CE,CE,2019-09-17 14:07:00,8.5,2019-09-18 15:20:00,0.05,Expiry Closing,8.45,229.51572182694514,1939.4078494376863,0.19394078494376865,2019,3.0227101319715284,3.0227101319715284,0.0,0.0855,1919.7842552214825,0.19197842552214825
108,2019-09-13,28124.9,26645.15,1479.75,26878.65,50%,27618.525,26138.775,high,26100,2019-09-26,6,BANKNIFTY19SEP26100PE,PE,2019-09-20 11:09:00,20.25,2019-09-25 15:20:00,0.05,Friday Closing,20.2,235.34928096268717,4754.055475446281,0.4754055475446281,2019,20.685339921111602,21.824095954390245,-1.1387560332786428,0.203,4706.279571410855,0.4706279571410855
109,2019-09-27,30111.2,28085.35,2025.8500000000022,28681.9,50%,29694.825000000004,27668.975,low,29700,2019-10-10,3,BANKNIFTY19101029700CE,CE,2019-10-07 09:19:00,20.95,2019-10-09 15:20:00,0.05,Expiry Closing,20.9,218.89335936480512,4574.871210724426,0.4574871210724426,2019,3.480197253043971,3.480197253043971,0.0,0.21,4528.903605257818,0.45289036052578174
110,2019-10-11,29046.45,27742.5,1303.9500000000007,28954.8,50%,29606.775,28302.824999999997,high,28300,2019-10-24,2,BANKNIFTY19102428300PE,PE,2019-10-22 12:06:00,30.75,2019-10-23 15:20:00,0.05,Friday Closing,30.7,219.54434415771388,6740.011365641816,0.6740011365641817,2019,21.35934105767578,21.824095954390245,-0.4647548967144637,0.308,6672.39170764124,0.667239170764124
111,2019-10-18,29691.85,28864.25,827.5999999999985,29228.65,50%,29642.45,28814.850000000002,high,28800,2019-10-31,2,BANKNIFTY19OCT28800PE,PE,2019-10-29 10:56:00,36.6,2019-10-30 15:20:00,0.05,Friday Closing,36.550000000000004,219.28012023297669,8014.688394515299,0.8014688394515299,2019,22.16080989712731,22.16080989712731,0.0,0.3665,7934.322230449912,0.7934322230449913
112,2019-11-01,30818.9,30015.1,803.8000000000029,30571.3,50%,30973.2,30169.399999999998,high,30200,2019-11-14,6,BANKNIFTY19111430200PE,PE,2019-11-08 12:12:00,101.65,2019-11-13 15:20:00,0.1,Friday Closing,101.55000000000001,209.85884571177664,21311.16578203092,2.131116578203092,2019,24.291926475330406,24.291926475330406,0.0,1.0175,21097.634406519188,2.1097634406519186
113,2019-11-08,31203.65,30340.25,863.4000000000015,30912.4,50%,31344.100000000002,30480.7,high,30500,2019-11-21,1,BANKNIFTY19112130500PE,PE,2019-11-20 10:01:00,18.75,2019-11-20 15:20:00,0.1,Friday Closing,18.65,207.37555074160687,3867.5540213309678,0.3867554021330968,2019,24.6786818774635,24.6786818774635,0.0,0.18850000000000003,3828.463730016175,0.3828463730016175
114,2019-11-15,31469.3,30879.05,590.25,31389.6,50%,31684.725,31094.475,high,31100,2019-11-28,2,BANKNIFTY19NOV31100PE,PE,2019-11-26 09:15:00,35.9,2019-11-27 15:20:00,0.05,Friday Closing,35.85,205.14617059166522,7354.490215711198,0.7354490215711198,2019,25.41413089903462,25.41413089903462,0.0,0.3595,7280.740167383495,0.7280740167383495
115,2019-11-15,31469.3,30879.05,590.25,31389.6,50%,31684.725,31094.475,low,31700,2019-11-28,6,BANKNIFTY19NOV31700CE,CE,2019-11-22 13:07:00,62.0,2019-11-25 13:35:00,102.7,SL Hit,-40.7,205.14617059166522,-8349.449143080776,-0.8349449143080775,2019,2.6452523387358937,3.480197253043971,-0.8349449143080774,1.647,-8687.324886045248,-0.8687324886045248
116,2019-11-22,32155.75,31055.75,1100.0,32074.15,50%,32624.15,31524.15,low,32600,2019-12-05,2,BANKNIFTY19120532600CE,CE,2019-12-03 13:01:00,8.25,2019-12-04 15:20:00,0.05,Expiry Closing,8.2,199.23890737383195,1633.7590404654218,0.16337590404654218,2019,2.8086282427824356,3.480197253043971,-0.6715690102615355,0.083,1617.2222111533938,0.16172222111533938
117,2019-11-29,32122.7,31444.6,678.1000000000022,31797.15,50%,32136.200000000004,31458.1,low,32100,2019-12-12,6,BANKNIFTY19121232100CE,CE,2019-12-06 13:34:00,82.65,2019-12-11 15:20:00,0.05,Expiry Closing,82.60000000000001,202.26411336747964,16707.01576415382,1.670701576415382,2019,4.479329819197818,4.479329819197818,0.0,0.8270000000000001,16539.743342398917,1.6539743342398918
118,2019-12-06,31880.6,30997.85,882.75,31775.55,50%,32216.925,31334.175,high,31300,2019-12-19,1,BANKNIFTY19121931300PE,PE,2019-12-18 09:15:00,5.35,2019-12-18 15:20:00,0.05,Friday Closing,5.3,201.75730613644848,1069.313722523177,0.1069313722523177,2019,25.52106227128694,25.52106227128694,0.0,0.05399999999999999,1058.4188279918087,0.10584188279918086
119,2019-12-20,32500.35,31974.85,525.5,32142.5,50%,32405.25,31879.75,high,31900,2020-01-02,6,BANKNIFTY2010231900PE,PE,2019-12-27 15:04:00,39.3,2020-01-01 15:20:00,0.15,Friday Closing,39.15,200.5847817869018,7852.894206957205,0.7852894206957205,2019,26.30635169198266,26.30635169198266,0.0,0.39449999999999996,7773.763510542272,0.7773763510542272
120,2019-12-27,32611.2,32058.55,552.6500000000015,32326.95,50%,32603.275,32050.625,low,32600,2020-01-09,6,BANKNIFTY2010932600CE,CE,2020-01-03 12:19:00,58.2,2020-01-08 15:20:00,0.05,Expiry Closing,58.150000000000006,199.36647468697547,11593.160503047624,1.1593160503047624,2020,5.6386458695025805,5.6386458695025805,0.0,0.5825,11477.029531542461,1.1477029531542462
121,2020-01-10,32345.2,31671.5,673.7000000000007,31571.65,50%,31908.5,31234.800000000003,high,31200,2020-01-23,3,BANKNIFTY2012331200PE,PE,2020-01-20 09:15:00,70.4,2020-01-20 09:21:00,78.65,SL Hit,-8.25,203.70747606437158,-1680.5866775310656,-0.16805866775310657,2020,26.138293024229554,26.30635169198266,-0.16805866775310463,1.4905000000000002,-1984.2126706050115,-0.19842126706050114
122,2020-01-10,32345.2,31671.5,673.7000000000007,31571.65,50%,31908.5,31234.800000000003,low,31900,2020-01-23,3,BANKNIFTY2012331900CE,CE,2020-01-20 13:00:00,63.9,2020-01-22 15:20:00,0.05,Expiry Closing,63.85,203.70747606437158,13006.722346710125,1.3006722346710125,2020,6.9393181041735925,6.9393181041735925,0.0,0.6395,12876.45141576696,1.2876451415766959
123,2020-01-24,31374.15,30522.05,852.1000000000022,30950.5,50%,31376.550000000003,30524.449999999997,low,31400,2020-02-06,5,BANKNIFTY2020631400CE,CE,2020-02-01 09:15:00,228.95,2020-02-05 15:20:00,0.15,Expiry Closing,228.79999999999998,207.16108048845393,47398.45521575826,4.739845521575826,2020,11.679163625749418,11.679163625749418,0.0,2.291,46923.84918035921,4.692384918035921
124,2020-02-07,31598.55,30958.35,640.2000000000007,31281.85,50%,31601.949999999997,30961.75,low,31600,2020-02-20,6,BANKNIFTY2022031600CE,CE,2020-02-14 10:55:00,44.0,2020-02-19 15:20:00,0.05,Expiry Closing,43.95,205.68351003656423,9039.790266106998,0.9039790266106998,2020,12.583142652360118,12.583142652360118,0.0,0.4405,8949.186679935892,0.8949186679935892
125,2020-02-21,30702.15,29918.85,783.3000000000029,29501.55,50%,29893.2,29109.899999999998,low,29900,2020-03-05,6,BANKNIFTY2030529900CE,CE,2020-02-28 15:00:00,129.2,2020-03-04 15:20:00,0.1,Expiry Closing,129.1,217.44075575716215,28071.601568249633,2.8071601568249633,2020,15.390302809185082,15.390302809185082,0.0,1.293,27790.450671055623,2.7790450671055624
126,2020-02-28,29778.65,28125.45,1653.2000000000007,27649.95,50%,28476.550000000003,26823.35,low,28500,2020-03-12,3,BANKNIFTY2031228500CE,CE,2020-03-09 09:37:00,33.1,2020-03-11 15:20:00,0.2,Expiry Closing,32.9,228.25798771269692,7509.687795747728,0.7509687795747728,2020,16.141271588759853,16.141271588759853,0.0,0.3330000000000001,7433.6778858394,0.74336778858394
127,2020-03-06,28042.5,23613.1,4429.4000000000015,22720.75,50%,24935.45,20506.05,high,20500,2020-03-19,6,BANKNIFTY2031920500PE,PE,2020-03-13 12:37:00,297.05,2020-03-16 09:24:00,297.05,SL Hit,0.0,260.67305783533084,0.0,0.0,2020,26.138293024229554,26.30635169198266,-0.16805866775310463,5.941000000000001,-1548.6586365997007,-0.15486586365997004
128,2020-03-06,28042.5,23613.1,4429.4000000000015,22720.75,50%,24935.45,20506.05,low,24900,2020-03-19,1,BANKNIFTY2031924900CE,CE,2020-03-18 12:32:00,9.0,2020-03-18 15:20:00,0.1,Expiry Closing,8.9,260.67305783533084,2319.9902147344446,0.23199902147344448,2020,16.3732706102333,16.3732706102333,0.0,0.091,2296.2689664714294,0.22962689664714295
129,2020-03-13,25654.95,18680.65,6974.299999999999,19898.3,50%,23385.449999999997,16411.15,low,23400,2020-03-26,2,BANKNIFTY20MAR23400CE,CE,2020-03-24 09:52:00,34.05,2020-03-25 15:20:00,1.0,Expiry Closing,33.05,277.9506060392253,9186.267529596396,0.9186267529596397,2020,17.291897363192938,17.291897363192938,0.0,0.3505,9088.845842179648,0.9088845842179648
130,2020-03-20,20923.25,16118.1,4805.15,20801.6,50%,23204.175,18399.024999999998,low,23200,2020-04-01,0,BANKNIFTY2040123200CE,CE,2020-04-01 10:42:00,0.4,2020-03-31 15:20:00,0.2,Expiry Closing,0.2,280.12200390662457,56.024400781324914,0.005602440078132491,2020,17.297499803271073,17.297499803271073,0.0,0.006000000000000001,54.34366875788517,0.005434366875788517
131,2020-03-27,21450.95,18044.85,3406.100000000002,18325.05,50%,20028.1,16622.0,high,16600,2020-04-09,1,BANKNIFTY2040916600PE,PE,2020-04-08 10:22:00,12.3,2020-04-08 15:20:00,0.05,Friday Closing,12.25,324.54401565800055,3975.6641918105065,0.3975664191810507,2020,26.535859443410605,26.535859443410605,0.0,0.12350000000000001,3935.5830058767433,0.3935583005876743
132,2020-04-10,20178.35,18706.25,1472.0999999999985,20394.75,50%,21130.8,19658.7,low,21100,2020-04-23,2,BANKNIFTY2042321100CE,CE,2020-04-21 09:24:00,81.35,2020-04-22 15:20:00,0.05,Expiry Closing,81.3,307.6078520453556,25008.518371287413,2.5008518371287414,2020,19.79835164039981,19.79835164039981,0.0,0.814,24758.125579722495,2.4758125579722496
133,2020-04-17,21113.45,19053.5,2059.9500000000007,19697.65,50%,20727.625,18667.675000000003,high,18700,2020-04-30,2,BANKNIFTY20APR18700PE,PE,2020-04-28 15:27:00,13.1,2020-04-29 15:20:00,0.05,Friday Closing,13.049999999999999,313.59116155372357,4092.364658276092,0.4092364658276092,2020,26.945095909238212,26.945095909238212,0.0,0.1315,4051.1274205317773,0.4051127420531777
134,2020-04-24,21966.65,19517.8,2448.850000000002,20514.75,50%,21739.175000000003,19290.324999999997,low,21700,2020-05-07,2,BANKNIFTY2050721700CE,CE,2020-05-05 14:54:00,16.75,2020-05-06 15:20:00,0.05,Expiry Closing,16.7,298.9993870512565,4993.289763755984,0.49932897637559837,2020,20.29768061677541,20.29768061677541,0.0,0.168,4943.057866731372,0.49430578667313724
135,2020-05-01,20514.75,18943.95,1570.7999999999993,19844.0,50%,20629.4,19058.6,low,20600,2020-05-14,3,BANKNIFTY2051420600CE,CE,2020-05-11 14:15:00,46.95,2020-05-13 15:20:00,0.05,Expiry Closing,46.900000000000006,315.0842971681193,14777.453537184796,1.4777453537184797,2020,21.77542597049389,21.77542597049389,0.0,0.47000000000000003,14629.36391751578,1.462936391751578
136,2020-05-08,20088.2,18291.15,1797.0499999999993,19098.8,50%,19997.324999999997,18200.275,low,20000,2020-05-21,3,BANKNIFTY2052120000CE,CE,2020-05-18 09:36:00,51.45,2020-05-20 15:20:00,0.05,Expiry Closing,51.400000000000006,325.04347456472306,16707.234592626766,1.6707234592626765,2020,23.446149429756566,23.446149429756566,0.0,0.515,16539.837203225932,1.653983720322593
137,2020-05-15,19104.1,17394.95,1709.1499999999978,17554.25,50%,18408.824999999997,16699.675000000003,high,16700,2020-05-28,1,BANKNIFTY20MAY16700PE,PE,2020-05-27 13:51:00,7.8,2020-05-27 15:20:00,0.05,Friday Closing,7.75,353.0915199639304,2736.4592797204605,0.27364592797204607,2020,27.21874183721026,27.21874183721026,0.0,0.0785,2708.7415954032917,0.2708741595403292
138,2020-05-22,19450.5,17108.35,2342.1500000000015,18962.0,50%,20133.075,17790.925,high,17800,2020-06-04,3,BANKNIFTY2060417800PE,PE,2020-06-01 09:55:00,28.5,2020-06-03 15:20:00,0.75,Friday Closing,27.75,322.8518246715914,8959.13813463666,0.895913813463666,2020,28.114655650673924,28.114655650673924,0.0,0.2925,8864.70397592022,0.886470397592022
139,2020-06-05,21805.3,20426.55,1378.75,19529.3,50%,20218.675,18839.925,high,18800,2020-06-18,6,BANKNIFTY2061818800PE,PE,2020-06-12 11:24:00,202.2,2020-06-12 11:25:00,192.0,SL Hit,10.199999999999989,321.4849637773,3279.146630528456,0.3279146630528456,2020,28.44257031372677,28.44257031372677,0.0,3.942,2011.8529033183395,0.20118529033183394
140,2020-06-12,21026.2,19510.35,1515.8500000000022,20970.1,50%,21728.025,20212.174999999996,high,20200,2020-06-25,3,BANKNIFTY20JUN20200PE,PE,2020-06-22 09:33:00,75.0,2020-06-24 15:20:00,0.1,Friday Closing,74.9,299.1528222192307,22406.546384220383,2.2406546384220385,2020,30.68322495214881,30.68322495214881,0.0,0.751,22181.88261473374,2.218188261473374
141,2020-06-26,22344.7,21026.6,1318.1000000000022,22101.75,50%,22760.800000000003,21442.699999999997,high,21400,2020-07-09,1,BANKNIFTY2070921400PE,PE,2020-07-08 09:22:00,17.9,2020-07-08 15:20:00,0.1,Friday Closing,17.799999999999997,285.5787142806931,5083.301114196336,0.5083301114196336,2020,31.191555063568444,31.191555063568444,0.0,0.18,5031.896945625811,0.5031896945625811
142,2020-07-03,23078.9,21769.35,1309.550000000003,22720.95,50%,23375.725000000002,22066.175,low,23400,2020-07-16,3,BANKNIFTY2071623400CE,CE,2020-07-13 12:56:00,47.05,2020-07-15 15:20:00,0.15,Expiry Closing,46.9,278.066241795709,13041.306740218752,1.3041306740218752,2020,24.750280103778444,24.750280103778444,0.0,0.472,12910.059474091177,1.2910059474091176
143,2020-07-10,22834.25,21028.0,1806.25,21608.05,50%,22511.175,20704.925,high,20700,2020-07-23,3,BANKNIFTY2072320700PE,PE,2020-07-20 09:48:00,33.65,2020-07-22 15:20:00,0.05,Friday Closing,33.6,288.74547863450044,9701.848082119215,0.9701848082119214,2020,32.16173987178036,32.16173987178036,0.0,0.33699999999999997,9604.540855819389,0.9604540855819389
144,2020-07-17,23208.4,21553.45,1654.9500000000007,22853.2,50%,23680.675000000003,22025.725,low,23700,2020-07-30,3,BANKNIFTY20JUL23700CE,CE,2020-07-27 11:36:00,22.75,2020-07-29 15:20:00,0.1,Expiry Closing,22.65,274.4854190178278,6217.094740753799,0.6217094740753799,2020,25.37198957785382,25.37198957785382,0.0,0.2285,6154.374822508225,0.6154374822508226
145,2020-07-24,22853.2,21580.85,1272.3500000000022,21730.55,50%,22366.725,21094.375,low,22400,2020-08-06,3,BANKNIFTY2080622400CE,CE,2020-08-03 12:59:00,38.05,2020-08-05 15:20:00,0.1,Expiry Closing,37.949999999999996,290.61027039050197,11028.659761319548,1.1028659761319548,2020,26.474855553985776,26.474855553985776,0.0,0.3815,10917.791943165572,1.0917791943165571
146,2020-07-31,21933.45,21034.0,899.4500000000007,21620.25,50%,22069.975,21170.525,high,21200,2020-08-13,2,BANKNIFTY2081321200PE,PE,2020-08-11 09:15:00,30.2,2020-08-12 15:20:00,0.05,Friday Closing,30.15,294.51777811257153,8879.711010094032,0.8879711010094031,2020,33.04971097278977,33.04971097278977,0.0,0.3025,8790.619382214978,0.8790619382214978
147,2020-08-07,22438.15,21459.2,978.9500000000007,22334.95,50%,22824.425000000003,21845.475,low,22800,2020-08-20,6,BANKNIFTY2082022800CE,CE,2020-08-14 13:47:00,59.5,2020-08-19 15:20:00,0.1,Expiry Closing,59.4,284.7826396502869,16916.088795227042,1.6916088795227042,2020,28.16646443350848,28.16646443350848,0.0,0.596,16746.35834199547,1.674635834199547
148,2020-08-14,22418.8,21404.05,1014.75,22190.7,50%,22698.075,21683.325,high,21700,2020-08-27,3,BANKNIFTY20AUG21700PE,PE,2020-08-24 11:10:00,31.9,2020-08-26 15:20:00,0.1,Friday Closing,31.799999999999997,286.36789683706655,9106.499119418715,0.9106499119418715,2020,33.960360884731635,33.960360884731635,0.0,0.32,9014.861392430854,0.9014861392430854
149,2020-08-21,23700.7,22169.55,1531.1500000000015,23635.3,50%,24400.875,22869.725,high,22900,2020-09-03,6,BANKNIFTY2090322900PE,PE,2020-08-28 11:44:00,53.0,2020-09-02 15:20:00,0.1,Friday Closing,52.9,266.38388992198026,14091.707776872756,1.4091707776872755,2020,35.369531662418915,35.369531662418915,0.0,0.531,13950.257931324184,1.3950257931324184
150,2020-08-28,25228.5,23387.3,1841.2000000000007,23119.15,50%,24039.75,22198.550000000003,low,24000,2020-09-10,1,BANKNIFTY2091024000CE,CE,2020-09-09 11:50:00,6.1,2020-09-09 15:20:00,0.15,Expiry Closing,5.949999999999999,270.38550733680677,1608.7937686540001,0.1608793768654,2020,28.327343810373883,28.327343810373883,0.0,0.0625,1591.8946744454497,0.15918946744454499
151,2020-09-11,22746.6,22034.75,711.8499999999985,22439.35,50%,22795.274999999998,22083.425,low,22800,2020-09-24,6,BANKNIFTY20SEP22800CE,CE,2020-09-18 14:21:00,127.05,2020-09-23 15:20:00,0.15,Expiry Closing,126.89999999999999,285.14681222314715,36185.13047111737,3.6185130471117373,2020,31.94585685748562,31.94585685748562,0.0,1.272,35822.42372596953,3.582242372596953
152,2020-09-18,22465.1,20407.45,2057.649999999998,20740.8,50%,21769.625,19711.975,high,19700,2020-10-01,2,BANKNIFTY20100119700PE,PE,2020-09-29 09:15:00,6.9,2020-09-30 15:20:00,0.05,Friday Closing,6.8500000000000005,298.58116527041693,2045.2809821023561,0.20452809821023563,2020,35.57405976062915,35.57405976062915,0.0,0.0695,2024.5295911160622,0.2024529591116062
153,2020-10-02,23450.55,22248.85,1201.7000000000007,23312.6,50%,23913.449999999997,22711.75,high,22700,2020-10-15,3,BANKNIFTY20101522700PE,PE,2020-10-12 09:15:00,48.5,2020-10-14 15:20:00,0.25,Friday Closing,48.25,271.8135609876451,13115.004317653875,1.3115004317653876,2020,36.885560192394536,36.885560192394536,0.0,0.4875,12982.495206672398,1.2982495206672398
154,2020-10-09,24186.75,22971.45,1215.2999999999993,23219.85,50%,23827.5,22612.199999999997,high,22600,2020-10-22,3,BANKNIFTY20102222600PE,PE,2020-10-19 09:15:00,55.25,2020-10-21 15:20:00,0.1,Friday Closing,55.15,272.7940404994229,15044.591333543174,1.5044591333543174,2020,38.39001932574885,38.39001932574885,0.0,0.5535,14893.599832126743,1.4893599832126743
155,2020-10-23,24809.65,23825.05,984.6000000000022,24090.15,50%,24582.450000000004,23597.85,high,23600,2020-11-05,3,BANKNIFTY20110523600PE,PE,2020-11-02 11:18:00,166.45,2020-11-04 15:20:00,0.1,Friday Closing,166.35,264.41628072059535,43985.648297871034,4.398564829787103,2020,42.78858415553596,42.78858415553596,0.0,1.6654999999999998,43545.26298233088,4.354526298233088
156,2020-10-30,26373.65,23613.9,2759.75,26274.1,50%,27653.975,24894.225,high,24900,2020-11-12,2,BANKNIFTY20111224900PE,PE,2020-11-10 09:15:00,11.55,2020-11-11 15:20:00,0.05,Friday Closing,11.5,235.04758357523647,2703.0472111152194,0.27030472111152193,2020,43.05888887664748,43.05888887664748,0.0,0.11600000000000002,2675.781691420492,0.2675781691420492
157,2020-11-06,29028.75,26147.5,2881.25,28108.7,50%,29549.325,26668.075,high,26700,2020-11-19,1,BANKNIFTY20111926700PE,PE,2020-11-18 13:38:00,3.65,2020-11-18 15:20:00,0.1,Friday Closing,3.55,219.9711837749255,780.8977024009855,0.07808977024009855,2020,43.13697864688758,43.13697864688758,0.0,0.0375,772.6487830094258,0.07726487830094259
158,2020-11-13,29781.95,27704.15,2077.7999999999993,28935.75,50%,29974.65,27896.85,high,27900,2020-11-26,1,BANKNIFTY20NOV27900PE,PE,2020-11-25 09:15:00,8.05,2020-11-25 15:20:00,0.15,Friday Closing,7.9,216.8499048362533,1713.1142482064013,0.17131142482064013,2020,43.30829007170822,43.30829007170822,0.0,0.08200000000000002,1695.3325560098285,0.16953325560098284
159,2020-11-27,29917.45,29152.3,765.1500000000015,29573.4,50%,29955.975000000002,29190.825,high,29200,2020-12-10,6,BANKNIFTY20121029200PE,PE,2020-12-04 10:30:00,171.7,2020-12-09 15:20:00,0.1,Friday Closing,171.6,216.98509228960165,37234.641836895644,3.7234641836895643,2020,47.031754255397786,47.031754255397786,0.0,1.718,36861.86144834211,3.686186144834211
160,2020-12-11,30945.1,30328.65,616.4499999999971,30841.85,50%,31150.074999999997,30533.625,low,31200,2020-12-24,6,BANKNIFTY20122431200CE,CE,2020-12-18 09:39:00,137.65,2020-12-23 15:20:00,0.1,Expiry Closing,137.55,208.66723434855294,28702.17808464346,2.870217808464346,2020,34.81607466594996,34.81607466594996,0.0,1.3775,28414.73896932833,2.841473896932833
161,2020-12-18,30847.05,28977.65,1869.3999999999978,30558.85,50%,31493.549999999996,29624.15,high,29600,2020-12-31,1,BANKNIFTY20DEC29600PE,PE,2020-12-30 09:15:00,7.7,2020-12-30 15:20:00,0.05,Friday Closing,7.65,206.39146745920993,1578.8947260629561,0.1578894726062956,2020,47.18964372800408,47.18964372800408,0.0,0.0775,1562.8993873348672,0.15628993873348673
162,2020-12-25,31505.55,30558.85,946.7000000000007,31297.3,50%,31770.65,30823.949999999997,high,30800,2021-01-07,1,BANKNIFTY2110730800PE,PE,2021-01-06 09:15:00,30.45,2021-01-06 15:20:00,0.05,Friday Closing,30.4,204.59134452710285,6219.576873623926,0.6219576873623927,2021,47.81160141536647,47.81160141536647,0.0,0.305,6157.17651354316,0.6157176513543159
163,2021-01-08,32718.5,31734.2,984.2999999999993,32508.9,50%,33001.05,32016.75,low,33000,2021-01-21,3,BANKNIFTY2112133000CE,CE,2021-01-18 11:35:00,89.6,2021-01-20 15:20:00,0.2,Expiry Closing,89.39999999999999,196.96342995147123,17608.530637661526,1.7608530637661526,2021,36.57692772971612,36.57692772971612,0.0,0.898,17431.657477565106,1.7431657477565106
164,2021-01-15,32841.35,31657.25,1184.0999999999985,32088.0,50%,32680.05,31495.95,low,32700,2021-01-28,6,BANKNIFTY21JAN32700CE,CE,2021-01-22 12:45:00,92.85,2021-01-27 15:20:00,0.15,Expiry Closing,92.69999999999999,198.8981045010641,18437.85428724864,1.843785428724864,2021,38.42071315844098,38.42071315844098,0.0,0.93,18252.87905006265,1.8252879050062647
165,2021-01-22,32108.3,29694.95,2413.3499999999985,30700.65,50%,31907.325,29493.975000000002,high,29500,2021-02-04,3,BANKNIFTY2120429500PE,PE,2021-02-01 12:53:00,59.65,2021-02-03 15:20:00,0.05,Friday Closing,59.6,203.71497767362197,12141.41266934787,1.2141412669347869,2021,49.02574268230126,49.02574268230126,0.0,0.597,12019.794827676718,1.2019794827676717
166,2021-02-05,36612.95,35429.2,1183.75,35736.6,50%,36328.475,35144.725,high,35100,2021-02-18,3,BANKNIFTY2121835100PE,PE,2021-02-15 09:15:00,60.15,2021-02-17 15:20:00,0.1,Friday Closing,60.05,178.92300736543442,10744.326592294336,1.0744326592294335,2021,50.100175341530694,50.100175341530694,0.0,0.6025,10636.525480356662,1.0636525480356662
167,2021-02-12,37703.05,35702.1,2000.9500000000044,36371.55,50%,37372.02500000001,35371.075,low,37400,2021-02-25,3,BANKNIFTY21FEB37400CE,CE,2021-02-22 12:55:00,36.4,2021-02-24 15:20:00,0.15,Expiry Closing,36.25,173.92688782585367,6304.8496836871955,0.6304849683687196,2021,39.0511981268097,39.0511981268097,0.0,0.3655,6241.279406186846,0.6241279406186846
168,2021-02-19,37220.7,34986.5,2234.199999999997,35806.65,50%,36923.75,34689.55,low,36900,2021-03-04,6,BANKNIFTY2130436900CE,CE,2021-02-26 12:41:00,125.4,2021-03-03 15:20:00,0.15,Expiry Closing,125.25,176.03845763228276,22048.816818443414,2.2048816818443417,2021,41.25607980865404,41.25607980865404,0.0,1.2555,21827.800534886082,2.1827800534886084
169,2021-03-05,36173.8,34899.2,1274.6000000000058,36497.35,50%,37134.65,35860.049999999996,low,37100,2021-03-18,6,BANKNIFTY2131837100CE,CE,2021-03-12 13:34:00,175.3,2021-03-17 15:20:00,0.2,Expiry Closing,175.10000000000002,175.03867681531938,30649.272310362427,3.0649272310362425,2021,44.321007039690286,44.321007039690286,0.0,1.7550000000000001,30342.07943255154,3.034207943255154
170,2021-03-26,33990.1,33154.7,835.4000000000015,33649.15,50%,34066.850000000006,33231.45,low,34100,2021-04-08,3,BANKNIFTY2140834100CE,CE,2021-04-05 09:24:00,207.05,2021-04-07 15:20:00,0.15,Expiry Closing,206.9,190.80132151930687,39476.79342234459,3.9476793422344594,2021,48.268686381924745,48.268686381924745,0.0,2.072,39081.45308415659,3.908145308415659
171,2021-04-02,33688.25,32158.45,1529.7999999999993,32636.9,50%,33401.8,31872.0,low,33400,2021-04-15,3,BANKNIFTY2141533400CE,CE,2021-04-12 09:15:00,27.8,2021-04-14 15:20:00,0.05,Expiry Closing,27.75,194.6002910022813,5400.158075313306,0.5400158075313306,2021,48.80870218945608,48.80870218945608,0.0,0.2785,5345.96189426917,0.534596189426917
172,2021-04-09,32968.5,30522.5,2446.0,32161.45,50%,33384.45,30938.45,low,33400,2021-04-22,3,BANKNIFTY2142233400CE,CE,2021-04-19 09:15:00,15.5,2021-04-21 15:20:00,0.1,Expiry Closing,15.4,194.701425364204,2998.4019506087416,0.29984019506087417,2021,49.10854238451695,49.10854238451695,0.0,0.156,2968.0285282519258,0.2968028528251926
173,2021-04-16,32325.15,30407.9,1917.25,31490.6,50%,32449.225,30531.975,high,30500,2021-04-29,3,BANKNIFTY21APR30500PE,PE,2021-04-26 09:26:00,81.15,2021-04-28 15:20:00,0.2,Friday Closing,80.95,200.3129504633778,16215.333340010433,1.6215333340010434,2021,51.72170867553174,51.72170867553174,0.0,0.8135000000000001,16052.378754808475,1.6052378754808474
174,2021-05-07,33297.6,32356.0,941.5999999999985,32495.15,50%,32965.95,32024.350000000002,high,32000,2021-05-20,3,BANKNIFTY2152032000PE,PE,2021-05-17 11:08:00,91.8,2021-05-19 15:20:00,0.1,Friday Closing,91.7,197.17314380444066,18080.777286867207,1.808077728686721,2021,53.529786404218456,53.529786404218456,0.0,0.9189999999999999,17899.575167710926,1.7899575167710926
175,2021-05-14,34140.65,32119.9,2020.75,33559.8,50%,34570.175,32549.425000000003,high,32500,2021-05-27,6,BANKNIFTY21MAY32500PE,PE,2021-05-21 14:49:00,35.8,2021-05-26 15:20:00,0.1,Friday Closing,35.699999999999996,188.02334671432817,6712.433477701515,0.6712433477701515,2021,54.20102975198861,54.20102975198861,0.0,0.359,6644.9330962310705,0.664493309623107
176,2021-05-28,35722.9,34935.25,787.6500000000015,35657.85,50%,36051.675,35264.024999999994,low,36100,2021-06-10,6,BANKNIFTY2161036100CE,CE,2021-06-04 13:28:00,156.15,2021-06-09 15:20:00,0.1,Expiry Closing,156.05,180.29675458907246,28135.30855362476,2.813530855362476,2021,51.922073239879424,51.922073239879424,0.0,1.5625,27853.594874579336,2.7853594874579333
177,2021-06-04,35804.35,34645.8,1158.5499999999956,35324.65,50%,35903.925,34745.375,low,35900,2021-06-17,3,BANKNIFTY2161735900CE,CE,2021-06-14 09:22:00,51.35,2021-06-16 15:20:00,0.1,Expiry Closing,51.25,181.03870259310088,9278.23350789642,0.9278233507896421,2021,52.84989659066907,52.84989659066907,0.0,0.5145000000000001,9185.08909541227,0.9185089095412269
178,2021-06-11,35377.7,34382.9,994.7999999999956,34735.15,50%,35232.55,34237.75,high,34200,2021-06-24,2,BANKNIFTY21JUN34200PE,PE,2021-06-22 09:47:00,36.55,2021-06-23 15:20:00,0.3,Friday Closing,36.25,184.48849146598812,6687.707815642069,0.6687707815642069,2021,54.86980053355281,54.86980053355281,0.0,0.36849999999999994,6619.723806536853,0.6619723806536854
179,2021-06-11,35377.7,34382.9,994.7999999999956,34735.15,50%,35232.55,34237.75,low,35200,2021-06-24,6,BANKNIFTY21JUN35200CE,CE,2021-06-18 10:00:00,137.15,2021-06-23 15:20:00,0.15,Expiry Closing,137.0,184.48849146598812,25274.92333084037,2.527492333084037,2021,55.3773889237531,55.3773889237531,0.0,1.3730000000000002,25021.62063205757,2.502162063205757
180,2021-06-25,35575.3,34656.7,918.6000000000058,34728.1,50%,35187.4,34268.799999999996,high,34300,2021-07-08,3,BANKNIFTY2170834300PE,PE,2021-07-05 14:04:00,27.8,2021-07-07 15:20:00,0.05,Friday Closing,27.75,184.7252141391521,5126.124692361471,0.5126124692361471,2021,55.38241300278896,55.38241300278896,0.0,0.2785,5074.678720223717,0.5074678720223718
181,2021-07-02,35810.5,34637.35,1173.1500000000015,35163.75,50%,35750.325,34577.175,high,34600,2021-07-15,1,BANKNIFTY2171534600PE,PE,2021-07-14 12:49:00,11.85,2021-07-14 15:20:00,0.05,Friday Closing,11.799999999999999,181.816528940646,2145.435041499623,0.21454350414996232,2021,55.59695650693892,55.59695650693892,0.0,0.11900000000000001,2123.798874555686,0.2123798874555686
182,2021-07-09,35984.65,34862.2,1122.4500000000044,35977.95,50%,36539.175,35416.72499999999,low,36500,2021-07-22,3,BANKNIFTY2172236500CE,CE,2021-07-19 09:15:00,18.4,2021-07-21 15:20:00,0.05,Expiry Closing,18.349999999999998,177.89126328112224,3264.3046812085927,0.3264304681208593,2021,55.703819391873964,55.703819391873964,0.0,0.1845,3231.4837431332257,0.3231483743133226
183,2021-07-23,35185.85,34117.7,1068.1500000000015,34698.75,50%,35232.825,34164.675,high,34200,2021-08-05,2,BANKNIFTY2180534200PE,PE,2021-08-03 15:05:00,17.9,2021-08-04 15:20:00,0.05,Friday Closing,17.849999999999998,184.4870514924648,3293.093869140496,0.32930938691404954,2021,55.92626589385297,55.92626589385297,0.0,0.1795,3259.9784433975983,0.32599784433975987
184,2021-08-06,36315.3,35532.8,782.5,36000.75,50%,36392.0,35609.5,low,36400,2021-08-18,0,BANKNIFTY2181836400CE,CE,2021-08-18 14:29:00,2.9,2021-08-17 15:20:00,0.2,Expiry Closing,2.6999999999999997,178.61068366673993,482.24884590019775,0.04822488459001978,2021,55.752044276463984,55.752044276463984,0.0,0.031000000000000003,476.71191470652883,0.047671191470652886
185,2021-08-13,36257.4,35434.85,822.5500000000029,35146.5,50%,35557.775,34735.225,high,34700,2021-08-26,2,BANKNIFTY21AUG34700PE,PE,2021-08-24 12:03:00,35.2,2021-08-25 15:20:00,0.05,Friday Closing,35.150000000000006,182.80108921325925,6425.4582858460635,0.6425458285846063,2021,56.56881172243758,56.56881172243758,0.0,0.3525,6361.02090189839,0.636102090189839
186,2021-08-20,35907.55,34818.9,1088.6500000000015,35559.75,50%,36104.075,35015.425,high,35000,2021-09-02,3,BANKNIFTY2190235000PE,PE,2021-08-30 10:40:00,28.1,2021-09-01 15:20:00,0.05,Friday Closing,28.05,180.03507914272836,5049.9839699535305,0.5049983969953531,2021,57.073810119432935,57.073810119432935,0.0,0.28150000000000003,4999.304095174853,0.49993040951748524
187,2021-09-10,37717.2,36328.9,1388.2999999999956,37929.5,50%,38623.649999999994,37235.350000000006,low,38600,2021-09-23,3,BANKNIFTY2192338600CE,CE,2021-09-20 14:52:00,29.7,2021-09-22 15:20:00,0.05,Expiry Closing,29.65,168.29067164807057,4989.8184143652925,0.49898184143652924,2021,56.251026117900516,56.251026117900516,0.0,0.2975,4939.751939549991,0.4939751939549991
188,2021-09-24,38366.55,37316.0,1050.550000000003,37140.4,50%,37665.675,36615.125,high,36600,2021-10-07,3,BANKNIFTY21100736600PE,PE,2021-10-04 10:59:00,54.35,2021-10-06 15:20:00,0.1,Friday Closing,54.25,172.57091503072758,9361.97214041697,0.9361972140416971,2021,58.01000733347463,58.01000733347463,0.0,0.5445000000000001,9268.00727718274,0.926800727718274
189,2021-10-01,38105.75,36894.85,1210.9000000000015,37906.4,50%,38511.850000000006,37300.95,high,37300,2021-10-14,2,BANKNIFTY21101437300PE,PE,2021-10-12 14:16:00,26.45,2021-10-13 15:20:00,0.25,Friday Closing,26.2,168.7792199024456,4422.015561444075,0.4422015561444075,2021,58.45220888961904,58.45220888961904,0.0,0.267,4376.951509730122,0.4376951509730122
190,2021-10-15,40199.45,39300.15,899.2999999999956,40192.65,50%,40642.3,39743.0,high,39700,2021-10-28,3,BANKNIFTY21OCT39700PE,PE,2021-10-25 09:15:00,76.3,2021-10-27 15:20:00,190.2,Friday Closing,-113.89999999999999,159.93189361822533,-18216.242683115863,-1.8216242683115862,2021,56.63058462130745,58.45220888961904,-1.821624268311588,2.665,-18642.461179608432,-1.8642461179608432
191,2021-11-05,39674.05,38348.25,1325.800000000003,38707.15,50%,39370.05,38044.25,low,39400,2021-11-18,1,BANKNIFTY21111839400CE,CE,2021-11-17 09:15:00,17.65,2021-11-17 15:20:00,0.2,Expiry Closing,17.45,165.10012052308798,2880.997103127885,0.28809971031278847,2021,56.5391258282133,56.5391258282133,0.0,0.1785,2851.526731614514,0.28515267316145143
192,2021-11-12,39114.95,37749.15,1365.7999999999956,38232.15,50%,38915.05,37549.25,low,38900,2021-11-25,3,BANKNIFTY21NOV38900CE,CE,2021-11-22 10:27:00,33.3,2021-11-24 15:20:00,0.1,Expiry Closing,33.199999999999996,167.03049334383482,5545.412379015315,0.5545412379015315,2021,57.09366706611483,57.09366706611483,0.0,0.334,5489.624194238474,0.5489624194238475
193,2021-11-19,38241.0,36654.2,1586.800000000003,36830.9,50%,37624.3,36037.5,low,37600,2021-12-02,6,BANKNIFTY21120237600CE,CE,2021-11-26 15:03:00,44.65,2021-12-01 15:20:00,0.05,Expiry Closing,44.6,172.76068923541433,7705.12673989948,0.770512673989948,2021,57.86417974010478,57.86417974010478,0.0,0.44699999999999995,7627.902711811249,0.7627902711811249
194,2021-11-26,36860.85,35341.75,1519.0999999999985,36497.3,50%,37256.850000000006,35737.75,high,35700,2021-12-09,1,BANKNIFTY21120935700PE,PE,2021-12-08 13:23:00,13.15,2021-12-08 15:20:00,0.1,Friday Closing,13.05,174.46456155042628,2276.762528233063,0.22767625282330634,2021,56.85826087413076,58.45220888961904,-1.5939480154882801,0.1325,2253.6459738276317,0.22536459738276315
195,2021-11-26,36860.85,35341.75,1519.0999999999985,36497.3,50%,37256.850000000006,35737.75,low,37300,2021-12-09,3,BANKNIFTY21120937300CE,CE,2021-12-06 14:41:00,20.7,2021-12-08 09:15:00,171.25,SL Hit,-150.55,174.46456155042628,-26265.63974141668,-2.626563974141668,2021,55.23761576596311,57.86417974010478,-2.6265639741416678,1.9195,-26600.524467312724,-2.6600524467312723
196,2021-12-10,37579.5,36388.0,1191.5,36491.8,50%,37087.55,35896.05,low,37100,2021-12-23,6,BANKNIFTY21122337100CE,CE,2021-12-17 09:57:00,78.1,2021-12-22 15:20:00,0.05,Expiry Closing,78.05,175.2609703256214,13679.11873391475,1.3679118733914748,2021,56.605527639354584,57.86417974010478,-1.2586521007501972,0.7815,13542.152285605276,1.3542152285605276
197,2021-12-24,35377.85,34237.95,1139.9000000000015,35114.4,50%,35684.350000000006,34544.45,high,34500,2022-01-06,3,BANKNIFTY2210634500PE,PE,2022-01-03 09:15:00,50.35,2022-01-05 15:20:00,0.05,Friday Closing,50.300000000000004,182.1526803766917,9162.279822947594,0.9162279822947593,2022,57.77448885642551,58.45220888961904,-0.6777200331935234,0.504,9070.474872037741,0.9070474872037741
198,2022-01-14,38852.5,37593.15,1259.3499999999985,37522.35,50%,38152.024999999994,36892.675,low,38200,2022-01-27,3,BANKNIFTY22JAN38200CE,CE,2022-01-24 13:13:00,70.05,2022-01-26 15:20:00,0.4,Expiry Closing,69.64999999999999,170.3710353513346,11866.342612220453,1.186634261222045,2022,57.79216190057663,57.86417974010478,-0.07201783952815077,0.7045,11746.316217815438,1.1746316217815438
199,2022-01-21,38136.35,36383.55,1752.7999999999956,38246.6,50%,39123.0,37370.2,high,37400,2022-02-03,1,BANKNIFTY2220337400PE,PE,2022-02-02 10:03:00,13.45,2022-02-02 15:20:00,0.05,Friday Closing,13.399999999999999,166.1426782199729,2226.3118881476366,0.22263118881476368,2022,57.99712004524028,58.45220888961904,-0.4550888443787571,0.135,2203.88262658794,0.22038826265879402
200,2022-01-28,39419.9,37582.05,1837.8499999999985,39128.0,50%,40046.925,38209.075,low,40000,2022-02-10,3,BANKNIFTY2221040000CE,CE,2022-02-07 12:55:00,24.7,2022-02-09 15:20:00,0.05,Expiry Closing,24.65,162.30959056157243,4000.9314073427604,0.40009314073427604,2022,58.19225504131091,58.19225504131091,0.0,0.2475,3960.7597836787713,0.3960759783678771
201,2022-02-04,39275.0,37320.45,1954.550000000003,38567.65,50%,39544.925,37590.375,low,39500,2022-02-17,3,BANKNIFTY2221739500CE,CE,2022-02-14 09:15:00,24.3,2022-02-16 15:20:00,0.15,Expiry Closing,24.150000000000002,164.37001713873525,3969.5359139004568,0.39695359139004566,2022,58.58920863270095,58.58920863270095,0.0,0.2445,3929.347444710036,0.39293474447100357
202,2022-02-25,36677.2,34725.65,1951.5499999999956,34526.1,50%,35501.875,33550.325,low,35500,2022-03-10,3,BANKNIFTY2231035500CE,CE,2022-03-07 09:15:00,67.2,2022-03-09 15:20:00,0.15,Expiry Closing,67.05,183.08892135978735,12276.112177173742,1.2276112177173741,2022,59.81681985041833,59.81681985041833,0.0,0.6735000000000001,12152.801788637926,1.2152801788637926
203,2022-03-18,36822.2,35389.65,1432.5499999999956,35700.4,50%,36416.675,34984.125,high,35000,2022-03-31,1,BANKNIFTY22MAR35000PE,PE,2022-03-30 10:40:00,20.35,2022-03-30 15:20:00,0.05,Friday Closing,20.3,178.4896616728463,3623.34013195878,0.362334013195878,2022,58.35945405843616,58.45220888961904,-0.09275483118288008,0.20400000000000001,3586.9282409775196,0.358692824097752
204,2022-03-25,36588.85,35016.85,1572.0,36298.35,50%,37084.35,35512.35,high,35500,2022-04-07,6,BANKNIFTY2240735500PE,PE,2022-04-01 14:07:00,73.25,2022-04-06 15:20:00,0.1,Friday Closing,73.15,175.27609355428908,12821.446243496246,1.2821446243496246,2022,59.641598682785784,59.641598682785784,0.0,0.7334999999999999,12692.881228874176,1.2692881228874178
205,2022-04-08,37981.2,37269.1,712.0999999999985,36833.15,50%,37189.2,36477.100000000006,low,37200,2022-04-21,3,BANKNIFTY2242137200CE,CE,2022-04-18 13:04:00,137.7,2022-04-20 15:20:00,0.15,Expiry Closing,137.54999999999998,174.78192593548667,24041.25391242619,2.4041253912426193,2022,62.22094524166095,62.22094524166095,0.0,1.3785,23800.31702752412,2.3800317027524125
206,2022-04-15,37123.25,35931.25,1192.0,36514.15,50%,37110.15,35918.15,low,37100,2022-04-28,3,BANKNIFTY22APR37100CE,CE,2022-04-25 09:15:00,37.8,2022-04-27 15:20:00,0.05,Expiry Closing,37.75,175.15423677888663,6612.07243840297,0.6612072438402969,2022,62.882152485501244,62.882152485501244,0.0,0.37849999999999995,6545.776559782162,0.6545776559782162
207,2022-04-22,36603.7,35533.05,1070.6499999999942,36474.05,50%,37009.375,35938.725000000006,low,37000,2022-05-05,3,BANKNIFTY2250537000CE,CE,2022-05-02 09:15:00,49.0,2022-05-04 15:20:00,0.05,Expiry Closing,48.95,175.63117453347968,8597.145993413831,0.8597145993413831,2022,63.741867084842625,63.741867084842625,0.0,0.4905,8510.998902305158,0.8510998902305159
208,2022-05-06,34797.75,33300.05,1497.699999999997,33925.95,50%,34674.799999999996,33177.1,low,34700,2022-05-19,6,BANKNIFTY2251934700CE,CE,2022-05-13 14:56:00,47.0,2022-05-18 15:20:00,0.05,Expiry Closing,46.95,187.4560199337848,8801.060135891197,0.8801060135891198,2022,64.62197309843175,64.62197309843175,0.0,0.4705,8712.862078512351,0.8712862078512352
209,2022-05-13,34654.2,33009.05,1645.1499999999942,33765.15,50%,34587.725,32942.575000000004,high,32900,2022-05-26,3,BANKNIFTY22MAY32900PE,PE,2022-05-23 09:49:00,47.7,2022-05-25 15:20:00,0.05,Friday Closing,47.650000000000006,187.92794264439192,8954.766467005276,0.8954766467005276,2022,60.53707532948631,60.53707532948631,0.0,0.47750000000000004,8865.03087439258,0.886503087439258
210,2022-05-27,36083.45,35287.8,795.6499999999942,35929.55,50%,36327.375,35531.725000000006,low,36300,2022-06-09,6,BANKNIFTY2260936300CE,CE,2022-06-03 13:00:00,177.5,2022-06-08 15:20:00,0.05,Expiry Closing,177.45,178.92842518899315,31750.849049786833,3.175084904978683,2022,67.79705800341043,67.79705800341043,0.0,1.7755,31433.161630863775,3.1433161630863777
211,2022-06-03,35952.8,34660.4,1292.4000000000015,34686.95,50%,35333.149999999994,34040.75,low,35300,2022-06-16,3,BANKNIFTY2261635300CE,CE,2022-06-13 09:15:00,20.85,2022-06-15 15:20:00,0.05,Expiry Closing,20.8,183.96321867707806,3826.4349484832237,0.38264349484832233,2022,68.17970149825875,68.17970149825875,0.0,0.20900000000000002,3787.9866357797146,0.37879866357797143
212,2022-06-10,34744.9,32542.7,2202.2000000000007,32393.45,50%,33494.55,31292.35,high,31300,2022-06-23,2,BANKNIFTY2262331300PE,PE,2022-06-21 13:09:00,11.85,2022-06-22 15:20:00,0.05,Friday Closing,11.799999999999999,194.0614219328219,2289.924778807298,0.2289924778807298,2022,60.76606780736704,60.76606780736704,0.0,0.11900000000000001,2266.831469597292,0.22668314695972924
213,2022-06-17,33592.9,32298.0,1294.9000000000015,33434.8,50%,34082.25,32787.350000000006,high,32800,2022-06-30,3,BANKNIFTY22JUN32800PE,PE,2022-06-27 09:15:00,54.35,2022-06-29 15:20:00,0.1,Friday Closing,54.25,190.7151083041759,10346.294625501543,1.0346294625501542,2022,61.800697269917194,61.800697269917194,0.0,0.5445000000000001,10242.45024902992,1.024245024902992
214,2022-06-24,34134.8,33180.7,954.1000000000058,33264.75,50%,33741.8,32787.7,high,32800,2022-07-07,3,BANKNIFTY2270732800PE,PE,2022-07-04 09:15:00,85.75,2022-07-06 15:20:00,0.05,Friday Closing,85.7,192.6393968312301,16509.19630843642,1.6509196308436422,2022,63.45161690076084,63.45161690076084,0.0,0.858,16343.911705955226,1.6343911705955227
215,2022-07-08,35541.6,34558.45,983.1500000000015,34734.45,50%,35226.024999999994,34242.875,high,34200,2022-07-21,3,BANKNIFTY2272134200PE,PE,2022-07-18 14:23:00,30.6,2022-07-20 15:20:00,0.05,Friday Closing,30.55,184.5226647059951,5637.167406768151,0.563716740676815,2022,64.01533364143765,64.01533364143765,0.0,0.30650000000000005,5580.611210035763,0.5580611210035763
216,2022-07-29,38230.55,37223.4,1007.1500000000015,37868.25,50%,38371.825,37364.675,high,37400,2022-08-11,1,BANKNIFTY2281137400PE,PE,2022-08-10 09:21:00,33.25,2022-08-10 15:20:00,0.05,Friday Closing,33.2,169.3951225932048,5623.9180700944,0.56239180700944,2022,64.5777254484471,64.5777254484471,0.0,0.33299999999999996,5567.509494270863,0.5567509494270863
217,2022-08-12,39703.4,38739.95,963.4500000000044,39732.65,50%,40214.375,39250.925,low,40200,2022-08-25,6,BANKNIFTY22AUG40200CE,CE,2022-08-19 11:09:00,71.55,2022-08-24 15:20:00,0.1,Expiry Closing,71.45,161.63374415243305,11548.731019691342,1.1548731019691343,2022,69.33457460022788,69.33457460022788,0.0,0.7164999999999999,11432.920442006123,1.1432920442006123
218,2022-08-19,39750.9,37955.45,1795.4500000000044,39129.65,50%,40027.375,38231.925,low,40000,2022-09-01,3,BANKNIFTY2290140000CE,CE,2022-08-29 09:15:00,17.35,2022-08-31 15:20:00,0.15,Expiry Closing,17.200000000000003,162.3888651204332,2793.0884800714516,0.27930884800714517,2022,69.61388344823503,69.61388344823503,0.0,0.17500000000000002,2764.6704286753757,0.2764670428675376
219,2022-09-02,40265.3,39203.4,1061.9000000000015,40520.75,50%,41051.7,39989.8,high,40000,2022-09-15,1,BANKNIFTY2291540000PE,PE,2022-09-14 11:47:00,41.65,2022-09-14 15:20:00,0.15,Friday Closing,41.5,158.33692636358543,6570.982444088795,0.6570982444088795,2022,65.23482369285597,65.23482369285597,0.0,0.418,6504.7976088688165,0.6504797608868816
220,2022-09-16,41676.75,40361.05,1315.699999999997,40429.35,50%,41087.2,39771.5,low,41100,2022-09-29,6,BANKNIFTY22SEP41100CE,CE,2022-09-23 10:14:00,107.25,2022-09-28 15:20:00,0.05,Expiry Closing,107.2,158.20012071886137,16959.05294106194,1.6959052941061938,2022,71.30978874234123,71.30978874234123,0.0,1.073,16789.3042115306,1.6789304211530602
221,2022-09-23,40528.3,37537.1,2991.2000000000044,37660.0,50%,39155.600000000006,36164.399999999994,high,36200,2022-10-06,2,BANKNIFTY22100636200PE,PE,2022-10-04 12:38:00,5.5,2022-10-05 15:20:00,0.05,Friday Closing,5.45,166.00435186793203,904.7237176802296,0.09047237176802296,2022,65.325296064624,65.325296064624,0.0,0.0555,895.5104761515594,0.08955104761515593
222,2022-10-07,39315.65,38439.35,876.3000000000029,39446.05,50%,39884.200000000004,39007.9,high,39000,2022-10-20,3,BANKNIFTY22102039000PE,PE,2022-10-17 14:59:00,107.1,2022-10-19 15:20:00,0.1,Friday Closing,107.0,162.97180337075832,17437.98296067114,1.743798296067114,2022,67.06909436069111,67.06909436069111,0.0,1.0719999999999998,17263.277187457687,1.7263277187457686
223,2022-10-14,40621.55,39148.2,1473.3500000000058,40370.75,50%,41107.425,39634.075,high,39600,2022-10-27,3,BANKNIFTY22OCT39600PE,PE,2022-10-24 18:15:00,20.15,2022-10-26 15:20:00,0.05,Friday Closing,20.099999999999998,158.12228569412946,3178.2579424520018,0.3178257942452002,2022,67.3869201549363,67.3869201549363,0.0,0.20199999999999999,3146.317240741788,0.3146317240741788
224,2022-10-28,41674.1,40840.25,833.8499999999985,41314.85,50%,41731.774999999994,40897.925,high,40900,2022-11-10,3,BANKNIFTY22111040900PE,PE,2022-11-07 09:15:00,51.65,2022-11-09 15:20:00,0.15,Friday Closing,51.5,155.75661471384817,8021.46565776318,0.802146565776318,2022,68.18906672071263,68.18906672071263,0.0,0.518,7940.7837313414075,0.7940783731341408
225,2022-11-25,43512.1,42757.2,754.9000000000015,42976.7,50%,43354.149999999994,42599.25,high,42600,2022-12-08,3,BANKNIFTY22120842600PE,PE,2022-12-05 15:11:00,40.7,2022-12-07 15:20:00,0.1,Friday Closing,40.6,149.92797690647842,6087.075862403024,0.6087075862403024,2022,68.79777430695293,68.79777430695293,0.0,0.40800000000000003,6025.905247825181,0.6025905247825181
226,2022-12-02,43634.0,42938.05,695.9499999999971,43765.3,50%,44113.275,43417.325000000004,high,43400,2022-12-15,1,BANKNIFTY22121543400PE,PE,2022-12-14 11:18:00,24.35,2022-12-14 15:20:00,0.2,Friday Closing,24.150000000000002,147.34793551374273,3558.4526426568873,0.35584526426568874,2022,69.15361957121861,69.15361957121861,0.0,0.24550000000000002,3522.2787244882634,0.3522278724488263
227,2022-12-02,43634.0,42938.05,695.9499999999971,43765.3,50%,44113.275,43417.325000000004,low,44100,2022-12-15,6,BANKNIFTY22121544100CE,CE,2022-12-09 14:20:00,51.95,2022-12-09 15:11:00,71.55,SL Hit,-19.599999999999994,147.34793551374273,-2888.0195360693565,-0.2888019536069356,2022,71.02098678873429,71.30978874234123,-0.28880195360693506,1.235,-3069.9942364288286,-0.30699942364288285
228,2022-12-09,44151.5,43365.55,785.9499999999971,43261.75,50%,43654.725,42868.775,low,43700,2022-12-22,1,BANKNIFTY22122243700CE,CE,2022-12-21 13:52:00,36.15,2022-12-21 15:20:00,0.15,Expiry Closing,36.0,148.8956808226372,5360.244509614939,0.5360244509614939,2022,71.55701123969578,71.55701123969578,0.0,0.363,5306.1953774763215,0.5306195377476322
229,2022-12-16,43614.65,42233.9,1380.75,41951.35,50%,42641.725,41260.975,high,41300,2022-12-29,3,BANKNIFTY22DEC41300PE,PE,2022-12-26 14:33:00,39.65,2022-12-28 15:20:00,0.05,Friday Closing,39.6,152.43285772327457,6036.341165841673,0.6036341165841672,2022,69.75725368780279,69.75725368780279,0.0,0.39699999999999996,5975.825321325533,0.5975825321325533
230,2022-12-30,43577.35,42300.6,1276.75,42649.7,50%,43288.075,42011.325,low,43300,2023-01-12,6,BANKNIFTY2311243300CE,CE,2023-01-06 13:21:00,42.45,2023-01-11 15:20:00,0.1,Expiry Closing,42.35,150.15682725554325,6359.141634272257,0.6359141634272256,2023,72.19292540312301,72.19292540312301,0.0,0.42550000000000004,6295.249904275023,0.6295249904275023
231,2023-01-06,42711.15,41731.0,980.1500000000015,42171.25,50%,42661.325,41681.175,high,41700,2023-01-19,3,BANKNIFTY2311941700PE,PE,2023-01-16 09:15:00,58.2,2023-01-18 15:20:00,0.1,Friday Closing,58.1,152.36282511150324,8852.280138978338,0.8852280138978338,2023,70.64248170170062,70.64248170170062,0.0,0.5830000000000001,8763.452611938332,0.8763452611938332
232,2023-01-13,42712.3,41863.0,849.3000000000029,42516.05,50%,42940.700000000004,42091.4,high,42100,2023-01-25,2,BANKNIFTY23JAN42100PE,PE,2023-01-23 09:35:00,35.35,2023-01-25 11:22:00,301.15,SL Hit,-265.79999999999995,151.37154261574682,-40234.5560272655,-4.02345560272655,2023,66.61902609897408,70.64248170170062,-4.023455602726543,3.365,-40743.92126816748,-4.074392126816748
233,2023-01-13,42712.3,41863.0,849.3000000000029,42516.05,50%,42940.700000000004,42091.4,low,42900,2023-01-25,0,BANKNIFTY23JAN42900CE,CE,2023-01-25 10:10:00,9.65,2023-01-24 15:20:00,0.2,Expiry Closing,9.450000000000001,151.37154261574682,1430.4610777188077,0.1430461077718808,2023,72.3359715108949,72.3359715108949,0.0,0.0985,1415.5509807711567,0.14155509807711567
234,2023-01-20,43077.0,41541.25,1535.75,41382.35,50%,42150.225,40614.475,low,42200,2023-02-02,6,BANKNIFTY2320242200CE,CE,2023-01-27 10:21:00,113.0,2023-02-01 15:20:00,0.05,Expiry Closing,112.95,154.21032746563037,17418.05648724295,1.741805648724295,2023,74.07777715961919,74.07777715961919,0.0,1.1305,17243.721712043054,1.7243721712043054
235,2023-02-10,41974.4,41162.15,812.25,41514.0,50%,41920.125,41107.875,low,41900,2023-02-23,6,BANKNIFTY23FEB41900CE,CE,2023-02-17 12:55:00,90.95,2023-02-22 15:20:00,0.1,Expiry Closing,90.85000000000001,155.05678954917238,14086.909330542312,1.4086909330542312,2023,75.48646809267342,75.48646809267342,0.0,0.9105,13945.730123657791,1.3945730123657791
236,2023-02-24,40771.3,39750.0,1021.3000000000029,40671.4,50%,41182.05,40160.75,high,40200,2023-03-09,6,BANKNIFTY2330940200PE,PE,2023-03-03 10:46:00,46.25,2023-03-08 15:20:00,0.05,Friday Closing,46.2,157.83575611218964,7292.011932383162,0.7292011932383162,2023,67.34822729221239,70.64248170170062,-3.2942544094882322,0.46299999999999997,7218.933977303219,0.7218933977303219
237,2023-03-03,41667.8,40630.7,1037.1000000000058,40805.25,50%,41323.8,40286.7,low,41300,2023-03-16,3,BANKNIFTY2331641300CE,CE,2023-03-13 11:31:00,25.85,2023-03-15 15:20:00,0.15,Expiry Closing,25.700000000000003,157.2943436954007,4042.4646329717984,0.40424646329717984,2023,75.89071455597059,75.89071455597059,0.0,0.26,4001.568103610994,0.4001568103610994
238,2023-03-24,40051.9,39274.7,777.2000000000044,40231.25,50%,40619.850000000006,39842.649999999994,high,39800,2023-04-06,6,BANKNIFTY2340639800PE,PE,2023-03-31 13:57:00,88.95,2023-04-05 15:20:00,0.05,Friday Closing,88.9,160.02028564851912,14225.80339415335,1.4225803394153351,2023,68.77080763162772,70.64248170170062,-1.871674070072899,0.89,14083.385339926168,1.4083385339926167
239,2023-04-07,42193.95,40730.0,1463.949999999997,42603.55,50%,43335.525,41871.575000000004,low,43300,2023-04-20,3,BANKNIFTY2342043300CE,CE,2023-04-17 09:59:00,10.95,2023-04-17 12:30:00,17.2,SL Hit,-6.25,149.9924138452228,-937.4525865326426,-0.09374525865326426,2023,75.79696929731733,75.89071455597059,-0.09374525865325722,0.2815,-979.6754510300728,-0.09796754510300729
240,2023-04-14,42603.55,41801.15,802.4000000000015,42252.55,50%,42653.75,41851.350000000006,high,41900,2023-04-27,3,BANKNIFTY23APR41900PE,PE,2023-04-24 13:37:00,37.45,2023-04-26 15:20:00,0.15,Friday Closing,37.300000000000004,152.389883656185,5684.142660375701,0.5684142660375701,2023,69.3392218976653,70.64248170170062,-1.3032598040353207,0.376,5626.844064120975,0.5626844064120975
241,2023-04-28,43737.5,42811.1,926.4000000000015,43110.65,50%,43573.850000000006,42647.45,high,42600,2023-05-11,6,BANKNIFTY2351142600PE,PE,2023-05-05 10:22:00,32.3,2023-05-05 14:51:00,176.6,SL Hit,-144.3,149.17203781625904,-21525.52505688618,-2.152552505688618,2023,67.18666939197668,70.64248170170062,-3.455812309723939,2.089,-21837.145443884347,-2.183714544388435
242,2023-04-28,43737.5,42811.1,926.4000000000015,43110.65,50%,43573.850000000006,42647.45,low,43600,2023-05-11,6,BANKNIFTY2351143600CE,CE,2023-05-05 15:04:00,47.3,2023-05-10 15:20:00,0.2,Expiry Closing,47.099999999999994,149.17203781625904,7026.0029811458,0.70260029811458,2023,76.49956959543191,76.49956959543191,0.0,0.47500000000000003,6955.146263183076,0.6955146263183076
243,2023-05-05,43672.05,42587.55,1084.5,43447.15,50%,43989.4,42904.9,high,42900,2023-05-18,3,BANKNIFTY2351842900PE,PE,2023-05-15 10:46:00,39.8,2023-05-17 15:20:00,0.1,Friday Closing,39.699999999999996,147.76287014598972,5866.185944795791,0.5866185944795791,2023,67.77328798645625,70.64248170170062,-2.8691937152443643,0.399,5807.228559607542,0.5807228559607542
244,2023-05-19,44093.8,43393.35,700.4500000000044,43765.35,50%,44115.575,43415.125,high,43400,2023-06-01,3,BANKNIFTY2360143400PE,PE,2023-05-29 09:15:00,46.3,2023-05-31 15:20:00,0.25,Friday Closing,46.05,147.34025341390202,6785.018669710187,0.6785018669710188,2023,68.45178985342727,70.64248170170062,-2.190691848273346,0.46549999999999997,6716.431781746016,0.6716431781746016
245,2023-06-09,44218.05,43397.5,820.5500000000029,43583.35,50%,43993.625,43173.075,high,43200,2023-06-22,6,BANKNIFTY2362243200PE,PE,2023-06-16 14:51:00,36.65,2023-06-20 10:25:00,90.35,SL Hit,-53.699999999999996,147.748679496177,-7934.104088944705,-0.7934104088944706,2023,67.6583794445328,70.64248170170062,-2.9841022571678195,1.27,-8121.74491190485,-0.8121744911904849
246,2023-06-16,44077.55,43347.4,730.1500000000015,43641.6,50%,44006.675,43276.524999999994,high,43300,2023-06-28,1,BANKNIFTY23JUN43300PE,PE,2023-06-27 14:53:00,,2023-06-27 15:20:00,,Friday Closing,,147.7048652278319,,,2023,,,,,,
247,2023-06-23,44501.1,43521.35,979.75,44666.0,50%,45155.875,44176.125,high,44200,2023-07-06,3,BANKNIFTY2370644200PE,PE,2023-07-03 09:39:00,46.8,2023-07-05 15:20:00,0.05,Friday Closing,46.75,143.94583207611413,6729.467649558335,0.6729467649558336,2023,68.33132620948864,70.64248170170062,-2.311155492211981,0.46849999999999997,6662.029027230676,0.6662029027230676
248,2023-07-07,45227.25,44562.4,664.8499999999985,44860.65,50%,45193.075,44528.225000000006,high,44500,2023-07-20,3,BANKNIFTY2372044500PE,PE,2023-07-17 14:40:00,44.75,2023-07-19 15:20:00,0.1,Friday Closing,44.65,143.82734522932995,6421.890964489582,0.6421890964489582,2023,68.9735153059376,70.64248170170062,-1.6689663957630216,0.4485,6357.3844001542275,0.6357384400154228
249,2023-07-21,46369.5,45570.65,798.8499999999985,45560.9,50%,45960.325,45161.475000000006,low,46000,2023-08-03,1,BANKNIFTY2380346000CE,CE,2023-08-02 10:46:00,11.45,2023-08-02 15:20:00,0.2,Expiry Closing,11.25,141.4263280340163,1591.0461903826836,0.15910461903826834,2023,76.65867421447018,76.65867421447018,0.0,0.11649999999999999,1574.5700231667206,0.15745700231667206
250,2023-08-04,45118.05,44419.05,699.0,44568.15,50%,44917.65,44218.65,low,44900,2023-08-17,6,BANKNIFTY2381744900CE,CE,2023-08-11 14:42:00,67.55,2023-08-16 15:20:00,0.1,Expiry Closing,67.45,144.70926239462662,9760.639748517566,0.9760639748517566,2023,77.63473818932194,77.63473818932194,0.0,0.6764999999999999,9662.743932507601,0.9662743932507601
251,2023-08-11,44568.15,43614.35,953.8000000000029,43724.75,50%,44201.65,43247.85,high,43200,2023-08-24,1,BANKNIFTY2382443200PE,PE,2023-08-23 11:29:00,6.15,2023-08-23 15:20:00,0.1,Friday Closing,6.050000000000001,147.05333398187625,889.6726705903515,0.08896726705903515,2023,69.06248257299663,70.64248170170062,-1.5799991287039887,0.0625,880.4818372164842,0.08804818372164842
252,2023-08-25,44779.65,43897.6,882.0500000000029,43996.1,50%,44437.125,43555.075,high,43600,2023-09-06,5,BANKNIFTY2390643600PE,PE,2023-09-01 14:00:00,22.55,2023-09-05 15:20:00,0.1,Friday Closing,22.45,146.27408951411687,3283.8533095919233,0.32838533095919237,2023,69.39086790395582,70.64248170170062,-1.2516137977447954,0.22650000000000003,3250.722228316976,0.32507222283169757
253,2023-09-01,44915.55,43832.8,1082.75,44953.65,50%,45495.025,44412.275,high,44400,2023-09-13,2,BANKNIFTY2391344400PE,PE,2023-09-11 14:24:00,15.85,2023-09-12 15:20:00,0.05,Friday Closing,15.799999999999999,142.87276465943253,2257.389681619034,0.22573896816190342,2023,69.61660687211773,70.64248170170062,-1.0258748295828894,0.159,2234.672912038184,0.22346729120381842
254,2023-09-08,46153.9,44812.15,1341.75,46122.15,50%,46793.025,45451.275,low,46800,2023-09-20,0,BANKNIFTY2392046800CE,CE,2023-09-20 11:04:00,6.1,2023-09-19 15:20:00,0.05,Expiry Closing,6.05,138.90959176073784,840.4030301524639,0.08404030301524638,2023,77.71877849233718,77.71877849233718,0.0,0.0615,831.8600902591785,0.08318600902591786
255,2023-09-22,44996.75,44182.5,814.25,44445.35,50%,44852.475,44038.225,low,44900,2023-10-04,0,BANKNIFTY23100444900CE,CE,2023-10-04 09:16:00,3.95,2023-10-03 15:20:00,0.05,Expiry Closing,3.9000000000000004,144.9195389997988,565.1862020992153,0.05651862020992153,2023,77.77529711254711,77.77529711254711,0.0,0.04,559.3894205392234,0.05593894205392234
256,2023-09-29,44755.05,43857.5,897.5500000000029,44395.4,50%,44844.175,43946.625,low,44800,2023-10-11,2,BANKNIFTY23101144800CE,CE,2023-10-09 09:15:00,14.8,2023-10-10 15:20:00,0.15,Expiry Closing,14.65,144.94636148396083,2123.4641957400263,0.21234641957400263,2023,77.98764353212111,77.98764353212111,0.0,0.14950000000000002,2101.794714698174,0.2101794714698174
257,2023-10-06,44710.55,43796.75,913.8000000000029,44322.05,50%,44778.950000000004,43865.15,low,44800,2023-10-18,0,BANKNIFTY23101844800CE,CE,2023-10-18 15:11:00,0.15,2023-10-17 15:20:00,0.15,Expiry Closing,0.0,145.15749029398856,0.0,0.0,2023,77.98764353212111,77.98764353212111,0.0,0.003,-0.43547247088196567,-4.3547247088196564e-05
258,2023-10-13,44589.85,43558.1,1031.75,43584.25,50%,44100.125,43068.375,low,44100,2023-10-26,3,BANKNIFTY23OCT44100CE,CE,2023-10-23 15:02:00,18.35,2023-10-25 15:20:00,0.1,Expiry Closing,18.25,147.39187247201681,2689.901672614307,0.2689901672614307,2023,78.25663369938253,78.25663369938253,0.0,0.18450000000000003,2662.70787214322,0.266270787214322
259,2023-11-03,43876.75,43221.0,655.75,43543.25,50%,43871.125,43215.375,high,43200,2023-11-15,5,BANKNIFTY23111543200PE,PE,2023-11-10 15:24:00,35.4,2023-11-14 15:20:00,0.1,Friday Closing,35.3,148.1612336132251,5230.091546546846,0.5230091546546846,2023,70.1396160267724,70.64248170170062,-0.5028656749282163,0.355,5177.494308614151,0.5177494308614151
260,2023-11-17,43872.85,43230.95,641.9000000000015,43607.35,50%,43928.3,43286.399999999994,high,43300,2023-11-30,2,BANKNIFTY23NOV43300PE,PE,2023-11-28 12:46:00,21.8,2023-11-29 15:20:00,0.1,Friday Closing,21.7,147.96839395105204,3210.9141487378292,0.3210914148737829,2023,70.46070744164619,70.64248170170062,-0.18177426005442499,0.21900000000000003,3178.509070462549,0.3178509070462549
261,2023-11-24,44764.8,43566.15,1198.6500000000015,44580.15,50%,45179.475000000006,43980.825,high,44000,2023-12-06,2,BANKNIFTY23120644000PE,PE,2023-12-04 09:15:00,13.9,2023-12-05 15:20:00,0.05,Friday Closing,13.85,143.87064037375376,1992.6083691764895,0.19926083691764895,2023,70.65996827856384,70.65996827856384,0.0,0.1395,1972.5384148443509,0.1972538414844351
262,2023-12-08,47943.6,46793.9,1149.699999999997,47939.9,50%,48514.75,47365.05,low,48500,2023-12-20,0,BANKNIFTY23122048500CE,CE,2023-12-20 15:21:00,,2023-12-19 15:20:00,,Expiry Closing,,133.97987210075286,,,2023,,,,,,
263,2023-12-22,48636.45,47411.65,1224.7999999999956,48374.85,50%,48987.25,47762.45,low,49000,2024-01-03,1,BANKNIFTY2410349000CE,CE,2024-01-02 15:07:00,6.3,2024-01-02 15:20:00,0.05,Expiry Closing,6.25,132.68758707622902,829.2974192264314,0.08292974192264314,2024,78.33956344130519,78.33956344130519,0.0,0.0635,820.8717574470909,0.0820871757447091
264,2023-12-29,48477.7,47481.35,996.3499999999985,48245.55,50%,48743.725000000006,47747.375,low,48700,2024-01-10,2,BANKNIFTY2411048700CE,CE,2024-01-08 11:55:00,21.35,2024-01-09 15:20:00,0.05,Expiry Closing,21.3,133.35049793588814,2840.3656060344174,0.28403656060344173,2024,78.62360000190863,78.62360000190863,0.0,0.21400000000000002,2811.8285994761372,0.2811828599476137
265,2024-01-05,48381.95,47010.8,1371.1499999999942,47572.7,50%,48258.274999999994,46887.125,high,46900,2024-01-17,1,BANKNIFTY2411746900PE,PE,2024-01-16 10:34:00,9.75,2024-01-17 09:15:00,136.25,SL Hit,-126.5,134.69192589250238,-17038.528625401552,-1.7038528625401552,2024,68.95611541602368,70.65996827856384,-1.7038528625401597,1.46,-17235.178837204607,-1.7235178837204606
266,2024-01-05,48381.95,47010.8,1371.1499999999942,47572.7,50%,48258.274999999994,46887.125,low,48300,2024-01-17,0,BANKNIFTY2411748300CE,CE,2024-01-17 09:15:00,8.45,2024-01-16 15:20:00,0.2,Expiry Closing,8.25,134.69192589250238,1111.2083886131447,0.11112083886131448,2024,78.73472084076994,78.73472084076994,0.0,0.0865,1099.5575370234433,0.10995575370234432
267,2024-01-12,48305.4,45430.7,2874.7000000000044,46103.5,50%,47540.850000000006,44666.149999999994,low,47500,2024-01-25,1,BANKNIFTY24JAN47500CE,CE,2024-01-24 09:15:00,9.1,2024-01-24 15:20:00,0.05,Expiry Closing,9.049999999999999,136.72452217408815,1237.3569256754977,0.12373569256754977,2024,78.85845653333749,78.85845653333749,0.0,0.09150000000000001,1224.8466318965686,0.12248466318965685
268,2024-01-26,46306.9,45071.2,1235.7000000000044,46568.2,50%,47186.05,45950.34999999999,low,47200,2024-02-07,5,BANKNIFTY2420747200CE,CE,2024-02-02 15:04:00,65.4,2024-02-06 15:20:00,0.05,Expiry Closing,65.35000000000001,137.75257729773946,9002.130926407275,0.9002130926407276,2024,79.75866962597821,79.75866962597821,0.0,0.6545000000000001,8911.971864565905,0.8911971864565905
269,2024-02-02,46892.35,44893.75,1998.5999999999985,44986.75,50%,45986.05,43987.45,high,44000,2024-02-14,0,BANKNIFTY2421444000PE,PE,2024-02-14 14:38:00,0.65,2024-02-13 15:20:00,0.15,Friday Closing,0.5,141.34721290478308,70.67360645239154,0.007067360645239154,2024,68.96318277666892,70.65996827856384,-1.6967855018949223,0.008,69.54282874915327,0.006954282874915327
270,2024-02-09,46297.7,44633.85,1663.8499999999985,46454.3,50%,47286.225000000006,45622.375,high,45600,2024-02-21,0,BANKNIFTY2422145600PE,PE,2024-02-21 09:15:00,4.45,2024-02-20 15:20:00,0.1,Friday Closing,4.3500000000000005,137.46075099037827,597.9542668081456,0.059795426680814556,2024,69.02297820334974,70.65996827856384,-1.6369900752141007,0.0455,591.6998026380834,0.05916998026380833
271,2024-02-16,47363.4,46264.4,1099.0,47060.7,50%,47610.2,46511.2,low,47600,2024-02-29,2,BANKNIFTY24FEB47600CE,CE,2024-02-27 09:15:00,64.6,2024-02-28 15:20:00,0.1,Expiry Closing,64.5,136.52536641307955,8805.886133643631,0.8805886133643631,2024,80.63925823934258,80.63925823934258,0.0,0.6469999999999999,8717.554221574368,0.8717554221574368
272,2024-02-23,47245.35,45661.75,1583.5999999999985,46218.0,50%,47009.8,45426.2,high,45400,2024-03-06,5,BANKNIFTY2430645400PE,PE,2024-03-01 12:32:00,65.75,2024-03-05 15:20:00,0.05,Friday Closing,65.7,138.26904177426835,9084.276044569431,0.9084276044569431,2024,69.93140580780668,70.65996827856384,-0.7285624707571543,0.658,8993.295015081963,0.8993295015081963
273,2024-03-08,47853.8,46565.55,1288.25,46572.1,50%,47216.225,45927.975,low,47200,2024-03-20,0,BANKNIFTY2432047200CE,CE,2024-03-20 10:43:00,5.0,2024-03-19 15:20:00,0.05,Expiry Closing,4.95,137.6645422203914,681.4394839909376,0.06814394839909375,2024,80.70740218774168,80.70740218774168,0.0,0.050499999999999996,674.4874246088078,0.06744874246088078
