,Week,Week High,Week Low,Weekly Range,Current Week Open,Multiplier to Range,Entry Level Long,Entry Level Short,Break Type,Strike,Expiry,DTE,Contract,Entry Time,Entry Price,Exit Time,Exit Price,Remark,Points,Qty,PnL,ROI%,Trade Year
0,2017-01-02,18323.0,17831.75,491.25,18314.25,50%,18559.875,18068.625,high,18100,2017-01-19,8,BANKNIFTY1711918100PE,2017-01-11 09:36:00,37.4,2017-01-13 15:20:00,6.0,Friday Closing,31.4,323.2780393186915,10150.930434606913,1.0150930434606913,2017
1,2017-01-09,18965.7,18257.75,707.9500000000007,18899.7,50%,19253.675000000003,18545.725,high,18500,2017-01-25,7,BANKNIFTY17JAN18500PE,2017-01-18 10:08:00,13.5,2017-01-20 15:20:00,39.0,Friday Closing,-25.5,311.62881891379175,-7946.534882301689,-0.7946534882301689,2017
2,2017-02-06,20461.3,20001.1,460.2000000000007,20273.65,50%,20503.75,20043.550000000003,high,20000,2017-02-23,6,BANKNIFTY17FEB20000PE,2017-02-17 09:15:00,18.9,2017-02-17 15:20:00,21.0,Friday Closing,-2.1000000000000014,292.62939706151315,-614.5217338291781,-0.06145217338291781,2017
3,2017-02-13,21031.65,20088.4,943.25,20494.85,50%,20966.475,20023.225,high,20000,2017-03-02,7,BANKNIFTY1730220000PE,2017-02-23 12:39:00,10.0,2017-02-24 15:20:00,9.55,Friday Closing,0.4499999999999993,286.17113749450016,128.77701187252487,0.012877701187252488,2017
4,2017-02-20,21011.9,20474.85,537.0500000000029,20853.45,50%,21121.975000000002,20584.925,low,21100,2017-03-09,9,BANKNIFTY1730921100CE,2017-02-28 11:42:00,75.0,2017-03-03 15:20:00,11.35,Friday Closing,63.65,284.0643453086181,18080.69557889354,1.8080695578893542,2017
5,2017-02-27,20901.0,20423.7,477.2999999999993,20548.95,50%,20787.6,20310.300000000003,high,20300,2017-03-16,6,BANKNIFTY1731620300PE,2017-03-10 09:15:00,52.0,2017-03-10 15:20:00,70.05,Friday Closing,-18.049999999999997,288.6336084973735,-5209.83663337759,-0.520983663337759,2017
6,2017-03-13,21316.85,21062.0,254.84999999999854,21202.55,50%,21329.975,21075.125,low,21300,2017-03-30,9,BANKNIFTY17MAR21300CE,2017-03-21 10:29:00,107.3,2017-03-24 15:20:00,69.0,Friday Closing,38.3,281.2942818732793,10773.570995746597,1.0773570995746597,2017
7,2017-03-20,21202.55,20755.15,447.3999999999978,21178.1,50%,21401.799999999996,20954.4,high,21000,2017-04-06,8,BANKNIFTY1740621000PE,2017-03-29 12:46:00,43.2,2017-03-31 15:20:00,21.8,Friday Closing,21.400000000000002,280.3502509134746,5999.495369548357,0.5999495369548358,2017
8,2017-04-10,21786.95,21396.7,390.25,21700.5,50%,21895.625,21505.375,high,21500,2017-04-27,9,BANKNIFTY17APR21500PE,2017-04-18 10:08:00,64.1,2017-04-21 13:18:00,190.05,SL Hit,-125.95000000000002,274.0273456455342,-34513.74418405504,-3.451374418405504,2017
9,2017-04-10,21786.95,21396.7,390.25,21700.5,50%,21895.625,21505.375,low,21900,2017-04-27,8,BANKNIFTY17APR21900CE,2017-04-19 09:52:00,74.25,2017-04-21 15:20:00,29.25,Friday Closing,45.0,274.0273456455342,12331.230554049038,1.2331230554049037,2017
10,2017-04-17,21947.0,21390.25,556.75,21591.9,50%,21870.275,21313.525,high,21300,2017-05-04,10,BANKNIFTY1750421300PE,2017-04-24 13:23:00,40.6,2017-04-28 15:20:00,2.2,Friday Closing,38.4,274.344972799839,10534.846955513818,1.053484695551382,2017
11,2017-04-24,22382.05,21586.15,795.8999999999978,22412.55,50%,22810.5,22014.6,high,22000,2017-05-11,6,BANKNIFTY1751122000PE,2017-05-05 09:15:00,10.65,2017-05-05 15:20:00,13.75,Friday Closing,-3.0999999999999996,263.03675938712433,-815.4139541000853,-0.08154139541000854,2017
12,2017-05-08,22977.2,22579.35,397.8500000000022,22735.85,50%,22934.775,22536.924999999996,high,22500,2017-05-25,9,BANKNIFTY17MAY22500PE,2017-05-16 14:14:00,50.6,2017-05-19 15:20:00,37.65,Friday Closing,12.950000000000003,261.6114611981151,3387.868422515591,0.33878684225155914,2017
13,2017-05-15,22977.65,22630.75,346.90000000000146,22874.8,50%,23048.25,22701.35,high,22700,2017-06-01,7,BANKNIFTY1760122700PE,2017-05-25 14:13:00,73.85,2017-05-26 15:20:00,22.1,Friday Closing,51.74999999999999,260.32345188897204,13471.738635254302,1.3471738635254302,2017
14,2017-05-15,22977.65,22630.75,346.90000000000146,22874.8,50%,23048.25,22701.35,low,23000,2017-06-01,10,BANKNIFTY1760123000CE,2017-05-22 13:40:00,57.0,2017-05-25 14:04:00,100.55,SL Hit,-43.55,260.32345188897204,-11337.086329764732,-1.1337086329764734,2017
15,2017-05-29,23469.45,23095.0,374.4500000000007,23397.4,50%,23584.625,23210.175000000003,high,23200,2017-06-15,8,BANKNIFTY1761523200PE,2017-06-07 15:18:00,32.85,2017-06-09 15:20:00,14.0,Friday Closing,18.85,254.403027396026,4795.497066415091,0.4795497066415091,2017
16,2017-06-05,23706.65,23350.35,356.3000000000029,23610.15,50%,23788.300000000003,23432.0,low,23800,2017-06-22,8,BANKNIFTY1762223800CE,2017-06-14 09:54:00,45.8,2017-06-16 15:20:00,16.1,Friday Closing,29.699999999999996,252.22483321632902,7491.077546524971,0.7491077546524971,2017
17,2017-06-12,23628.2,23311.9,316.2999999999993,23571.35,50%,23729.5,23413.199999999997,high,23400,2017-06-29,10,BANKNIFTY17JUN23400PE,2017-06-19 14:21:00,69.65,2017-06-23 15:20:00,64.55,Friday Closing,5.1000000000000085,252.84982827282496,1289.5341241914095,0.12895341241914096,2017
18,2017-06-19,23896.9,23507.7,389.2000000000007,23636.95,50%,23831.550000000003,23442.35,low,23800,2017-07-06,9,BANKNIFTY1770623800CE,2017-06-27 09:40:00,73.45,2017-06-30 15:20:00,7.7,Friday Closing,65.75,251.767090264796,16553.686184910337,1.655368618491034,2017
19,2017-07-03,23540.15,23144.5,395.65000000000146,23449.15,50%,23646.975000000002,23251.325,high,23300,2017-07-20,10,BANKNIFTY1772023300PE,2017-07-10 12:30:00,85.0,2017-07-14 15:20:00,9.9,Friday Closing,75.1,253.73224270757675,19055.291427339012,1.9055291427339012,2017
20,2017-07-10,23962.1,23449.15,512.9499999999971,24011.4,50%,24267.875,23754.925000000003,high,23800,2017-07-27,7,BANKNIFTY17JUL23800PE,2017-07-20 11:03:00,34.95,2017-07-21 15:20:00,18.7,Friday Closing,16.250000000000004,247.24043617333615,4017.657087816713,0.4017657087816713,2017
21,2017-07-17,24299.6,23914.4,385.1999999999971,24307.7,50%,24500.3,24115.100000000002,high,24100,2017-08-03,9,BANKNIFTY1780324100PE,2017-07-25 09:15:00,43.05,2017-07-28 15:20:00,7.55,Friday Closing,35.5,244.8949604698718,8693.771096680448,0.8693771096680448,2017
22,2017-07-31,25196.45,24593.35,603.1000000000022,24854.15,50%,25155.700000000004,24552.6,low,25200,2017-08-17,9,BANKNIFTY1781725200CE,2017-08-08 10:16:00,30.05,2017-08-11 15:20:00,1.95,Friday Closing,28.1,238.51453149783146,6702.2583350890645,0.6702258335089064,2017
23,2017-08-14,24495.2,23926.0,569.2000000000007,24140.55,50%,24425.15,23855.949999999997,low,24400,2017-08-31,9,BANKNIFTY17AUG24400CE,2017-08-22 09:43:00,67.85,2017-08-25 15:20:00,131.0,Friday Closing,-63.150000000000006,245.648440234758,-15512.699000824969,-1.551269900082497,2017
24,2017-08-28,24494.15,24105.75,388.40000000000146,24456.3,50%,24650.5,24262.1,low,24700,2017-09-14,10,BANKNIFTY1791424700CE,2017-09-04 11:45:00,56.2,2017-09-08 15:20:00,18.85,Friday Closing,37.35,243.40277073487354,9091.093486947528,0.9091093486947528,2017
25,2017-09-04,24456.3,24151.9,304.3999999999978,24468.5,50%,24620.699999999997,24316.300000000003,high,24300,2017-09-21,10,BANKNIFTY1792124300PE,2017-09-11 11:31:00,80.1,2017-09-15 15:20:00,19.5,Friday Closing,60.599999999999994,243.69737659774094,14768.0610218231,1.4768061021823098,2017
26,2017-09-11,24993.1,24458.85,534.25,24948.15,50%,25215.275,24681.025,low,25200,2017-09-28,6,BANKNIFTY17SEP25200CE,2017-09-22 09:15:00,13.3,2017-09-22 15:20:00,4.7,Friday Closing,8.600000000000001,237.95100390537084,2046.3786335861896,0.20463786335861894,2017
27,2017-09-18,25104.9,24341.35,763.5500000000029,24361.55,50%,24743.325,23979.774999999998,low,24700,2017-10-05,8,BANKNIFTY17100524700CE,2017-09-27 10:41:00,18.65,2017-09-29 15:20:00,5.0,Friday Closing,13.649999999999999,242.4896411456423,3309.9836016380173,0.3309983601638017,2017
28,2017-10-02,24238.6,24008.05,230.54999999999927,24209.55,50%,24324.824999999997,24094.275,high,24100,2017-10-19,9,BANKNIFTY17101924100PE,2017-10-10 09:21:00,,2017-10-12 09:25:00,,SL Hit,,246.66158954894848,,,2017
29,2017-10-02,24238.6,24008.05,230.54999999999927,24209.55,50%,24324.824999999997,24094.275,low,24300,2017-10-19,8,BANKNIFTY17101924300CE,2017-10-11 14:08:00,,2017-10-12 14:31:00,,SL Hit,,246.66158954894848,,,2017
30,2017-10-09,24778.55,23978.6,799.9500000000007,24815.4,50%,25215.375,24415.425000000003,low,25200,2017-10-26,8,BANKNIFTY17OCT25200CE,2017-10-18 09:15:00,17.65,2017-10-20 15:20:00,4.3,Friday Closing,13.349999999999998,237.950060231109,3176.6333040853046,0.3176633304085305,2017
31,2017-10-16,24877.05,23924.1,952.9500000000007,24085.45,50%,24561.925000000003,23608.975,high,23600,2017-11-02,8,BANKNIFTY17110223600PE,2017-10-25 09:15:00,12.7,2017-10-27 15:20:00,5.55,Friday Closing,7.1499999999999995,244.2805276866532,1746.6057729595702,0.17466057729595702,2017
32,2017-10-23,25177.35,23914.05,1263.2999999999993,24873.65,50%,25505.300000000003,24242.0,high,24200,2017-11-09,8,BANKNIFTY17110924200PE,2017-11-01 12:44:00,16.1,2017-11-03 15:20:00,3.8,Friday Closing,12.3,235.24522354177364,2893.516249563816,0.2893516249563816,2017
33,2017-10-30,25691.55,24813.6,877.9500000000007,25569.0,50%,26007.975,25130.025,low,26000,2017-11-16,8,BANKNIFTY17111626000CE,2017-11-08 15:04:00,22.5,2017-11-10 15:20:00,21.0,Friday Closing,1.5,230.69846845054258,346.04770267581387,0.03460477026758139,2017
34,2017-11-06,25693.7,25120.25,573.4500000000007,25570.25,50%,25856.975,25283.525,high,25300,2017-11-23,6,BANKNIFTY17112325300PE,2017-11-17 09:15:00,29.5,2017-11-17 15:20:00,24.5,Friday Closing,5.0,232.04570526908117,1160.228526345406,0.1160228526345406,2017
35,2017-11-06,25693.7,25120.25,573.4500000000007,25570.25,50%,25856.975,25283.525,low,25900,2017-11-23,9,BANKNIFTY17112325900CE,2017-11-14 10:09:00,52.0,2017-11-17 09:15:00,148.0,SL Hit,-96.0,232.04570526908117,-22276.387705831792,-2.2276387705831793,2017
36,2017-11-20,25870.95,25621.6,249.35000000000218,25693.05,50%,25817.725,25568.375,high,25600,2017-12-07,10,BANKNIFTY17120725600PE,2017-11-27 14:41:00,114.4,2017-11-30 09:21:00,162.0,SL Hit,-47.599999999999994,232.39847817729876,-11062.16756123942,-1.1062167561239418,2017
37,2017-11-20,25870.95,25621.6,249.35000000000218,25693.05,50%,25817.725,25568.375,low,25800,2017-12-07,7,BANKNIFTY17120725800CE,2017-11-30 10:24:00,91.0,2017-12-01 15:20:00,16.0,Friday Closing,75.0,232.39847817729876,17429.885863297408,1.7429885863297407,2017
38,2017-11-27,25953.5,25155.05,798.4500000000007,25295.05,50%,25694.275,24895.824999999997,low,25700,2017-12-14,8,BANKNIFTY17121425700CE,2017-12-06 14:42:00,19.1,2017-12-08 15:20:00,27.25,Friday Closing,-8.149999999999999,233.51505345062273,-1903.147685622575,-0.19031476856225749,2017
39,2017-12-11,25558.65,24889.1,669.5500000000029,25181.75,50%,25516.525,24846.975,high,24800,2017-12-28,10,BANKNIFTY17DEC24800PE,2017-12-18 09:53:00,84.9,2017-12-22 15:20:00,6.85,Friday Closing,78.05000000000001,235.14173658051007,18352.812540108815,1.8352812540108816,2017
40,2017-12-11,25558.65,24889.1,669.5500000000029,25181.75,50%,25516.525,24846.975,low,25500,2017-12-28,10,BANKNIFTY17DEC25500CE,2017-12-18 09:15:00,105.65,2017-12-18 09:58:00,336.4,SL Hit,-230.74999999999997,235.14173658051007,-54258.95571595269,-5.4258955715952695,2017
41,2017-12-25,25732.45,25419.05,313.40000000000146,25565.75,50%,25722.45,25409.05,low,25700,2018-01-11,10,BANKNIFTY1811125700CE,2018-01-01 14:58:00,105.0,2018-01-05 15:20:00,90.0,Friday Closing,15.0,233.25927351399264,3498.88910270989,0.349888910270989,2018
42,2018-01-08,25801.6,25527.95,273.6499999999978,25858.15,50%,25994.975,25721.325000000004,high,25700,2018-01-25,10,BANKNIFTY18JAN25700PE,2018-01-15 10:21:00,104.65,2018-01-19 15:20:00,12.65,Friday Closing,92.0,230.8138399825351,21234.87327839323,2.1234873278393227,2018
43,2018-01-15,26956.4,25846.85,1109.550000000003,26940.5,50%,27495.275,26385.725,high,26400,2018-02-01,7,BANKNIFTY1820126400PE,2018-01-25 15:10:00,39.55,2018-01-26 15:20:00,50.0,Friday Closing,-10.450000000000003,218.21931222728267,-2280.3918127751044,-0.22803918127751044,2018
44,2018-01-22,27520.9,26844.25,676.6500000000015,27446.1,50%,27784.425,27107.774999999998,low,27800,2018-02-08,7,BANKNIFTY1820827800CE,2018-02-01 12:42:00,104.95,2018-02-01 13:31:00,139.95,SL Hit,-34.999999999999986,215.94832356617061,-7558.191324815968,-0.7558191324815968,2018
45,2018-01-29,27651.35,26364.75,1286.5999999999985,25968.15,50%,26611.45,25324.850000000002,low,26600,2018-02-15,9,BANKNIFTY1821526600CE,2018-02-06 09:15:00,45.0,2018-02-09 15:20:00,24.7,Friday Closing,20.3,225.46685731142045,4576.977203421836,0.4576977203421836,2018
46,2018-02-12,25810.25,25101.5,708.75,25324.6,50%,25678.975,24970.225,low,25700,2018-03-01,10,BANKNIFTY1830125700CE,2018-02-19 09:58:00,72.0,2018-02-23 15:20:00,45.8,Friday Closing,26.200000000000003,233.6541859634195,6121.7396722415915,0.6121739672241592,2018
47,2018-02-19,25345.05,24782.1,562.9500000000007,25452.0,50%,25733.475,25170.525,low,25700,2018-03-08,8,BANKNIFTY1830825700CE,2018-02-28 09:15:00,57.0,2018-03-02 15:20:00,15.0,Friday Closing,42.0,233.1593381772186,9792.692203443181,0.9792692203443181,2018
48,2018-02-26,25722.1,24855.35,866.75,24831.35,50%,25264.725,24397.975,low,25300,2018-03-15,9,BANKNIFTY1831525300CE,2018-03-06 15:25:00,42.9,2018-03-09 15:20:00,5.7,Friday Closing,37.199999999999996,237.48526849193888,8834.451987900125,0.8834451987900125,2018
49,2018-03-05,25038.85,24049.35,989.5,24443.6,50%,24938.35,23948.85,high,23900,2018-03-22,9,BANKNIFTY1832223900PE,2018-03-13 10:02:00,48.0,2018-03-16 15:20:00,45.5,Friday Closing,2.5,240.59330308540862,601.4832577135215,0.06014832577135215,2018
50,2018-03-12,25009.55,24360.65,648.8999999999978,24530.15,50%,24854.6,24205.700000000004,low,24900,2018-03-28,9,BANKNIFTY18MAR24900CE,2018-03-19 13:57:00,106.0,2018-03-23 15:20:00,4.15,Friday Closing,101.85,241.40400569713455,24586.997980253152,2.4586997980253154,2018
51,2018-03-19,24587.45,23605.9,981.5499999999993,23674.9,50%,24165.675000000003,23184.125,high,23200,2018-04-05,10,BANKNIFTY1840523200PE,2018-03-26 14:54:00,30.5,2018-03-30 15:20:00,15.0,Friday Closing,15.5,248.28605035861813,3848.433780558581,0.38484337805585805,2018
52,2018-03-26,24495.6,23659.25,836.3499999999985,24235.65,50%,24653.825,23817.475000000002,high,23800,2018-04-12,8,BANKNIFTY1841223800PE,2018-04-04 10:37:00,32.0,2018-04-06 15:20:00,23.55,Friday Closing,8.45,243.36994360915597,2056.476023497368,0.20564760234973678,2018
53,2018-04-02,24931.95,24065.45,866.5,24848.85,50%,25282.1,24415.6,high,24400,2018-04-19,6,BANKNIFTY1841924400PE,2018-04-13 09:17:00,20.4,2018-04-13 15:20:00,18.95,Friday Closing,1.4499999999999993,237.3220578986714,344.1169839530734,0.03441169839530733,2018
54,2018-04-09,25411.3,24833.85,577.4500000000007,25082.1,50%,25370.824999999997,24793.375,high,24800,2018-04-26,9,BANKNIFTY18APR24800PE,2018-04-17 09:15:00,97.4,2018-04-20 15:20:00,82.0,Friday Closing,15.400000000000006,236.4921124953564,3641.97853242849,0.364197853242849,2018
55,2018-04-16,25426.75,24839.3,587.4500000000007,25065.5,50%,25359.225,24771.775,high,24800,2018-05-03,6,BANKNIFTY1850324800PE,2018-04-27 10:04:00,26.4,2018-04-27 15:20:00,14.55,Friday Closing,11.849999999999998,236.6002904268565,2803.713441558249,0.28037134415582493,2018
56,2018-04-16,25426.75,24839.3,587.4500000000007,25065.5,50%,25359.225,24771.775,low,25400,2018-05-03,8,BANKNIFTY1850325400CE,2018-04-25 14:35:00,24.2,2018-04-27 14:06:00,144.7,SL Hit,-120.49999999999999,236.6002904268565,-28510.334996436206,-2.8510334996436204,2018
57,2018-04-30,25716.0,25469.65,246.34999999999854,25676.25,50%,25799.425,25553.075,high,25600,2018-05-17,10,BANKNIFTY1851725600PE,2018-05-07 12:43:00,192.6,2018-05-11 15:20:00,45.1,Friday Closing,147.5,232.56332263219045,34303.09008824809,3.4303090088248096,2018
58,2018-05-07,26435.75,25676.25,759.5,26404.45,50%,26784.2,26024.7,high,26000,2018-05-24,9,BANKNIFTY1852426000PE,2018-05-15 09:51:00,62.45,2018-05-18 15:20:00,215.55,Friday Closing,-153.10000000000002,224.0126641826151,-34296.33888635838,-3.4296338886358386,2018
59,2018-05-07,26435.75,25676.25,759.5,26404.45,50%,26784.2,26024.7,low,26800,2018-05-24,7,BANKNIFTY1852426800CE,2018-05-17 15:13:00,12.0,2018-05-18 15:20:00,7.2,Friday Closing,4.8,224.0126641826151,1075.2607880765524,0.10752607880765525,2018
60,2018-05-21,26325.55,25632.75,692.7999999999993,26291.65,50%,26638.050000000003,25945.25,high,25900,2018-06-07,10,BANKNIFTY1860725900PE,2018-05-28 13:14:00,43.4,2018-06-01 15:20:00,36.0,Friday Closing,7.399999999999999,225.2417125127402,1666.7886725942772,0.16667886725942774,2018
61,2018-05-28,27162.65,25985.35,1177.300000000003,27023.7,50%,27612.350000000002,26435.05,low,27600,2018-06-14,10,BANKNIFTY1861427600CE,2018-06-04 13:02:00,17.0,2018-06-08 15:20:00,3.55,Friday Closing,13.45,217.29407312307717,2922.605283505388,0.2922605283505388,2018
62,2018-06-11,26764.35,26345.3,419.0499999999993,26444.3,50%,26653.824999999997,26234.775,high,26200,2018-06-28,7,BANKNIFTY18JUN26200PE,2018-06-21 09:15:00,56.45,2018-06-22 15:20:00,26.85,Friday Closing,29.6,225.10840376568845,6663.208751464378,0.6663208751464378,2018
63,2018-06-11,26764.35,26345.3,419.0499999999993,26444.3,50%,26653.824999999997,26234.775,low,26700,2018-06-28,9,BANKNIFTY18JUN26700CE,2018-06-19 15:20:00,75.35,2018-06-22 15:12:00,217.05,SL Hit,-141.70000000000002,225.10840376568845,-31897.860813598058,-3.1897860813598053,2018
64,2018-06-18,26805.7,26225.7,580.0,26718.15,50%,27008.15,26428.15,low,27000,2018-07-05,8,BANKNIFTY1870527000CE,2018-06-27 12:15:00,35.45,2018-06-29 15:20:00,15.0,Friday Closing,20.450000000000003,222.1551642744875,4543.07310941327,0.454307310941327,2018
65,2018-07-02,26609.3,26061.75,547.5499999999993,26642.35,50%,26916.125,26368.574999999997,high,26400,2018-07-19,9,BANKNIFTY1871926400PE,2018-07-10 09:45:00,70.2,2018-07-13 15:20:00,21.9,Friday Closing,48.300000000000004,222.91470261785454,10766.780136442376,1.0766780136442375,2018
66,2018-07-16,27187.0,26648.1,538.9000000000015,26701.3,50%,26970.75,26431.85,high,26400,2018-08-02,10,BANKNIFTY1880226400PE,2018-07-23 13:46:00,57.6,2018-07-27 15:20:00,6.45,Friday Closing,51.15,222.46322404827453,11378.99391006924,1.137899391006924,2018
67,2018-07-30,27870.55,27330.45,540.0999999999985,27769.55,50%,28039.6,27499.5,high,27500,2018-08-16,8,BANKNIFTY1881627500PE,2018-08-08 10:55:00,42.0,2018-08-10 15:20:00,18.5,Friday Closing,23.5,213.98308107105666,5028.602405169831,0.5028602405169832,2018
68,2018-08-06,28373.9,27769.55,604.3500000000022,27760.8,50%,28062.975,27458.625,high,27500,2018-08-23,6,BANKNIFTY1882327500PE,2018-08-17 10:17:00,19.2,2018-08-17 15:20:00,17.15,Friday Closing,2.0500000000000007,213.80484428325937,438.29993078068185,0.04382999307806818,2018
69,2018-08-13,28176.75,27743.1,433.65000000000146,28171.65,50%,28388.475000000002,27954.825,low,28400,2018-08-30,6,BANKNIFTY18AUG28400CE,2018-08-24 09:15:00,47.4,2018-08-24 15:20:00,27.0,Friday Closing,20.4,211.35337491710982,4311.60884830904,0.431160884830904,2018
70,2018-08-20,28321.95,27786.8,535.1500000000015,27971.25,50%,28238.825,27703.675,high,27700,2018-09-06,10,BANKNIFTY1890627700PE,2018-08-27 11:38:00,51.3,2018-08-31 15:20:00,34.5,Friday Closing,16.799999999999997,212.47342975495616,3569.553619883263,0.3569553619883263,2018
71,2018-08-27,28386.7,27941.75,444.9500000000007,28199.45,50%,28421.925000000003,27976.975,low,28400,2018-09-12,9,BANKNIFTY1891228400CE,2018-09-03 14:00:00,103.6,2018-09-07 15:20:00,4.5,Friday Closing,99.1,211.10463137173147,20920.46896893859,2.092046896893859,2018
72,2018-09-03,28199.45,27136.9,1062.5499999999993,27395.2,50%,27926.475,26863.925000000003,low,27900,2018-09-19,8,BANKNIFTY1891927900CE,2018-09-11 14:56:00,14.2,2018-09-14 15:20:00,10.05,Friday Closing,4.149999999999999,214.8498870695281,891.6270313385413,0.08916270313385413,2018
73,2018-09-10,27404.65,26557.5,847.1500000000015,27002.6,50%,27426.175,26579.024999999998,low,27400,2018-09-27,9,BANKNIFTY18SEP27400CE,2018-09-18 14:38:00,39.35,2018-09-21 15:20:00,5.7,Friday Closing,33.65,218.76911381189686,7361.580679770329,0.7361580679770329,2018
74,2018-09-24,25645.05,24678.85,966.2000000000007,24943.9,50%,25427.0,24460.800000000003,high,24500,2018-10-11,8,BANKNIFTY18101124500PE,2018-10-03 12:14:00,93.3,2018-10-04 11:35:00,276.3,SL Hit,-183.0,235.96963857317024,-43182.443858890154,-4.318244385889015,2018
75,2018-09-24,25645.05,24678.85,966.2000000000007,24943.9,50%,25427.0,24460.800000000003,low,25400,2018-10-11,6,BANKNIFTY18101125400CE,2018-10-05 15:13:00,35.0,2018-10-05 15:20:00,25.1,Friday Closing,9.899999999999999,235.96963857317024,2336.099421874385,0.2336099421874385,2018
76,2018-10-01,25464.0,24253.95,1210.0499999999993,24470.75,50%,25075.775,23865.725,high,23900,2018-10-17,7,BANKNIFTY18101723900PE,2018-10-10 11:31:00,45.0,2018-10-12 15:20:00,22.5,Friday Closing,22.5,239.27475820787194,5383.682059677119,0.5383682059677118,2018
77,2018-10-15,25903.15,24927.45,975.7000000000007,25484.25,50%,25972.1,24996.4,low,26000,2018-11-01,9,BANKNIFTY18110126000CE,2018-10-23 09:15:00,40.0,2018-10-26 15:20:00,3.45,Friday Closing,36.55,231.0171299201836,8443.67609858271,0.844367609858271,2018
78,2018-10-22,25491.45,24359.8,1131.6500000000015,24647.95,50%,25213.775,24082.125,high,24100,2018-11-07,6,BANKNIFTY18110724100PE,2018-11-01 09:15:00,,2018-11-02 15:20:00,,Friday Closing,,237.96515991754507,,,2018
79,2018-11-05,25857.6,25534.8,322.7999999999993,25816.15,50%,25977.550000000003,25654.75,high,25700,2018-11-22,8,BANKNIFTY18112225700PE,2018-11-14 09:25:00,129.95,2018-11-16 15:20:00,56.5,Friday Closing,73.44999999999999,230.96866332660315,16964.648321339,1.6964648321339,2018
80,2018-11-05,25857.6,25534.8,322.7999999999993,25816.15,50%,25977.550000000003,25654.75,low,26000,2018-11-22,10,BANKNIFTY18112226000CE,2018-11-12 13:10:00,154.8,2018-11-14 09:15:00,212.2,SL Hit,-57.39999999999998,230.96866332660315,-13257.601274947016,-1.3257601274947017,2018
81,2018-11-19,26378.05,25951.35,426.7000000000007,26096.0,50%,26309.35,25882.65,high,25900,2018-12-06,10,BANKNIFTY18120625900PE,2018-11-26 14:10:00,118.8,2018-11-30 15:20:00,14.5,Friday Closing,104.3,228.05580525554603,23786.22048815345,2.378622048815345,2018
82,2018-11-26,27012.3,26026.05,986.25,27032.9,50%,27526.025,26539.775,low,27500,2018-12-13,8,BANKNIFTY18121327500CE,2018-12-05 09:20:00,61.9,2018-12-07 15:20:00,36.5,Friday Closing,25.4,217.97553406276424,5536.5785651942115,0.5536578565194211,2018
83,2018-12-03,27032.9,26150.6,882.3000000000029,26073.65,50%,26514.800000000003,25632.5,high,25600,2018-12-20,8,BANKNIFTY18122025600PE,2018-12-12 11:29:00,37.7,2018-12-14 15:20:00,10.5,Friday Closing,27.200000000000003,226.28871422752573,6155.0530269887,0.61550530269887,2018
84,2018-12-03,27032.9,26150.6,882.3000000000029,26073.65,50%,26514.800000000003,25632.5,low,26500,2018-12-20,9,BANKNIFTY18122026500CE,2018-12-11 09:15:00,134.95,2018-12-14 15:20:00,372.5,Friday Closing,-237.55,226.28871422752573,-53754.88406474874,-5.375488406474873,2018
85,2018-12-17,27368.9,26825.25,543.6500000000015,26877.05,50%,27148.875,26605.225,high,26600,2019-01-03,7,BANKNIFTY1910326600PE,2018-12-27 09:15:00,44.6,2018-12-28 15:20:00,22.5,Friday Closing,22.1,221.0036327472133,4884.180283713414,0.48841802837134135,2018
86,2018-12-17,27368.9,26825.25,543.6500000000015,26877.05,50%,27148.875,26605.225,low,27100,2019-01-03,8,BANKNIFTY1910327100CE,2018-12-26 09:15:00,75.65,2018-12-28 15:20:00,226.0,Friday Closing,-150.35,221.0036327472133,-33227.89618354352,-3.322789618354352,2018
87,2018-12-31,27428.85,26923.75,505.09999999999854,27378.65,50%,27631.2,27126.100000000002,high,27100,2019-01-17,8,BANKNIFTY1911727100PE,2019-01-09 09:15:00,65.25,2019-01-11 15:20:00,65.0,Friday Closing,0.25,217.14583514288196,54.28645878572049,0.005428645878572049,2019
88,2019-01-14,27611.55,27182.25,429.2999999999993,27514.55,50%,27729.199999999997,27299.9,low,27700,2019-01-31,8,BANKNIFTY19JAN27700CE,2019-01-23 15:06:00,103.7,2019-01-25 15:20:00,31.5,Friday Closing,72.2,216.37840255038012,15622.520664137444,1.5622520664137443,2019
89,2019-01-21,27622.2,27045.6,576.6000000000022,27041.45,50%,27329.75,26753.15,high,26800,2019-02-07,6,BANKNIFTY1920726800PE,2019-02-01 09:15:00,108.0,2019-02-01 14:27:00,145.0,SL Hit,-37.0,219.54097640849258,-8123.016127114225,-0.8123016127114225,2019
90,2019-01-21,27622.2,27045.6,576.6000000000022,27041.45,50%,27329.75,26753.15,low,27300,2019-02-07,10,BANKNIFTY1920727300CE,2019-01-28 11:15:00,204.3,2019-02-01 15:20:00,100.0,Friday Closing,104.30000000000001,219.54097640849258,22898.12383940578,2.289812383940578,2019
91,2019-01-28,27531.65,26443.7,1087.9500000000007,26974.0,50%,27517.975,26430.025,high,26400,2019-02-14,7,BANKNIFTY1921426400PE,2019-02-07 11:45:00,12.8,2019-02-08 15:20:00,9.95,Friday Closing,2.8500000000000014,218.03929976678882,621.4120043353485,0.06214120043353485,2019
92,2019-02-04,27588.5,26827.3,761.2000000000007,27240.5,50%,27621.1,26859.9,low,27600,2019-02-21,8,BANKNIFTY1922127600CE,2019-02-13 15:16:00,30.5,2019-02-15 15:20:00,6.3,Friday Closing,24.2,217.22523722806116,5256.85074091908,0.5256850740919079,2019
93,2019-02-11,27305.9,26635.45,670.4500000000007,26754.6,50%,27089.824999999997,26419.375,high,26400,2019-02-28,7,BANKNIFTY19FEB26400PE,2019-02-21 13:47:00,34.0,2019-02-22 15:20:00,36.15,Friday Closing,-2.1499999999999986,221.48537319823959,-476.19355237621477,-0.04761935523762148,2019
94,2019-02-18,27099.3,26617.7,481.59999999999854,26934.2,50%,27175.0,26693.4,high,26700,2019-03-07,10,BANKNIFTY1930726700PE,2019-02-25 15:10:00,83.05,2019-03-01 15:20:00,58.8,Friday Closing,24.25,220.79116835326587,5354.185832566697,0.5354185832566697,2019
95,2019-02-25,27196.85,26719.65,477.1999999999971,27068.15,50%,27306.75,26829.550000000003,high,26800,2019-03-14,9,BANKNIFTY1931426800PE,2019-03-05 12:59:00,101.0,2019-03-08 15:20:00,15.0,Friday Closing,86.0,219.72589194979264,18896.426707682167,1.8896426707682168,2019
96,2019-03-04,27813.55,26958.85,854.7000000000007,27840.1,50%,28267.449999999997,27412.75,high,27400,2019-03-20,8,BANKNIFTY1932027400PE,2019-03-12 10:12:00,35.1,2019-03-15 15:20:00,4.5,Friday Closing,30.6,212.25826878618344,6495.103024857213,0.6495103024857213,2019
97,2019-04-01,30647.2,29811.85,835.3500000000022,30201.5,50%,30619.175000000003,29783.824999999997,low,30600,2019-04-18,10,BANKNIFTY1941830600CE,2019-04-08 14:20:00,75.9,2019-04-12 15:20:00,19.0,Friday Closing,56.900000000000006,195.95563890927824,11149.875853937932,1.1149875853937932,2019
98,2019-04-08,30231.9,29641.4,590.5,29983.5,50%,30278.75,29688.25,high,29700,2019-04-25,9,BANKNIFTY19APR29700PE,2019-04-16 09:15:00,89.5,2019-04-19 15:20:00,60.0,Friday Closing,29.5,198.158774718243,5845.683854188168,0.5845683854188168,2019
99,2019-04-15,30656.5,29926.8,729.7000000000007,30282.5,50%,30647.35,29917.65,low,30600,2019-05-02,10,BANKNIFTY1950230600CE,2019-04-22 09:35:00,105.0,2019-04-26 15:20:00,12.0,Friday Closing,93.0,195.7754911925501,18207.12068090716,1.8207120680907158,2019
100,2019-04-29,30119.75,29550.85,568.9000000000015,29626.5,50%,29910.95,29342.05,low,29900,2019-05-16,9,BANKNIFTY1951629900CE,2019-05-07 14:59:00,143.15,2019-05-10 15:20:00,31.1,Friday Closing,112.05000000000001,200.59543411359385,22476.718392428193,2.247671839242819,2019
101,2019-05-13,29550.15,28526.1,1024.050000000003,30230.4,50%,30742.425000000003,29718.375,high,29700,2019-05-30,10,BANKNIFTY19MAY29700PE,2019-05-20 14:16:00,460.5,2019-05-24 15:20:00,17.6,Friday Closing,442.9,195.17002969024074,86440.80614980761,8.64408061498076,2019
102,2019-05-27,31782.4,30642.55,1139.8500000000022,31406.05,50%,31975.975,30836.125,low,32000,2019-06-13,7,BANKNIFTY1961332000CE,2019-06-06 15:03:00,14.7,2019-06-07 15:20:00,15.5,Friday Closing,-0.8000000000000007,187.64087725237465,-150.11270180189985,-0.015011270180189985,2019
103,2019-06-03,31752.7,30628.9,1123.7999999999993,31259.2,50%,31821.1,30697.300000000003,low,31800,2019-06-20,7,BANKNIFTY1962031800CE,2019-06-13 11:02:00,13.25,2019-06-14 15:20:00,6.95,Friday Closing,6.3,188.55413546357607,1187.8910534205293,0.11878910534205292,2019
104,2019-06-17,30823.85,30221.3,602.5499999999993,30680.95,50%,30982.225,30379.675000000003,high,30400,2019-07-04,8,BANKNIFTY1970430400PE,2019-06-26 09:42:00,96.95,2019-06-28 15:20:00,36.0,Friday Closing,60.95,193.65942891448242,11803.542192337703,1.1803542192337704,2019
105,2019-07-01,31658.1,31106.95,551.1499999999978,31346.85,50%,31622.424999999996,31071.275,low,31600,2019-07-18,10,BANKNIFTY1971831600CE,2019-07-08 09:45:00,120.5,2019-07-12 15:20:00,5.15,Friday Closing,115.35,189.73876924366175,21886.36703225638,2.1886367032256384,2019
106,2019-07-08,31346.85,30348.85,998.0,30688.85,50%,31187.85,30189.85,low,31200,2019-07-25,6,BANKNIFTY19JUL31200CE,2019-07-19 10:16:00,9.15,2019-07-19 15:20:00,6.0,Friday Closing,3.1500000000000004,192.38261053583366,606.0052231878761,0.06060052231878761,2019
107,2019-07-15,30799.3,29705.9,1093.3999999999978,29617.05,50%,30163.75,29070.35,low,30200,2019-08-01,8,BANKNIFTY1980130200CE,2019-07-24 09:15:00,21.1,2019-07-26 15:20:00,8.0,Friday Closing,13.100000000000001,198.91425966598982,2605.7768016244668,0.2605776801624467,2019
108,2019-07-22,29617.05,28872.3,744.75,29583.45,50%,29955.825,29211.075,low,30000,2019-08-08,10,BANKNIFTY1980830000CE,2019-07-29 11:45:00,51.0,2019-08-02 15:20:00,5.1,Friday Closing,45.9,200.2949342907431,9193.537483945109,0.9193537483945108,2019
109,2019-08-05,28602.2,27390.5,1211.7000000000007,28356.8,50%,28962.65,27750.949999999997,low,29000,2019-08-22,9,BANKNIFTY1982229000CE,2019-08-13 14:44:00,24.8,2019-08-16 15:20:00,33.9,Friday Closing,-9.099999999999998,207.16336384964774,-1885.186611031794,-0.18851866110317939,2019
110,2019-08-12,28356.8,27683.85,672.9500000000007,28331.25,50%,28667.725,27994.775,low,28700,2019-08-29,9,BANKNIFTY19AUG28700CE,2019-08-20 09:56:00,106.55,2019-08-23 15:20:00,13.0,Friday Closing,93.55,209.29459871684972,19579.50970996129,1.9579509709961291,2019
111,2019-09-09,28124.9,26995.5,1129.4000000000015,27868.0,50%,28432.7,27303.3,high,27300,2019-09-26,6,BANKNIFTY19SEP27300PE,2019-09-20 11:29:00,74.85,2019-09-20 15:20:00,19.45,Friday Closing,55.39999999999999,211.02463009140882,11690.764507064046,1.1690764507064046,2019
112,2019-09-09,28124.9,26995.5,1129.4000000000015,27868.0,50%,28432.7,27303.3,low,28400,2019-09-26,9,BANKNIFTY19SEP28400CE,2019-09-17 13:51:00,51.55,2019-09-20 11:28:00,333.0,SL Hit,-281.45,211.02463009140882,-59392.88213922701,-5.939288213922701,2019
113,2019-09-23,30795.0,29470.95,1324.0499999999993,29674.8,50%,30336.824999999997,29012.775,low,30300,2019-10-10,10,BANKNIFTY19101030300CE,2019-09-30 12:43:00,170.25,2019-10-04 15:20:00,16.2,Friday Closing,154.05,197.7794314335795,30467.921412342926,3.0467921412342927,2019
114,2019-10-07,28857.7,27571.2,1286.5,28238.5,50%,28881.75,27595.25,high,27600,2019-10-24,7,BANKNIFTY19102427600PE,2019-10-17 13:30:00,57.3,2019-10-18 15:20:00,29.8,Friday Closing,27.499999999999996,207.74364434288088,5712.950219429224,0.5712950219429224,2019
115,2019-10-21,29691.85,28926.2,765.6499999999978,29527.6,50%,29910.424999999996,29144.775,high,29100,2019-11-07,9,BANKNIFTY19110729100PE,2019-10-29 11:26:00,163.25,2019-11-01 15:20:00,28.0,Friday Closing,135.25,200.59895504661003,27131.008670054005,2.7131008670054,2019
116,2019-10-28,30413.5,29387.25,1026.25,30415.9,50%,30929.025,29902.775,high,29900,2019-11-14,6,BANKNIFTY19111429900PE,2019-11-08 12:11:00,64.55,2019-11-08 15:20:00,56.95,Friday Closing,7.599999999999994,193.99253613717212,1474.3432746425071,0.1474343274642507,2019
117,2019-11-11,31203.65,30340.25,863.4000000000015,31036.8,50%,31468.5,30605.1,high,30600,2019-11-28,8,BANKNIFTY19NOV30600PE,2019-11-20 13:10:00,107.35,2019-11-22 15:20:00,66.0,Friday Closing,41.349999999999994,190.666857333524,7884.074550741217,0.7884074550741217,2019
118,2019-11-18,31469.3,30904.85,564.4500000000007,31065.1,50%,31347.324999999997,30782.875,high,30800,2019-12-05,10,BANKNIFTY19120530800PE,2019-11-25 11:30:00,140.85,2019-11-29 15:20:00,15.45,Friday Closing,125.39999999999999,191.4038917196284,24002.0480216414,2.40020480216414,2019
119,2019-11-25,32155.75,31055.75,1100.0,32008.3,50%,32558.3,31458.3,low,32600,2019-12-12,8,BANKNIFTY19121232600CE,2019-12-04 09:26:00,24.0,2019-12-06 15:20:00,14.75,Friday Closing,9.25,184.2848060248846,1704.6344557301825,0.17046344557301826,2019
120,2019-12-02,32122.7,31252.6,870.1000000000022,31321.4,50%,31756.450000000004,30886.35,high,30900,2019-12-19,6,BANKNIFTY19121930900PE,2019-12-13 09:15:00,24.85,2019-12-13 15:20:00,19.0,Friday Closing,5.850000000000001,188.93799527340113,1105.287272349397,0.1105287272349397,2019
121,2019-12-16,32441.9,31900.8,541.1000000000022,32381.0,50%,32651.550000000003,32110.449999999997,low,32700,2020-01-02,7,BANKNIFTY2010232700CE,2019-12-26 13:10:00,28.45,2019-12-27 15:20:00,77.1,Friday Closing,-48.64999999999999,183.75850457328977,-8939.851247490546,-0.8939851247490546,2019
122,2019-12-23,32500.35,31974.85,525.5,32486.6,50%,32749.35,32223.85,low,32700,2020-01-09,9,BANKNIFTY2010932700CE,2019-12-31 09:34:00,113.7,2020-01-03 15:20:00,41.0,Friday Closing,72.7,183.20974309413776,13319.348322943815,1.3319348322943814,2019
123,2019-12-30,32611.2,31962.25,648.9500000000007,31910.45,50%,32234.925000000003,31585.975,high,31600,2020-01-16,6,BANKNIFTY2011631600PE,2020-01-10 09:18:00,85.15,2020-01-10 14:23:00,149.25,SL Hit,-64.1,186.1335182259614,-11931.158518284125,-1.1931158518284124,2020
124,2019-12-30,32611.2,31962.25,648.9500000000007,31910.45,50%,32234.925000000003,31585.975,low,32200,2020-01-16,10,BANKNIFTY2011632200CE,2020-01-06 09:29:00,162.7,2020-01-10 15:20:00,214.95,Friday Closing,-52.25,186.1335182259614,-9725.476327306484,-0.9725476327306484,2020
125,2020-01-13,32322.65,31454.35,868.3000000000029,31923.95,50%,32358.100000000002,31489.8,low,32400,2020-01-30,10,BANKNIFTY20JAN32400CE,2020-01-20 09:35:00,88.3,2020-01-24 15:20:00,11.85,Friday Closing,76.45,185.42497859886703,14175.739613883385,1.4175739613883385,2020
126,2020-01-20,31923.95,30615.75,1308.2000000000007,31110.55,50%,31764.65,30456.449999999997,low,31800,2020-02-06,5,BANKNIFTY2020631800CE,2020-02-01 09:15:00,143.3,2020-01-31 15:20:00,20.0,Friday Closing,123.30000000000001,188.88922119400024,23290.04097322023,2.329004097322023,2020
127,2020-01-27,31226.75,29755.3,1471.4500000000007,29811.75,50%,30547.475,29076.025,high,29100,2020-02-13,9,BANKNIFTY2021329100PE,2020-02-04 10:56:00,48.85,2020-02-07 15:20:00,3.4,Friday Closing,45.45,196.41557935639526,8927.088081748165,0.8927088081748165,2020
128,2020-02-10,31598.55,30780.4,818.1499999999978,30873.85,50%,31282.924999999996,30464.775,low,31300,2020-02-27,9,BANKNIFTY20FEB31300CE,2020-02-18 09:30:00,77.5,2020-02-21 15:20:00,97.5,Friday Closing,-20.0,191.7979217096867,-3835.9584341937343,-0.3835958434193734,2020
129,2020-02-17,31082.0,30259.45,822.5499999999993,30666.35,50%,31077.625,30255.074999999997,low,31100,2020-03-05,8,BANKNIFTY2030531100CE,2020-02-26 09:15:00,93.35,2020-02-28 15:20:00,11.35,Friday Closing,82.0,193.06494624347903,15831.32559196528,1.583132559196528,2020
130,2020-02-24,30702.15,29053.4,1648.75,29701.0,50%,30525.375,28876.625,low,30500,2020-03-12,10,BANKNIFTY2031230500CE,2020-03-02 15:09:00,64.25,2020-03-06 15:20:00,4.8,Friday Closing,59.45,196.55778184543186,11685.360130710924,1.1685360130710922,2020
131,2020-03-02,29778.65,27201.3,2577.350000000002,27031.45,50%,28320.125,25742.775,low,28300,2020-03-19,7,BANKNIFTY2031928300CE,2020-03-12 09:15:00,65.5,2020-03-13 15:20:00,78.5,Friday Closing,-13.0,211.86347164781228,-2754.2251314215596,-0.27542251314215593,2020
132,2020-03-09,27039.05,21397.45,5641.5999999999985,24061.6,50%,26882.399999999998,21240.8,low,26900,2020-03-26,8,BANKNIFTY20MAR26900CE,2020-03-18 11:09:00,57.0,2020-03-20 15:20:00,11.45,Friday Closing,45.55,223.1943576466387,10166.502990804393,1.0166502990804394,2020
133,2020-03-16,24061.6,18680.65,5380.949999999997,18311.3,50%,21001.774999999998,15620.825,high,15600,2020-04-01,5,BANKNIFTY2040115600PE,2020-03-27 09:15:00,,2020-03-27 15:20:00,,Friday Closing,,285.69013809547056,,,2020
134,2020-03-30,19712.05,17149.85,2562.2000000000007,18454.55,50%,19735.65,17173.449999999997,high,17200,2020-04-16,8,BANKNIFTY2041617200PE,2020-04-08 10:16:00,280.7,2020-04-10 15:20:00,149.0,Friday Closing,131.7,304.01836270910763,40039.21836878947,4.003921836878947,2020
135,2020-04-13,20827.95,18706.25,2121.7000000000007,21104.7,50%,22165.550000000003,20043.85,low,22200,2020-04-30,9,BANKNIFTY20APR22200CE,2020-04-21 09:15:00,111.65,2020-04-24 15:20:00,20.1,Friday Closing,91.55000000000001,270.69032800900493,24781.699529224403,2.4781699529224404,2020
136,2020-04-20,21113.45,19053.5,2059.9500000000007,19870.8,50%,20900.775,18840.824999999997,high,18800,2020-05-07,8,BANKNIFTY2050718800PE,2020-04-29 14:11:00,45.0,2020-05-01 15:20:00,31.6,Friday Closing,13.399999999999999,287.0706947469651,3846.7473096093318,0.3846747309609332,2020
137,2020-04-27,21966.65,19866.45,2100.2000000000007,20514.75,50%,21564.85,19464.65,low,21600,2020-05-14,9,BANKNIFTY2051421600CE,2020-05-05 14:36:00,90.45,2020-05-08 15:20:00,28.25,Friday Closing,62.2,278.23054646797914,17305.939990308303,1.7305939990308303,2020
138,2020-05-04,20514.75,18943.95,1570.7999999999993,19610.45,50%,20395.85,18825.050000000003,low,20400,2020-05-21,9,BANKNIFTY2052120400CE,2020-05-12 09:15:00,417.45,2020-05-15 15:20:00,117.5,Friday Closing,299.95,294.1774919897921,88238.53872233814,8.823853872233814,2020
139,2020-05-11,20088.2,18291.15,1797.0499999999993,18795.1,50%,19693.625,17896.574999999997,low,19700,2020-05-28,10,BANKNIFTY20MAY19700CE,2020-05-18 09:45:00,167.4,2020-05-22 15:20:00,11.3,Friday Closing,156.1,304.66711943585807,47558.537343937445,4.755853734393745,2020
140,2020-05-18,18795.1,17108.35,1686.75,17537.65,50%,18381.025,16694.275,high,16700,2020-06-04,8,BANKNIFTY2060416700PE,2020-05-27 13:51:00,66.0,2020-05-29 15:20:00,28.1,Friday Closing,37.9,326.4235808394798,12371.453713816285,1.2371453713816285,2020
141,2020-05-25,19450.5,17313.25,2137.25,19728.9,50%,20797.525,18660.275,high,18700,2020-06-11,8,BANKNIFTY2061118700PE,2020-06-03 09:15:00,85.0,2020-06-05 15:20:00,30.0,Friday Closing,55.0,288.4958666956765,15867.272668262209,1.586727266826221,2020
142,2020-06-01,21613.25,19668.7,1944.5499999999993,21636.1,50%,22608.375,20663.824999999997,low,22600,2020-06-18,9,BANKNIFTY2061822600CE,2020-06-09 14:47:00,152.65,2020-06-12 15:20:00,47.85,Friday Closing,104.80000000000001,265.3883793063411,27812.70215130455,2.7812702151304554,2020
143,2020-06-15,21466.65,19510.35,1956.300000000003,21491.55,50%,22469.7,20513.399999999998,high,20500,2020-07-02,8,BANKNIFTY2070220500PE,2020-06-24 09:15:00,134.9,2020-06-26 15:20:00,160.5,Friday Closing,-25.599999999999994,267.02626203287093,-6835.872308041495,-0.6835872308041495,2020
144,2020-06-22,22479.35,20928.7,1550.6499999999978,21291.55,50%,22066.875,20516.225,high,20500,2020-07-09,7,BANKNIFTY2070920500PE,2020-07-02 09:15:00,78.7,2020-07-03 15:20:00,54.95,Friday Closing,23.75,271.90075622397825,6457.642960319484,0.6457642960319484,2020
145,2020-06-29,22344.7,21026.6,1318.1000000000022,22270.95,50%,22930.0,21611.9,high,21600,2020-07-16,8,BANKNIFTY2071621600PE,2020-07-08 12:40:00,149.75,2020-07-10 15:20:00,122.15,Friday Closing,27.599999999999994,261.6659398168338,7221.9799389446125,0.7221979938944613,2020
146,2020-07-06,23078.9,22040.55,1038.3500000000022,22613.25,50%,23132.425000000003,22094.074999999997,low,23100,2020-07-23,10,BANKNIFTY2072323100CE,2020-07-13 12:14:00,240.35,2020-07-17 15:20:00,72.0,Friday Closing,168.35,259.37617867560357,43665.97968003786,4.366597968003786,2020
147,2020-07-13,22650.05,21028.0,1622.0499999999993,22307.3,50%,23118.324999999997,21496.275,high,21500,2020-07-30,8,BANKNIFTY20JUL21500PE,2020-07-22 09:15:00,98.7,2020-07-24 15:20:00,76.55,Friday Closing,22.150000000000006,259.53437370570754,5748.686377581424,0.5748686377581423,2020
148,2020-07-20,23208.4,22199.5,1008.9000000000015,22664.6,50%,23169.05,22160.149999999998,low,23200,2020-08-06,10,BANKNIFTY2080623200CE,2020-07-27 09:30:00,210.0,2020-07-31 15:20:00,22.0,Friday Closing,188.0,258.9661639126335,48685.63881557509,4.86856388155751,2020
149,2020-08-03,21933.45,21034.0,899.4500000000007,21824.9,50%,22274.625,21375.175000000003,high,21400,2020-08-20,9,BANKNIFTY2082021400PE,2020-08-11 14:46:00,117.7,2020-08-14 15:20:00,199.05,Friday Closing,-81.35000000000001,269.3648041212815,-21912.826815266253,-2.1912826815266255,2020
150,2020-08-10,22438.15,21461.35,976.8000000000029,21906.95,50%,22395.350000000002,21418.55,high,21400,2020-08-27,8,BANKNIFTY20AUG21400PE,2020-08-19 10:29:00,90.0,2020-08-21 15:20:00,45.0,Friday Closing,45.0,267.91275867535,12056.07414039075,1.2056074140390751,2020
151,2020-08-10,22438.15,21461.35,976.8000000000029,21906.95,50%,22395.350000000002,21418.55,low,22400,2020-08-27,10,BANKNIFTY20AUG22400CE,2020-08-17 14:15:00,134.6,2020-08-21 15:20:00,231.2,Friday Closing,-96.6,267.91275867535,-25880.372488038807,-2.5880372488038805,2020
152,2020-08-17,22418.8,21404.05,1014.75,22436.85,50%,22944.225,21929.475,high,21900,2020-09-03,9,BANKNIFTY2090321900PE,2020-08-25 09:15:00,90.0,2020-08-28 15:20:00,15.85,Friday Closing,74.15,261.50371171830824,19390.500223912557,1.9390500223912557,2020
153,2020-08-24,24608.7,22436.1,2172.600000000002,25038.8,50%,26125.1,23952.5,low,26100,2020-09-10,10,BANKNIFTY2091026100CE,2020-08-31 11:45:00,37.0,2020-09-04 15:20:00,9.3,Friday Closing,27.7,229.6641926729467,6361.698137040624,0.6361698137040623,2020
154,2020-09-07,23107.45,22085.65,1021.7999999999993,22683.35,50%,23194.25,22172.449999999997,low,23200,2020-09-24,10,BANKNIFTY20SEP23200CE,2020-09-14 14:10:00,189.45,2020-09-18 15:20:00,45.45,Friday Closing,144.0,258.6848033456568,37250.61168177458,3.725061168177458,2020
155,2020-09-14,22746.6,21791.2,955.3999999999978,21983.4,50%,22461.1,21505.700000000004,low,22500,2020-10-01,10,BANKNIFTY20100122500CE,2020-09-21 14:13:00,182.25,2020-09-25 15:20:00,13.25,Friday Closing,169.0,267.12850216596695,45144.71686604842,4.514471686604842,2020
156,2020-09-21,22094.2,20407.45,1686.75,21152.05,50%,21995.425,20308.675,high,20300,2020-10-08,7,BANKNIFTY20100820300PE,2020-10-01 10:30:00,29.0,2020-10-02 15:20:00,17.4,Friday Closing,11.600000000000001,272.7839993998752,3164.2943930385527,0.3164294393038553,2020
157,2020-09-28,22292.55,21055.1,1237.4500000000007,22352.1,50%,22970.824999999997,21733.375,high,21700,2020-10-15,8,BANKNIFTY20101521700PE,2020-10-07 09:55:00,84.85,2020-10-09 15:20:00,23.0,Friday Closing,61.849999999999994,261.20089287171885,16155.275224115809,1.6155275224115808,2020
158,2020-10-05,23903.05,22248.85,1654.2000000000007,23955.6,50%,24782.699999999997,23128.5,low,24800,2020-10-22,7,BANKNIFTY20102224800CE,2020-10-15 15:06:00,37.5,2020-10-16 15:20:00,47.45,Friday Closing,-9.950000000000003,242.10437119442193,-2408.938493384499,-0.2408938493384499,2020
159,2020-10-12,24186.75,22971.45,1215.2999999999993,23902.9,50%,24510.550000000003,23295.25,high,23300,2020-10-29,8,BANKNIFTY20OCT23300PE,2020-10-21 09:15:00,154.15,2020-10-23 15:20:00,65.45,Friday Closing,88.7,244.79254851482318,21713.099053264817,2.1713099053264817,2020
160,2020-10-26,24809.65,23613.9,1195.75,24367.6,50%,24965.475,23769.725,high,23800,2020-11-12,10,BANKNIFTY20111223800PE,2020-11-02 14:25:00,352.9,2020-11-06 15:20:00,18.2,Friday Closing,334.7,240.3318983516236,80439.08637828841,8.04390863782884,2020
161,2020-11-02,26850.5,24128.65,2721.8499999999985,27088.95,50%,28449.875,25728.025,high,25700,2020-11-19,9,BANKNIFTY20111925700PE,2020-11-10 12:30:00,68.0,2020-11-13 15:20:00,9.7,Friday Closing,58.3,210.89723592810162,12295.308854608324,1.2295308854608324,2020
162,2020-11-09,29028.75,27088.95,1939.7999999999993,28792.25,50%,29762.15,27822.35,high,27800,2020-11-26,8,BANKNIFTY20NOV27800PE,2020-11-18 14:38:00,68.35,2020-11-20 15:20:00,63.0,Friday Closing,5.349999999999994,201.59833882968803,1078.5511127388297,0.10785511127388298,2020
163,2020-11-16,29781.95,28582.5,1199.4500000000007,29432.8,50%,30032.525,28833.074999999997,high,28800,2020-12-03,8,BANKNIFTY20120328800PE,2020-11-25 09:15:00,180.05,2020-11-27 15:20:00,130.0,Friday Closing,50.05000000000001,199.78340149554523,9999.15924485204,0.999915924485204,2020
164,2020-11-23,30196.75,28853.4,1343.3499999999985,29844.8,50%,30516.475,29173.125,low,30500,2020-12-10,8,BANKNIFTY20121030500CE,2020-12-02 14:08:00,141.05,2020-12-04 15:20:00,248.0,Friday Closing,-106.94999999999999,196.61510708559885,-21027.985702804795,-2.1027985702804797,2020
165,2020-11-30,30155.35,29152.3,1003.0499999999993,30062.6,50%,30564.125,29561.074999999997,high,29600,2020-12-17,8,BANKNIFTY20121729600PE,2020-12-09 13:25:00,156.0,2020-12-11 15:20:00,79.0,Friday Closing,77.0,196.30858072985893,15115.760716199138,1.5115760716199138,2020
166,2020-12-14,30945.1,30348.15,596.9499999999971,30595.8,50%,30894.274999999998,30297.325,low,30900,2020-12-31,10,BANKNIFTY20DEC30900CE,2020-12-21 09:20:00,280.3,2020-12-25 15:20:00,162.1,Friday Closing,118.20000000000002,194.2107396920627,22955.709431601816,2.2955709431601816,2020
167,2020-12-21,30598.95,28977.65,1621.2999999999993,30558.85,50%,31369.5,29748.199999999997,high,29700,2021-01-07,8,BANKNIFTY2110729700PE,2020-12-30 09:15:00,80.1,2021-01-01 15:20:00,25.6,Friday Closing,54.49999999999999,191.26858891598528,10424.138095921197,1.0424138095921196,2020
168,2020-12-28,31505.55,30558.85,946.7000000000007,31485.15,50%,31958.5,31011.800000000003,high,31000,2021-01-14,8,BANKNIFTY2111431000PE,2021-01-06 12:28:00,159.05,2021-01-08 15:20:00,64.0,Friday Closing,95.05000000000001,187.74347982539857,17845.017757404137,1.7845017757404138,2021
169,2020-12-28,31505.55,30558.85,946.7000000000007,31485.15,50%,31958.5,31011.800000000003,low,32000,2021-01-14,10,BANKNIFTY2111432000CE,2021-01-04 11:00:00,202.95,2021-01-05 14:00:00,329.6,SL Hit,-126.65000000000003,187.74347982539857,-23777.711719886734,-2.3777711719886736,2021
170,2021-01-11,32718.5,31734.2,984.2999999999993,32275.15,50%,32767.300000000003,31783.0,high,31800,2021-01-28,7,BANKNIFTY21JAN31800PE,2021-01-21 12:18:00,80.9,2021-01-22 10:25:00,471.25,SL Hit,-390.35,183.10938038837497,-71476.74663460217,-7.147674663460217,2021
171,2021-01-11,32718.5,31734.2,984.2999999999993,32275.15,50%,32767.300000000003,31783.0,low,32800,2021-01-28,10,BANKNIFTY21JAN32800CE,2021-01-18 15:20:00,236.8,2021-01-21 09:15:00,345.0,SL Hit,-108.19999999999999,183.10938038837497,-19812.43495802217,-1.9812434958022171,2021
172,2021-01-18,32841.35,31121.8,1719.5499999999993,31507.15,50%,32366.925000000003,30647.375,low,32400,2021-02-04,8,BANKNIFTY2120432400CE,2021-01-27 12:48:00,143.35,2021-01-29 15:20:00,96.25,Friday Closing,47.099999999999994,185.37442157387517,8731.135256129519,0.8731135256129519,2021
173,2021-01-25,31694.2,29694.95,1999.25,30976.35,50%,31975.975,29976.725,high,30000,2021-02-11,10,BANKNIFTY2121130000PE,2021-02-01 12:55:00,166.55,2021-02-05 15:20:00,13.65,Friday Closing,152.9,187.64087725237465,28690.290131888087,2.8690290131888085,2021
174,2021-02-08,36474.25,35429.2,1045.050000000003,36501.4,50%,37023.925,35978.875,high,36000,2021-02-25,10,BANKNIFTY21FEB36000PE,2021-02-15 13:35:00,291.2,2021-02-19 15:20:00,503.2,Friday Closing,-212.0,162.05737236125017,-34356.16294058504,-3.435616294058504,2021
175,2021-02-08,36474.25,35429.2,1045.050000000003,36501.4,50%,37023.925,35978.875,low,37000,2021-02-25,6,BANKNIFTY21FEB37000CE,2021-02-19 14:02:00,144.05,2021-02-19 15:20:00,131.4,Friday Closing,12.650000000000006,162.05737236125017,2050.0257603698155,0.20500257603698155,2021
176,2021-02-15,37703.05,35587.75,2115.300000000003,35874.3,50%,36931.950000000004,34816.65,high,34800,2021-03-04,7,BANKNIFTY2130434800PE,2021-02-25 09:15:00,62.45,2021-02-26 09:15:00,456.3,SL Hit,-393.85,162.46095860088622,-63985.24854495904,-6.3985248544959035,2021
177,2021-02-15,37703.05,35587.75,2115.300000000003,35874.3,50%,36931.950000000004,34816.65,low,36900,2021-03-04,6,BANKNIFTY2130436900CE,2021-02-26 12:15:00,134.45,2021-02-26 15:20:00,99.0,Friday Closing,35.44999999999999,162.46095860088622,5759.240982401415,0.5759240982401416,2021
178,2021-03-01,36451.4,34899.2,1552.2000000000044,35462.45,50%,36238.55,34686.34999999999,high,34700,2021-03-18,6,BANKNIFTY2131834700PE,2021-03-12 09:15:00,86.65,2021-03-12 15:20:00,248.95,Friday Closing,-162.29999999999998,165.56953851630377,-26871.936101196097,-2.6871936101196097,2021
179,2021-03-08,36497.35,35091.9,1405.449999999997,35544.25,50%,36246.975,34841.525,low,36200,2021-03-25,10,BANKNIFTY21MAR36200CE,2021-03-15 09:37:00,336.9,2021-03-19 15:20:00,50.0,Friday Closing,286.9,165.5310546604234,47490.85958207547,4.749085958207547,2021
180,2021-03-15,35544.25,33362.85,2181.4000000000015,34088.4,50%,35179.100000000006,32997.7,low,35200,2021-04-01,7,BANKNIFTY2140135200CE,2021-03-25 09:26:00,86.1,2021-03-26 15:20:00,45.45,Friday Closing,40.64999999999999,170.55581296849547,6933.093797169339,0.693309379716934,2021
181,2021-03-29,33990.1,33154.7,835.4000000000015,33649.15,50%,34066.850000000006,33231.45,low,34100,2021-04-15,10,BANKNIFTY2141534100CE,2021-04-05 09:24:00,440.0,2021-04-09 15:20:00,36.5,Friday Closing,403.5,176.1242967870525,71066.15375357568,7.106615375357568,2021
182,2021-04-05,33688.25,32158.45,1529.7999999999993,31637.9,50%,32402.800000000003,30873.0,low,32400,2021-04-22,10,BANKNIFTY2142232400CE,2021-04-12 09:31:00,249.65,2021-04-16 15:20:00,328.0,Friday Closing,-78.35,185.16918291011885,-14508.00548100781,-1.450800548100781,2021
183,2021-04-12,32325.15,30522.5,1802.6500000000015,30993.45,50%,31894.775,30092.125,high,30100,2021-04-29,6,BANKNIFTY21APR30100PE,2021-04-23 10:26:00,132.6,2021-04-23 15:20:00,181.3,Friday Closing,-48.70000000000002,188.11858682182267,-9161.375178222768,-0.9161375178222768,2021
184,2021-04-19,32147.0,30407.9,1739.0999999999985,32316.65,50%,33186.2,31447.100000000002,high,31400,2021-05-06,8,BANKNIFTY2150631400PE,2021-04-28 12:00:00,185.6,2021-04-30 15:20:00,214.0,Friday Closing,-28.400000000000006,180.79804255985923,-5134.664408700003,-0.5134664408700004,2021
185,2021-05-03,33255.5,31921.65,1333.8499999999985,33175.3,50%,33842.225000000006,32508.375000000004,low,33800,2021-05-20,8,BANKNIFTY2152033800CE,2021-05-12 11:09:00,104.9,2021-05-14 15:20:00,34.05,Friday Closing,70.85000000000001,177.2933073992623,12561.230829237735,1.2561230829237735,2021
186,2021-05-10,33297.6,32119.9,1177.699999999997,32437.85,50%,33026.7,31849.0,high,31800,2021-05-27,10,BANKNIFTY21MAY31800PE,2021-05-17 11:22:00,224.45,2021-05-21 15:20:00,17.15,Friday Closing,207.29999999999998,181.67119330723327,37660.43837258945,3.766043837258945,2021
187,2021-05-24,35434.65,34410.8,1023.8499999999985,35097.45,50%,35609.375,34585.524999999994,high,34600,2021-06-10,9,BANKNIFTY2161034600PE,2021-06-01 09:15:00,232.65,2021-06-04 15:20:00,100.0,Friday Closing,132.65,168.49495392716105,22350.855638437915,2.2350855638437914,2021
188,2021-05-31,35804.35,34935.25,869.0999999999985,35460.8,50%,35895.350000000006,35026.25,low,35900,2021-06-17,9,BANKNIFTY2161735900CE,2021-06-08 10:39:00,210.85,2021-06-11 15:20:00,90.25,Friday Closing,120.6,167.1525699011153,20158.599930074502,2.0158599930074503,2021
189,2021-06-07,35545.45,34645.8,899.6499999999942,34936.55,50%,35386.375,34486.725000000006,low,35400,2021-06-24,10,BANKNIFTY21JUN35400CE,2021-06-14 09:30:00,258.35,2021-06-18 15:20:00,100.0,Friday Closing,158.35000000000002,169.55678562723648,26849.317004072902,2.6849317004072906,2021
190,2021-06-14,35377.7,33915.15,1462.5499999999956,34109.45,50%,34840.72499999999,33378.175,high,33400,2021-07-01,10,BANKNIFTY2170133400PE,2021-06-21 14:43:00,106.1,2021-06-25 15:20:00,21.8,Friday Closing,84.3,172.21226022133584,14517.49353665861,1.451749353665861,2021
191,2021-06-21,35490.6,33939.25,1551.3499999999985,35488.2,50%,36263.875,34712.524999999994,low,36300,2021-07-08,7,BANKNIFTY2170836300CE,2021-07-01 09:30:00,32.2,2021-07-02 15:20:00,13.85,Friday Closing,18.35,165.45391246798638,3036.0792937875503,0.303607929378755,2021
192,2021-06-28,35575.3,34637.35,937.9500000000044,35010.95,50%,35479.925,34541.97499999999,high,34500,2021-07-15,9,BANKNIFTY2171534500PE,2021-07-06 10:00:00,83.45,2021-07-09 15:20:00,88.3,Friday Closing,-4.849999999999994,169.10971485988202,-820.1821170704268,-0.08201821170704268,2021
193,2021-07-05,35810.5,34862.2,948.3000000000029,35285.05,50%,35759.200000000004,34810.9,high,34800,2021-07-22,8,BANKNIFTY2172234800PE,2021-07-14 12:54:00,94.6,2021-07-16 15:20:00,35.7,Friday Closing,58.89999999999999,167.7889885679769,9882.771426653839,0.9882771426653839,2021
194,2021-07-12,35984.65,35063.5,921.1500000000015,35070.5,50%,35531.075,34609.925,low,35500,2021-07-29,9,BANKNIFTY21JUL35500CE,2021-07-20 09:35:00,138.0,2021-07-23 15:20:00,109.95,Friday Closing,28.049999999999997,168.8662670634086,4736.6987911286105,0.47366987911286107,2021
195,2021-07-19,35346.35,34357.8,988.5499999999956,34947.85,50%,35442.125,34453.575,low,35400,2021-08-05,8,BANKNIFTY2180535400CE,2021-07-28 10:25:00,122.8,2021-07-30 15:20:00,51.0,Friday Closing,71.8,169.2900750166645,12155.02738619651,1.215502738619651,2021
196,2021-07-26,35185.85,34117.7,1068.1500000000015,34760.9,50%,35294.975000000006,34226.825,high,34200,2021-08-12,8,BANKNIFTY2181234200PE,2021-08-04 09:15:00,64.55,2021-08-06 15:20:00,18.55,Friday Closing,46.0,169.99587051697867,7819.810043781019,0.7819810043781019,2021
197,2021-08-09,36315.3,35532.8,782.5,36100.65,50%,36491.9,35709.4,low,36500,2021-08-26,9,BANKNIFTY21AUG36500CE,2021-08-17 12:00:00,132.85,2021-08-20 15:20:00,26.75,Friday Closing,106.1,164.4200493808215,17444.96723930516,1.7444967239305158,2021
198,2021-08-23,35907.55,34818.9,1088.6500000000015,35781.05,50%,36325.375,35236.725000000006,high,35200,2021-09-09,10,BANKNIFTY2190935200PE,2021-08-30 14:15:00,97.3,2021-09-03 15:20:00,20.05,Friday Closing,77.25,165.17379380116517,12759.67557114001,1.275967557114001,2021
199,2021-08-30,37138.65,35721.9,1416.75,36878.25,50%,37586.625,36169.875,low,37600,2021-09-16,9,BANKNIFTY2191637600CE,2021-09-07 10:17:00,65.0,2021-09-10 15:20:00,43.05,Friday Closing,21.950000000000003,159.6312518083228,3503.9059771926854,0.3503905977192685,2021
200,2021-09-06,36923.1,36153.6,769.5,36608.45,50%,36993.2,36223.7,high,36200,2021-09-23,7,BANKNIFTY2192336200PE,2021-09-16 09:16:00,87.5,2021-09-17 15:20:00,24.25,Friday Closing,63.25,162.1919704161846,10258.642128823676,1.0258642128823676,2021
201,2021-09-20,38109.15,36528.0,1581.1500000000015,38054.75,50%,38845.325,37264.175,low,38800,2021-10-07,6,BANKNIFTY21100738800CE,2021-10-01 09:15:00,42.5,2021-10-01 15:20:00,29.75,Friday Closing,12.75,154.458741174131,1969.3489499701702,0.19693489499701702,2021
202,2021-10-04,38105.75,37366.05,739.6999999999971,37782.75,50%,38152.6,37412.9,high,37400,2021-10-21,10,BANKNIFTY21102137400PE,2021-10-11 09:55:00,190.4,2021-10-15 15:20:00,21.35,Friday Closing,169.05,157.26320093519183,26585.34411809418,2.658534411809418,2021
203,2021-10-18,40583.6,39300.15,1283.449999999997,40961.25,50%,41602.975,40319.525,high,40300,2021-11-03,9,BANKNIFTY21110340300PE,2021-10-25 12:01:00,229.9,2021-10-29 09:15:00,1229.1,SL Hit,-999.1999999999999,144.22045538810627,-144105.07902379578,-14.410507902379578,2021
204,2021-10-18,40583.6,39300.15,1283.449999999997,40961.25,50%,41602.975,40319.525,low,41600,2021-11-03,6,BANKNIFTY21110341600CE,2021-10-28 10:49:00,114.25,2021-10-29 15:20:00,24.5,Friday Closing,89.75,144.22045538810627,12943.785871082539,1.294378587108254,2021
205,2021-11-01,40160.2,39131.85,1028.3499999999985,39674.05,50%,40188.225000000006,39159.875,low,40200,2021-11-18,10,BANKNIFTY21111840200CE,2021-11-08 09:24:00,248.6,2021-11-12 15:20:00,29.0,Friday Closing,219.6,149.2974621297656,32785.72268369652,3.278572268369652,2021
206,2021-11-08,39674.05,38348.25,1325.800000000003,38849.45,50%,39512.35,38186.549999999996,low,39500,2021-11-25,8,BANKNIFTY21NOV39500CE,2021-11-17 09:15:00,71.35,2021-11-19 15:20:00,28.95,Friday Closing,42.39999999999999,151.85125663242,6438.493281214606,0.6438493281214607,2021
207,2021-11-15,39114.95,37749.15,1365.7999999999956,38232.15,50%,38915.05,37549.25,low,38900,2021-12-02,10,BANKNIFTY21120238900CE,2021-11-22 10:27:00,113.0,2021-11-26 15:20:00,10.85,Friday Closing,102.15,154.18199385584754,15749.690672374827,1.5749690672374825,2021
208,2021-11-29,36842.6,35341.75,1500.8499999999985,36252.75,50%,37003.175,35502.325,high,35500,2021-12-16,8,BANKNIFTY21121635500PE,2021-12-08 09:15:00,97.2,2021-12-10 15:20:00,29.0,Friday Closing,68.2,162.14824808952204,11058.510519705404,1.1058510519705402,2021
209,2021-12-06,37386.4,35697.85,1688.550000000003,37358.2,50%,38202.475,36513.924999999996,low,38200,2021-12-23,7,BANKNIFTY21122338200CE,2021-12-16 14:33:00,31.7,2021-12-17 15:20:00,14.75,Friday Closing,16.95,157.05788695627706,2662.131183908896,0.2662131183908896,2021
210,2021-12-13,37579.5,35537.6,2041.9000000000015,35124.35,50%,36145.3,34103.399999999994,low,36100,2021-12-30,10,BANKNIFTY21DEC36100CE,2021-12-20 12:49:00,100.95,2021-12-24 15:20:00,37.2,Friday Closing,63.75,165.99668559951084,10582.288706968817,1.0582288706968819,2021
211,2021-12-20,35477.15,34020.25,1456.9000000000015,34573.65,50%,35302.100000000006,33845.2,high,33800,2022-01-06,9,BANKNIFTY2210633800PE,2021-12-28 09:15:00,121.8,2021-12-31 15:20:00,29.8,Friday Closing,92.0,169.96156036043178,15636.463553159723,1.5636463553159723,2021
212,2021-12-27,35594.7,34237.95,1356.75,35585.2,50%,36263.575,34906.825,high,34900,2022-01-13,10,BANKNIFTY2211334900PE,2022-01-03 14:03:00,119.75,2022-01-07 15:20:00,13.05,Friday Closing,106.7,165.4552812291673,17654.07850715215,1.7654078507152149,2022
213,2022-01-10,38848.8,37930.55,918.25,38212.55,50%,38671.675,37753.425,high,37800,2022-01-27,9,BANKNIFTY22JAN37800PE,2022-01-18 13:06:00,201.2,2022-01-19 09:15:00,410.65,SL Hit,-209.45,155.15231755542007,-32496.652911982732,-3.2496652911982733,2022
214,2022-01-10,38848.8,37930.55,918.25,38212.55,50%,38671.675,37753.425,low,38700,2022-01-27,7,BANKNIFTY22JAN38700CE,2022-01-20 13:30:00,165.3,2022-01-21 15:20:00,75.0,Friday Closing,90.30000000000001,155.15231755542007,14010.254275254434,1.4010254275254435,2022
215,2022-01-17,38852.5,37225.65,1626.8499999999985,37601.95,50%,38415.375,36788.524999999994,low,38400,2022-02-03,10,BANKNIFTY2220338400CE,2022-01-24 13:29:00,291.8,2022-01-28 15:20:00,397.5,Friday Closing,-105.69999999999999,156.1874640036704,-16509.014945187962,-1.6509014945187963,2022
216,2022-01-24,38409.35,36383.55,2025.7999999999956,38091.8,50%,39104.7,37078.90000000001,high,37100,2022-02-10,8,BANKNIFTY2221037100PE,2022-02-02 09:28:00,89.9,2022-02-04 15:20:00,46.05,Friday Closing,43.85000000000001,153.43424191976925,6728.091508181883,0.6728091508181884,2022
217,2022-01-31,39419.9,37650.5,1769.4000000000015,38592.05,50%,39476.75,37707.350000000006,low,39500,2022-02-17,9,BANKNIFTY2221739500CE,2022-02-08 10:24:00,89.45,2022-02-11 15:20:00,62.6,Friday Closing,26.85,151.98819558347634,4080.88305141634,0.408088305141634,2022
218,2022-02-07,39195.75,37320.45,1875.300000000003,37664.0,50%,38601.65,36726.35,low,38600,2022-02-24,9,BANKNIFTY22FEB38600CE,2022-02-15 10:02:00,99.95,2022-02-18 15:20:00,120.55,Friday Closing,-20.599999999999994,155.43377031810815,-3201.935668553027,-0.3201935668553027,2022
219,2022-02-14,38461.2,36655.2,1806.0,37400.0,50%,38303.0,36497.0,low,38300,2022-03-03,7,BANKNIFTY2230338300CE,2022-02-24 09:15:00,81.3,2022-02-25 15:20:00,49.65,Friday Closing,31.65,156.6456935488082,4957.836200819779,0.4957836200819779,2022
220,2022-02-21,38051.95,35002.1,3049.8499999999985,35938.95,50%,37463.875,34414.024999999994,low,37500,2022-03-10,6,BANKNIFTY2231037500CE,2022-03-04 09:15:00,23.8,2022-03-04 15:20:00,18.0,Friday Closing,5.800000000000001,160.15428195828648,928.8948353580616,0.09288948353580617,2022
221,2022-02-28,36268.55,34097.15,2171.4000000000015,33278.15,50%,34363.850000000006,32192.45,high,32200,2022-03-17,7,BANKNIFTY2231732200PE,2022-03-10 09:15:00,80.05,2022-03-11 09:15:00,145.4,SL Hit,-65.35000000000001,174.60208911399621,-11410.246523599653,-1.1410246523599652,2022
222,2022-02-28,36268.55,34097.15,2171.4000000000015,33278.15,50%,34363.850000000006,32192.45,low,34400,2022-03-17,9,BANKNIFTY2231734400CE,2022-03-08 13:07:00,247.35,2022-03-11 15:20:00,776.25,Friday Closing,-528.9,174.60208911399621,-92347.0449323926,-9.23470449323926,2022
223,2022-03-07,35370.55,32159.3,3211.2500000000036,34660.25,50%,36265.875,33054.625,high,33100,2022-03-24,7,BANKNIFTY2232433100PE,2022-03-17 09:15:00,40.3,2022-03-18 15:20:00,25.85,Friday Closing,14.449999999999996,165.4447879721639,2390.6771861977677,0.23906771861977677,2022
224,2022-03-14,36610.55,34638.2,1972.3500000000058,36545.85,50%,37532.025,35559.674999999996,low,37500,2022-03-31,9,BANKNIFTY22MAR37500CE,2022-03-22 09:52:00,159.85,2022-03-23 09:15:00,342.2,SL Hit,-182.35,159.8634765909913,-29151.10495636726,-2.915110495636726,2022
225,2022-03-21,36822.2,35207.75,1614.449999999997,35488.7,50%,36295.924999999996,34681.475,high,34700,2022-04-07,8,BANKNIFTY2240734700PE,2022-03-30 10:21:00,149.5,2022-04-01 15:20:00,21.65,Friday Closing,127.85,165.30781348043894,21134.603953474118,2.1134603953474116,2022
226,2022-04-11,37981.2,37269.1,712.0999999999985,36833.15,50%,37189.2,36477.100000000006,low,37200,2022-04-28,10,BANKNIFTY22APR37200CE,2022-04-18 13:04:00,352.4,2022-04-22 15:20:00,69.05,Friday Closing,283.34999999999997,161.33716240198768,45714.884966603204,4.57148849666032,2022
227,2022-04-18,37123.25,35931.25,1192.0,35792.35,50%,36388.35,35196.35,high,35200,2022-05-05,9,BANKNIFTY2250535200PE,2022-04-26 09:15:00,162.0,2022-04-27 11:34:00,258.6,SL Hit,-96.60000000000002,164.88793803511288,-15928.174814191909,-1.5928174814191907,2022
228,2022-04-25,36716.65,35533.05,1183.5999999999985,35627.6,50%,36219.399999999994,35035.8,high,35000,2022-05-12,10,BANKNIFTY2251235000PE,2022-05-02 15:00:00,188.25,2022-05-04 14:11:00,376.0,SL Hit,-187.75,165.6570788030724,-31102.116545276844,-3.110211654527684,2022
229,2022-04-25,36716.65,35533.05,1183.5999999999985,35627.6,50%,36219.399999999994,35035.8,low,36200,2022-05-12,6,BANKNIFTY2251236200CE,2022-05-06 09:15:00,54.2,2022-05-06 15:20:00,29.25,Friday Closing,24.950000000000003,165.6570788030724,4133.144116136657,0.4133144116136658,2022
230,2022-05-02,36302.45,34353.4,1949.0499999999956,34091.75,50%,35066.274999999994,33117.225000000006,low,35100,2022-05-19,6,BANKNIFTY2251935100CE,2022-05-13 15:09:00,22.0,2022-05-13 15:20:00,24.0,Friday Closing,-2.0,171.10457269841183,-342.20914539682366,-0.034220914539682366,2022
231,2022-05-09,34791.7,33009.05,1782.6499999999942,33256.0,50%,34147.325,32364.675000000003,high,32400,2022-05-26,9,BANKNIFTY22MAY32400PE,2022-05-17 11:43:00,129.85,2022-05-20 15:20:00,49.95,Friday Closing,79.89999999999999,175.70922466108254,14039.167050420494,1.4039167050420494,2022
232,2022-05-16,34654.2,33010.1,1644.0999999999985,34321.4,50%,35143.45,33499.350000000006,high,33500,2022-06-02,7,BANKNIFTY2260233500PE,2022-05-26 15:18:00,85.0,2022-05-27 15:20:00,31.2,Friday Closing,53.8,170.7288271356398,9185.21089989742,0.918521089989742,2022
233,2022-05-30,36083.45,35176.05,907.3999999999942,35159.15,50%,35612.85,34705.450000000004,low,35600,2022-06-16,7,BANKNIFTY2261635600CE,2022-06-09 09:32:00,133.45,2022-06-10 15:20:00,55.0,Friday Closing,78.44999999999999,168.47851267169014,13217.139319094089,1.321713931909409,2022
234,2022-06-06,35446.5,34348.05,1098.449999999997,33728.65,50%,34277.875,33179.425,low,34300,2022-06-23,9,BANKNIFTY2262334300CE,2022-06-14 09:15:00,188.55,2022-06-17 15:20:00,27.9,Friday Closing,160.65,175.04002217173615,28120.179561889414,2.8120179561889413,2022
235,2022-06-13,33761.7,32298.0,1463.699999999997,32873.4,50%,33605.25,32141.550000000003,high,32100,2022-06-30,6,BANKNIFTY22JUN32100PE,2022-06-24 09:16:00,60.1,2022-06-24 15:20:00,41.0,Friday Closing,19.1,178.54353114468722,3410.1814448635264,0.34101814448635265,2022
236,2022-06-20,33720.7,32427.7,1292.9999999999964,34126.2,50%,34772.7,33479.7,low,34800,2022-07-07,8,BANKNIFTY2270734800CE,2022-06-29 09:15:00,67.7,2022-07-01 15:20:00,47.0,Friday Closing,20.700000000000003,172.5491549405137,3571.767507268634,0.3571767507268634,2022
237,2022-06-27,34134.8,33082.45,1052.3500000000058,33558.85,50%,34085.025,33032.674999999996,high,33000,2022-07-14,9,BANKNIFTY2271433000PE,2022-07-05 09:15:00,138.95,2022-07-08 15:20:00,11.6,Friday Closing,127.35,176.03038284407887,22417.469255193442,2.2417469255193443,2022
238,2022-07-11,35541.6,34465.0,1076.5999999999985,34841.85,50%,35380.149999999994,34303.55,high,34300,2022-07-28,10,BANKNIFTY22JUL34300PE,2022-07-18 15:03:00,115.0,2022-07-22 15:20:00,8.65,Friday Closing,106.35,169.58661848522408,18035.53687590358,1.8035536875903582,2022
239,2022-08-01,38230.55,37252.7,977.8500000000058,37847.35,50%,38336.275,37358.424999999996,high,37400,2022-08-18,8,BANKNIFTY2281837400PE,2022-08-10 09:15:00,162.5,2022-08-12 15:20:00,16.0,Friday Closing,146.5,156.509728709949,22928.67525600753,2.292867525600753,2022
240,2022-08-15,39750.9,38848.4,902.5,38693.65,50%,39144.9,38242.4,high,38200,2022-09-01,7,BANKNIFTY2290138200PE,2022-08-25 09:15:00,92.75,2022-08-25 15:26:00,188.2,SL Hit,-95.44999999999999,153.2766720568963,-14630.25834783075,-1.463025834783075,2022
241,2022-08-15,39750.9,38848.4,902.5,38693.65,50%,39144.9,38242.4,low,39100,2022-09-01,9,BANKNIFTY2290139100CE,2022-08-23 09:15:00,117.7,2022-08-26 15:20:00,382.5,Friday Closing,-264.8,153.2766720568963,-40587.66276066614,-4.058766276066614,2022
242,2022-08-22,39471.05,37955.45,1515.6000000000058,38111.6,50%,38869.4,37353.799999999996,high,37400,2022-09-08,9,BANKNIFTY2290837400PE,2022-08-30 10:48:00,83.3,2022-09-02 15:20:00,33.0,Friday Closing,50.3,154.36307223677235,7764.462533509649,0.7764462533509648,2022
243,2022-08-29,39666.55,37944.25,1722.300000000003,39412.05,50%,40273.200000000004,38550.9,high,38600,2022-09-15,6,BANKNIFTY2291538600PE,2022-09-09 09:15:00,37.1,2022-09-09 15:20:00,41.85,Friday Closing,-4.75,148.9824498674056,-707.6666368701766,-0.07076666368701766,2022
244,2022-09-05,40683.75,39272.95,1410.800000000003,40540.45,50%,41245.85,39835.049999999996,high,39800,2022-09-22,8,BANKNIFTY2292239800PE,2022-09-14 12:13:00,151.15,2022-09-16 15:20:00,153.0,Friday Closing,-1.8499999999999943,145.46918053573876,-269.11798399111586,-0.026911798399111588,2022
245,2022-09-12,41834.55,40306.35,1528.2000000000044,40685.6,50%,41449.7,39921.5,high,39900,2022-09-29,9,BANKNIFTY22SEP39900PE,2022-09-20 09:21:00,170.35,2022-09-23 09:18:00,308.4,SL Hit,-138.04999999999998,144.75376178838448,-19983.256814886474,-1.9983256814886474,2022
246,2022-09-12,41834.55,40306.35,1528.2000000000044,40685.6,50%,41449.7,39921.5,low,41400,2022-09-29,6,BANKNIFTY22SEP41400CE,2022-09-23 09:43:00,80.15,2022-09-23 15:20:00,55.0,Friday Closing,25.150000000000006,144.75376178838448,3640.5571089778705,0.36405571089778704,2022
247,2022-09-19,41676.75,39413.6,2263.1500000000015,39027.85,50%,40159.425,37896.274999999994,low,40200,2022-10-06,8,BANKNIFTY22100640200CE,2022-09-28 09:19:00,67.85,2022-09-30 15:20:00,32.55,Friday Closing,35.3,149.4045295718253,5273.979893885433,0.5273979893885433,2022
248,2022-09-26,39215.65,37391.3,1824.3499999999985,38444.9,50%,39357.075,37532.725000000006,high,37500,2022-10-13,7,BANKNIFTY22101337500PE,2022-10-06 09:15:00,55.75,2022-10-07 15:20:00,45.0,Friday Closing,10.75,152.45035358953888,1638.841301087543,0.1638841301087543,2022
249,2022-10-03,39605.85,37963.4,1642.449999999997,38641.55,50%,39462.775,37820.325000000004,high,37800,2022-10-20,6,BANKNIFTY22102037800PE,2022-10-14 09:15:00,49.3,2022-10-14 15:20:00,49.0,Friday Closing,0.29999999999999716,152.04201934607994,45.61260580382355,0.004561260580382354,2022
250,2022-10-10,39569.8,38439.35,1130.4500000000044,39295.6,50%,39860.825,38730.375,high,38700,2022-10-27,10,BANKNIFTY22OCT38700PE,2022-10-17 13:28:00,210.0,2022-10-21 15:20:00,13.25,Friday Closing,196.75,150.5237284978422,29615.543581950453,2.9615543581950456,2022
251,2022-10-24,41513.65,40840.25,673.4000000000015,41265.7,50%,41602.399999999994,40929.0,high,40900,2022-11-10,9,BANKNIFTY22111040900PE,2022-11-01 09:46:00,249.85,2022-11-04 15:20:00,160.9,Friday Closing,88.94999999999999,144.22244870488242,12828.58681229929,1.282858681229929,2022
252,2022-10-24,41513.65,40840.25,673.4000000000015,41265.7,50%,41602.399999999994,40929.0,low,41600,2022-11-10,7,BANKNIFTY22111041600CE,2022-11-03 09:15:00,235.9,2022-11-04 09:31:00,332.7,SL Hit,-96.79999999999998,144.22244870488242,-13960.733034632616,-1.3960733034632615,2022
253,2022-10-31,41674.1,40848.8,825.2999999999956,41740.65,50%,42153.3,41328.0,high,41300,2022-11-17,6,BANKNIFTY22111741300PE,2022-11-11 09:15:00,77.7,2022-11-11 15:20:00,57.0,Friday Closing,20.700000000000003,142.3376105785312,2946.3885389755965,0.2946388538975596,2022
254,2022-10-31,41674.1,40848.8,825.2999999999956,41740.65,50%,42153.3,41328.0,low,42200,2022-11-17,7,BANKNIFTY22111742200CE,2022-11-10 12:50:00,124.45,2022-11-11 09:15:00,311.7,SL Hit,-187.25,142.3376105785312,-26652.71758082997,-2.665271758082997,2022
255,2022-11-14,42621.5,41966.2,655.3000000000029,42286.95,50%,42614.6,41959.299999999996,high,42000,2022-12-01,8,BANKNIFTY22120142000PE,2022-11-23 09:15:00,97.5,2022-11-25 15:20:00,25.2,Friday Closing,72.3,140.79681611466492,10179.609805090273,1.0179609805090273,2022
256,2022-11-21,43338.3,42202.85,1135.4500000000044,42757.2,50%,43324.925,42189.47499999999,high,42200,2022-12-08,8,BANKNIFTY22120842200PE,2022-11-30 15:26:00,65.1,2022-12-02 15:20:00,33.1,Friday Closing,31.999999999999993,138.48841053966046,4431.629137269134,0.4431629137269134,2022
257,2022-11-28,43512.1,42757.2,754.9000000000015,43269.35,50%,43646.8,42891.899999999994,high,42900,2022-12-15,6,BANKNIFTY22121542900PE,2022-12-09 09:15:00,53.35,2022-12-09 15:20:00,46.25,Friday Closing,7.100000000000001,137.4671224465482,976.0165693704923,0.09760165693704924,2022
258,2022-12-05,43852.2,42949.95,902.25,43455.85,50%,43906.975,43004.725,high,43000,2022-12-22,9,BANKNIFTY22122243000PE,2022-12-13 10:20:00,94.4,2022-12-16 15:20:00,155.0,Friday Closing,-60.599999999999994,136.65254780134592,-8281.144396761561,-0.8281144396761562,2022
259,2022-12-12,44151.5,43081.15,1070.3499999999985,43346.35,50%,43881.524999999994,42811.175,low,43900,2022-12-29,8,BANKNIFTY22DEC43900CE,2022-12-21 13:52:00,101.35,2022-12-23 15:20:00,10.0,Friday Closing,91.35,136.73180227897734,12490.450138184578,1.249045013818458,2022
260,2022-12-19,43614.65,41599.3,2015.3499999999985,41716.35,50%,42724.024999999994,40708.675,high,40700,2023-01-05,10,BANKNIFTY2310540700PE,2022-12-26 14:36:00,59.55,2022-12-30 15:20:00,10.35,Friday Closing,49.199999999999996,140.43620656059443,6909.461362781245,0.6909461362781245,2022
261,2022-12-26,43422.05,41571.95,1850.1000000000058,43038.25,50%,43963.3,42113.2,low,44000,2023-01-12,6,BANKNIFTY2311244000CE,2023-01-06 12:58:00,15.55,2023-01-06 15:20:00,13.25,Friday Closing,2.3000000000000007,136.47747098147772,313.89818325739884,0.031389818325739886,2023
262,2023-01-09,42711.15,41731.0,980.1500000000015,42622.5,50%,43112.575,42132.425,low,43100,2023-01-25,9,BANKNIFTY23JAN43100CE,2023-01-16 14:25:00,134.35,2023-01-20 15:20:00,65.75,Friday Closing,68.6,139.17053203154765,9547.098497364168,0.9547098497364168,2023
263,2023-01-16,42712.3,41863.0,849.3000000000029,42891.45,50%,43316.1,42466.799999999996,low,43300,2023-02-02,8,BANKNIFTY2320243300CE,2023-01-25 09:33:00,144.85,2023-01-27 15:20:00,27.0,Friday Closing,117.85,138.5166254579706,16324.184310221835,1.6324184310221834,2023
264,2023-01-23,43077.0,40151.0,2926.0,39856.15,50%,41319.15,38393.15,high,38400,2023-02-09,8,BANKNIFTY2320938400PE,2023-02-01 11:04:00,45.65,2023-02-01 14:46:00,215.05,SL Hit,-169.4,145.21111881536768,-24598.763527323288,-2.4598763527323286,2023
265,2023-02-06,41789.25,41097.1,692.1500000000015,41563.5,50%,41909.575,41217.425,high,41200,2023-02-23,7,BANKNIFTY23FEB41200PE,2023-02-16 09:15:00,103.75,2023-02-17 12:56:00,372.2,SL Hit,-268.45,143.1653744997414,-38432.74478445558,-3.843274478445558,2023
266,2023-02-06,41789.25,41097.1,692.1500000000015,41563.5,50%,41909.575,41217.425,low,41900,2023-02-23,10,BANKNIFTY23FEB41900CE,2023-02-13 12:16:00,214.4,2023-02-15 15:20:00,315.2,SL Hit,-100.79999999999998,143.1653744997414,-14431.069749573931,-1.4431069749573933,2023
267,2023-02-13,41974.4,40886.9,1087.5,41221.55,50%,41765.3,40677.8,low,41800,2023-03-02,10,BANKNIFTY2330241800CE,2023-02-20 14:22:00,123.05,2023-02-24 15:20:00,10.5,Friday Closing,112.55,143.65992821792253,16168.92492092718,1.616892492092718,2023
268,2023-02-20,41292.3,39603.8,1688.5,39820.4,50%,40664.65,38976.15,high,39000,2023-03-09,8,BANKNIFTY2330939000PE,2023-03-01 11:15:00,33.2,2023-03-03 15:20:00,10.75,Friday Closing,22.450000000000003,147.54830055096994,3312.4593473692757,0.33124593473692754,2023
269,2023-02-27,41389.0,39750.0,1639.0,41418.4,50%,42237.9,40598.9,low,42200,2023-03-16,6,BANKNIFTY2331642200CE,2023-03-10 09:19:00,17.4,2023-03-10 15:20:00,12.35,Friday Closing,5.049999999999999,142.05251681546667,717.3652099181065,0.07173652099181066,2023
270,2023-03-06,41667.8,40345.4,1322.4000000000015,40356.1,50%,41017.3,39694.899999999994,low,41000,2023-03-23,10,BANKNIFTY2332341000CE,2023-03-13 13:43:00,105.6,2023-03-17 15:20:00,27.6,Friday Closing,78.0,146.27974049974034,11409.819758979747,1.140981975897975,2023
271,2023-03-20,40201.6,38943.35,1258.25,39484.7,50%,40113.825,38855.575,high,38900,2023-04-06,6,BANKNIFTY2340638900PE,2023-03-31 09:15:00,35.65,2023-03-31 15:20:00,20.15,Friday Closing,15.5,149.5743674406517,2318.402695330102,0.23184026953301018,2023
272,2023-04-03,41274.4,40536.15,738.25,41116.15,50%,41485.275,40747.025,high,40700,2023-04-20,8,BANKNIFTY2342040700PE,2023-04-12 11:39:00,82.5,2023-04-14 15:20:00,22.2,Friday Closing,60.3,144.62963063400207,8721.166727230324,0.8721166727230324,2023
273,2023-04-03,41274.4,40536.15,738.25,41116.15,50%,41485.275,40747.025,low,41500,2023-04-20,10,BANKNIFTY2342041500CE,2023-04-10 14:19:00,110.8,2023-04-11 10:13:00,247.0,SL Hit,-136.2,144.62963063400207,-19698.55569235108,-1.969855569235108,2023
274,2023-04-10,42193.95,40730.0,1463.949999999997,42603.55,50%,43335.525,41871.575000000004,low,43300,2023-04-27,10,BANKNIFTY23APR43300CE,2023-04-17 09:59:00,42.3,2023-04-17 12:30:00,67.9,SL Hit,-25.60000000000001,138.45453585712875,-3544.4361179424973,-0.3544436117942497,2023
275,2023-04-17,42603.55,41801.15,802.4000000000015,42469.95,50%,42871.149999999994,42068.75,high,42100,2023-05-04,7,BANKNIFTY2350442100PE,2023-04-27 09:22:00,79.3,2023-04-28 15:20:00,19.4,Friday Closing,59.9,139.9542582832511,8383.260071166742,0.8383260071166743,2023
276,2023-04-24,43300.2,42293.45,1006.75,43395.05,50%,43898.425,42891.675,low,43900,2023-05-11,6,BANKNIFTY2351143900CE,2023-05-05 14:27:00,34.95,2023-05-05 15:20:00,27.3,Friday Closing,7.650000000000002,136.67916331850174,1045.5955993865387,0.10455955993865387,2023
277,2023-05-01,43737.5,42587.55,1149.949999999997,42796.85,50%,43371.825,42221.875,high,42200,2023-05-18,10,BANKNIFTY2351842200PE,2023-05-08 13:56:00,83.05,2023-05-12 15:20:00,31.75,Friday Closing,51.3,138.33865648955285,7096.77307791406,0.709677307791406,2023
278,2023-05-15,44151.7,43447.45,704.25,43935.3,50%,44287.425,43583.175,low,44300,2023-06-01,7,BANKNIFTY2360144300CE,2023-05-25 09:26:00,100.85,2023-05-26 15:20:00,137.4,Friday Closing,-36.55000000000001,135.4786375590814,-4951.744202784426,-0.4951744202784426,2023
279,2023-05-22,44093.8,43393.35,700.4500000000044,44276.8,50%,44627.02500000001,43926.575,low,44600,2023-06-08,8,BANKNIFTY2360844600CE,2023-05-31 11:53:00,128.4,2023-05-31 15:10:00,151.2,SL Hit,-22.799999999999983,134.4476805254215,-3065.407115979608,-0.3065407115979608,2023
280,2023-06-05,44458.15,43918.1,540.0500000000029,44035.2,50%,44305.225,43765.174999999996,low,44300,2023-06-22,7,BANKNIFTY2362244300CE,2023-06-15 11:34:00,99.6,2023-06-16 15:20:00,88.15,Friday Closing,11.449999999999989,135.4242078671308,1550.6071800786463,0.15506071800786464,2023
281,2023-06-12,44197.75,43397.5,800.25,44015.3,50%,44415.425,43615.175,low,44400,2023-06-28,9,BANKNIFTY23JUN44400CE,2023-06-19 11:05:00,,2023-06-23 15:20:00,,Friday Closing,,135.0882041543,,,2023
282,2023-06-19,44039.35,43347.4,691.9499999999971,43714.75,50%,44060.725,43368.775,high,43400,2023-07-06,9,BANKNIFTY2370643400PE,2023-06-27 15:03:00,114.5,2023-06-30 15:20:00,26.5,Friday Closing,88.0,136.17569842529826,11983.461461426246,1.1983461461426246,2023
283,2023-06-26,44787.1,43541.75,1245.3499999999985,44957.95,50%,45580.625,44335.274999999994,high,44300,2023-07-13,9,BANKNIFTY2371344300PE,2023-07-04 13:24:00,96.15,2023-07-07 15:20:00,69.9,Friday Closing,26.25,131.63487775781925,3455.4155411427555,0.34554155411427556,2023
284,2023-07-03,45655.5,44844.8,810.6999999999971,44958.65,50%,45364.0,44553.3,low,45400,2023-07-20,6,BANKNIFTY2372045400CE,2023-07-14 14:38:00,38.55,2023-07-14 15:20:00,56.0,Friday Closing,-17.450000000000003,132.2634688299092,-2307.997531081916,-0.2307997531081916,2023
285,2023-07-10,45184.3,44547.8,636.5,44951.2,50%,45269.45,44632.95,high,44600,2023-07-27,10,BANKNIFTY23JUL44600PE,2023-07-17 14:50:00,134.5,2023-07-21 15:20:00,27.25,Friday Closing,107.25,132.53971497334297,14214.884430891034,1.4214884430891033,2023
286,2023-07-17,46369.5,44695.05,1674.449999999997,46131.9,50%,46969.125,45294.675,low,47000,2023-08-03,6,BANKNIFTY2380347000CE,2023-07-28 13:41:00,13.0,2023-07-28 15:20:00,13.3,Friday Closing,-0.3000000000000007,127.74349106993158,-38.32304732097956,-0.0038323047320979564,2023
287,2023-07-24,46310.1,45238.8,1071.2999999999956,45546.35,50%,46082.0,45010.7,low,46100,2023-08-10,8,BANKNIFTY2381046100CE,2023-08-02 11:07:00,58.15,2023-08-04 15:20:00,18.5,Friday Closing,39.65,130.20268217525282,5162.536348248774,0.5162536348248774,2023
288,2023-07-31,45782.75,44284.65,1498.0999999999985,44993.7,50%,45742.75,44244.649999999994,low,45700,2023-08-17,6,BANKNIFTY2381745700CE,2023-08-11 14:40:00,11.45,2023-08-11 15:20:00,11.4,Friday Closing,0.049999999999998934,131.16832722125363,6.558416361062542,0.0006558416361062543,2023
289,2023-08-14,44209.15,43614.35,594.8000000000029,43952.85,50%,44250.25,43655.45,high,43700,2023-08-31,8,BANKNIFTY23AUG43700PE,2023-08-23 12:24:00,98.0,2023-08-25 15:20:00,101.75,Friday Closing,-3.75,135.5924542799193,-508.4717035496974,-0.05084717035496974,2023
290,2023-08-28,44779.65,43832.8,946.8499999999985,44647.65,50%,45121.075,44174.225000000006,high,44200,2023-09-13,5,BANKNIFTY2391344200PE,2023-09-08 11:39:00,34.75,2023-09-08 15:20:00,28.5,Friday Closing,6.25,132.9755552144979,831.0972200906118,0.08310972200906118,2023
291,2023-09-04,45383.35,44207.25,1176.0999999999985,45340.8,50%,45928.850000000006,44752.75,high,44800,2023-09-20,7,BANKNIFTY2392044800PE,2023-09-13 13:53:00,63.9,2023-09-15 15:20:00,11.3,Friday Closing,52.599999999999994,130.6368437267643,6871.497980027802,0.6871497980027803,2023
292,2023-09-11,46310.4,45236.7,1073.7000000000044,46100.95,50%,46637.8,45564.09999999999,low,46600,2023-09-27,7,BANKNIFTY23SEP46600CE,2023-09-20 09:15:00,,2023-09-22 15:20:00,,Friday Closing,,128.6510084094876,,,2023
293,2023-09-25,44936.55,44182.5,754.0500000000029,44561.5,50%,44938.525,44184.475,low,44900,2023-10-11,7,BANKNIFTY23101144900CE,2023-10-04 09:15:00,66.6,2023-10-06 15:20:00,44.8,Friday Closing,21.799999999999997,133.5157306564913,2910.64292831151,0.291064292831151,2023
294,2023-10-02,44566.3,43857.5,708.8000000000029,44057.8,50%,44412.200000000004,43703.4,high,43700,2023-10-18,8,BANKNIFTY23101843700PE,2023-10-10 13:26:00,108.75,2023-10-13 15:20:00,71.2,Friday Closing,37.55,135.09801360887323,5072.93041101319,0.507293041101319,2023
295,2023-10-09,44710.55,43796.75,913.8000000000029,44204.75,50%,44661.65,43747.85,low,44700,2023-10-25,6,BANKNIFTY23OCT44700CE,2023-10-19 09:15:00,,2023-10-20 15:20:00,,Friday Closing,,134.3434467826424,,,2023
296,2023-10-16,44589.85,43558.1,1031.75,43822.7,50%,44338.575,43306.825,low,44300,2023-11-02,10,BANKNIFTY23110244300CE,2023-10-23 14:58:00,,2023-10-27 15:20:00,,Friday Closing,,135.3223462865011,,,2023
297,2023-11-06,44056.0,43283.85,772.1500000000015,43915.1,50%,44301.175,43529.024999999994,high,43500,2023-11-22,7,BANKNIFTY23112243500PE,2023-11-15 09:15:00,66.9,2023-11-17 15:20:00,233.0,Friday Closing,-166.1,135.436588307195,-22496.017317825088,-2.249601731782509,2023
298,2023-11-06,44056.0,43283.85,772.1500000000015,43915.1,50%,44301.175,43529.024999999994,low,44300,2023-11-22,5,BANKNIFTY23112244300CE,2023-11-17 15:27:00,70.45,2023-11-17 15:20:00,68.0,Friday Closing,2.450000000000003,135.436588307195,331.81964135262814,0.033181964135262816,2023
299,2023-11-20,43806.5,43230.95,575.5500000000029,43851.55,50%,44139.325000000004,43563.775,high,43600,2023-12-06,7,BANKNIFTY23120643600PE,2023-11-29 10:01:00,114.0,2023-12-01 15:20:00,67.7,Friday Closing,46.3,135.9332069532101,6293.707481933627,0.6293707481933627,2023
300,2023-11-27,44951.1,43739.8,1211.2999999999956,45671.5,50%,46277.149999999994,45065.850000000006,high,45100,2023-12-13,9,BANKNIFTY23121345100PE,2023-12-04 14:55:00,102.35,2023-12-08 15:20:00,11.55,Friday Closing,90.8,129.65361955090148,11772.548655221854,1.1772548655221853,2023
301,2023-12-04,47303.65,45484.2,1819.4500000000044,47233.3,50%,48143.02500000001,46323.575,high,46300,2023-12-20,5,BANKNIFTY23122046300PE,2023-12-15 15:01:00,11.95,2023-12-15 15:20:00,12.0,Friday Closing,-0.05000000000000071,124.62864558261553,-6.231432279130865,-0.0006231432279130866,2023
302,2023-12-11,48219.95,46886.9,1333.0499999999956,48068.5,50%,48735.024999999994,47401.975000000006,low,48700,2023-12-27,7,BANKNIFTY23DEC48700CE,2023-12-20 15:14:00,,2023-12-22 15:20:00,,Friday Closing,,123.11474140005059,,,2023
303,2023-12-18,48166.15,46919.7,1246.4500000000044,47576.4,50%,48199.625,46953.175,high,47000,2024-01-04,8,BANKNIFTY2410447000PE,2023-12-27 12:04:00,,2023-12-29 15:20:00,,Friday Closing,,124.48229628342544,,,2023
304,2023-12-25,48636.45,47411.65,1224.7999999999956,48203.45,50%,48815.84999999999,47591.05,low,48800,2024-01-10,7,BANKNIFTY2411048800CE,2024-01-03 09:15:00,78.65,2024-01-05 15:20:00,43.85,Friday Closing,34.800000000000004,122.91089881667534,4277.299278820303,0.42772992788203024,2024
305,2024-01-01,48450.0,47481.35,968.6500000000015,48096.65,50%,48580.975000000006,47612.325,low,48600,2024-01-17,9,BANKNIFTY2411748600CE,2024-01-08 14:24:00,130.45,2024-01-12 15:20:00,36.05,Friday Closing,94.39999999999999,123.50513755641997,11658.884985326044,1.1658884985326043,2024
306,2024-01-08,48154.5,47010.8,1143.699999999997,47891.05,50%,48462.9,47319.200000000004,low,48500,2024-01-25,8,BANKNIFTY24JAN48500CE,2024-01-17 09:15:00,81.6,2024-01-19 15:20:00,9.55,Friday Closing,72.05,123.80604544919927,8920.225574614808,0.8920225574614807,2024
307,2024-01-15,48305.4,45430.7,2874.7000000000044,46495.45,50%,47932.8,45058.09999999999,low,47900,2024-01-31,8,BANKNIFTY24JAN47900CE,2024-01-23 14:15:00,42.75,2024-01-26 15:20:00,8.45,Friday Closing,34.3,125.17524534348087,4293.510915281393,0.42935109152813933,2024
308,2024-01-22,46580.3,44429.0,2151.300000000003,45171.5,50%,46247.15,44095.85,high,44100,2024-02-07,6,BANKNIFTY2420744100PE,2024-02-01 12:47:00,48.45,2024-02-02 15:20:00,25.6,Friday Closing,22.85,129.73772437869144,2964.5070020530998,0.29645070020530995,2024
309,2024-01-29,46892.35,45071.2,1821.1500000000015,45962.25,50%,46872.825,45051.675,low,46900,2024-02-14,6,BANKNIFTY2421446900CE,2024-02-08 14:58:00,31.0,2024-02-09 15:20:00,29.05,Friday Closing,1.9499999999999993,128.00593947559167,249.61158197740366,0.024961158197740366,2024
310,2024-02-05,46181.2,44859.15,1322.0499999999956,45664.3,50%,46325.325,45003.27500000001,high,45000,2024-02-21,5,BANKNIFTY2422145000PE,2024-02-16 09:15:00,93.3,2024-02-16 15:20:00,69.3,Friday Closing,24.0,129.51878912884044,3108.4509390921703,0.31084509390921705,2024
311,2024-02-05,46181.2,44859.15,1322.0499999999956,45664.3,50%,46325.325,45003.27500000001,low,46300,2024-02-21,9,BANKNIFTY2422146300CE,2024-02-12 12:09:00,137.45,2024-02-15 13:40:00,433.5,SL Hit,-296.05,129.51878912884044,-38344.037521593214,-3.8344037521593215,2024
312,2024-02-19,47363.4,46317.7,1045.7000000000044,46615.85,50%,47138.7,46093.0,high,46100,2024-03-06,5,BANKNIFTY2430646100PE,2024-03-01 14:09:00,117.95,2024-03-01 15:20:00,58.0,Friday Closing,59.95,127.28395140298736,7630.6728866090925,0.7630672886609093,2024
313,2024-02-19,47363.4,46317.7,1045.7000000000044,46615.85,50%,47138.7,46093.0,low,47100,2024-03-06,7,BANKNIFTY2430647100CE,2024-02-28 11:00:00,211.3,2024-03-01 15:20:00,550.8,Friday Closing,-339.49999999999994,127.28395140298736,-43212.9015013142,-4.3212901501314205,2024
314,2024-03-04,48161.25,47191.65,969.5999999999985,47792.2,50%,48277.0,47307.399999999994,low,48300,2024-03-20,9,BANKNIFTY2432048300CE,2024-03-11 12:22:00,203.05,2024-03-15 15:20:00,18.05,Friday Closing,185.0,124.28278476293059,22992.31518114216,2.299231518114216,2024
