Date,Position,Type,Expiry,Index,Contract,Entry Time,Exit Time,Entry Price,Exit Price,Quantity,PnL
2023-09-06,CLOSED,HEDGE,2023-09-06,BANKNIFTY,43800PE,09:16:00,15:22:00,4.0,0.1,342.4657534246575,-1335.6164383561643
2023-09-06,CLOSED,HEDGE,2023-09-06,BANKNIFTY,45200CE,09:16:00,15:22:00,2.55,0.05,331.858407079646,-829.646017699115
2023-09-06,CLOSED,STRADDLE,2023-09-06,BANKNIFTY,44300CE,09:16:00,15:22:00,213.3,104.0,-67.72009029345372,7401.805869074493
2023-09-06,CLOSED,STRADDLE,2023-09-06,BANKNIFTY,44300PE,09:16:00,15:22:00,38.1,0.1,-67.72009029345372,2573.3634311512415
2023-09-06,CLOSED,STRADDLE,2023-09-06,BANKNIFTY,44400CE,09:16:00,15:22:00,142.05,5.4,-67.56756756756756,9233.108108108108
2023-09-06,CLOSED,STRADDLE,2023-09-06,BANKNIFTY,44400PE,09:16:00,15:22:00,66.8,1.5,-67.56756756756756,4412.162162162162
2023-09-06,CLOSED,STRADDLE,2023-09-06,BANKNIFTY,44500CE,09:16:00,15:22:00,86.2,0.25,-67.41573033707866,5794.382022471911
2023-09-06,CLOSED,STRADDLE,2023-09-06,BANKNIFTY,44500PE,09:16:00,15:22:00,111.25,95.95,-67.41573033707866,1031.4606741573032
2023-09-06,CLOSED,STRADDLE,2023-09-06,BANKNIFTY,44600CE,09:16:00,12:41:00,47.8,5.45,-67.26457399103138,2848.6547085201787
2023-09-06,CLOSED,STRADDLE,2023-09-06,BANKNIFTY,44600PE,09:16:00,12:41:00,173.15,375.1,-67.26457399103138,-13584.080717488789
2023-09-06,CLOSED,STRADDLE,2023-09-06,BANKNIFTY,44700CE,09:16:00,11:42:00,24.6,5.9,-67.11409395973155,1255.0335570469801
2023-09-06,CLOSED,STRADDLE,2023-09-06,BANKNIFTY,44700PE,09:16:00,11:42:00,250.35,389.85,-67.11409395973155,-9362.416107382553
2023-09-06,CLOSED,REBALANCE,2023-09-06,BANKNIFTY,44200CE,11:42:00,15:22:00,137.95,203.9,-67.87330316742081,-4476.244343891404
2023-09-06,CLOSED,REBALANCE,2023-09-06,BANKNIFTY,44200PE,11:42:00,15:22:00,22.05,0.1,-67.87330316742081,1489.8190045248869
2023-09-06,CLOSED,REBALANCE,2023-09-06,BANKNIFTY,44100CE,12:41:00,15:10:00,141.15,332.6,-68.02721088435374,-13023.809523809523
2023-09-06,CLOSED,REBALANCE,2023-09-06,BANKNIFTY,44100PE,12:41:00,15:10:00,11.8,0.25,-68.02721088435374,785.7142857142857
2023-09-06,CLOSED,REBALANCE UP,2023-09-06,BANKNIFTY,44600CE,15:10:00,15:22:00,0.9,0.2,-67.26457399103138,47.085201793721964
2023-09-06,CLOSED,REBALANCE UP,2023-09-06,BANKNIFTY,44600PE,15:10:00,15:22:00,167.4,196.3,-67.26457399103138,-1943.9461883408073
2023-09-13,CLOSED,HEDGE,2023-09-13,BANKNIFTY,44700PE,09:16:00,15:22:00,7.05,0.15,335.57046979865777,-2315.4362416107383
2023-09-13,CLOSED,HEDGE,2023-09-13,BANKNIFTY,46100CE,09:16:00,15:22:00,4.65,0.15,325.3796095444685,-1464.2082429501083
2023-09-13,CLOSED,STRADDLE,2023-09-13,BANKNIFTY,45200CE,09:16:00,11:05:00,247.7,400.45,-66.3716814159292,-10138.274336283186
2023-09-13,CLOSED,STRADDLE,2023-09-13,BANKNIFTY,45200PE,09:16:00,11:05:00,57.65,17.2,-66.3716814159292,2684.734513274336
2023-09-13,CLOSED,STRADDLE,2023-09-13,BANKNIFTY,45300CE,09:16:00,11:25:00,180.0,423.8,-66.2251655629139,-16145.69536423841
2023-09-13,CLOSED,STRADDLE,2023-09-13,BANKNIFTY,45300PE,09:16:00,11:25:00,89.65,14.95,-66.2251655629139,4947.019867549669
2023-09-13,CLOSED,STRADDLE,2023-09-13,BANKNIFTY,45400CE,09:16:00,12:29:00,120.0,387.1,-66.07929515418502,-17649.77973568282
2023-09-13,CLOSED,STRADDLE,2023-09-13,BANKNIFTY,45400PE,09:16:00,12:29:00,133.25,12.25,-66.07929515418502,7995.594713656387
2023-09-13,CLOSED,STRADDLE,2023-09-13,BANKNIFTY,45500CE,09:16:00,13:11:00,80.0,408.05,-65.93406593406593,-21629.670329670327
2023-09-13,CLOSED,STRADDLE,2023-09-13,BANKNIFTY,45500PE,09:16:00,13:11:00,187.45,14.5,-65.93406593406593,11403.2967032967
2023-09-13,CLOSED,STRADDLE,2023-09-13,BANKNIFTY,45600CE,09:16:00,13:53:00,47.35,355.75,-65.78947368421052,-20289.473684210523
2023-09-13,CLOSED,STRADDLE,2023-09-13,BANKNIFTY,45600PE,09:16:00,13:53:00,260.7,7.6,-65.78947368421052,16651.315789473683
2023-09-13,CLOSED,REBALANCE UP,2023-09-13,BANKNIFTY,45700CE,11:05:00,15:22:00,31.6,207.95,-65.64551422319475,-11576.586433260394
2023-09-13,CLOSED,REBALANCE UP,2023-09-13,BANKNIFTY,45700PE,11:05:00,15:22:00,149.1,0.35,-65.64551422319475,9764.77024070022
2023-09-13,CLOSED,REBALANCE UP,2023-09-13,BANKNIFTY,45800CE,11:25:00,15:22:00,38.95,108.0,-65.50218340611353,-4522.9257641921395
2023-09-13,CLOSED,REBALANCE UP,2023-09-13,BANKNIFTY,45800PE,11:25:00,15:22:00,130.6,0.35,-65.50218340611353,8531.659388646287
2023-09-13,CLOSED,REBALANCE UP,2023-09-13,BANKNIFTY,45900CE,12:29:00,15:22:00,26.95,9.85,-65.359477124183,1117.6470588235295
2023-09-13,CLOSED,REBALANCE UP,2023-09-13,BANKNIFTY,45900PE,12:29:00,15:22:00,153.0,1.85,-65.359477124183,9879.084967320261
2023-09-13,CLOSED,REBALANCE UP,2023-09-13,BANKNIFTY,46000CE,13:11:00,15:22:00,34.85,0.15,-65.21739130434783,2263.04347826087
2023-09-13,CLOSED,REBALANCE UP,2023-09-13,BANKNIFTY,46000PE,13:11:00,15:22:00,137.5,92.05,-65.21739130434783,2964.130434782609
2023-09-13,CLOSED,REBALANCE UP,2023-09-13,BANKNIFTY,46100CE,13:53:00,15:22:00,19.6,0.15,-65.0759219088937,1265.7266811279828
2023-09-13,CLOSED,REBALANCE UP,2023-09-13,BANKNIFTY,46100PE,13:53:00,15:22:00,169.45,192.55,-65.0759219088937,-1503.253796095446
2023-09-20,CLOSED,HEDGE,2023-09-20,BANKNIFTY,44900PE,09:16:00,15:22:00,8.3,0.1,334.075723830735,-2739.4209354120276
2023-09-20,CLOSED,HEDGE,2023-09-20,BANKNIFTY,46300CE,09:16:00,15:22:00,6.6,0.2,323.9740820734341,-2073.434125269978
2023-09-20,CLOSED,STRADDLE,2023-09-20,BANKNIFTY,45400CE,09:16:00,09:42:00,320.4,322.05,-66.07929515418502,-109.03083700440753
2023-09-20,CLOSED,STRADDLE,2023-09-20,BANKNIFTY,45400PE,09:16:00,09:42:00,48.65,25.9,-66.07929515418502,1503.303964757709
2023-09-20,CLOSED,STRADDLE,2023-09-20,BANKNIFTY,45500CE,09:16:00,15:22:00,249.35,0.25,-65.93406593406593,16424.17582417582
2023-09-20,CLOSED,STRADDLE,2023-09-20,BANKNIFTY,45500PE,09:16:00,15:22:00,72.1,120.55,-65.93406593406593,-3194.5054945054944
2023-09-20,CLOSED,STRADDLE,2023-09-20,BANKNIFTY,45600CE,09:16:00,15:22:00,175.0,0.3,-65.78947368421052,11493.421052631576
2023-09-20,CLOSED,STRADDLE,2023-09-20,BANKNIFTY,45600PE,09:16:00,15:22:00,102.85,219.7,-65.78947368421052,-7687.499999999999
2023-09-20,CLOSED,STRADDLE,2023-09-20,BANKNIFTY,45700CE,09:16:00,11:53:00,120.3,15.3,-65.64551422319475,6892.778993435449
2023-09-20,CLOSED,STRADDLE,2023-09-20,BANKNIFTY,45700PE,09:16:00,11:53:00,145.05,388.75,-65.64551422319475,-15997.81181619256
2023-09-20,CLOSED,STRADDLE,2023-09-20,BANKNIFTY,45800CE,09:16:00,11:04:00,72.6,17.25,-65.50218340611353,3625.5458515283835
2023-09-20,CLOSED,STRADDLE,2023-09-20,BANKNIFTY,45800PE,09:16:00,11:04:00,200.0,399.95,-65.50218340611353,-13097.1615720524
2023-09-20,CLOSED,REBALANCE UP,2023-09-20,BANKNIFTY,45900CE,09:42:00,10:10:00,44.9,16.45,-65.359477124183,1859.4771241830063
2023-09-20,CLOSED,REBALANCE UP,2023-09-20,BANKNIFTY,45900PE,09:42:00,10:10:00,248.8,400.05,-65.359477124183,-9885.62091503268
2023-09-20,CLOSED,REBALANCE,2023-09-20,BANKNIFTY,45400CE,10:10:00,15:22:00,166.65,0.5,-66.07929515418502,10979.074889867841
2023-09-20,CLOSED,REBALANCE,2023-09-20,BANKNIFTY,45400PE,10:10:00,15:22:00,50.4,19.85,-66.07929515418502,2018.7224669603522
2023-09-20,CLOSED,REBALANCE,2023-09-20,BANKNIFTY,45300CE,11:04:00,15:22:00,161.7,79.95,-66.2251655629139,5413.90728476821
2023-09-20,CLOSED,REBALANCE,2023-09-20,BANKNIFTY,45300PE,11:04:00,15:22:00,42.15,0.05,-66.2251655629139,2788.079470198675
2023-09-20,CLOSED,REBALANCE,2023-09-20,BANKNIFTY,45200CE,11:53:00,15:22:00,165.0,180.05,-66.3716814159292,-998.8938053097353
2023-09-20,CLOSED,REBALANCE,2023-09-20,BANKNIFTY,45200PE,11:53:00,15:22:00,38.9,0.1,-66.3716814159292,2575.221238938053
2023-09-28,CLOSED,HEDGE,2023-09-28,BANKNIFTY,44000PE,09:16:00,15:22:00,7.2,0.1,340.90909090909093,-2420.454545454546
2023-09-28,CLOSED,HEDGE,2023-09-28,BANKNIFTY,45400CE,09:16:00,15:22:00,4.15,0.1,330.3964757709251,-1338.105726872247
2023-09-28,CLOSED,STRADDLE,2023-09-28,BANKNIFTY,44500CE,09:16:00,15:22:00,211.6,0.2,-67.41573033707866,14251.685393258429
2023-09-28,CLOSED,STRADDLE,2023-09-28,BANKNIFTY,44500PE,09:16:00,15:22:00,70.0,183.25,-67.41573033707866,-7634.831460674158
2023-09-28,CLOSED,STRADDLE,2023-09-28,BANKNIFTY,44600CE,09:16:00,15:12:00,149.2,0.45,-67.26457399103138,10005.605381165919
2023-09-28,CLOSED,STRADDLE,2023-09-28,BANKNIFTY,44600PE,09:16:00,15:12:00,107.85,300.1,-67.26457399103138,-12931.614349775786
2023-09-28,CLOSED,STRADDLE,2023-09-28,BANKNIFTY,44700CE,09:16:00,13:29:00,99.3,6.85,-67.11409395973155,6204.697986577182
2023-09-28,CLOSED,STRADDLE,2023-09-28,BANKNIFTY,44700PE,09:16:00,13:29:00,157.75,377.9,-67.11409395973155,-14775.167785234898
2023-09-28,CLOSED,STRADDLE,2023-09-28,BANKNIFTY,44800CE,09:16:00,11:14:00,63.0,18.25,-66.96428571428571,2996.6517857142853
2023-09-28,CLOSED,STRADDLE,2023-09-28,BANKNIFTY,44800PE,09:16:00,11:14:00,222.7,404.4,-66.96428571428571,-12167.410714285712
2023-09-28,CLOSED,STRADDLE,2023-09-28,BANKNIFTY,44900CE,09:16:00,09:39:00,38.2,25.3,-66.815144766147,861.9153674832964
2023-09-28,CLOSED,STRADDLE,2023-09-28,BANKNIFTY,44900PE,09:16:00,09:39:00,297.95,437.45,-66.815144766147,-9320.712694877506
2023-09-28,CLOSED,REBALANCE,2023-09-28,BANKNIFTY,44400CE,09:39:00,10:23:00,186.1,329.05,-67.56756756756756,-9658.783783783785
2023-09-28,CLOSED,REBALANCE,2023-09-28,BANKNIFTY,44400PE,09:39:00,10:23:00,97.0,27.3,-67.56756756756756,4709.459459459459
2023-09-28,CLOSED,REBALANCE UP,2023-09-28,BANKNIFTY,44900CE,10:23:00,10:43:00,48.25,16.45,-66.815144766147,2124.7216035634747
2023-09-28,CLOSED,REBALANCE UP,2023-09-28,BANKNIFTY,44900PE,10:23:00,10:43:00,245.75,420.65,-66.815144766147,-11685.96881959911
2023-09-28,CLOSED,REBALANCE,2023-09-28,BANKNIFTY,44400CE,10:43:00,15:22:00,159.1,0.2,-67.56756756756756,10736.486486486487
2023-09-28,CLOSED,REBALANCE,2023-09-28,BANKNIFTY,44400PE,10:43:00,15:22:00,62.9,82.95,-67.56756756756756,-1354.72972972973
2023-09-28,CLOSED,REBALANCE,2023-09-28,BANKNIFTY,44300CE,11:14:00,15:22:00,165.45,16.85,-67.72009029345372,10063.205417607223
2023-09-28,CLOSED,REBALANCE,2023-09-28,BANKNIFTY,44300PE,11:14:00,15:22:00,50.55,0.1,-67.72009029345372,3416.47855530474
2023-09-28,CLOSED,REBALANCE,2023-09-28,BANKNIFTY,44200CE,13:29:00,15:22:00,151.45,116.85,-67.87330316742081,2348.4162895927598
2023-09-28,CLOSED,REBALANCE,2023-09-28,BANKNIFTY,44200PE,13:29:00,15:22:00,22.2,0.05,-67.87330316742081,1503.393665158371
2023-09-28,CLOSED,REBALANCE,2023-09-28,BANKNIFTY,44100CE,15:12:00,15:22:00,200.9,216.95,-68.02721088435374,-1091.8367346938762
2023-09-28,CLOSED,REBALANCE,2023-09-28,BANKNIFTY,44100PE,15:12:00,15:22:00,0.35,0.1,-68.02721088435374,17.00680272108843
2023-10-04,CLOSED,HEDGE,2023-10-04,BANKNIFTY,43400PE,09:16:00,15:22:00,5.6,0.05,345.62211981566816,-1918.2027649769582
2023-10-04,CLOSED,HEDGE,2023-10-04,BANKNIFTY,44800CE,09:16:00,15:22:00,3.95,0.1,334.82142857142856,-1289.0625
2023-10-04,CLOSED,STRADDLE,2023-10-04,BANKNIFTY,43900CE,09:16:00,15:22:00,206.95,56.4,-68.3371298405467,10288.154897494303
2023-10-04,CLOSED,STRADDLE,2023-10-04,BANKNIFTY,43900PE,09:16:00,15:22:00,61.8,0.05,-68.3371298405467,4219.817767653758
2023-10-04,CLOSED,STRADDLE,2023-10-04,BANKNIFTY,44000CE,09:16:00,15:22:00,143.3,0.25,-68.18181818181819,9753.409090909092
2023-10-04,CLOSED,STRADDLE,2023-10-04,BANKNIFTY,44000PE,09:16:00,15:22:00,98.6,43.25,-68.18181818181819,3773.8636363636365
2023-10-04,CLOSED,STRADDLE,2023-10-04,BANKNIFTY,44100CE,09:16:00,15:22:00,91.9,0.15,-68.02721088435374,6241.496598639455
2023-10-04,CLOSED,STRADDLE,2023-10-04,BANKNIFTY,44100PE,09:16:00,15:22:00,147.0,143.5,-68.02721088435374,238.09523809523807
2023-10-04,CLOSED,STRADDLE,2023-10-04,BANKNIFTY,44200CE,09:16:00,11:55:00,54.65,6.9,-67.87330316742081,3240.950226244344
2023-10-04,CLOSED,STRADDLE,2023-10-04,BANKNIFTY,44200PE,09:16:00,11:55:00,210.9,371.1,-67.87330316742081,-10873.303167420816
2023-10-04,CLOSED,STRADDLE,2023-10-04,BANKNIFTY,44300CE,09:16:00,09:21:00,30.15,26.05,-67.72009029345372,277.6523702031601
2023-10-04,CLOSED,STRADDLE,2023-10-04,BANKNIFTY,44300PE,09:16:00,09:21:00,284.45,377.15,-67.72009029345372,-6277.652370203159
2023-10-04,CLOSED,REBALANCE,2023-10-04,BANKNIFTY,43800CE,09:21:00,15:22:00,219.55,156.6,-68.4931506849315,4311.64383561644
2023-10-04,CLOSED,REBALANCE,2023-10-04,BANKNIFTY,43800PE,09:21:00,15:22:00,70.9,0.05,-68.4931506849315,4852.739726027397
2023-10-04,CLOSED,REBALANCE,2023-10-04,BANKNIFTY,43700CE,11:55:00,15:22:00,160.0,256.65,-68.64988558352402,-6635.011441647595
2023-10-04,CLOSED,REBALANCE,2023-10-04,BANKNIFTY,43700PE,11:55:00,15:22:00,22.9,0.05,-68.64988558352402,1568.6498855835239
2023-10-11,CLOSED,HEDGE,2023-10-11,BANKNIFTY,43900PE,09:16:00,15:22:00,5.9,0.05,341.6856492027335,-1998.861047835991
2023-10-11,CLOSED,HEDGE,2023-10-11,BANKNIFTY,45300CE,09:16:00,15:22:00,3.95,0.05,331.1258278145695,-1291.390728476821
2023-10-11,CLOSED,STRADDLE,2023-10-11,BANKNIFTY,44400CE,09:16:00,15:22:00,258.3,103.9,-67.56756756756756,10432.432432432432
2023-10-11,CLOSED,STRADDLE,2023-10-11,BANKNIFTY,44400PE,09:16:00,15:22:00,37.25,0.1,-67.56756756756756,2510.135135135135
2023-10-11,CLOSED,STRADDLE,2023-10-11,BANKNIFTY,44500CE,09:16:00,15:22:00,182.45,6.1,-67.41573033707866,11888.76404494382
2023-10-11,CLOSED,STRADDLE,2023-10-11,BANKNIFTY,44500PE,09:16:00,15:22:00,61.0,1.75,-67.41573033707866,3994.38202247191
2023-10-11,CLOSED,STRADDLE,2023-10-11,BANKNIFTY,44600CE,09:16:00,15:22:00,122.0,0.15,-67.26457399103138,8196.188340807174
2023-10-11,CLOSED,STRADDLE,2023-10-11,BANKNIFTY,44600PE,09:16:00,15:22:00,100.4,95.75,-67.26457399103138,312.7802690582963
2023-10-11,CLOSED,STRADDLE,2023-10-11,BANKNIFTY,44700CE,09:16:00,15:22:00,75.0,0.1,-67.11409395973155,5026.845637583893
2023-10-11,CLOSED,STRADDLE,2023-10-11,BANKNIFTY,44700PE,09:16:00,15:22:00,152.2,195.95,-67.11409395973155,-2936.241610738255
2023-10-11,CLOSED,STRADDLE,2023-10-11,BANKNIFTY,44800CE,09:16:00,11:12:00,42.7,8.8,-66.96428571428571,2270.089285714286
2023-10-11,CLOSED,STRADDLE,2023-10-11,BANKNIFTY,44800PE,09:16:00,11:12:00,221.4,407.2,-66.96428571428571,-12441.964285714283
2023-10-11,CLOSED,REBALANCE,2023-10-11,BANKNIFTY,44300CE,11:12:00,15:22:00,138.0,204.6,-67.72009029345372,-4510.158013544017
2023-10-11,CLOSED,REBALANCE,2023-10-11,BANKNIFTY,44300PE,11:12:00,15:22:00,35.0,0.15,-67.72009029345372,2360.045146726862
2023-10-18,CLOSED,HEDGE,2023-10-18,BANKNIFTY,43600PE,09:16:00,15:22:00,2.85,0.1,344.03669724770646,-946.1009174311928
2023-10-18,CLOSED,HEDGE,2023-10-18,BANKNIFTY,45000CE,09:16:00,15:22:00,3.1,0.1,333.33333333333337,-1000.0000000000001
2023-10-18,CLOSED,STRADDLE,2023-10-18,BANKNIFTY,44100CE,09:16:00,15:22:00,229.75,0.2,-68.02721088435374,15615.6462585034
2023-10-18,CLOSED,STRADDLE,2023-10-18,BANKNIFTY,44100PE,09:16:00,15:22:00,26.95,210.9,-68.02721088435374,-12513.605442176871
2023-10-18,CLOSED,STRADDLE,2023-10-18,BANKNIFTY,44200CE,09:16:00,15:11:00,155.35,0.25,-67.87330316742081,10527.149321266968
2023-10-18,CLOSED,STRADDLE,2023-10-18,BANKNIFTY,44200PE,09:16:00,15:11:00,52.2,319.7,-67.87330316742081,-18156.108597285067
2023-10-18,CLOSED,STRADDLE,2023-10-18,BANKNIFTY,44300CE,09:16:00,11:11:00,95.35,16.7,-67.72009029345372,5326.185101580135
2023-10-18,CLOSED,STRADDLE,2023-10-18,BANKNIFTY,44300PE,09:16:00,11:11:00,93.4,383.05,-67.72009029345372,-19615.12415349887
2023-10-18,CLOSED,STRADDLE,2023-10-18,BANKNIFTY,44400CE,09:16:00,10:47:00,54.7,20.4,-67.56756756756756,2317.567567567568
2023-10-18,CLOSED,STRADDLE,2023-10-18,BANKNIFTY,44400PE,09:16:00,10:47:00,152.5,386.75,-67.56756756756756,-15827.702702702702
2023-10-18,CLOSED,STRADDLE,2023-10-18,BANKNIFTY,44500CE,09:16:00,10:46:00,29.3,12.0,-67.41573033707866,1166.2921348314608
2023-10-18,CLOSED,STRADDLE,2023-10-18,BANKNIFTY,44500PE,09:16:00,10:46:00,226.3,417.65,-67.41573033707866,-12899.999999999998
2023-10-18,CLOSED,REBALANCE,2023-10-18,BANKNIFTY,44000CE,10:46:00,15:22:00,157.35,0.15,-68.18181818181819,10718.181818181818
2023-10-18,CLOSED,REBALANCE,2023-10-18,BANKNIFTY,44000PE,10:46:00,15:22:00,62.65,110.75,-68.18181818181819,-3279.545454545455
2023-10-18,CLOSED,REBALANCE,2023-10-18,BANKNIFTY,43900CE,10:47:00,15:22:00,195.25,0.25,-68.3371298405467,13325.740318906606
2023-10-18,CLOSED,REBALANCE,2023-10-18,BANKNIFTY,43900PE,10:47:00,15:22:00,60.2,11.3,-68.3371298405467,3341.6856492027337
2023-10-18,CLOSED,REBALANCE,2023-10-18,BANKNIFTY,43800CE,11:11:00,15:22:00,173.0,88.75,-68.4931506849315,5770.54794520548
2023-10-18,CLOSED,REBALANCE,2023-10-18,BANKNIFTY,43800PE,11:11:00,15:22:00,39.5,0.1,-68.4931506849315,2698.6301369863013
2023-10-18,CLOSED,REBALANCE,2023-10-18,BANKNIFTY,43700CE,15:11:00,15:22:00,181.4,188.3,-68.64988558352402,-473.6842105263162
2023-10-18,CLOSED,REBALANCE,2023-10-18,BANKNIFTY,43700PE,15:11:00,15:22:00,0.15,0.05,-68.64988558352402,6.864988558352402
2023-11-01,CLOSED,HEDGE,2023-11-01,BANKNIFTY,42100PE,09:16:00,15:22:00,9.3,0.1,356.2945368171022,-3277.9097387173406
2023-11-01,CLOSED,HEDGE,2023-11-01,BANKNIFTY,43300CE,09:16:00,15:22:00,7.0,0.05,346.4203233256351,-2407.621247113164
2023-11-01,CLOSED,STRADDLE,2023-11-01,BANKNIFTY,42500CE,09:16:00,15:22:00,277.0,202.7,-70.58823529411765,5244.705882352942
2023-11-01,CLOSED,STRADDLE,2023-11-01,BANKNIFTY,42500PE,09:16:00,15:22:00,50.6,0.05,-70.58823529411765,3568.2352941176478
2023-11-01,CLOSED,STRADDLE,2023-11-01,BANKNIFTY,42600CE,09:16:00,15:22:00,204.1,102.95,-70.4225352112676,7123.239436619717
2023-11-01,CLOSED,STRADDLE,2023-11-01,BANKNIFTY,42600PE,09:16:00,15:22:00,77.7,0.2,-70.4225352112676,5457.746478873239
2023-11-01,CLOSED,STRADDLE,2023-11-01,BANKNIFTY,42700CE,09:16:00,15:22:00,140.05,4.35,-70.2576112412178,9533.957845433257
2023-11-01,CLOSED,STRADDLE,2023-11-01,BANKNIFTY,42700PE,09:16:00,15:22:00,114.6,1.2,-70.2576112412178,7967.213114754099
2023-11-01,CLOSED,STRADDLE,2023-11-01,BANKNIFTY,42800CE,09:16:00,15:22:00,90.9,0.15,-70.09345794392523,6360.981308411215
2023-11-01,CLOSED,STRADDLE,2023-11-01,BANKNIFTY,42800PE,09:16:00,15:22:00,164.15,96.75,-70.09345794392523,4724.2990654205605
2023-11-01,CLOSED,STRADDLE,2023-11-01,BANKNIFTY,42900CE,09:16:00,15:22:00,55.15,0.15,-69.93006993006993,3846.153846153846
2023-11-01,CLOSED,STRADDLE,2023-11-01,BANKNIFTY,42900PE,09:16:00,15:22:00,230.05,196.6,-69.93006993006993,2339.1608391608406
2023-11-08,CLOSED,HEDGE,2023-11-08,BANKNIFTY,43000PE,09:16:00,15:22:00,4.15,0.05,348.83720930232556,-1430.232558139535
2023-11-08,CLOSED,HEDGE,2023-11-08,BANKNIFTY,44400CE,09:16:00,15:22:00,3.0,0.1,337.8378378378378,-979.7297297297296
2023-11-08,CLOSED,STRADDLE,2023-11-08,BANKNIFTY,43500CE,09:16:00,15:22:00,266.25,153.15,-68.96551724137932,7800.0
2023-11-08,CLOSED,STRADDLE,2023-11-08,BANKNIFTY,43500PE,09:16:00,15:22:00,31.95,0.1,-68.96551724137932,2196.551724137931
2023-11-08,CLOSED,STRADDLE,2023-11-08,BANKNIFTY,43600CE,09:16:00,15:22:00,193.3,53.85,-68.80733944954129,9595.183486238533
2023-11-08,CLOSED,STRADDLE,2023-11-08,BANKNIFTY,43600PE,09:16:00,15:22:00,54.45,0.1,-68.80733944954129,3739.678899082569
2023-11-08,CLOSED,STRADDLE,2023-11-08,BANKNIFTY,43700CE,09:16:00,15:22:00,126.15,0.15,-68.64988558352402,8649.885583524027
2023-11-08,CLOSED,STRADDLE,2023-11-08,BANKNIFTY,43700PE,09:16:00,15:22:00,90.15,46.65,-68.64988558352402,2986.2700228832955
2023-11-08,CLOSED,STRADDLE,2023-11-08,BANKNIFTY,43800CE,09:16:00,15:22:00,80.4,0.05,-68.4931506849315,5503.424657534247
2023-11-08,CLOSED,STRADDLE,2023-11-08,BANKNIFTY,43800PE,09:16:00,15:22:00,142.1,146.5,-68.4931506849315,-301.36986301369905
2023-11-08,CLOSED,STRADDLE,2023-11-08,BANKNIFTY,43900CE,09:16:00,11:11:00,45.0,10.15,-68.3371298405467,2381.5489749430526
2023-11-08,CLOSED,STRADDLE,2023-11-08,BANKNIFTY,43900PE,09:16:00,11:11:00,211.05,386.9,-68.3371298405467,-12017.084282460133
2023-11-08,CLOSED,REBALANCE,2023-11-08,BANKNIFTY,43400CE,11:11:00,15:22:00,162.55,252.95,-69.12442396313364,-6248.847926267279
2023-11-08,CLOSED,REBALANCE,2023-11-08,BANKNIFTY,43400PE,11:11:00,15:22:00,33.75,0.1,-69.12442396313364,2326.036866359447
2023-11-15,CLOSED,HEDGE,2023-11-15,BANKNIFTY,43600PE,09:16:00,15:22:00,5.25,0.05,344.03669724770646,-1788.9908256880735
2023-11-15,CLOSED,HEDGE,2023-11-15,BANKNIFTY,45000CE,09:16:00,15:22:00,3.5,0.05,333.33333333333337,-1150.0000000000002
2023-11-15,CLOSED,STRADDLE,2023-11-15,BANKNIFTY,44100CE,09:16:00,15:22:00,211.0,99.9,-68.02721088435374,7557.823129251699
2023-11-15,CLOSED,STRADDLE,2023-11-15,BANKNIFTY,44100PE,09:16:00,15:22:00,41.95,0.1,-68.02721088435374,2846.938775510204
2023-11-15,CLOSED,STRADDLE,2023-11-15,BANKNIFTY,44200CE,09:16:00,15:22:00,143.65,1.75,-67.87330316742081,9631.221719457015
2023-11-15,CLOSED,STRADDLE,2023-11-15,BANKNIFTY,44200PE,09:16:00,15:22:00,74.05,1.85,-67.87330316742081,4900.452488687783
2023-11-15,CLOSED,STRADDLE,2023-11-15,BANKNIFTY,44300CE,09:16:00,15:22:00,91.15,0.15,-67.72009029345372,6162.528216704289
2023-11-15,CLOSED,STRADDLE,2023-11-15,BANKNIFTY,44300PE,09:16:00,15:22:00,121.8,100.05,-67.72009029345372,1472.9119638826185
2023-11-15,CLOSED,STRADDLE,2023-11-15,BANKNIFTY,44400CE,09:16:00,15:22:00,56.35,0.1,-67.56756756756756,3800.6756756756754
2023-11-15,CLOSED,STRADDLE,2023-11-15,BANKNIFTY,44400PE,09:16:00,15:22:00,184.25,200.2,-67.56756756756756,-1077.7027027027018
2023-11-15,CLOSED,STRADDLE,2023-11-15,BANKNIFTY,44500CE,09:16:00,15:00:00,31.4,0.65,-67.41573033707866,2073.0337078651687
2023-11-15,CLOSED,STRADDLE,2023-11-15,BANKNIFTY,44500PE,09:16:00,15:00:00,262.95,302.95,-67.41573033707866,-2696.6292134831465
2023-11-15,CLOSED,REBALANCE,2023-11-15,BANKNIFTY,44000CE,15:00:00,15:22:00,199.9,199.7,-68.18181818181819,13.6363636363648
2023-11-15,CLOSED,REBALANCE,2023-11-15,BANKNIFTY,44000PE,15:00:00,15:22:00,1.55,0.1,-68.18181818181819,98.86363636363637
2023-11-22,CLOSED,HEDGE,2023-11-22,BANKNIFTY,42900PE,09:16:00,15:22:00,2.25,0.05,349.65034965034965,-769.2307692307693
2023-11-22,CLOSED,HEDGE,2023-11-22,BANKNIFTY,44300CE,09:16:00,15:22:00,3.35,0.05,338.6004514672686,-1117.3814898419864
2023-11-22,CLOSED,STRADDLE,2023-11-22,BANKNIFTY,43400CE,09:16:00,15:22:00,255.0,44.45,-69.12442396313364,14554.147465437789
2023-11-22,CLOSED,STRADDLE,2023-11-22,BANKNIFTY,43400PE,09:16:00,15:22:00,16.95,0.1,-69.12442396313364,1164.7465437788017
2023-11-22,CLOSED,STRADDLE,2023-11-22,BANKNIFTY,43500CE,09:16:00,15:22:00,174.4,0.05,-68.96551724137932,12024.137931034484
2023-11-22,CLOSED,STRADDLE,2023-11-22,BANKNIFTY,43500PE,09:16:00,15:22:00,36.3,55.9,-68.96551724137932,-1351.7241379310346
2023-11-22,CLOSED,STRADDLE,2023-11-22,BANKNIFTY,43600CE,09:16:00,12:25:00,109.05,7.3,-68.80733944954129,7001.146788990826
2023-11-22,CLOSED,STRADDLE,2023-11-22,BANKNIFTY,43600PE,09:16:00,12:25:00,70.45,381.8,-68.80733944954129,-21423.16513761468
2023-11-22,CLOSED,STRADDLE,2023-11-22,BANKNIFTY,43700CE,09:16:00,12:15:00,63.2,5.1,-68.64988558352402,3988.558352402746
2023-11-22,CLOSED,STRADDLE,2023-11-22,BANKNIFTY,43700PE,09:16:00,12:15:00,124.8,431.4,-68.64988558352402,-21048.054919908463
2023-11-22,CLOSED,STRADDLE,2023-11-22,BANKNIFTY,43800CE,09:16:00,11:46:00,35.3,5.55,-68.4931506849315,2037.671232876712
2023-11-22,CLOSED,STRADDLE,2023-11-22,BANKNIFTY,43800PE,09:16:00,11:46:00,196.2,374.0,-68.4931506849315,-12178.082191780823
2023-11-22,CLOSED,REBALANCE,2023-11-22,BANKNIFTY,43300CE,11:46:00,15:22:00,152.25,143.9,-69.28406466512702,578.5219399538103
2023-11-22,CLOSED,REBALANCE,2023-11-22,BANKNIFTY,43300PE,11:46:00,15:22:00,23.2,0.1,-69.28406466512702,1600.461893764434
2023-11-22,CLOSED,REBALANCE,2023-11-22,BANKNIFTY,43200CE,12:15:00,15:22:00,123.1,244.25,-69.44444444444444,-8413.194444444445
2023-11-22,CLOSED,REBALANCE,2023-11-22,BANKNIFTY,43200PE,12:15:00,15:22:00,41.55,0.1,-69.44444444444444,2878.4722222222217
2023-11-22,CLOSED,REBALANCE,2023-11-22,BANKNIFTY,43100CE,12:25:00,14:40:00,155.85,323.5,-69.60556844547564,-11669.373549883992
2023-11-22,CLOSED,REBALANCE,2023-11-22,BANKNIFTY,43100PE,12:25:00,14:40:00,30.4,0.75,-69.60556844547564,2063.8051044083527
2023-11-22,CLOSED,REBALANCE UP,2023-11-22,BANKNIFTY,43600CE,14:40:00,15:22:00,2.85,0.1,-68.80733944954129,189.22018348623854
2023-11-22,CLOSED,REBALANCE UP,2023-11-22,BANKNIFTY,43600PE,14:40:00,15:22:00,179.7,156.0,-68.80733944954129,1630.7339449541278
2023-11-30,CLOSED,HEDGE,2023-11-30,BANKNIFTY,44000PE,09:16:00,15:22:00,6.85,0.05,340.90909090909093,-2318.1818181818185
2023-11-30,CLOSED,HEDGE,2023-11-30,BANKNIFTY,45400CE,09:16:00,15:22:00,3.55,0.05,330.3964757709251,-1156.387665198238
2023-11-30,CLOSED,STRADDLE,2023-11-30,BANKNIFTY,44500CE,09:16:00,15:22:00,269.0,1.85,-67.41573033707866,18010.112359550563
2023-11-30,CLOSED,STRADDLE,2023-11-30,BANKNIFTY,44500PE,09:16:00,15:22:00,32.5,19.0,-67.41573033707866,910.1123595505619
2023-11-30,CLOSED,STRADDLE,2023-11-30,BANKNIFTY,44600CE,09:16:00,12:23:00,190.45,7.35,-67.26457399103138,12316.143497757846
2023-11-30,CLOSED,STRADDLE,2023-11-30,BANKNIFTY,44600PE,09:16:00,12:23:00,52.0,372.0,-67.26457399103138,-21524.663677130044
2023-11-30,CLOSED,STRADDLE,2023-11-30,BANKNIFTY,44700CE,09:16:00,10:05:00,125.5,16.85,-67.11409395973155,7291.946308724833
2023-11-30,CLOSED,STRADDLE,2023-11-30,BANKNIFTY,44700PE,09:16:00,10:05:00,85.65,396.25,-67.11409395973155,-20845.63758389262
2023-11-30,CLOSED,STRADDLE,2023-11-30,BANKNIFTY,44800CE,09:16:00,09:51:00,76.6,24.7,-66.96428571428571,3475.4464285714275
2023-11-30,CLOSED,STRADDLE,2023-11-30,BANKNIFTY,44800PE,09:16:00,09:51:00,138.85,376.0,-66.96428571428571,-15880.580357142857
2023-11-30,CLOSED,STRADDLE,2023-11-30,BANKNIFTY,44900CE,09:16:00,09:48:00,43.85,20.15,-66.815144766147,1583.518930957684
2023-11-30,CLOSED,STRADDLE,2023-11-30,BANKNIFTY,44900PE,09:16:00,09:48:00,202.9,409.8,-66.815144766147,-13824.053452115815
2023-11-30,CLOSED,REBALANCE,2023-11-30,BANKNIFTY,44400CE,09:48:00,15:22:00,186.1,83.6,-67.56756756756756,6925.675675675676
2023-11-30,CLOSED,REBALANCE,2023-11-30,BANKNIFTY,44400PE,09:48:00,15:22:00,73.8,0.2,-67.56756756756756,4972.9729729729725
2023-11-30,CLOSED,REBALANCE,2023-11-30,BANKNIFTY,44300CE,09:51:00,15:22:00,217.6,182.6,-67.72009029345372,2370.2031602708803
2023-11-30,CLOSED,REBALANCE,2023-11-30,BANKNIFTY,44300PE,09:51:00,15:22:00,71.1,0.1,-67.72009029345372,4808.126410835214
2023-11-30,CLOSED,REBALANCE,2023-11-30,BANKNIFTY,44200CE,10:05:00,15:22:00,190.0,283.15,-67.87330316742081,-6322.398190045247
2023-11-30,CLOSED,REBALANCE,2023-11-30,BANKNIFTY,44200PE,10:05:00,15:22:00,68.55,0.05,-67.87330316742081,4649.321266968326
2023-11-30,CLOSED,REBALANCE,2023-11-30,BANKNIFTY,44100CE,12:23:00,13:48:00,170.05,348.3,-68.02721088435374,-12125.850340136054
2023-11-30,CLOSED,REBALANCE,2023-11-30,BANKNIFTY,44100PE,12:23:00,13:48:00,33.05,2.5,-68.02721088435374,2078.2312925170063
2023-11-30,CLOSED,REBALANCE UP,2023-11-30,BANKNIFTY,44600CE,13:48:00,15:22:00,13.15,0.3,-67.26457399103138,864.3497757847532
2023-11-30,CLOSED,REBALANCE UP,2023-11-30,BANKNIFTY,44600PE,13:48:00,15:22:00,164.8,116.55,-67.26457399103138,3245.5156950672654
2023-12-06,CLOSED,HEDGE,2023-12-06,BANKNIFTY,46500PE,09:16:00,15:22:00,9.5,0.05,322.5806451612903,-3048.387096774193
2023-12-06,CLOSED,HEDGE,2023-12-06,BANKNIFTY,47900CE,09:16:00,15:22:00,12.4,0.1,313.1524008350731,-3851.7745302713993
2023-12-06,CLOSED,STRADDLE,2023-12-06,BANKNIFTY,47000CE,09:16:00,15:22:00,298.5,0.15,-63.829787234042556,19043.617021276597
2023-12-06,CLOSED,STRADDLE,2023-12-06,BANKNIFTY,47000PE,09:16:00,15:22:00,61.55,164.15,-63.829787234042556,-6548.936170212767
2023-12-06,CLOSED,STRADDLE,2023-12-06,BANKNIFTY,47100CE,09:16:00,10:29:00,229.5,16.55,-63.69426751592356,13563.694267515923
2023-12-06,CLOSED,STRADDLE,2023-12-06,BANKNIFTY,47100PE,09:16:00,10:29:00,91.45,388.6,-63.69426751592356,-18926.75159235669
2023-12-06,CLOSED,STRADDLE,2023-12-06,BANKNIFTY,47200CE,09:16:00,09:37:00,170.95,46.5,-63.559322033898304,7909.957627118643
2023-12-06,CLOSED,STRADDLE,2023-12-06,BANKNIFTY,47200PE,09:16:00,09:37:00,132.65,407.75,-63.559322033898304,-17485.169491525427
2023-12-06,CLOSED,STRADDLE,2023-12-06,BANKNIFTY,47300CE,09:16:00,09:32:00,125.4,40.35,-63.424947145877375,5394.291754756871
2023-12-06,CLOSED,STRADDLE,2023-12-06,BANKNIFTY,47300PE,09:16:00,09:32:00,187.55,425.95,-63.424947145877375,-15120.507399577165
2023-12-06,CLOSED,STRADDLE,2023-12-06,BANKNIFTY,47400CE,09:16:00,09:27:00,89.35,42.05,-63.29113924050633,2993.6708860759495
2023-12-06,CLOSED,STRADDLE,2023-12-06,BANKNIFTY,47400PE,09:16:00,09:27:00,250.85,420.15,-63.29113924050633,-10715.189873417721
2023-12-06,CLOSED,REBALANCE,2023-12-06,BANKNIFTY,46900CE,09:27:00,15:22:00,232.55,0.1,-63.96588486140725,14868.869936034116
2023-12-06,CLOSED,REBALANCE,2023-12-06,BANKNIFTY,46900PE,09:27:00,15:22:00,113.9,64.35,-63.96588486140725,3169.5095948827297
2023-12-06,CLOSED,REBALANCE,2023-12-06,BANKNIFTY,46800CE,09:32:00,15:22:00,232.7,35.65,-64.1025641025641,12631.410256410256
2023-12-06,CLOSED,REBALANCE,2023-12-06,BANKNIFTY,46800PE,09:32:00,15:22:00,116.9,0.15,-64.1025641025641,7483.974358974359
2023-12-06,CLOSED,REBALANCE,2023-12-06,BANKNIFTY,46700CE,09:37:00,15:22:00,247.3,135.15,-64.23982869379014,7204.496788008565
2023-12-06,CLOSED,REBALANCE,2023-12-06,BANKNIFTY,46700PE,09:37:00,15:22:00,110.45,0.05,-64.23982869379014,7092.077087794432
2023-12-06,CLOSED,REBALANCE,2023-12-06,BANKNIFTY,46600CE,10:29:00,11:00:00,190.7,342.15,-64.37768240343348,-9750.0
2023-12-06,CLOSED,REBALANCE,2023-12-06,BANKNIFTY,46600PE,10:29:00,11:00:00,62.0,18.4,-64.37768240343348,2806.8669527897
2023-12-06,CLOSED,REBALANCE UP,2023-12-06,BANKNIFTY,47100CE,11:00:00,15:22:00,45.05,0.1,-63.69426751592356,2863.057324840764
2023-12-06,CLOSED,REBALANCE UP,2023-12-06,BANKNIFTY,47100PE,11:00:00,15:22:00,222.6,264.35,-63.69426751592356,-2659.2356687898105
2023-12-13,CLOSED,HEDGE,2023-12-13,BANKNIFTY,46300PE,09:16:00,15:22:00,4.35,0.1,323.9740820734341,-1376.889848812095
2023-12-13,CLOSED,HEDGE,2023-12-13,BANKNIFTY,47700CE,09:16:00,15:22:00,5.0,0.05,314.4654088050314,-1556.6037735849056
2023-12-13,CLOSED,STRADDLE,2023-12-13,BANKNIFTY,46800CE,09:16:00,13:18:00,288.15,372.6,-64.1025641025641,-5413.461538461542
2023-12-13,CLOSED,STRADDLE,2023-12-13,BANKNIFTY,46800PE,09:16:00,13:18:00,34.9,3.7,-64.1025641025641,2000.0
2023-12-13,CLOSED,STRADDLE,2023-12-13,BANKNIFTY,46900CE,09:16:00,15:22:00,214.55,187.0,-63.96588486140725,1762.2601279317703
2023-12-13,CLOSED,STRADDLE,2023-12-13,BANKNIFTY,46900PE,09:16:00,15:22:00,59.45,0.05,-63.96588486140725,3799.5735607675906
2023-12-13,CLOSED,STRADDLE,2023-12-13,BANKNIFTY,47000CE,09:16:00,15:22:00,145.4,87.25,-63.829787234042556,3711.702127659575
2023-12-13,CLOSED,STRADDLE,2023-12-13,BANKNIFTY,47000PE,09:16:00,15:22:00,91.05,0.1,-63.829787234042556,5805.319148936171
2023-12-13,CLOSED,STRADDLE,2023-12-13,BANKNIFTY,47100CE,09:16:00,15:22:00,93.3,0.1,-63.69426751592356,5936.3057324840765
2023-12-13,CLOSED,STRADDLE,2023-12-13,BANKNIFTY,47100PE,09:16:00,15:22:00,141.35,12.8,-63.69426751592356,8187.898089171973
2023-12-13,CLOSED,STRADDLE,2023-12-13,BANKNIFTY,47200CE,09:16:00,15:22:00,59.45,0.1,-63.559322033898304,3772.2457627118642
2023-12-13,CLOSED,STRADDLE,2023-12-13,BANKNIFTY,47200PE,09:16:00,15:22:00,204.15,112.5,-63.559322033898304,5825.21186440678
2023-12-13,CLOSED,REBALANCE UP,2023-12-13,BANKNIFTY,47300CE,13:18:00,15:22:00,22.55,0.1,-63.424947145877375,1423.8900634249471
2023-12-13,CLOSED,REBALANCE UP,2023-12-13,BANKNIFTY,47300PE,13:18:00,15:22:00,153.65,212.55,-63.424947145877375,-3735.729386892178
2023-12-20,SL CLOSED,HEDGE,2023-12-20,BANKNIFTY,47400PE,09:16:00,15:16:00,5.75,4.1,316.45569620253167,-522.1518987341774
2023-12-20,SL CLOSED,HEDGE,2023-12-20,BANKNIFTY,48800CE,09:16:00,15:16:00,4.9,0.1,307.37704918032784,-1475.409836065574
2023-12-20,CLOSED,STRADDLE,2023-12-20,BANKNIFTY,47900CE,09:16:00,14:33:00,239.5,3.4,-62.63048016701461,14787.05636743215
2023-12-20,CLOSED,STRADDLE,2023-12-20,BANKNIFTY,47900PE,09:16:00,14:33:00,50.0,305.45,-62.63048016701461,-15998.956158663881
2023-12-20,CLOSED,STRADDLE,2023-12-20,BANKNIFTY,48000CE,09:16:00,14:04:00,168.55,4.35,-62.5,10262.500000000002
2023-12-20,CLOSED,STRADDLE,2023-12-20,BANKNIFTY,48000PE,09:16:00,14:04:00,80.4,318.9,-62.5,-14906.249999999998
2023-12-20,CLOSED,STRADDLE,2023-12-20,BANKNIFTY,48100CE,09:16:00,13:28:00,113.15,8.7,-62.37006237006237,6514.553014553015
2023-12-20,CLOSED,STRADDLE,2023-12-20,BANKNIFTY,48100PE,09:16:00,13:28:00,123.2,334.55,-62.37006237006237,-13181.912681912683
2023-12-20,CLOSED,STRADDLE,2023-12-20,BANKNIFTY,48200CE,09:16:00,13:17:00,72.55,5.1,-62.24066390041494,4198.132780082988
2023-12-20,CLOSED,STRADDLE,2023-12-20,BANKNIFTY,48200PE,09:16:00,13:17:00,183.8,326.75,-62.24066390041494,-8897.302904564314
2023-12-20,CLOSED,STRADDLE,2023-12-20,BANKNIFTY,48300CE,09:16:00,10:09:00,45.1,13.8,-62.11180124223603,1944.0993788819876
2023-12-20,CLOSED,STRADDLE,2023-12-20,BANKNIFTY,48300PE,09:16:00,10:09:00,257.0,370.1,-62.11180124223603,-7024.844720496896
2023-12-20,CLOSED,REBALANCE,2023-12-20,BANKNIFTY,47800CE,10:09:00,14:49:00,185.75,2.35,-62.76150627615063,11510.460251046024
2023-12-20,CLOSED,REBALANCE,2023-12-20,BANKNIFTY,47800PE,10:09:00,14:49:00,45.4,347.65,-62.76150627615063,-18969.665271966525
2023-12-20,SL CLOSED,REBALANCE,2023-12-20,BANKNIFTY,47700CE,13:17:00,15:16:00,190.85,0.1,-62.893081761006286,11996.855345911948
2023-12-20,SL CLOSED,REBALANCE,2023-12-20,BANKNIFTY,47700PE,13:17:00,15:16:00,12.65,239.05,-62.893081761006286,-14238.993710691824
2023-12-20,SL CLOSED,REBALANCE,2023-12-20,BANKNIFTY,47600CE,13:28:00,15:16:00,197.6,0.45,-63.02521008403362,12425.420168067229
2023-12-20,SL CLOSED,REBALANCE,2023-12-20,BANKNIFTY,47600PE,13:28:00,15:16:00,22.05,140.4,-63.02521008403362,-7459.033613445379
2023-12-20,SL CLOSED,REBALANCE,2023-12-20,BANKNIFTY,47500CE,14:04:00,15:16:00,207.35,1.35,-63.1578947368421,13010.526315789473
2023-12-20,SL CLOSED,REBALANCE,2023-12-20,BANKNIFTY,47500PE,14:04:00,15:16:00,21.45,41.6,-63.1578947368421,-1272.6315789473686
2023-12-20,SL CLOSED,REBALANCE,2023-12-20,BANKNIFTY,47400CE,14:33:00,15:16:00,213.4,63.5,-63.29113924050633,9487.3417721519
2023-12-20,SL CLOSED,REBALANCE,2023-12-20,BANKNIFTY,47400PE,14:33:00,15:16:00,15.2,4.1,-63.29113924050633,702.5316455696203
2023-12-20,SL CLOSED,REBALANCE,2023-12-20,BANKNIFTY,47300CE,14:49:00,15:16:00,165.25,161.7,-63.424947145877375,225.15856236786541
2023-12-20,SL CLOSED,REBALANCE,2023-12-20,BANKNIFTY,47300PE,14:49:00,15:16:00,13.05,1.25,-63.424947145877375,748.4143763213531
2023-12-28,CLOSED,HEDGE,2023-12-28,BANKNIFTY,47700PE,09:16:00,15:22:00,14.5,0.05,314.4654088050314,-4544.025157232703
2023-12-28,CLOSED,HEDGE,2023-12-28,BANKNIFTY,49100CE,09:16:00,15:22:00,9.35,0.15,305.4989816700611,-2810.590631364562
2023-12-28,CLOSED,STRADDLE,2023-12-28,BANKNIFTY,48200CE,09:16:00,09:22:00,295.2,410.95,-62.24066390041494,-7204.356846473029
2023-12-28,CLOSED,STRADDLE,2023-12-28,BANKNIFTY,48200PE,09:16:00,09:22:00,70.85,58.1,-62.24066390041494,793.56846473029
2023-12-28,CLOSED,STRADDLE,2023-12-28,BANKNIFTY,48300CE,09:16:00,15:22:00,224.55,211.0,-62.11180124223603,841.6149068322989
2023-12-28,CLOSED,STRADDLE,2023-12-28,BANKNIFTY,48300PE,09:16:00,15:22:00,98.55,0.2,-62.11180124223603,6108.695652173913
2023-12-28,CLOSED,STRADDLE,2023-12-28,BANKNIFTY,48400CE,09:16:00,15:22:00,162.4,111.75,-61.98347107438016,3139.4628099173556
2023-12-28,CLOSED,STRADDLE,2023-12-28,BANKNIFTY,48400PE,09:16:00,15:22:00,139.2,0.25,-61.98347107438016,8612.603305785124
2023-12-28,CLOSED,STRADDLE,2023-12-28,BANKNIFTY,48500CE,09:16:00,15:22:00,115.95,11.4,-61.855670103092784,6467.01030927835
2023-12-28,CLOSED,STRADDLE,2023-12-28,BANKNIFTY,48500PE,09:16:00,15:22:00,189.6,0.6,-61.855670103092784,11690.721649484536
2023-12-28,CLOSED,STRADDLE,2023-12-28,BANKNIFTY,48600CE,09:16:00,15:22:00,77.95,0.45,-61.72839506172839,4783.95061728395
2023-12-28,CLOSED,STRADDLE,2023-12-28,BANKNIFTY,48600PE,09:16:00,15:22:00,254.75,89.8,-61.72839506172839,10182.098765432098
2023-12-28,CLOSED,REBALANCE UP,2023-12-28,BANKNIFTY,48700CE,09:22:00,10:07:00,113.45,50.4,-61.60164271047228,3883.983572895277
2023-12-28,CLOSED,REBALANCE UP,2023-12-28,BANKNIFTY,48700PE,09:22:00,10:07:00,259.2,366.7,-61.60164271047228,-6622.17659137577
2023-12-28,CLOSED,REBALANCE,2023-12-28,BANKNIFTY,48200CE,10:07:00,11:14:00,275.85,398.0,-62.24066390041494,-7602.697095435683
2023-12-28,CLOSED,REBALANCE,2023-12-28,BANKNIFTY,48200PE,10:07:00,11:14:00,89.25,21.0,-62.24066390041494,4247.925311203319
2023-12-28,CLOSED,REBALANCE UP,2023-12-28,BANKNIFTY,48700CE,11:14:00,15:22:00,57.1,0.2,-61.60164271047228,3505.1334702258723
2023-12-28,CLOSED,REBALANCE UP,2023-12-28,BANKNIFTY,48700PE,11:14:00,15:22:00,178.25,189.6,-61.60164271047228,-699.17864476386
2024-01-03,CLOSED,HEDGE,2024-01-03,BANKNIFTY,46900PE,09:16:00,15:22:00,9.65,0.05,319.8294243070362,-3070.3624733475476
2024-01-03,CLOSED,HEDGE,2024-01-03,BANKNIFTY,48300CE,09:16:00,15:22:00,8.85,0.1,310.55900621118013,-2717.391304347826
2024-01-03,CLOSED,STRADDLE,2024-01-03,BANKNIFTY,47400CE,09:16:00,11:44:00,223.25,355.95,-63.29113924050633,-8398.73417721519
2024-01-03,CLOSED,STRADDLE,2024-01-03,BANKNIFTY,47400PE,09:16:00,11:44:00,88.8,7.35,-63.29113924050633,5155.063291139241
2024-01-03,CLOSED,STRADDLE,2024-01-03,BANKNIFTY,47500CE,09:16:00,15:22:00,165.45,204.05,-63.1578947368421,-2437.894736842107
2024-01-03,CLOSED,STRADDLE,2024-01-03,BANKNIFTY,47500PE,09:16:00,15:22:00,129.95,0.15,-63.1578947368421,8197.894736842103
2024-01-03,CLOSED,STRADDLE,2024-01-03,BANKNIFTY,47600CE,09:16:00,15:22:00,117.05,104.05,-63.02521008403362,819.327731092437
2024-01-03,CLOSED,STRADDLE,2024-01-03,BANKNIFTY,47600PE,09:16:00,15:22:00,181.8,0.1,-63.02521008403362,11451.680672268909
2024-01-03,CLOSED,STRADDLE,2024-01-03,BANKNIFTY,47700CE,09:16:00,15:22:00,83.25,4.9,-62.893081761006286,4927.672955974842
2024-01-03,CLOSED,STRADDLE,2024-01-03,BANKNIFTY,47700PE,09:16:00,15:22:00,248.4,1.1,-62.893081761006286,15553.459119496856
2024-01-03,CLOSED,STRADDLE,2024-01-03,BANKNIFTY,47800CE,09:16:00,15:22:00,57.75,0.15,-62.76150627615063,3615.0627615062763
2024-01-03,CLOSED,STRADDLE,2024-01-03,BANKNIFTY,47800PE,09:16:00,15:22:00,322.25,96.15,-62.76150627615063,14190.376569037657
2024-01-03,CLOSED,REBALANCE UP,2024-01-03,BANKNIFTY,47900CE,11:44:00,12:27:00,33.65,5.95,-62.63048016701461,1734.8643006263046
2024-01-03,CLOSED,REBALANCE UP,2024-01-03,BANKNIFTY,47900PE,11:44:00,12:27:00,182.7,359.8,-62.63048016701461,-11091.85803757829
2024-01-03,CLOSED,REBALANCE,2024-01-03,BANKNIFTY,47400CE,12:27:00,13:13:00,171.1,322.0,-63.29113924050633,-9550.632911392406
2024-01-03,CLOSED,REBALANCE,2024-01-03,BANKNIFTY,47400PE,12:27:00,13:13:00,22.15,6.8,-63.29113924050633,971.5189873417721
2024-01-03,CLOSED,REBALANCE UP,2024-01-03,BANKNIFTY,47900CE,13:13:00,15:22:00,13.9,0.15,-62.63048016701461,861.1691022964509
2024-01-03,CLOSED,REBALANCE UP,2024-01-03,BANKNIFTY,47900PE,13:13:00,15:22:00,199.45,195.9,-62.63048016701461,222.3382045929008
2024-01-10,CLOSED,HEDGE,2024-01-10,BANKNIFTY,46400PE,09:16:00,15:22:00,7.6,0.05,323.2758620689656,-2440.73275862069
2024-01-10,CLOSED,HEDGE,2024-01-10,BANKNIFTY,47800CE,09:16:00,15:22:00,7.3,0.1,313.8075313807531,-2259.4142259414225
2024-01-10,CLOSED,STRADDLE,2024-01-10,BANKNIFTY,46900CE,09:16:00,09:35:00,266.25,369.65,-63.96588486140725,-6614.072494669508
2024-01-10,CLOSED,STRADDLE,2024-01-10,BANKNIFTY,46900PE,09:16:00,09:35:00,65.45,30.65,-63.96588486140725,2226.0127931769725
2024-01-10,CLOSED,STRADDLE,2024-01-10,BANKNIFTY,47000CE,09:16:00,10:16:00,196.25,391.0,-63.829787234042556,-12430.851063829788
2024-01-10,CLOSED,STRADDLE,2024-01-10,BANKNIFTY,47000PE,09:16:00,10:16:00,96.5,20.4,-63.829787234042556,4857.446808510638
2024-01-10,CLOSED,STRADDLE,2024-01-10,BANKNIFTY,47100CE,09:16:00,15:22:00,137.0,258.5,-63.69426751592356,-7738.853503184713
2024-01-10,CLOSED,STRADDLE,2024-01-10,BANKNIFTY,47100PE,09:16:00,15:22:00,138.25,0.15,-63.69426751592356,8796.178343949045
2024-01-10,CLOSED,STRADDLE,2024-01-10,BANKNIFTY,47200CE,09:16:00,15:22:00,94.15,159.0,-63.559322033898304,-4121.822033898305
2024-01-10,CLOSED,STRADDLE,2024-01-10,BANKNIFTY,47200PE,09:16:00,15:22:00,194.4,0.1,-63.559322033898304,12349.57627118644
2024-01-10,CLOSED,STRADDLE,2024-01-10,BANKNIFTY,47300CE,09:16:00,15:22:00,61.05,58.55,-63.424947145877375,158.56236786469344
2024-01-10,CLOSED,STRADDLE,2024-01-10,BANKNIFTY,47300PE,09:16:00,15:22:00,261.35,0.05,-63.424947145877375,16572.938689217757
2024-01-10,CLOSED,REBALANCE UP,2024-01-10,BANKNIFTY,47400CE,09:35:00,15:22:00,71.45,0.35,-63.29113924050633,4500.000000000001
2024-01-10,CLOSED,REBALANCE UP,2024-01-10,BANKNIFTY,47400PE,09:35:00,15:22:00,233.0,41.3,-63.29113924050633,12132.911392405063
2024-01-10,CLOSED,REBALANCE UP,2024-01-10,BANKNIFTY,47500CE,10:16:00,12:46:00,60.6,8.7,-63.1578947368421,3277.8947368421054
2024-01-10,CLOSED,REBALANCE UP,2024-01-10,BANKNIFTY,47500PE,10:16:00,12:46:00,195.55,341.75,-63.1578947368421,-9233.684210526315
2024-01-10,CLOSED,REBALANCE,2024-01-10,BANKNIFTY,47000CE,12:46:00,14:00:00,213.55,353.55,-63.829787234042556,-8936.170212765957
2024-01-10,CLOSED,REBALANCE,2024-01-10,BANKNIFTY,47000PE,12:46:00,14:00:00,43.75,9.75,-63.829787234042556,2170.212765957447
2024-01-10,CLOSED,REBALANCE UP,2024-01-10,BANKNIFTY,47500CE,14:00:00,15:22:00,23.65,0.1,-63.1578947368421,1487.3684210526314
2024-01-10,CLOSED,REBALANCE UP,2024-01-10,BANKNIFTY,47500PE,14:00:00,15:22:00,178.05,141.55,-63.1578947368421,2305.2631578947367
2024-01-17,SL CLOSED,HEDGE,2024-01-17,BANKNIFTY,46100PE,09:16:00,14:50:00,49.8,100.45,325.3796095444685,16480.477223427333
2024-01-17,SL CLOSED,HEDGE,2024-01-17,BANKNIFTY,47500CE,09:16:00,14:50:00,103.6,1.45,315.7894736842105,-32257.894736842103
2024-01-17,CLOSED,STRADDLE,2024-01-17,BANKNIFTY,46600CE,09:16:00,09:18:00,815.25,594.55,-64.37768240343348,14208.154506437773
2024-01-17,CLOSED,STRADDLE,2024-01-17,BANKNIFTY,46600PE,09:16:00,09:18:00,103.95,86.6,-64.37768240343348,1116.9527896995714
2024-01-17,CLOSED,STRADDLE,2024-01-17,BANKNIFTY,46700CE,09:16:00,09:19:00,745.2,565.45,-64.23982869379014,11547.109207708778
2024-01-17,CLOSED,STRADDLE,2024-01-17,BANKNIFTY,46700PE,09:16:00,09:19:00,113.45,82.1,-64.23982869379014,2013.9186295503216
2024-01-17,CLOSED,STRADDLE,2024-01-17,BANKNIFTY,46800CE,09:16:00,09:21:00,624.8,496.5,-64.1025641025641,8224.358974358971
2024-01-17,CLOSED,STRADDLE,2024-01-17,BANKNIFTY,46800PE,09:16:00,09:21:00,123.8,64.65,-64.1025641025641,3791.666666666666
2024-01-17,CLOSED,STRADDLE,2024-01-17,BANKNIFTY,46900CE,09:16:00,11:17:00,564.8,50.8,-63.96588486140725,32878.46481876333
2024-01-17,CLOSED,STRADDLE,2024-01-17,BANKNIFTY,46900PE,09:16:00,11:17:00,134.2,443.1,-63.96588486140725,-19759.061833688702
2024-01-17,CLOSED,STRADDLE,2024-01-17,BANKNIFTY,47000CE,09:16:00,10:39:00,472.15,56.5,-63.829787234042556,26530.85106382979
2024-01-17,CLOSED,STRADDLE,2024-01-17,BANKNIFTY,47000PE,09:16:00,10:39:00,145.8,475.95,-63.829787234042556,-21073.404255319147
2024-01-17,CLOSED,REBALANCE UP,2024-01-17,BANKNIFTY,47100CE,09:18:00,10:38:00,239.15,46.75,-63.69426751592356,12254.777070063694
2024-01-17,CLOSED,REBALANCE UP,2024-01-17,BANKNIFTY,47100PE,09:18:00,10:38:00,232.9,492.95,-63.69426751592356,-16563.69426751592
2024-01-17,CLOSED,REBALANCE UP,2024-01-17,BANKNIFTY,47200CE,09:19:00,10:36:00,211.8,40.65,-63.559322033898304,10878.177966101695
2024-01-17,CLOSED,REBALANCE UP,2024-01-17,BANKNIFTY,47200PE,09:19:00,10:36:00,231.1,429.8,-63.559322033898304,-12629.237288135595
2024-01-17,CLOSED,REBALANCE UP,2024-01-17,BANKNIFTY,47300CE,09:21:00,09:27:00,161.05,68.8,-63.424947145877375,5850.951374207189
2024-01-17,CLOSED,REBALANCE UP,2024-01-17,BANKNIFTY,47300PE,09:21:00,09:27:00,230.6,423.6,-63.424947145877375,-12241.014799154334
2024-01-17,CLOSED,REBALANCE,2024-01-17,BANKNIFTY,46800CE,09:27:00,11:43:00,288.35,42.95,-64.1025641025641,15730.769230769232
2024-01-17,CLOSED,REBALANCE,2024-01-17,BANKNIFTY,46800PE,09:27:00,11:43:00,146.1,505.9,-64.1025641025641,-23064.102564102563
2024-01-17,CLOSED,REBALANCE,2024-01-17,BANKNIFTY,46700CE,10:36:00,11:44:00,211.35,53.45,-64.23982869379014,10143.468950749462
2024-01-17,CLOSED,REBALANCE,2024-01-17,BANKNIFTY,46700PE,10:36:00,11:44:00,100.8,493.3,-64.23982869379014,-25214.13276231263
2024-01-17,CLOSED,REBALANCE,2024-01-17,BANKNIFTY,46600CE,10:38:00,12:38:00,193.3,46.75,-64.37768240343348,9434.549356223177
2024-01-17,CLOSED,REBALANCE,2024-01-17,BANKNIFTY,46600PE,10:38:00,12:38:00,140.1,414.45,-64.37768240343348,-17662.01716738198
2024-01-17,CLOSED,REBALANCE,2024-01-17,BANKNIFTY,46500CE,10:39:00,14:44:00,208.75,3.85,-64.51612903225806,13219.354838709678
2024-01-17,CLOSED,REBALANCE,2024-01-17,BANKNIFTY,46500PE,10:39:00,14:44:00,130.3,346.75,-64.51612903225806,-13964.516129032258
2024-01-17,SL CLOSED,REBALANCE,2024-01-17,BANKNIFTY,46400CE,11:17:00,14:50:00,217.55,5.25,-64.65517241379311,13726.293103448277
2024-01-17,SL CLOSED,REBALANCE,2024-01-17,BANKNIFTY,46400PE,11:17:00,14:50:00,113.7,371.15,-64.65517241379311,-16645.474137931036
2024-01-17,SL CLOSED,REBALANCE,2024-01-17,BANKNIFTY,46300CE,11:43:00,14:50:00,184.45,7.1,-64.79481641468682,11491.360691144708
2024-01-17,SL CLOSED,REBALANCE,2024-01-17,BANKNIFTY,46300PE,11:43:00,14:50:00,147.45,272.8,-64.79481641468682,-8122.030237580994
2024-01-17,SL CLOSED,REBALANCE,2024-01-17,BANKNIFTY,46200CE,11:44:00,14:50:00,207.65,15.25,-64.93506493506493,12493.506493506493
2024-01-17,SL CLOSED,REBALANCE,2024-01-17,BANKNIFTY,46200PE,11:44:00,14:50:00,145.7,179.65,-64.93506493506493,-2204.5454545454554
2024-01-17,SL CLOSED,REBALANCE,2024-01-17,BANKNIFTY,46100CE,12:38:00,14:50:00,232.8,38.0,-65.0759219088937,12676.789587852494
2024-01-17,SL CLOSED,REBALANCE,2024-01-17,BANKNIFTY,46100PE,12:38:00,14:50:00,96.15,100.45,-65.0759219088937,-279.8264642082427
2024-01-17,SL CLOSED,REBALANCE,2024-01-17,BANKNIFTY,46000CE,14:44:00,14:50:00,171.75,81.8,-65.21739130434783,5866.304347826087
2024-01-17,SL CLOSED,REBALANCE,2024-01-17,BANKNIFTY,46000PE,14:44:00,14:50:00,14.25,51.85,-65.21739130434783,-2452.1739130434785
2024-01-25,CLOSED,HEDGE,2024-01-25,BANKNIFTY,44300PE,09:16:00,14:32:00,29.65,2.9,338.6004514672686,-9057.562076749435
2024-01-25,CLOSED,HEDGE,2024-01-25,BANKNIFTY,45700CE,09:16:00,15:22:00,30.4,0.35,328.2275711159738,-9863.238512035012
2024-01-25,CLOSED,STRADDLE,2024-01-25,BANKNIFTY,44800CE,09:16:00,12:59:00,336.6,12.85,-66.96428571428571,21679.687499999996
2024-01-25,CLOSED,STRADDLE,2024-01-25,BANKNIFTY,44800PE,09:16:00,12:59:00,117.7,394.0,-66.96428571428571,-18502.23214285714
2024-01-25,CLOSED,STRADDLE,2024-01-25,BANKNIFTY,44900CE,09:16:00,10:44:00,273.4,56.3,-66.815144766147,14505.567928730512
2024-01-25,CLOSED,STRADDLE,2024-01-25,BANKNIFTY,44900PE,09:16:00,10:44:00,153.3,414.35,-66.815144766147,-17442.093541202674
2024-01-25,CLOSED,STRADDLE,2024-01-25,BANKNIFTY,45000CE,09:16:00,10:19:00,214.65,53.65,-66.66666666666667,10733.333333333334
2024-01-25,CLOSED,STRADDLE,2024-01-25,BANKNIFTY,45000PE,09:16:00,10:19:00,195.6,468.4,-66.66666666666667,-18186.666666666664
2024-01-25,CLOSED,STRADDLE,2024-01-25,BANKNIFTY,45100CE,09:16:00,10:17:00,167.0,46.0,-66.51884700665188,8048.780487804877
2024-01-25,CLOSED,STRADDLE,2024-01-25,BANKNIFTY,45100PE,09:16:00,10:17:00,249.25,441.35,-66.51884700665188,-12778.270509977829
2024-01-25,CLOSED,STRADDLE,2024-01-25,BANKNIFTY,45200CE,09:16:00,09:46:00,129.35,51.8,-66.3716814159292,5147.123893805309
2024-01-25,CLOSED,STRADDLE,2024-01-25,BANKNIFTY,45200PE,09:16:00,09:46:00,310.2,438.6,-66.3716814159292,-8522.123893805312
2024-01-25,CLOSED,REBALANCE,2024-01-25,BANKNIFTY,44700CE,09:46:00,15:22:00,249.05,145.05,-67.11409395973155,6979.865771812081
2024-01-25,CLOSED,REBALANCE,2024-01-25,BANKNIFTY,44700PE,09:46:00,15:22:00,132.3,0.6,-67.11409395973155,8838.926174496646
2024-01-25,CLOSED,REBALANCE,2024-01-25,BANKNIFTY,44600CE,10:17:00,15:19:00,244.6,262.1,-67.26457399103138,-1177.130044843051
2024-01-25,CLOSED,REBALANCE,2024-01-25,BANKNIFTY,44600PE,10:17:00,15:19:00,137.15,0.35,-67.26457399103138,9201.793721973094
2024-01-25,CLOSED,REBALANCE,2024-01-25,BANKNIFTY,44500CE,10:19:00,15:11:00,251.7,281.4,-67.41573033707866,-2002.2471910112354
2024-01-25,CLOSED,REBALANCE,2024-01-25,BANKNIFTY,44500PE,10:19:00,15:11:00,167.35,0.15,-67.41573033707866,11271.91011235955
2024-01-25,CLOSED,REBALANCE,2024-01-25,BANKNIFTY,44400CE,10:44:00,11:41:00,269.45,368.85,-67.56756756756756,-6716.2162162162185
2024-01-25,CLOSED,REBALANCE,2024-01-25,BANKNIFTY,44400PE,10:44:00,11:41:00,129.25,39.95,-67.56756756756756,6033.783783783783
2024-01-25,CLOSED,REBALANCE UP,2024-01-25,BANKNIFTY,44900CE,11:41:00,11:51:00,69.95,26.05,-66.815144766147,2933.184855233854
2024-01-25,CLOSED,REBALANCE UP,2024-01-25,BANKNIFTY,44900PE,11:41:00,11:51:00,240.15,429.8,-66.815144766147,-12671.49220489978
2024-01-25,CLOSED,REBALANCE,2024-01-25,BANKNIFTY,44400CE,11:51:00,15:06:00,199.7,297.8,-67.56756756756756,-6628.378378378379
2024-01-25,CLOSED,REBALANCE,2024-01-25,BANKNIFTY,44400PE,11:51:00,15:06:00,104.6,0.65,-67.56756756756756,7023.648648648647
2024-01-25,CLOSED,REBALANCE,2024-01-25,BANKNIFTY,44300CE,12:59:00,14:32:00,171.15,304.95,-67.72009029345372,-9060.948081264107
2024-01-25,CLOSED,REBALANCE,2024-01-25,BANKNIFTY,44300PE,12:59:00,14:32:00,50.35,2.9,-67.72009029345372,3213.3182844243793
2024-01-25,CLOSED,REBALANCE UP,2024-01-25,BANKNIFTY,44800CE,14:32:00,15:22:00,11.0,46.7,-66.96428571428571,-2390.625
2024-01-25,CLOSED,REBALANCE UP,2024-01-25,BANKNIFTY,44800PE,14:32:00,15:22:00,210.35,1.6,-66.96428571428571,13978.794642857141
2024-01-25,CLOSED,REBALANCE UP,2024-01-25,BANKNIFTY,44900CE,15:06:00,15:22:00,3.45,1.75,-66.815144766147,113.58574610244992
2024-01-25,CLOSED,REBALANCE UP,2024-01-25,BANKNIFTY,44900PE,15:06:00,15:22:00,206.55,56.3,-66.815144766147,10038.975501113588
2024-01-25,CLOSED,REBALANCE UP,2024-01-25,BANKNIFTY,45000CE,15:11:00,15:22:00,2.6,0.85,-66.66666666666667,116.66666666666667
2024-01-25,CLOSED,REBALANCE UP,2024-01-25,BANKNIFTY,45000PE,15:11:00,15:22:00,222.05,158.0,-66.66666666666667,4270.000000000001
2024-01-25,CLOSED,REBALANCE UP,2024-01-25,BANKNIFTY,45100CE,15:19:00,15:22:00,1.3,0.7,-66.51884700665188,39.91130820399113
2024-01-25,CLOSED,REBALANCE UP,2024-01-25,BANKNIFTY,45100PE,15:19:00,15:22:00,240.1,255.0,-66.51884700665188,-991.1308203991134
2024-02-07,CLOSED,HEDGE,2024-02-07,BANKNIFTY,45300PE,09:16:00,15:22:00,15.45,0.1,331.1258278145695,-5082.781456953642
2024-02-07,CLOSED,HEDGE,2024-02-07,BANKNIFTY,46700CE,09:16:00,15:22:00,16.65,0.05,321.19914346895075,-5331.905781584582
2024-02-07,CLOSED,STRADDLE,2024-02-07,BANKNIFTY,45800CE,09:16:00,15:22:00,284.45,16.45,-65.50218340611353,17554.585152838426
2024-02-07,CLOSED,STRADDLE,2024-02-07,BANKNIFTY,45800PE,09:16:00,15:22:00,90.1,0.55,-65.50218340611353,5865.720524017466
2024-02-07,CLOSED,STRADDLE,2024-02-07,BANKNIFTY,45900CE,09:16:00,15:22:00,216.1,0.2,-65.359477124183,14111.111111111111
2024-02-07,CLOSED,STRADDLE,2024-02-07,BANKNIFTY,45900PE,09:16:00,15:22:00,121.0,83.5,-65.359477124183,2450.9803921568628
2024-02-07,CLOSED,STRADDLE,2024-02-07,BANKNIFTY,46000CE,09:16:00,11:39:00,166.25,12.0,-65.21739130434783,10059.782608695652
2024-02-07,CLOSED,STRADDLE,2024-02-07,BANKNIFTY,46000PE,09:16:00,11:39:00,174.4,377.8,-65.21739130434783,-13265.217391304348
2024-02-07,CLOSED,STRADDLE,2024-02-07,BANKNIFTY,46100CE,09:16:00,11:32:00,121.4,12.55,-65.0759219088937,7083.51409978308
2024-02-07,CLOSED,STRADDLE,2024-02-07,BANKNIFTY,46100PE,09:16:00,11:32:00,226.0,377.6,-65.0759219088937,-9865.509761388286
2024-02-07,CLOSED,STRADDLE,2024-02-07,BANKNIFTY,46200CE,09:16:00,10:04:00,86.55,24.8,-64.93506493506493,4009.7402597402593
2024-02-07,CLOSED,STRADDLE,2024-02-07,BANKNIFTY,46200PE,09:16:00,10:04:00,297.9,369.15,-64.93506493506493,-4626.623376623376
2024-02-07,CLOSED,REBALANCE,2024-02-07,BANKNIFTY,45700CE,10:04:00,15:22:00,213.4,116.0,-65.64551422319475,6393.873085339169
2024-02-07,CLOSED,REBALANCE,2024-02-07,BANKNIFTY,45700PE,10:04:00,15:22:00,60.05,0.15,-65.64551422319475,3932.1663019693656
2024-02-07,CLOSED,REBALANCE,2024-02-07,BANKNIFTY,45600CE,11:32:00,15:22:00,186.8,216.05,-65.78947368421052,-1924.3421052631577
2024-02-07,CLOSED,REBALANCE,2024-02-07,BANKNIFTY,45600PE,11:32:00,15:22:00,47.85,0.15,-65.78947368421052,3138.157894736842
2024-02-07,CLOSED,REBALANCE,2024-02-07,BANKNIFTY,45500CE,11:39:00,14:19:00,192.45,306.0,-65.93406593406593,-7486.813186813187
2024-02-07,CLOSED,REBALANCE,2024-02-07,BANKNIFTY,45500PE,11:39:00,14:19:00,58.3,2.45,-65.93406593406593,3682.417582417582
2024-02-07,CLOSED,REBALANCE UP,2024-02-07,BANKNIFTY,46000CE,14:19:00,15:22:00,7.8,0.15,-65.21739130434783,498.9130434782609
2024-02-07,CLOSED,REBALANCE UP,2024-02-07,BANKNIFTY,46000PE,14:19:00,15:22:00,202.5,184.45,-65.21739130434783,1177.173913043479
2024-02-14,SL CLOSED,HEDGE,2024-02-14,BANKNIFTY,44400PE,09:16:00,14:24:00,43.95,1.4,337.8378378378378,-14375.0
2024-02-14,CLOSED,HEDGE,2024-02-14,BANKNIFTY,45800CE,09:16:00,13:32:00,13.45,17.85,327.51091703056767,1441.0480349344984
2024-02-14,CLOSED,STRADDLE,2024-02-14,BANKNIFTY,44900CE,09:16:00,10:15:00,276.75,439.2,-66.815144766147,-10854.12026726058
2024-02-14,CLOSED,STRADDLE,2024-02-14,BANKNIFTY,44900PE,09:16:00,10:15:00,136.3,36.5,-66.815144766147,6668.151447661471
2024-02-14,CLOSED,STRADDLE,2024-02-14,BANKNIFTY,45000CE,09:16:00,10:56:00,208.05,385.2,-66.66666666666667,-11810.0
2024-02-14,CLOSED,STRADDLE,2024-02-14,BANKNIFTY,45000PE,09:16:00,10:56:00,171.05,29.6,-66.66666666666667,9430.000000000002
2024-02-14,CLOSED,STRADDLE,2024-02-14,BANKNIFTY,45100CE,09:16:00,10:58:00,152.35,396.15,-66.51884700665188,-16217.294900221728
2024-02-14,CLOSED,STRADDLE,2024-02-14,BANKNIFTY,45100PE,09:16:00,10:58:00,211.6,30.2,-66.51884700665188,12066.518847006651
2024-02-14,CLOSED,STRADDLE,2024-02-14,BANKNIFTY,45200CE,09:16:00,12:29:00,105.75,416.3,-66.3716814159292,-20611.725663716814
2024-02-14,CLOSED,STRADDLE,2024-02-14,BANKNIFTY,45200PE,09:16:00,12:29:00,267.3,26.55,-66.3716814159292,15978.982300884956
2024-02-14,CLOSED,STRADDLE,2024-02-14,BANKNIFTY,45300CE,09:16:00,09:26:00,73.2,48.35,-66.2251655629139,1645.6953642384105
2024-02-14,CLOSED,STRADDLE,2024-02-14,BANKNIFTY,45300PE,09:16:00,09:26:00,331.85,436.85,-66.2251655629139,-6953.6423841059595
2024-02-14,CLOSED,REBALANCE,2024-02-14,BANKNIFTY,44800CE,09:26:00,09:50:00,252.3,410.7,-66.96428571428571,-10607.142857142855
2024-02-14,CLOSED,REBALANCE,2024-02-14,BANKNIFTY,44800PE,09:26:00,09:50:00,144.65,47.8,-66.96428571428571,6485.491071428572
2024-02-14,CLOSED,REBALANCE UP,2024-02-14,BANKNIFTY,45300CE,09:50:00,13:00:00,90.8,386.75,-66.2251655629139,-19599.33774834437
2024-02-14,CLOSED,REBALANCE UP,2024-02-14,BANKNIFTY,45300PE,09:50:00,13:00:00,227.65,21.0,-66.2251655629139,13685.430463576158
2024-02-14,CLOSED,REBALANCE UP,2024-02-14,BANKNIFTY,45400CE,10:15:00,13:05:00,91.05,437.8,-66.07929515418502,-22912.995594713655
2024-02-14,CLOSED,REBALANCE UP,2024-02-14,BANKNIFTY,45400PE,10:15:00,13:05:00,193.7,22.25,-66.07929515418502,11329.295154185022
2024-02-14,SL CLOSED,REBALANCE UP,2024-02-14,BANKNIFTY,45500CE,10:56:00,14:24:00,60.3,340.15,-65.93406593406593,-18451.648351648346
2024-02-14,SL CLOSED,REBALANCE UP,2024-02-14,BANKNIFTY,45500PE,10:56:00,14:24:00,204.5,9.65,-65.93406593406593,12847.252747252745
2024-02-14,CLOSED,REBALANCE UP,2024-02-14,BANKNIFTY,45600CE,10:58:00,11:33:00,74.2,24.0,-65.78947368421052,3302.6315789473683
2024-02-14,CLOSED,REBALANCE UP,2024-02-14,BANKNIFTY,45600PE,10:58:00,11:33:00,207.7,324.55,-65.78947368421052,-7687.500000000001
2024-02-14,CLOSED,REBALANCE,2024-02-14,BANKNIFTY,45100CE,11:33:00,12:07:00,248.0,396.0,-66.51884700665188,-9844.789356984478
2024-02-14,CLOSED,REBALANCE,2024-02-14,BANKNIFTY,45100PE,11:33:00,12:07:00,48.85,23.05,-66.51884700665188,1716.1862527716187
2024-02-14,SL CLOSED,REBALANCE UP,2024-02-14,BANKNIFTY,45600CE,12:07:00,14:24:00,63.25,250.45,-65.78947368421052,-12315.789473684208
2024-02-14,SL CLOSED,REBALANCE UP,2024-02-14,BANKNIFTY,45600PE,12:07:00,14:24:00,188.95,18.4,-65.78947368421052,11220.394736842103
2024-02-14,SL CLOSED,REBALANCE UP,2024-02-14,BANKNIFTY,45700CE,12:29:00,14:24:00,80.7,169.55,-65.64551422319475,-5832.603938730855
2024-02-14,SL CLOSED,REBALANCE UP,2024-02-14,BANKNIFTY,45700PE,12:29:00,14:24:00,190.6,37.25,-65.64551422319475,10066.739606126916
2024-02-14,CLOSED,REBALANCE UP,2024-02-14,BANKNIFTY,45800CE,13:00:00,13:32:00,60.65,17.85,-65.50218340611353,2803.493449781659
2024-02-14,CLOSED,REBALANCE UP,2024-02-14,BANKNIFTY,45800PE,13:00:00,13:32:00,189.85,329.75,-65.50218340611353,-9163.755458515283
2024-02-14,CLOSED,REBALANCE UP,2024-02-14,BANKNIFTY,45900CE,13:05:00,13:23:00,89.9,20.45,-65.359477124183,4539.21568627451
2024-02-14,CLOSED,REBALANCE UP,2024-02-14,BANKNIFTY,45900PE,13:05:00,13:23:00,174.95,312.45,-65.359477124183,-8986.928104575163
2024-02-14,CLOSED,REBALANCE,2024-02-14,BANKNIFTY,45400CE,13:23:00,14:18:00,245.6,391.5,-66.07929515418502,-9640.969162995594
2024-02-14,CLOSED,REBALANCE,2024-02-14,BANKNIFTY,45400PE,13:23:00,14:18:00,40.05,8.35,-66.07929515418502,2094.7136563876647
2024-02-14,CLOSED,REBALANCE,2024-02-14,BANKNIFTY,45300CE,13:32:00,14:14:00,228.05,350.3,-66.2251655629139,-8096.026490066224
2024-02-14,CLOSED,REBALANCE,2024-02-14,BANKNIFTY,45300PE,13:32:00,14:14:00,44.55,8.3,-66.2251655629139,2400.662251655629
2024-02-14,SL CLOSED,REBALANCE UP,2024-02-14,BANKNIFTY,45800CE,14:14:00,14:24:00,28.3,103.7,-65.50218340611353,-4938.86462882096
2024-02-14,SL CLOSED,REBALANCE UP,2024-02-14,BANKNIFTY,45800PE,14:14:00,14:24:00,184.45,72.1,-65.50218340611353,7359.170305676855
2024-02-14,SL CLOSED,REBALANCE UP,2024-02-14,BANKNIFTY,45900CE,14:18:00,14:24:00,54.5,57.75,-65.359477124183,-212.41830065359477
2024-02-14,SL CLOSED,REBALANCE UP,2024-02-14,BANKNIFTY,45900PE,14:18:00,14:24:00,164.75,123.35,-65.359477124183,2705.8823529411766
2024-02-21,CLOSED,HEDGE,2024-02-21,BANKNIFTY,46500PE,09:16:00,15:22:00,27.2,0.15,322.5806451612903,-8725.806451612903
2024-02-21,CLOSED,HEDGE,2024-02-21,BANKNIFTY,47900CE,09:16:00,15:22:00,21.0,0.05,313.1524008350731,-6560.542797494781
2024-02-21,CLOSED,STRADDLE,2024-02-21,BANKNIFTY,47000CE,09:16:00,09:48:00,318.65,374.25,-63.829787234042556,-3548.9361702127676
2024-02-21,CLOSED,STRADDLE,2024-02-21,BANKNIFTY,47000PE,09:16:00,09:48:00,98.9,46.5,-63.829787234042556,3344.6808510638302
2024-02-21,CLOSED,STRADDLE,2024-02-21,BANKNIFTY,47100CE,09:16:00,15:22:00,253.2,0.25,-63.69426751592356,16111.464968152864
2024-02-21,CLOSED,STRADDLE,2024-02-21,BANKNIFTY,47100PE,09:16:00,15:22:00,131.25,62.25,-63.69426751592356,4394.904458598726
2024-02-21,CLOSED,STRADDLE,2024-02-21,BANKNIFTY,47200CE,09:16:00,15:22:00,191.2,0.15,-63.559322033898304,12143.00847457627
2024-02-21,CLOSED,STRADDLE,2024-02-21,BANKNIFTY,47200PE,09:16:00,15:22:00,171.8,161.7,-63.559322033898304,641.9491525423743
2024-02-21,CLOSED,STRADDLE,2024-02-21,BANKNIFTY,47300CE,09:16:00,10:41:00,146.0,31.2,-63.424947145877375,7281.183932346723
2024-02-21,CLOSED,STRADDLE,2024-02-21,BANKNIFTY,47300PE,09:16:00,10:41:00,225.3,404.05,-63.424947145877375,-11337.20930232558
2024-02-21,CLOSED,STRADDLE,2024-02-21,BANKNIFTY,47400CE,09:16:00,10:20:00,106.65,32.25,-63.29113924050633,4708.860759493671
2024-02-21,CLOSED,STRADDLE,2024-02-21,BANKNIFTY,47400PE,09:16:00,10:20:00,287.5,415.35,-63.29113924050633,-8091.772151898736
2024-02-21,CLOSED,REBALANCE UP,2024-02-21,BANKNIFTY,47500CE,09:48:00,10:15:00,85.15,30.45,-63.1578947368421,3454.7368421052633
2024-02-21,CLOSED,REBALANCE UP,2024-02-21,BANKNIFTY,47500PE,09:48:00,10:15:00,257.4,439.2,-63.1578947368421,-11482.105263157895
2024-02-21,CLOSED,REBALANCE,2024-02-21,BANKNIFTY,47000CE,10:15:00,15:22:00,192.25,38.85,-63.829787234042556,9791.489361702128
2024-02-21,CLOSED,REBALANCE,2024-02-21,BANKNIFTY,47000PE,10:15:00,15:22:00,101.95,0.9,-63.829787234042556,6450.0
2024-02-21,CLOSED,REBALANCE,2024-02-21,BANKNIFTY,46900CE,10:20:00,12:43:00,213.65,331.65,-63.96588486140725,-7547.974413646053
2024-02-21,CLOSED,REBALANCE,2024-02-21,BANKNIFTY,46900PE,10:20:00,12:43:00,99.9,10.35,-63.96588486140725,5728.14498933902
2024-02-21,CLOSED,REBALANCE,2024-02-21,BANKNIFTY,46800CE,10:41:00,11:38:00,210.0,337.55,-64.1025641025641,-8176.282051282052
2024-02-21,CLOSED,REBALANCE,2024-02-21,BANKNIFTY,46800PE,10:41:00,11:38:00,90.45,20.9,-64.1025641025641,4458.333333333334
2024-02-21,CLOSED,REBALANCE UP,2024-02-21,BANKNIFTY,47300CE,11:38:00,15:22:00,45.9,0.05,-63.424947145877375,2908.033826638478
2024-02-21,CLOSED,REBALANCE UP,2024-02-21,BANKNIFTY,47300PE,11:38:00,15:22:00,227.7,260.75,-63.424947145877375,-2096.194503171248
2024-02-21,CLOSED,REBALANCE UP,2024-02-21,BANKNIFTY,47400CE,12:43:00,14:02:00,30.6,4.75,-63.29113924050633,1636.0759493670887
2024-02-21,CLOSED,REBALANCE UP,2024-02-21,BANKNIFTY,47400PE,12:43:00,14:02:00,210.0,330.45,-63.29113924050633,-7623.417721518987
2024-02-21,CLOSED,REBALANCE,2024-02-21,BANKNIFTY,46900CE,14:02:00,15:22:00,195.75,138.0,-63.96588486140725,3694.0298507462685
2024-02-21,CLOSED,REBALANCE,2024-02-21,BANKNIFTY,46900PE,14:02:00,15:22:00,25.85,0.3,-63.96588486140725,1634.3283582089553
2024-02-29,CLOSED,HEDGE,2024-02-29,BANKNIFTY,45200PE,09:16:00,15:22:00,34.75,0.05,331.858407079646,-11515.486725663717
2024-02-29,CLOSED,HEDGE,2024-02-29,BANKNIFTY,46600CE,09:16:00,15:22:00,27.65,0.15,321.8884120171674,-8851.931330472104
2024-02-29,CLOSED,STRADDLE,2024-02-29,BANKNIFTY,45700CE,09:16:00,09:54:00,286.5,393.85,-65.64551422319475,-7047.045951859958
2024-02-29,CLOSED,STRADDLE,2024-02-29,BANKNIFTY,45700PE,09:16:00,09:54:00,146.9,80.7,-65.64551422319475,4345.733041575493
2024-02-29,CLOSED,STRADDLE,2024-02-29,BANKNIFTY,45800CE,09:16:00,13:17:00,230.4,348.5,-65.50218340611353,-7735.807860262008
2024-02-29,CLOSED,STRADDLE,2024-02-29,BANKNIFTY,45800PE,09:16:00,13:17:00,187.65,21.3,-65.50218340611353,10896.288209606986
2024-02-29,CLOSED,STRADDLE,2024-02-29,BANKNIFTY,45900CE,09:16:00,14:44:00,180.05,404.15,-65.359477124183,-14647.058823529409
2024-02-29,CLOSED,STRADDLE,2024-02-29,BANKNIFTY,45900PE,09:16:00,14:44:00,240.4,5.15,-65.359477124183,15375.816993464052
2024-02-29,CLOSED,STRADDLE,2024-02-29,BANKNIFTY,46000CE,09:16:00,15:22:00,142.25,122.85,-65.21739130434783,1265.2173913043482
2024-02-29,CLOSED,STRADDLE,2024-02-29,BANKNIFTY,46000PE,09:16:00,15:22:00,299.1,0.25,-65.21739130434783,19490.21739130435
2024-02-29,CLOSED,STRADDLE,2024-02-29,BANKNIFTY,46100CE,09:16:00,10:10:00,109.05,73.25,-65.0759219088937,2329.7180043383946
2024-02-29,CLOSED,STRADDLE,2024-02-29,BANKNIFTY,46100PE,09:16:00,10:10:00,371.65,497.95,-65.0759219088937,-8219.088937093276
2024-02-29,CLOSED,REBALANCE UP,2024-02-29,BANKNIFTY,46200CE,09:54:00,10:08:00,114.8,62.8,-64.93506493506493,3376.6233766233763
2024-02-29,CLOSED,REBALANCE UP,2024-02-29,BANKNIFTY,46200PE,09:54:00,10:08:00,300.15,510.9,-64.93506493506493,-13685.064935064935
2024-02-29,CLOSED,REBALANCE,2024-02-29,BANKNIFTY,45700CE,10:08:00,12:46:00,236.65,337.65,-65.64551422319475,-6630.1969365426685
2024-02-29,CLOSED,REBALANCE,2024-02-29,BANKNIFTY,45700PE,10:08:00,12:46:00,181.8,26.9,-65.64551422319475,10168.490153172868
2024-02-29,CLOSED,REBALANCE,2024-02-29,BANKNIFTY,45600CE,10:10:00,12:44:00,259.55,383.6,-65.78947368421052,-8161.184210526316
2024-02-29,CLOSED,REBALANCE,2024-02-29,BANKNIFTY,45600PE,10:10:00,12:44:00,187.0,25.65,-65.78947368421052,10615.131578947367
2024-02-29,CLOSED,REBALANCE UP,2024-02-29,BANKNIFTY,46100CE,12:44:00,15:22:00,69.85,24.3,-65.0759219088937,2964.208242950108
2024-02-29,CLOSED,REBALANCE UP,2024-02-29,BANKNIFTY,46100PE,12:44:00,15:22:00,210.2,1.0,-65.0759219088937,13613.882863340563
2024-02-29,CLOSED,REBALANCE UP,2024-02-29,BANKNIFTY,46200CE,12:46:00,15:22:00,55.0,0.5,-64.93506493506493,3538.961038961039
2024-02-29,CLOSED,REBALANCE UP,2024-02-29,BANKNIFTY,46200PE,12:46:00,15:22:00,249.9,77.85,-64.93506493506493,11172.077922077922
2024-02-29,CLOSED,REBALANCE UP,2024-02-29,BANKNIFTY,46300CE,13:17:00,15:06:00,59.25,1.6,-64.79481641468682,3735.4211663066953
2024-02-29,CLOSED,REBALANCE UP,2024-02-29,BANKNIFTY,46300PE,13:17:00,15:06:00,235.15,299.0,-64.79481641468682,-4137.149028077753
2024-02-29,CLOSED,REBALANCE UP,2024-02-29,BANKNIFTY,46400CE,14:44:00,14:59:00,45.8,4.65,-64.65517241379311,2660.5603448275865
2024-02-29,CLOSED,REBALANCE UP,2024-02-29,BANKNIFTY,46400PE,14:44:00,14:59:00,144.6,331.8,-64.65517241379311,-12103.44827586207
2024-02-29,CLOSED,REBALANCE,2024-02-29,BANKNIFTY,45900CE,14:59:00,15:21:00,192.25,226.55,-65.359477124183,-2241.830065359478
2024-02-29,CLOSED,REBALANCE,2024-02-29,BANKNIFTY,45900PE,14:59:00,15:21:00,18.05,0.25,-65.359477124183,1163.3986928104575
2024-02-29,CLOSED,REBALANCE,2024-02-29,BANKNIFTY,45800CE,15:06:00,15:15:00,204.0,316.75,-65.50218340611353,-7385.371179039301
2024-02-29,CLOSED,REBALANCE,2024-02-29,BANKNIFTY,45800PE,15:06:00,15:15:00,3.8,0.25,-65.50218340611353,232.53275109170303
2024-02-29,CLOSED,REBALANCE UP,2024-02-29,BANKNIFTY,46300CE,15:15:00,15:22:00,0.75,0.25,-64.79481641468682,32.39740820734341
2024-02-29,CLOSED,REBALANCE UP,2024-02-29,BANKNIFTY,46300PE,15:15:00,15:22:00,182.75,177.0,-64.79481641468682,372.5701943844492
2024-02-29,CLOSED,REBALANCE UP,2024-02-29,BANKNIFTY,46400CE,15:21:00,15:22:00,0.4,0.2,-64.65517241379311,12.931034482758623
2024-02-29,CLOSED,REBALANCE UP,2024-02-29,BANKNIFTY,46400PE,15:21:00,15:22:00,274.35,276.9,-64.65517241379311,-164.87068965516949
2024-03-06,CLOSED,HEDGE,2024-03-06,BANKNIFTY,46800PE,09:16:00,15:22:00,20.65,0.05,320.5128205128205,-6602.564102564102
2024-03-06,CLOSED,HEDGE,2024-03-06,BANKNIFTY,48200CE,09:16:00,15:22:00,9.7,0.15,311.2033195020747,-2971.991701244813
2024-03-06,CLOSED,STRADDLE,2024-03-06,BANKNIFTY,47300CE,09:16:00,09:42:00,289.45,506.9,-63.424947145877375,-13791.754756871034
2024-03-06,CLOSED,STRADDLE,2024-03-06,BANKNIFTY,47300PE,09:16:00,09:42:00,93.25,55.5,-63.424947145877375,2394.291754756871
2024-03-06,CLOSED,STRADDLE,2024-03-06,BANKNIFTY,47400CE,09:16:00,09:43:00,221.5,496.95,-63.29113924050633,-17433.54430379747
2024-03-06,CLOSED,STRADDLE,2024-03-06,BANKNIFTY,47400PE,09:16:00,09:43:00,124.65,68.25,-63.29113924050633,3569.6202531645577
2024-03-06,CLOSED,STRADDLE,2024-03-06,BANKNIFTY,47500CE,09:16:00,09:45:00,162.25,511.0,-63.1578947368421,-22026.315789473683
2024-03-06,CLOSED,STRADDLE,2024-03-06,BANKNIFTY,47500PE,09:16:00,09:45:00,165.15,61.5,-63.1578947368421,6546.315789473684
2024-03-06,CLOSED,STRADDLE,2024-03-06,BANKNIFTY,47600CE,09:16:00,09:52:00,115.85,480.0,-63.02521008403362,-22950.63025210084
2024-03-06,CLOSED,STRADDLE,2024-03-06,BANKNIFTY,47600PE,09:16:00,09:52:00,217.85,61.2,-63.02521008403362,9872.899159663864
2024-03-06,CLOSED,STRADDLE,2024-03-06,BANKNIFTY,47700CE,09:16:00,10:16:00,80.25,451.1,-62.893081761006286,-23323.899371069183
2024-03-06,CLOSED,STRADDLE,2024-03-06,BANKNIFTY,47700PE,09:16:00,10:16:00,283.3,73.55,-62.893081761006286,13191.82389937107
2024-03-06,CLOSED,REBALANCE UP,2024-03-06,BANKNIFTY,47800CE,09:42:00,14:06:00,167.15,325.0,-62.76150627615063,-9906.903765690377
2024-03-06,CLOSED,REBALANCE UP,2024-03-06,BANKNIFTY,47800PE,09:42:00,14:06:00,217.1,5.35,-62.76150627615063,13289.748953974895
2024-03-06,CLOSED,REBALANCE UP,2024-03-06,BANKNIFTY,47900CE,09:43:00,15:22:00,170.0,68.25,-62.63048016701461,6372.651356993737
2024-03-06,CLOSED,REBALANCE UP,2024-03-06,BANKNIFTY,47900PE,09:43:00,15:22:00,232.45,0.25,-62.63048016701461,14542.797494780792
2024-03-06,CLOSED,REBALANCE UP,2024-03-06,BANKNIFTY,48000CE,09:45:00,15:22:00,168.3,0.8,-62.5,10468.75
2024-03-06,CLOSED,REBALANCE UP,2024-03-06,BANKNIFTY,48000PE,09:45:00,15:22:00,222.8,32.5,-62.5,11893.75
2024-03-06,CLOSED,REBALANCE UP,2024-03-06,BANKNIFTY,48100CE,09:52:00,09:59:00,142.3,57.85,-62.37006237006237,5267.151767151769
2024-03-06,CLOSED,REBALANCE UP,2024-03-06,BANKNIFTY,48100PE,09:52:00,09:59:00,223.05,363.9,-62.37006237006237,-8784.823284823282
2024-03-06,CLOSED,REBALANCE,2024-03-06,BANKNIFTY,47600CE,09:59:00,10:09:00,304.6,479.05,-63.02521008403362,-10994.747899159664
2024-03-06,CLOSED,REBALANCE,2024-03-06,BANKNIFTY,47600PE,09:59:00,10:09:00,108.6,63.7,-63.02521008403362,2829.8319327731087
2024-03-06,CLOSED,REBALANCE UP,2024-03-06,BANKNIFTY,48100CE,10:09:00,15:22:00,135.1,0.2,-62.37006237006237,8413.721413721414
2024-03-06,CLOSED,REBALANCE UP,2024-03-06,BANKNIFTY,48100PE,10:09:00,15:22:00,219.1,132.4,-62.37006237006237,5407.484407484407
2024-03-06,CLOSED,REBALANCE UP,2024-03-06,BANKNIFTY,48200CE,10:16:00,15:22:00,124.65,0.15,-62.24066390041494,7748.962655601659
2024-03-06,CLOSED,REBALANCE UP,2024-03-06,BANKNIFTY,48200PE,10:16:00,15:22:00,246.5,232.0,-62.24066390041494,902.4896265560166
2024-03-06,CLOSED,REBALANCE UP,2024-03-06,BANKNIFTY,48300CE,14:06:00,15:08:00,21.25,0.25,-62.11180124223603,1304.3478260869565
2024-03-06,CLOSED,REBALANCE UP,2024-03-06,BANKNIFTY,48300PE,14:06:00,15:08:00,202.65,295.3,-62.11180124223603,-5754.658385093168
2024-03-06,CLOSED,REBALANCE,2024-03-06,BANKNIFTY,47800CE,15:08:00,15:22:00,208.0,168.05,-62.76150627615063,2507.3221757322167
2024-03-06,CLOSED,REBALANCE,2024-03-06,BANKNIFTY,47800PE,15:08:00,15:22:00,0.9,0.15,-62.76150627615063,47.07112970711297
2024-03-13,CLOSED,HEDGE,2024-03-13,BANKNIFTY,46700PE,09:16:00,15:22:00,19.55,0.1,321.19914346895075,-6247.323340471092
2024-03-13,CLOSED,HEDGE,2024-03-13,BANKNIFTY,48100CE,09:16:00,15:22:00,25.5,0.15,311.85031185031187,-7905.405405405406
2024-03-13,CLOSED,STRADDLE,2024-03-13,BANKNIFTY,47200CE,09:16:00,15:15:00,312.0,0.35,-63.559322033898304,19808.262711864405
2024-03-13,CLOSED,STRADDLE,2024-03-13,BANKNIFTY,47200PE,09:16:00,15:15:00,91.6,232.5,-63.559322033898304,-8955.50847457627
2024-03-13,CLOSED,STRADDLE,2024-03-13,BANKNIFTY,47300CE,09:16:00,14:14:00,246.25,4.25,-63.424947145877375,15348.837209302324
2024-03-13,CLOSED,STRADDLE,2024-03-13,BANKNIFTY,47300PE,09:16:00,14:14:00,125.4,389.1,-63.424947145877375,-16725.158562367866
2024-03-13,CLOSED,STRADDLE,2024-03-13,BANKNIFTY,47400CE,09:16:00,11:31:00,189.6,29.5,-63.29113924050633,10132.911392405063
2024-03-13,CLOSED,STRADDLE,2024-03-13,BANKNIFTY,47400PE,09:16:00,11:31:00,169.25,321.0,-63.29113924050633,-9604.430379746836
2024-03-13,CLOSED,STRADDLE,2024-03-13,BANKNIFTY,47500CE,09:16:00,11:25:00,145.75,23.35,-63.1578947368421,7730.526315789473
2024-03-13,CLOSED,STRADDLE,2024-03-13,BANKNIFTY,47500PE,09:16:00,11:25:00,221.85,371.0,-63.1578947368421,-9420.0
2024-03-13,CLOSED,STRADDLE,2024-03-13,BANKNIFTY,47600CE,09:16:00,09:55:00,109.4,43.55,-63.02521008403362,4150.210084033614
2024-03-13,CLOSED,STRADDLE,2024-03-13,BANKNIFTY,47600PE,09:16:00,09:55:00,290.0,351.75,-63.02521008403362,-3891.8067226890757
2024-03-13,CLOSED,REBALANCE,2024-03-13,BANKNIFTY,47100CE,09:55:00,10:15:00,262.75,390.7,-63.69426751592356,-8149.68152866242
2024-03-13,CLOSED,REBALANCE,2024-03-13,BANKNIFTY,47100PE,09:55:00,10:15:00,71.6,37.8,-63.69426751592356,2152.866242038216
2024-03-13,CLOSED,REBALANCE UP,2024-03-13,BANKNIFTY,47600CE,10:15:00,11:01:00,81.25,21.3,-63.02521008403362,3778.3613445378155
2024-03-13,CLOSED,REBALANCE UP,2024-03-13,BANKNIFTY,47600PE,10:15:00,11:01:00,224.6,331.3,-63.02521008403362,-6724.789915966388
2024-03-13,CLOSED,REBALANCE,2024-03-13,BANKNIFTY,47100CE,11:01:00,15:22:00,235.7,0.1,-63.69426751592356,15006.369426751591
2024-03-13,CLOSED,REBALANCE,2024-03-13,BANKNIFTY,47100PE,11:01:00,15:22:00,45.25,125.9,-63.69426751592356,-5136.9426751592355
2024-03-13,CLOSED,REBALANCE,2024-03-13,BANKNIFTY,47000CE,11:25:00,15:22:00,245.8,0.25,-63.829787234042556,15673.40425531915
2024-03-13,CLOSED,REBALANCE,2024-03-13,BANKNIFTY,47000PE,11:25:00,15:22:00,69.15,25.8,-63.829787234042556,2767.0212765957453
2024-03-13,CLOSED,REBALANCE,2024-03-13,BANKNIFTY,46900CE,11:31:00,15:22:00,266.95,73.75,-63.96588486140725,12358.20895522388
2024-03-13,CLOSED,REBALANCE,2024-03-13,BANKNIFTY,46900PE,11:31:00,15:22:00,57.8,0.2,-63.96588486140725,3684.434968017057
2024-03-13,CLOSED,REBALANCE,2024-03-13,BANKNIFTY,46800CE,14:14:00,15:22:00,154.15,173.45,-64.1025641025641,-1237.1794871794862
2024-03-13,CLOSED,REBALANCE,2024-03-13,BANKNIFTY,46800PE,14:14:00,15:22:00,35.2,0.1,-64.1025641025641,2250.0
2024-03-13,CLOSED,REBALANCE,2024-03-13,BANKNIFTY,46700CE,15:15:00,15:22:00,267.25,273.55,-64.23982869379014,-404.71092077087866
2024-03-13,CLOSED,REBALANCE,2024-03-13,BANKNIFTY,46700PE,15:15:00,15:22:00,0.5,0.1,-64.23982869379014,25.69593147751606
2024-03-20,CLOSED,HEDGE,2024-03-20,BANKNIFTY,45800PE,09:16:00,11:03:00,12.7,30.2,327.51091703056767,5731.441048034934
2024-03-20,CLOSED,HEDGE,2024-03-20,BANKNIFTY,47200CE,09:16:00,15:22:00,11.5,0.05,317.79661016949154,-3638.771186440678
2024-03-20,CLOSED,STRADDLE,2024-03-20,BANKNIFTY,46300CE,09:16:00,10:45:00,277.15,37.95,-64.79481641468682,15498.920086393087
2024-03-20,CLOSED,STRADDLE,2024-03-20,BANKNIFTY,46300PE,09:16:00,10:45:00,86.55,476.0,-64.79481641468682,-25234.34125269978
2024-03-20,CLOSED,STRADDLE,2024-03-20,BANKNIFTY,46400CE,09:16:00,10:44:00,209.8,31.3,-64.65517241379311,11540.94827586207
2024-03-20,CLOSED,STRADDLE,2024-03-20,BANKNIFTY,46400PE,09:16:00,10:44:00,118.7,551.75,-64.65517241379311,-27998.92241379311
2024-03-20,CLOSED,STRADDLE,2024-03-20,BANKNIFTY,46500CE,09:16:00,10:14:00,153.4,35.7,-64.51612903225806,7593.548387096775
2024-03-20,CLOSED,STRADDLE,2024-03-20,BANKNIFTY,46500PE,09:16:00,10:14:00,165.8,424.2,-64.51612903225806,-16670.96774193548
2024-03-20,CLOSED,STRADDLE,2024-03-20,BANKNIFTY,46600CE,09:16:00,10:03:00,113.15,28.0,-64.37768240343348,5481.759656652362
2024-03-20,CLOSED,STRADDLE,2024-03-20,BANKNIFTY,46600PE,09:16:00,10:03:00,223.0,400.8,-64.37768240343348,-11446.351931330473
2024-03-20,CLOSED,STRADDLE,2024-03-20,BANKNIFTY,46700CE,09:16:00,10:00:00,80.65,25.0,-64.23982869379014,3574.946466809422
2024-03-20,CLOSED,STRADDLE,2024-03-20,BANKNIFTY,46700PE,09:16:00,10:00:00,292.0,390.6,-64.23982869379014,-6334.04710920771
2024-03-20,CLOSED,REBALANCE,2024-03-20,BANKNIFTY,46200CE,10:00:00,10:48:00,210.2,42.9,-64.93506493506493,10863.636363636362
2024-03-20,CLOSED,REBALANCE,2024-03-20,BANKNIFTY,46200PE,10:00:00,10:48:00,70.1,394.0,-64.93506493506493,-21032.46753246753
2024-03-20,CLOSED,REBALANCE,2024-03-20,BANKNIFTY,46100CE,10:03:00,12:23:00,218.1,340.05,-65.0759219088937,-7936.008676789588
2024-03-20,CLOSED,REBALANCE,2024-03-20,BANKNIFTY,46100PE,10:03:00,12:23:00,90.7,13.75,-65.0759219088937,5007.592190889371
2024-03-20,CLOSED,REBALANCE,2024-03-20,BANKNIFTY,46000CE,10:14:00,12:17:00,216.0,362.0,-65.21739130434783,-9521.739130434782
2024-03-20,CLOSED,REBALANCE,2024-03-20,BANKNIFTY,46000PE,10:14:00,12:17:00,103.0,14.75,-65.21739130434783,5755.434782608696
2024-03-20,CLOSED,REBALANCE,2024-03-20,BANKNIFTY,45900CE,10:44:00,11:45:00,153.5,353.8,-65.359477124183,-13091.503267973856
2024-03-20,CLOSED,REBALANCE,2024-03-20,BANKNIFTY,45900PE,10:44:00,11:45:00,174.0,20.65,-65.359477124183,10022.875816993463
2024-03-20,CLOSED,REBALANCE,2024-03-20,BANKNIFTY,45800CE,10:45:00,11:03:00,190.8,382.55,-65.50218340611353,-12560.043668122269
2024-03-20,CLOSED,REBALANCE,2024-03-20,BANKNIFTY,45800PE,10:45:00,11:03:00,130.8,30.2,-65.50218340611353,6589.519650655022
2024-03-20,CLOSED,REBALANCE,2024-03-20,BANKNIFTY,45700CE,10:48:00,10:59:00,236.0,401.15,-65.64551422319475,-10841.356673960612
2024-03-20,CLOSED,REBALANCE,2024-03-20,BANKNIFTY,45700PE,10:48:00,10:59:00,86.4,28.1,-65.64551422319475,3827.1334792122543
2024-03-20,CLOSED,REBALANCE UP,2024-03-20,BANKNIFTY,46200CE,10:59:00,13:11:00,87.6,321.85,-64.93506493506493,-15211.038961038961
2024-03-20,CLOSED,REBALANCE UP,2024-03-20,BANKNIFTY,46200PE,10:59:00,13:11:00,213.9,12.15,-64.93506493506493,13100.64935064935
2024-03-20,CLOSED,REBALANCE UP,2024-03-20,BANKNIFTY,46300CE,11:03:00,13:23:00,72.0,344.65,-64.79481641468682,-17666.306695464362
2024-03-20,CLOSED,REBALANCE UP,2024-03-20,BANKNIFTY,46300PE,11:03:00,13:23:00,222.95,11.45,-64.79481641468682,13704.103671706263
2024-03-20,CLOSED,REBALANCE UP,2024-03-20,BANKNIFTY,46400CE,11:45:00,15:22:00,51.2,0.35,-64.65517241379311,3287.7155172413795
2024-03-20,CLOSED,REBALANCE UP,2024-03-20,BANKNIFTY,46400PE,11:45:00,15:22:00,218.55,82.0,-64.65517241379311,8828.66379310345
2024-03-20,CLOSED,REBALANCE UP,2024-03-20,BANKNIFTY,46500CE,12:17:00,15:22:00,41.9,0.15,-64.51612903225806,2693.548387096774
2024-03-20,CLOSED,REBALANCE UP,2024-03-20,BANKNIFTY,46500PE,12:17:00,15:22:00,198.65,181.75,-64.51612903225806,1090.3225806451617
2024-03-20,CLOSED,REBALANCE UP,2024-03-20,BANKNIFTY,46600CE,12:23:00,14:24:00,38.85,4.45,-64.37768240343348,2214.5922746781116
2024-03-20,CLOSED,REBALANCE UP,2024-03-20,BANKNIFTY,46600PE,12:23:00,14:24:00,210.65,368.35,-64.37768240343348,-10152.36051502146
2024-03-20,CLOSED,REBALANCE UP,2024-03-20,BANKNIFTY,46700CE,13:11:00,14:12:00,29.0,4.2,-64.23982869379014,1593.1477516059956
2024-03-20,CLOSED,REBALANCE UP,2024-03-20,BANKNIFTY,46700PE,13:11:00,14:12:00,214.5,388.0,-64.23982869379014,-11145.610278372591
2024-03-20,CLOSED,REBALANCE UP,2024-03-20,BANKNIFTY,46800CE,13:23:00,13:59:00,45.7,5.45,-64.1025641025641,2580.128205128205
2024-03-20,CLOSED,REBALANCE UP,2024-03-20,BANKNIFTY,46800PE,13:23:00,13:59:00,210.0,343.0,-64.1025641025641,-8525.641025641025
2024-03-20,CLOSED,REBALANCE,2024-03-20,BANKNIFTY,46300CE,13:59:00,15:22:00,182.2,18.75,-64.79481641468682,10590.71274298056
2024-03-20,CLOSED,REBALANCE,2024-03-20,BANKNIFTY,46300PE,13:59:00,15:22:00,21.3,0.3,-64.79481641468682,1360.6911447084233
2024-03-20,CLOSED,REBALANCE,2024-03-20,BANKNIFTY,46200CE,14:12:00,15:22:00,149.9,119.65,-64.93506493506493,1964.2857142857142
2024-03-20,CLOSED,REBALANCE,2024-03-20,BANKNIFTY,46200PE,14:12:00,15:22:00,28.8,0.15,-64.93506493506493,1860.3896103896104
2024-03-20,CLOSED,REBALANCE,2024-03-20,BANKNIFTY,46100CE,14:24:00,15:22:00,162.95,218.8,-65.0759219088937,-3634.490238611715
2024-03-20,CLOSED,REBALANCE,2024-03-20,BANKNIFTY,46100PE,14:24:00,15:22:00,25.05,0.1,-65.0759219088937,1623.6442516268978
2024-03-28,CLOSED,HEDGE,2024-03-28,BANKNIFTY,46200PE,,,10000.0,10000.0,324.67532467532465,0.0
2024-03-28,CLOSED,HEDGE,2024-03-28,BANKNIFTY,47600CE,,14:57:00,10000.0,10000.0,315.1260504201681,0.0
2024-03-28,CLOSED,STRADDLE,2024-03-28,BANKNIFTY,46700CE,,09:22:00,10000.0,10000.0,-64.23982869379014,0.0
2024-03-28,CLOSED,STRADDLE,2024-03-28,BANKNIFTY,46700PE,,09:22:00,10000.0,10000.0,-64.23982869379014,0.0
2024-03-28,CLOSED,STRADDLE,2024-03-28,BANKNIFTY,46800CE,,09:45:00,10000.0,10000.0,-64.1025641025641,0.0
2024-03-28,CLOSED,STRADDLE,2024-03-28,BANKNIFTY,46800PE,,09:45:00,10000.0,10000.0,-64.1025641025641,0.0
2024-03-28,CLOSED,STRADDLE,2024-03-28,BANKNIFTY,46900CE,,10:19:00,10000.0,10000.0,-63.96588486140725,0.0
2024-03-28,CLOSED,STRADDLE,2024-03-28,BANKNIFTY,46900PE,,10:19:00,10000.0,10000.0,-63.96588486140725,0.0
2024-03-28,CLOSED,STRADDLE,2024-03-28,BANKNIFTY,47000CE,,11:05:00,10000.0,10000.0,-63.829787234042556,0.0
2024-03-28,CLOSED,STRADDLE,2024-03-28,BANKNIFTY,47000PE,,11:05:00,10000.0,10000.0,-63.829787234042556,0.0
2024-03-28,CLOSED,STRADDLE,2024-03-28,BANKNIFTY,47100CE,,14:20:00,10000.0,10000.0,-63.69426751592356,0.0
2024-03-28,CLOSED,STRADDLE,2024-03-28,BANKNIFTY,47100PE,,14:20:00,10000.0,10000.0,-63.69426751592356,0.0
2024-03-28,CLOSED,REBALANCE,2024-03-28,BANKNIFTY,47200CE,,,10000.0,10000.0,-63.559322033898304,0.0
2024-03-28,CLOSED,REBALANCE,2024-03-28,BANKNIFTY,47200PE,,,10000.0,10000.0,-63.559322033898304,0.0
2024-03-28,CLOSED,REBALANCE,2024-03-28,BANKNIFTY,47300CE,,,10000.0,10000.0,-63.424947145877375,0.0
2024-03-28,CLOSED,REBALANCE,2024-03-28,BANKNIFTY,47300PE,,,10000.0,10000.0,-63.424947145877375,0.0
2024-03-28,CLOSED,REBALANCE,2024-03-28,BANKNIFTY,47400CE,,15:11:00,10000.0,10000.0,-63.29113924050633,0.0
2024-03-28,CLOSED,REBALANCE,2024-03-28,BANKNIFTY,47400PE,,15:11:00,10000.0,10000.0,-63.29113924050633,0.0
2024-03-28,CLOSED,REBALANCE,2024-03-28,BANKNIFTY,47500CE,,15:03:00,10000.0,10000.0,-63.1578947368421,0.0
2024-03-28,CLOSED,REBALANCE,2024-03-28,BANKNIFTY,47500PE,,15:03:00,10000.0,10000.0,-63.1578947368421,0.0
2024-03-28,CLOSED,REBALANCE,2024-03-28,BANKNIFTY,47600CE,,14:57:00,10000.0,10000.0,-63.02521008403362,0.0
2024-03-28,CLOSED,REBALANCE,2024-03-28,BANKNIFTY,47600PE,,14:57:00,10000.0,10000.0,-63.02521008403362,0.0
2024-03-28,CLOSED,REBALANCE DOWN,2024-03-28,BANKNIFTY,47100CE,,,10000.0,10000.0,-63.69426751592356,0.0
2024-03-28,CLOSED,REBALANCE DOWN,2024-03-28,BANKNIFTY,47100PE,,,10000.0,10000.0,-63.69426751592356,0.0
2024-03-28,CLOSED,REBALANCE DOWN,2024-03-28,BANKNIFTY,47000CE,,,10000.0,10000.0,-63.829787234042556,0.0
2024-03-28,CLOSED,REBALANCE DOWN,2024-03-28,BANKNIFTY,47000PE,,,10000.0,10000.0,-63.829787234042556,0.0
2024-03-28,CLOSED,REBALANCE DOWN,2024-03-28,BANKNIFTY,46900CE,,,10000.0,10000.0,-63.96588486140725,0.0
2024-03-28,CLOSED,REBALANCE DOWN,2024-03-28,BANKNIFTY,46900PE,,,10000.0,10000.0,-63.96588486140725,0.0
