,index,Trade No.,Entry_Date,Exit_Date,Trade_Type,Entry_Price,Initial SL,Exit_Price,Exit Remark,PnL,Slippage,PnL w cs,Qty,Profit_Loss INR,ROI%,Trade Year,Cumulative_PnL,ROI% w cs
0,0,0,2017-01-05 11:15:00+05:30,2017-01-20 12:15:00+05:30,Long,8264.3,8205.13125,8380.95,Trailing SL Hit,116.65000000000146,3.32905,113.32095000000146,9680.190699756786,1096968.406277618,10.96968406277618,2017,113.32095000000146,10.96968406277618
1,1,1,2017-01-24 09:15:00+05:30,2017-02-15 11:15:00+05:30,Long,8431.85,8366.925,8739.65,Trailing SL Hit,307.7999999999993,3.4343000000000004,304.36569999999926,9487.83481679584,2887771.48549843,28.8777148549843,2017,417.6866500000007,28.8777148549843
2,2,2,2017-02-17 09:15:00+05:30,2017-02-28 14:15:00+05:30,Long,8815.05,8755.45625,8872.7,Trailing SL Hit,57.650000000001455,3.53755,54.11245000000145,9075.38811464484,491091.4855843264,4.910914855843264,2017,471.79910000000217,4.910914855843264
3,3,3,2017-03-02 09:15:00+05:30,2017-03-02 14:15:00+05:30,Long,8984.15,8932.199999999999,8932.199999999999,Initial SL Hit,-51.95000000000073,3.5832699999999997,-55.533270000000726,8904.570827512898,-494499.9359984037,-4.944999359984037,2017,416.2658300000014,-4.944999359984037
4,4,4,2017-03-06 09:15:00+05:30,2017-03-08 10:15:00+05:30,Long,8951.9,8875.48125,8908.05,Trailing SL Hit,-43.850000000000364,3.5719899999999996,-47.42199000000036,8936.65032004379,-423793.74211061664,-4.2379374211061664,2017,368.843840000001,-4.2379374211061664
5,5,5,2017-03-14 09:15:00+05:30,2017-03-22 09:15:00+05:30,Long,9078.95,8942.475,9041.1,Trailing SL Hit,-37.850000000000364,3.6240100000000006,-41.47401000000036,8811.591648814014,-365452.0401588321,-3.6545204015883206,2017,327.36983000000066,-3.6545204015883206
6,6,6,2017-03-24 09:15:00+05:30,2017-03-27 09:15:00+05:30,Long,9123.4,9064.225,9064.225,Initial SL Hit,-59.17499999999927,3.637525,-62.81252499999927,8768.660806278362,-550781.7261108734,-5.507817261108734,2017,264.5573050000014,-5.507817261108734
7,7,7,2017-04-18 09:15:00+05:30,2017-04-18 12:15:00+05:30,Long,9213.5,9132.9125,9177.65,Trailing SL Hit,-35.850000000000364,3.6782300000000006,-39.52823000000036,8682.910945894611,-343220.1009388429,-3.4322010093884288,2017,225.02907500000106,-3.4322010093884288
8,8,8,2017-04-24 12:15:00+05:30,2017-05-05 11:15:00+05:30,Long,9199.4,9127.13125,9296.5,Trailing SL Hit,97.10000000000036,3.6991800000000006,93.40082000000037,8696.219318651216,812234.015261868,8.12234015261868,2017,318.4298950000014,8.12234015261868
9,9,9,2017-05-10 09:15:00+05:30,2017-05-18 15:15:00+05:30,Long,9382.2,9317.325,9423.75,Trailing SL Hit,41.54999999999927,3.7611900000000005,37.78880999999927,8526.784762635629,322217.04930612666,3.2221704930612667,2017,356.2187050000007,3.2221704930612667
10,10,10,2017-05-25 13:15:00+05:30,2017-06-09 09:15:00+05:30,Long,9462.9,9383.2625,9625.3,Trailing SL Hit,162.39999999999964,3.8176399999999995,158.58235999999962,8454.067991841825,1340666.053746734,13.40666053746734,2017,514.8010650000003,13.40666053746734
11,11,11,2017-06-22 11:15:00+05:30,2017-06-22 14:15:00+05:30,Long,9693.5,9635.71875,9635.71875,Initial SL Hit,-57.78125,3.8658437500000002,-61.64709375,8252.9530097488,-508770.567906329,-5.087705679063291,2017,453.1539712500003,-5.087705679063291
12,12,12,2017-07-03 09:15:00+05:30,2017-08-03 14:15:00+05:30,Long,9568.0,9487.9375,10020.05,Trailing SL Hit,452.0499999999993,3.9176100000000003,448.13238999999925,8361.204013377926,3746926.337792636,37.46926337792636,2017,901.2863612499996,37.46926337792636
13,13,13,2017-08-16 14:15:00+05:30,2017-08-18 09:15:00+05:30,Long,9895.55,9804.64375,9843.95,Trailing SL Hit,-51.599999999998545,3.9479,-55.54789999999854,8084.441996655063,-449073.775585984,-4.49073775585984,2017,845.738461250001,-4.49073775585984
14,14,14,2017-08-23 14:15:00+05:30,2017-08-29 09:15:00+05:30,Long,9854.05,9783.95,9840.4,Trailing SL Hit,-13.649999999999636,3.93889,-17.588889999999637,8118.489352093809,-142795.21618014632,-1.4279521618014632,2017,828.1495712500014,-1.4279521618014632
15,15,15,2017-08-30 11:15:00+05:30,2017-09-04 11:15:00+05:30,Long,9900.45,9824.099999999999,9881.15,Trailing SL Hit,-19.30000000000109,3.95632,-23.25632000000109,8080.440788044987,-187921.3167078352,-1.879213167078352,2017,804.8932512500003,-1.879213167078352
16,16,16,2017-09-11 11:15:00+05:30,2017-09-21 09:15:00+05:30,Long,10009.2,9941.725,10089.7,Trailing SL Hit,80.5,4.019780000000001,76.48022,7992.646764976222,611279.3829676697,6.112793829676697,2017,881.3734712500003,6.112793829676697
17,17,17,2017-10-12 14:15:00+05:30,2017-11-07 13:15:00+05:30,Long,10097.85,9999.568749999999,10362.35,Trailing SL Hit,264.5,4.09204,260.40796,7922.478547413558,2063076.4766757279,20.63076476675728,2017,1141.7814312500004,20.63076476675728
18,18,18,2017-11-17 09:15:00+05:30,2017-11-29 15:15:00+05:30,Long,10322.05,10192.512499999999,10350.65,Trailing SL Hit,28.600000000000364,4.134539999999999,24.465460000000363,7750.398418918723,189617.06250212208,1.8961706250212207,2017,1166.2468912500008,1.8961706250212207
19,19,19,2017-12-08 09:15:00+05:30,2017-12-13 09:15:00+05:30,Long,10238.8,10119.2,10226.75,Trailing SL Hit,-12.049999999999272,4.09311,-16.14310999999927,7813.415634644685,-126132.82806578328,-1.261328280657833,2017,1150.1037812500015,-1.261328280657833
20,20,20,2017-12-15 09:15:00+05:30,2017-12-18 09:15:00+05:30,Long,10360.3,10196.962500000001,10196.962500000001,Initial SL Hit,-163.33749999999782,4.1114525,-167.44895249999783,7721.784118220516,-1293004.6620271448,-12.930046620271447,2017,982.6548287500036,-12.930046620271447
21,21,21,2017-12-18 11:15:00+05:30,2018-01-01 14:15:00+05:30,Long,10430.35,10313.14375,10442.7,Trailing SL Hit,12.350000000000364,4.17461,8.175390000000363,7669.924786800059,62704.62640276012,0.6270462640276012,2017,990.830218750004,0.6270462640276012
22,22,22,2018-01-05 09:15:00+05:30,2018-01-31 13:15:00+05:30,Long,10554.25,10473.2125,11000.75,Trailing SL Hit,446.5,4.311,442.189,7579.884880498377,3351741.715422697,33.51741715422697,2018,1433.019218750004,33.51741715422697
23,23,23,2018-02-23 11:15:00+05:30,2018-02-28 12:15:00+05:30,Long,10459.95,10375.818749999999,10493.45,Trailing SL Hit,33.5,4.19068,29.30932,7648.220115774931,224164.1308036845,2.2416413080368454,2018,1462.328538750004,2.2416413080368454
24,24,24,2018-03-12 09:15:00+05:30,2018-03-14 11:15:00+05:30,Long,10333.5,10251.65625,10354.85,Trailing SL Hit,21.350000000000364,4.13767,17.212330000000364,7741.810615957807,133254.59911937185,1.3325459911937185,2018,1479.5408687500044,1.3325459911937185
25,25,25,2018-03-26 15:15:00+05:30,2018-03-28 09:15:00+05:30,Long,10140.8,10009.99375,10114.2,Trailing SL Hit,-26.599999999998545,4.051,-30.650999999998547,7888.923950773115,-241803.4080151353,-2.418034080151353,2018,1448.889868750006,-2.418034080151353
26,26,26,2018-04-05 14:15:00+05:30,2018-05-04 09:15:00+05:30,Long,10322.35,10224.38125,10641.85,Trailing SL Hit,319.5,4.19284,315.30716,7750.173167931721,2443685.091088754,24.436850910887543,2018,1764.197028750006,24.436850910887543
27,27,27,2018-05-07 14:15:00+05:30,2018-05-16 09:15:00+05:30,Long,10713.9,10645.949999999999,10711.55,Trailing SL Hit,-2.350000000000364,4.285089999999999,-6.635090000000363,7466.935476343815,-49543.788909736795,-0.49543788909736797,2018,1757.5619387500055,-0.49543788909736797
28,28,28,2018-05-25 13:15:00+05:30,2018-05-30 09:15:00+05:30,Long,10617.2,10524.86875,10586.05,Trailing SL Hit,-31.150000000001455,4.2406500000000005,-35.39065000000146,7534.94329955167,-266666.5410842893,-2.666665410842893,2018,1722.1712887500041,-2.666665410842893
29,29,29,2018-05-31 14:15:00+05:30,2018-06-04 13:15:00+05:30,Long,10732.6,10630.656249999998,10630.656249999998,Initial SL Hit,-101.94375000000218,4.27265125,-106.21640125000218,7453.925423476137,-791729.1336675339,-7.917291336675339,2018,1615.9548875000019,-7.917291336675339
30,30,30,2018-06-07 09:15:00+05:30,2018-06-15 12:15:00+05:30,Long,10764.75,10645.231249999999,10767.85,Trailing SL Hit,3.100000000000364,4.30652,-1.206519999999636,7431.6635314336145,-8966.45068394258,-0.0896645068394258,2018,1614.7483675000021,-0.0896645068394258
31,31,31,2018-06-22 14:15:00+05:30,2018-06-25 14:15:00+05:30,Long,10828.2,10733.175000000001,10763.35,Trailing SL Hit,-64.85000000000036,4.318310000000001,-69.16831000000036,7388.116215068063,-511023.5126798571,-5.110235126798571,2018,1545.5800575000017,-5.110235126798571
32,32,32,2018-06-29 14:15:00+05:30,2018-06-29 15:15:00+05:30,Long,10718.35,10633.9125,10711.4,Trailing SL Hit,-6.950000000000728,4.285950000000001,-11.235950000000727,7463.835385110581,-83863.28119533867,-0.8386328119533867,2018,1534.344107500001,-0.8386328119533867
33,33,33,2018-07-10 09:15:00+05:30,2018-07-19 14:15:00+05:30,Long,10915.6,10837.193749999999,10954.85,Trailing SL Hit,39.25,4.374090000000001,34.87591,7328.960386969108,255604.1628494998,2.556041628494998,2018,1569.220017500001,2.556041628494998
34,34,34,2018-07-24 09:15:00+05:30,2018-08-13 09:15:00+05:30,Long,11130.75,11044.956250000001,11357.7,Trailing SL Hit,226.95000000000073,4.49769,222.45231000000072,7187.296453518406,1598830.6987399824,15.988306987399826,2018,1791.6723275000018,15.988306987399826
35,35,35,2018-08-20 09:15:00+05:30,2018-09-03 14:15:00+05:30,Long,11541.0,11463.9875,11584.3,Trailing SL Hit,43.29999999999927,4.62506,38.674939999999275,6931.808335499523,268087.2714669389,2.680872714669389,2018,1830.347267500001,2.680872714669389
36,36,36,2018-09-14 12:15:00+05:30,2018-09-17 09:15:00+05:30,Long,11481.7,11376.143750000001,11419.1,Trailing SL Hit,-62.600000000000364,4.580160000000001,-67.18016000000037,6967.609326145082,-468085.1093479214,-4.680851093479214,2018,1763.1671075000006,-4.680851093479214
37,37,37,2018-10-16 09:15:00+05:30,2018-10-17 14:15:00+05:30,Long,10588.7,10454.66875,10454.66875,Initial SL Hit,-134.03125,4.208673750000001,-138.23992375,7555.223965170417,-1044433.5848593311,-10.444335848593312,2018,1624.9271837500005,-10.444335848593312
38,38,38,2018-10-29 14:15:00+05:30,2018-10-30 14:15:00+05:30,Long,10256.85,10076.45,10201.75,Trailing SL Hit,-55.100000000000364,4.09172,-59.191720000000366,7799.6655893378565,-461675.62165772426,-4.616756216577242,2018,1565.7354637500002,-4.616756216577242
39,39,39,2018-10-31 13:15:00+05:30,2018-11-13 10:15:00+05:30,Long,10318.3,10178.4875,10469.05,Trailing SL Hit,150.75,4.15747,146.59253,7753.215161412249,1136563.42614578,11.3656342614578,2018,1712.3279937500001,11.3656342614578
40,40,40,2018-11-13 14:15:00+05:30,2018-11-21 09:15:00+05:30,Long,10588.9,10482.96875,10602.65,Trailing SL Hit,13.75,4.23831,9.51169,7555.08126434285,71861.59091123725,0.7186159091123724,2018,1721.8396837500002,0.7186159091123724
41,41,41,2018-11-26 14:15:00+05:30,2018-12-05 13:15:00+05:30,Long,10635.7,10526.5625,10786.0,Trailing SL Hit,150.29999999999927,4.28434,146.0156599999993,7521.836832554509,1098305.9695177507,10.983059695177507,2018,1867.8553437499995,10.983059695177507
42,42,42,2018-12-12 10:15:00+05:30,2018-12-21 10:15:00+05:30,Long,10660.05,10504.1625,10831.6,Trailing SL Hit,171.5500000000011,4.298330000000001,167.2516700000011,7504.655231448258,1255166.1202339658,12.551661202339659,2018,2035.1070137500005,12.551661202339659
43,43,43,2018-12-27 09:15:00+05:30,2018-12-27 15:15:00+05:30,Long,10784.0,10629.512499999999,10773.7,Trailing SL Hit,-10.299999999999272,4.31154,-14.611539999999273,7418.39762611276,-108394.21364984625,-1.0839421364984625,2018,2020.4954737500013,-1.0839421364984625
44,44,44,2018-12-28 09:15:00+05:30,2019-01-02 12:15:00+05:30,Long,10878.55,10782.56875,10782.56875,Initial SL Hit,-95.98124999999891,4.332223750000001,-100.3134737499989,7353.921248695829,-737697.3861406082,-7.376973861406082,2018,1920.1820000000025,-7.376973861406082
45,45,45,2019-01-07 09:15:00+05:30,2019-01-07 14:15:00+05:30,Long,10815.35,10682.4375,10774.4,Trailing SL Hit,-40.95000000000073,4.317950000000001,-45.26795000000073,7396.8942290355835,-334842.23811527673,-3.3484223811527674,2019,1874.9140500000017,-3.3484223811527674
46,46,46,2019-01-09 09:15:00+05:30,2019-01-09 13:15:00+05:30,Long,10857.2,10772.21875,10772.21875,Initial SL Hit,-84.98125000000073,4.32588375,-89.30713375000073,7368.382271672253,-658049.1010573681,-6.580491010573681,2019,1785.606916250001,-6.580491010573681
47,47,47,2019-01-15 09:15:00+05:30,2019-01-22 11:15:00+05:30,Long,10821.25,10718.512499999999,10876.55,Trailing SL Hit,55.29999999999927,4.33956,50.960439999999274,7392.861268337761,376743.463093445,3.76743463093445,2019,1836.5673562500003,3.76743463093445
48,48,48,2019-01-25 09:15:00+05:30,2019-01-25 13:15:00+05:30,Long,10920.55,10822.81875,10822.81875,Initial SL Hit,-97.73124999999891,4.348673750000001,-102.07992374999891,7325.638360705277,-747800.6052808617,-7.478006052808617,2019,1734.4874325000014,-7.478006052808617
49,49,49,2019-01-31 11:15:00+05:30,2019-02-08 14:15:00+05:30,Long,10753.35,10656.31875,10935.7,Trailing SL Hit,182.35000000000036,4.337810000000001,178.01219000000037,7439.54209618398,1324329.1811389036,13.243291811389037,2019,1912.4996225000018,13.243291811389037
50,50,50,2019-02-20 15:15:00+05:30,2019-02-21 09:15:00+05:30,Long,10742.55,10655.493750000001,10730.35,Trailing SL Hit,-12.199999999998909,4.294580000000001,-16.49457999999891,7447.02142414976,-122835.49064234401,-1.2283549064234403,2019,1896.005042500003,-1.2283549064234403
51,51,51,2019-02-21 12:15:00+05:30,2019-02-26 09:15:00+05:30,Long,10787.15,10703.5125,10758.3,Trailing SL Hit,-28.850000000000364,4.309089999999999,-33.15909000000036,7416.231349336943,-245915.4827734878,-2.459154827734878,2019,1862.8459525000026,-2.459154827734878
52,52,52,2019-02-27 09:15:00+05:30,2019-02-27 11:15:00+05:30,Long,10915.1,10804.956250000001,10804.956250000001,Initial SL Hit,-110.14374999999927,4.34401125,-114.48776124999927,7329.296112724574,-839114.7034841587,-8.391147034841588,2019,1748.3581912500033,-8.391147034841588
53,53,53,2019-03-05 14:15:00+05:30,2019-03-25 09:15:00+05:30,Long,10986.15,10872.574999999999,11363.35,Trailing SL Hit,377.2000000000007,4.4699,372.73010000000073,7281.895841582356,2714181.765222581,27.14181765222581,2019,2121.088291250004,27.14181765222581
54,54,54,2019-03-26 14:15:00+05:30,2019-04-04 14:15:00+05:30,Long,11486.35,11361.43125,11592.2,Trailing SL Hit,105.85000000000036,4.615710000000001,101.23429000000036,6964.788640429727,705075.4330139712,7.0507543301397115,2019,2222.3225812500045,7.0507543301397115
55,55,55,2019-04-16 09:15:00+05:30,2019-04-22 09:15:00+05:30,Long,11776.25,11676.6125,11676.6125,Initial SL Hit,-99.63750000000073,4.6905725,-104.32807250000073,6793.334040972296,-708735.4463432806,-7.087354463432807,2019,2117.9945087500037,-7.087354463432807
56,56,56,2019-04-24 14:15:00+05:30,2019-04-25 14:15:00+05:30,Long,11731.65,11590.65625,11633.75,Trailing SL Hit,-97.89999999999964,4.673080000000001,-102.57307999999963,6819.16013518985,-699462.2580796368,-6.994622580796368,2019,2015.421428750004,-6.994622580796368
57,57,57,2019-05-17 11:15:00+05:30,2019-06-06 12:15:00+05:30,Long,11347.9,11225.0375,11910.95,Trailing SL Hit,563.0500000000011,4.65177,558.398230000001,7049.7625111254065,3936574.9081327897,39.3657490813279,2019,2573.819658750005,39.3657490813279
58,58,58,2019-06-10 09:15:00+05:30,2019-06-10 11:15:00+05:30,Long,11947.8,11832.418749999999,11889.1,Trailing SL Hit,-58.69999999999891,4.76738,-63.46737999999891,6695.793367816669,-424964.462076693,-4.24964462076693,2019,2510.352278750006,-4.24964462076693
59,59,59,2019-06-20 14:15:00+05:30,2019-06-21 09:15:00+05:30,Long,11837.55,11697.800000000001,11787.9,Trailing SL Hit,-49.649999999999636,4.72509,-54.37508999999964,6758.155192586304,-367475.2968308452,-3.674752968308452,2019,2455.9771887500065,-3.674752968308452
60,60,60,2019-06-25 14:15:00+05:30,2019-06-28 14:15:00+05:30,Long,11796.75,11703.925000000001,11787.7,Trailing SL Hit,-9.049999999999272,4.71689,-13.766889999999272,6781.528810901307,-93360.56117150416,-0.9336056117150416,2019,2442.210298750007,-0.9336056117150416
61,61,61,2019-08-08 14:15:00+05:30,2019-08-13 13:15:00+05:30,Long,11020.0,10858.76875,11025.85,Trailing SL Hit,5.850000000000364,4.40917,1.4408300000003642,7259.528130671506,10459.74591651807,0.10459745916518069,2019,2443.6511287500075,0.10459745916518069
62,62,62,2019-08-19 09:15:00+05:30,2019-08-20 09:15:00+05:30,Long,11112.9,11007.6,11007.6,Initial SL Hit,-105.29999999999927,4.4241,-109.72409999999927,7198.840986601157,-789886.3482979188,-7.898863482979188,2019,2333.927028750008,-7.898863482979188
63,63,63,2019-08-26 11:15:00+05:30,2019-08-29 10:15:00+05:30,Long,10926.5,10784.8625,10970.45,Trailing SL Hit,43.95000000000073,4.379390000000001,39.57061000000073,7321.6492014826335,289722.12510868604,2.8972212510868607,2019,2373.4976387500087,2.8972212510868607
64,64,64,2019-09-06 12:15:00+05:30,2019-09-13 09:15:00+05:30,Long,10937.7,10854.55625,10956.65,Trailing SL Hit,18.94999999999891,4.37887,14.57112999999891,7314.151969792551,106575.45919159536,1.0657545919159537,2019,2388.0687687500076,1.0657545919159537
65,65,65,2019-09-13 14:15:00+05:30,2019-09-16 12:15:00+05:30,Long,11078.35,10968.550000000001,10982.65,Trailing SL Hit,-95.70000000000073,4.4122,-100.11220000000073,7221.291979401264,-722939.4269002205,-7.2293942690022055,2019,2287.9565687500067,-7.2293942690022055
66,66,66,2019-09-20 10:15:00+05:30,2019-10-01 13:15:00+05:30,Long,11051.7,10702.675,11264.8,Trailing SL Hit,213.09999999999854,4.4633,208.63669999999854,7238.705357546803,1510259.5980708743,15.102595980708742,2019,2496.5932687500053,15.102595980708742
67,67,67,2019-10-09 14:15:00+05:30,2019-10-10 09:15:00+05:30,Long,11310.55,11151.725,11284.35,Trailing SL Hit,-26.19999999999891,4.518980000000001,-30.718979999998908,7073.042424992595,-217276.64879249132,-2.172766487924913,2019,2465.8742887500066,-2.172766487924913
68,68,68,2019-10-11 09:15:00+05:30,2019-10-11 10:15:00+05:30,Long,11346.35,11232.643750000001,11232.643750000001,Initial SL Hit,-113.70624999999927,4.51579875,-118.22204874999927,7050.725563727542,-833551.2213178636,-8.335512213178637,2019,2347.652240000007,-8.335512213178637
69,69,69,2019-10-14 13:15:00+05:30,2019-10-25 12:15:00+05:30,Long,11406.25,11311.44375,11501.85,Trailing SL Hit,95.60000000000036,4.58162,91.01838000000036,7013.698630136986,638375.4871232902,6.383754871232902,2019,2438.6706200000076,6.383754871232902
70,70,70,2019-10-29 09:15:00+05:30,2019-11-11 10:15:00+05:30,Long,11690.65,11566.212500000001,11888.4,Trailing SL Hit,197.75,4.71581,193.03419,6843.07544918375,1320947.5264420712,13.209475264420712,2019,2631.7048100000075,13.209475264420712
71,71,71,2019-11-15 09:15:00+05:30,2019-11-15 14:15:00+05:30,Long,11931.65,11832.73125,11891.6,Trailing SL Hit,-40.04999999999927,4.7646500000000005,-44.814649999999276,6704.856411309417,-300475.7933730827,-3.004757933730827,2019,2586.890160000008,-3.004757933730827
72,72,72,2019-11-20 09:15:00+05:30,2019-11-22 09:15:00+05:30,Long,12014.55,11914.824999999999,11929.05,Trailing SL Hit,-85.5,4.78872,-90.28872,6658.593122505629,-601195.8500318364,-6.011958500318364,2019,2496.601440000008,-6.011958500318364
73,73,73,2019-11-25 11:15:00+05:30,2019-11-29 13:15:00+05:30,Long,12017.1,11916.9,12026.75,Trailing SL Hit,9.649999999999636,4.80877,4.841229999999636,6657.180184903179,32228.940426556397,0.32228940426556396,2019,2501.4426700000076,0.32228940426556396
74,74,74,2019-12-13 09:15:00+05:30,2019-12-26 12:15:00+05:30,Long,12056.2,11958.581250000001,12175.6,Trailing SL Hit,119.39999999999964,4.846360000000001,114.55363999999963,6635.589986894709,760130.9865463388,7.601309865463388,2019,2615.9963100000073,7.601309865463388
75,75,75,2020-01-09 09:15:00+05:30,2020-01-20 10:15:00+05:30,Long,12157.0,11990.25,12290.35,Trailing SL Hit,133.35000000000036,4.88947,128.46053000000038,6580.570864522498,845343.6209591207,8.453436209591207,2020,2744.4568400000076,8.453436209591207
76,76,76,2020-01-24 09:15:00+05:30,2020-01-27 09:15:00+05:30,Long,12229.75,12137.675000000001,12202.6,Trailing SL Hit,-27.149999999999636,4.88647,-32.03646999999964,6541.425621946483,-209564.18569471748,-2.0956418569471746,2020,2712.420370000008,-2.0956418569471746
77,77,77,2020-02-04 14:15:00+05:30,2020-02-10 09:15:00+05:30,Long,11976.85,11840.0625,12023.9,Trailing SL Hit,47.04999999999927,4.80015,42.24984999999927,6679.552636962139,282210.09697874996,2.8221009697874995,2020,2754.6702200000072,2.8221009697874995
78,78,78,2020-02-11 09:15:00+05:30,2020-02-17 09:15:00+05:30,Long,12157.85,12019.425,12103.3,Trailing SL Hit,-54.55000000000109,4.8522300000000005,-59.40223000000109,6580.11079261547,-390873.2547284336,-3.908732547284336,2020,2695.267990000006,-3.908732547284336
79,79,79,2020-02-19 09:15:00+05:30,2020-02-19 10:15:00+05:30,Long,12071.35,11951.28125,12067.6,Trailing SL Hit,-3.75,4.82779,-8.57779,6627.2620709365565,-56847.26231945889,-0.5684726231945889,2020,2686.6902000000064,-0.5684726231945889
80,80,80,2020-02-19 11:15:00+05:30,2020-02-20 14:15:00+05:30,Long,12092.85,11979.0875,12084.6,Trailing SL Hit,-8.25,4.83549,-13.08549,6615.479394849022,-86566.78946650293,-0.8656678946650292,2020,2673.6047100000064,-0.8656678946650292
81,81,81,2020-03-26 09:15:00+05:30,2020-03-30 09:15:00+05:30,Long,8676.7,8027.94375,8479.7,Trailing SL Hit,-197.0,3.4312800000000006,-200.43128,9220.095197482913,-1847995.482153353,-18.479954821533532,2020,2473.1734300000066,-18.479954821533532
82,82,82,2020-03-31 11:15:00+05:30,2020-04-01 09:15:00+05:30,Long,8568.15,8359.99375,8359.99375,Initial SL Hit,-208.15625,3.38562875,-211.54187875,9336.904699380846,-1975146.361816728,-19.751463618167282,2020,2261.631551250007,-19.751463618167282
83,83,83,2020-04-07 09:15:00+05:30,2020-04-21 11:15:00+05:30,Long,8411.05,8123.756249999999,9001.95,Trailing SL Hit,590.9000000000015,3.4826,587.4174000000014,9511.297638225906,5587101.729272815,55.87101729272815,2020,2849.048951250008,55.87101729272815
84,84,84,2020-04-22 10:15:00+05:30,2020-05-04 09:15:00+05:30,Long,9110.05,8955.48125,9376.8,Trailing SL Hit,266.75,3.69737,263.05263,8781.51052957997,2309999.440178704,23.09999440178704,2020,3112.101581250008,23.09999440178704
85,85,85,2020-05-08 10:15:00+05:30,2020-05-08 13:15:00+05:30,Long,9341.15,9216.9125,9295.9,Trailing SL Hit,-45.25,3.72741,-48.97741,8564.25600702269,-419455.07780091313,-4.194550778009131,2020,3063.124171250008,-4.194550778009131
86,86,86,2020-05-11 09:15:00+05:30,2020-05-11 13:15:00+05:30,Long,9384.75,9290.9625,9292.85,Trailing SL Hit,-91.89999999999964,3.7355199999999997,-95.63551999999963,8524.467886731132,-815241.9190708298,-8.152419190708297,2020,2967.4886512500084,-8.152419190708297
87,87,87,2020-05-13 09:15:00+05:30,2020-05-14 09:15:00+05:30,Long,9391.9,9117.5,9240.55,Trailing SL Hit,-151.35000000000036,3.7264899999999996,-155.07649000000038,8517.978257860497,-1320938.170125324,-13.209381701253239,2020,2812.412161250008,-13.209381701253239
88,88,88,2020-05-20 15:15:00+05:30,2020-05-22 09:15:00+05:30,Long,9085.15,8942.425,9067.25,Trailing SL Hit,-17.899999999999636,3.6304800000000004,-21.530479999999635,8805.57833387451,-189588.32820591523,-1.8958832820591525,2020,2790.8816812500086,-1.8958832820591525
89,89,89,2020-05-26 09:15:00+05:30,2020-05-26 12:15:00+05:30,Long,9127.9,9009.2125,9067.35,Trailing SL Hit,-60.54999999999927,3.63905,-64.18904999999927,8764.337909048083,-562574.5242607765,-5.625745242607765,2020,2726.692631250009,-5.625745242607765
90,90,90,2020-05-27 12:15:00+05:30,2020-06-11 13:15:00+05:30,Long,9182.2,9039.11875,9957.85,Trailing SL Hit,775.6499999999996,3.828010000000001,771.8219899999997,8712.50898477489,6724506.022521832,67.24506022521832,2020,3498.5146212500085,67.24506022521832
91,91,91,2020-06-12 14:15:00+05:30,2020-06-15 09:15:00+05:30,Long,9975.7,9754.793749999999,9867.25,Trailing SL Hit,-108.45000000000073,3.9685900000000003,-112.41859000000073,8019.487354270877,-901539.4608899684,-9.015394608899685,2020,3386.096031250008,-9.015394608899685
92,92,92,2020-06-16 09:15:00+05:30,2020-06-16 12:15:00+05:30,Long,9985.8,9797.86875,9843.55,Trailing SL Hit,-142.25,3.96587,-146.21587,8011.376154138878,-1171390.33427467,-11.713903342746702,2020,3239.880161250008,-11.713903342746702
93,93,93,2020-06-18 13:15:00+05:30,2020-06-29 09:15:00+05:30,Long,10055.9,9902.03125,10242.2,Trailing SL Hit,186.3000000000011,4.05962,182.2403800000011,7955.528595153094,1449818.5542815747,14.498185542815747,2020,3422.120541250009,14.498185542815747
94,94,94,2020-06-30 09:15:00+05:30,2020-07-14 10:15:00+05:30,Long,10384.45,10266.668749999999,10628.35,Trailing SL Hit,243.89999999999964,4.202560000000001,239.69743999999963,7703.826394272204,1846587.464911475,18.465874649114753,2020,3661.8179812500084,18.465874649114753
95,95,95,2020-07-15 09:15:00+05:30,2020-07-15 14:15:00+05:30,Long,10755.8,10618.025,10618.025,Initial SL Hit,-137.77499999999964,4.2747649999999995,-142.04976499999964,7437.847486937281,-1056544.4876252788,-10.565444876252789,2020,3519.7682162500087,-10.565444876252789
96,96,96,2020-07-17 09:15:00+05:30,2020-07-30 13:15:00+05:30,Long,10809.2,10658.03125,11128.8,Trailing SL Hit,319.59999999999854,4.3876,315.2123999999985,7401.102764311882,2332919.364985372,23.329193649853718,2020,3834.980616250007,23.329193649853718
97,97,97,2020-08-04 14:15:00+05:30,2020-08-14 13:15:00+05:30,Long,11095.1,10971.475,11188.2,Trailing SL Hit,93.10000000000036,4.456660000000001,88.64334000000036,7210.390172238195,639153.0675703716,6.391530675703716,2020,3923.6239562500077,6.391530675703716
98,98,98,2020-08-18 09:15:00+05:30,2020-08-31 13:15:00+05:30,Long,11317.15,11198.09375,11430.6,Trailing SL Hit,113.45000000000073,4.54955,108.90045000000073,7068.917527822818,769808.2997927975,7.698082997927975,2020,4032.5244062500083,7.698082997927975
99,99,99,2020-09-10 10:15:00+05:30,2020-09-10 13:15:00+05:30,Long,11405.0,11250.575,11384.9,Trailing SL Hit,-20.100000000000364,4.557980000000001,-24.657980000000364,7014.467338886453,-172962.59535291794,-1.7296259535291794,2020,4007.866426250008,-1.7296259535291794
100,100,100,2020-09-10 14:15:00+05:30,2020-09-14 15:15:00+05:30,Long,11452.9,11337.506249999999,11422.1,Trailing SL Hit,-30.799999999999272,4.575,-35.374999999999275,6985.130403653224,-247098.98802922774,-2.4709898802922776,2020,3972.4914262500088,-2.4709898802922776
101,101,101,2020-09-28 10:15:00+05:30,2020-10-15 13:15:00+05:30,Long,11194.9,10997.75625,11708.05,Trailing SL Hit,513.1499999999996,4.58059,508.56940999999966,7146.111175624615,3634293.544381814,36.34293544381814,2020,4481.060836250009,36.34293544381814
102,102,102,2020-10-19 09:15:00+05:30,2020-10-21 13:15:00+05:30,Long,11869.85,11728.6875,11805.6,Trailing SL Hit,-64.25,4.7350900000000005,-68.98509,6739.765034941469,-464943.2975142904,-4.649432975142903,2020,4412.075746250009,-4.649432975142903
103,103,103,2020-10-27 14:15:00+05:30,2020-10-28 10:15:00+05:30,Long,11885.55,11781.8875,11816.7,Trailing SL Hit,-68.84999999999854,4.74045,-73.59044999999854,6730.862265524103,-495327.1830079284,-4.953271830079284,2020,4338.48529625001,-4.953271830079284
104,104,104,2020-11-03 09:15:00+05:30,2020-11-26 09:15:00+05:30,Long,11782.2,11615.01875,12833.25,Trailing SL Hit,1051.0499999999993,4.92309,1046.1269099999993,6789.903413623941,7103100.67729286,71.03100677292859,2020,5384.612206250009,71.03100677292859
105,105,105,2020-11-26 14:15:00+05:30,2020-12-21 13:15:00+05:30,Long,12988.65,12832.3375,13582.75,Trailing SL Hit,594.1000000000004,5.31428,588.7857200000003,6159.223629861456,3626462.919548993,36.26462919548993,2020,5973.397926250009,36.26462919548993
106,106,106,2020-12-23 11:15:00+05:30,2021-01-18 09:15:00+05:30,Long,13538.3,13369.368750000001,14340.5,Trailing SL Hit,802.2000000000007,5.57576,796.6242400000008,5909.161416130533,4707381.222162315,47.07381222162314,2020,6770.02216625001,47.07381222162314
107,107,107,2021-01-19 11:15:00+05:30,2021-01-22 10:15:00+05:30,Long,14468.85,14313.84375,14498.35,Trailing SL Hit,29.5,5.79344,23.70656,5529.119453170086,131076.40206374382,1.3107640206374382,2021,6793.7287262500095,1.3107640206374382
108,108,108,2021-02-01 13:15:00+05:30,2021-02-18 11:15:00+05:30,Long,14145.9,13734.412499999999,15152.8,Trailing SL Hit,1006.8999999999996,5.8597399999999995,1001.0402599999996,5655.34889968118,5661231.932927561,56.61231932927561,2021,7794.768986250009,56.61231932927561
109,109,109,2021-02-24 16:15:00+05:30,2021-02-26 09:15:00+05:30,Long,14989.1,14725.7375,14877.6,Trailing SL Hit,-111.5,5.97334,-117.47334000000001,5337.211707173879,-626980.0855288176,-6.269800855288176,2021,7677.29564625001,-6.269800855288176
110,110,110,2021-03-02 09:15:00+05:30,2021-03-02 10:15:00+05:30,Long,14920.55,14707.83125,14809.95,Trailing SL Hit,-110.59999999999854,5.9461,-116.54609999999855,5361.732643903878,-624889.028889678,-6.24889028889678,2021,7560.749546250011,-6.24889028889678
111,111,111,2021-03-02 14:15:00+05:30,2021-03-05 13:15:00+05:30,Long,14933.65,14777.96875,14892.0,Trailing SL Hit,-41.649999999999636,5.96513,-47.61512999999964,5357.029259424186,-255075.6446012844,-2.5507564460128442,2021,7513.134416250012,-2.5507564460128442
112,112,112,2021-03-10 09:15:00+05:30,2021-03-12 13:15:00+05:30,Long,15191.95,15032.53125,15032.53125,Initial SL Hit,-159.41875000000073,6.044896250000001,-165.46364625000072,5265.94676786061,-871322.7531686226,-8.713227531686226,2021,7347.670770000011,-8.713227531686226
113,113,113,2021-03-16 10:15:00+05:30,2021-03-16 11:15:00+05:30,Long,15028.7,14838.08125,14990.3,Trailing SL Hit,-38.400000000001455,6.0038,-44.40380000000145,5323.1483761070485,-236368.0158629899,-2.363680158629899,2021,7303.266970000009,-2.363680158629899
114,114,114,2021-03-30 09:15:00+05:30,2021-04-05 09:15:00+05:30,Long,14741.55,14487.5625,14575.85,Trailing SL Hit,-165.6999999999989,5.863480000000001,-171.56347999999892,5426.837747726664,-931047.1693953427,-9.310471693953428,2021,7131.70349000001,-9.310471693953428
115,115,115,2021-04-06 10:15:00+05:30,2021-04-06 13:15:00+05:30,Long,14751.65,14564.01875,14654.3,Trailing SL Hit,-97.35000000000036,5.88119,-103.23119000000037,5423.122159216088,-559835.3540112482,-5.598353540112482,2021,7028.472300000009,-5.598353540112482
116,116,116,2021-04-07 10:15:00+05:30,2021-04-12 09:15:00+05:30,Long,14855.85,14666.89375,14666.89375,Initial SL Hit,-188.9562500000011,5.904548750000001,-194.8607987500011,5385.083990481864,-1049341.7677211394,-10.493417677211394,2021,6833.611501250009,-10.493417677211394
117,117,117,2021-04-16 09:15:00+05:30,2021-04-16 15:15:00+05:30,Long,14654.25,14447.43125,14590.45,Trailing SL Hit,-63.79999999999927,5.848940000000001,-69.64893999999927,5459.167135813843,-380225.2042922662,-3.802252042922662,2021,6763.9625612500095,-3.802252042922662
118,118,118,2021-04-26 09:15:00+05:30,2021-04-30 14:15:00+05:30,Long,14523.2,14357.1625,14631.2,Trailing SL Hit,108.0,5.8308800000000005,102.16911999999999,5508.427894678858,562791.2305827916,5.627912305827916,2021,6866.131681250009,5.627912305827916
119,119,119,2021-05-07 09:15:00+05:30,2021-05-12 09:15:00+05:30,Long,14832.85,14675.75625,14739.75,Trailing SL Hit,-93.10000000000036,5.9145199999999996,-99.01452000000036,5393.434168079634,-534028.2953040062,-5.340282953040062,2021,6767.117161250008,-5.340282953040062
120,120,120,2021-05-17 09:15:00+05:30,2021-05-20 14:15:00+05:30,Long,14808.15,14644.15,14907.15,Trailing SL Hit,99.0,5.94306,93.05694,5402.430418384471,502733.64329777856,5.027336432977786,2021,6860.174101250009,5.027336432977786
121,121,121,2021-05-21 10:15:00+05:30,2021-06-17 09:15:00+05:30,Long,15095.5,14969.3125,15735.2,Trailing SL Hit,639.7000000000007,6.16614,633.5338600000007,5299.59259381935,3357471.3523897887,33.574713523897884,2021,7493.707961250009,33.574713523897884
122,122,122,2021-06-22 09:15:00+05:30,2021-06-23 12:15:00+05:30,Long,15883.75,15649.574999999999,15719.0,Trailing SL Hit,-164.75,6.32055,-171.07055,5036.594003305265,-861612.9062721335,-8.616129062721335,2021,7322.637411250009,-8.616129062721335
123,123,123,2021-07-05 09:15:00+05:30,2021-07-08 11:15:00+05:30,Long,15815.95,15680.05,15792.5,Trailing SL Hit,-23.450000000000728,6.32169,-29.771690000000728,5058.184933563902,-150590.71380473877,-1.5059071380473876,2021,7292.865721250008,-1.5059071380473876
124,124,124,2021-07-22 09:15:00+05:30,2021-07-27 12:15:00+05:30,Long,15791.65,15626.2625,15715.4,Trailing SL Hit,-76.25,6.30141,-82.55141,5065.9684073545195,-418202.83504256996,-4.182028350425699,2021,7210.314311250008,-4.182028350425699
125,125,125,2021-07-29 10:15:00+05:30,2021-07-29 14:15:00+05:30,Long,15793.35,15651.53125,15777.25,Trailing SL Hit,-16.100000000000364,6.31412,-22.414120000000363,5065.423105294317,-113537.00133284129,-1.135370013328413,2021,7187.900191250008,-1.135370013328413
126,126,126,2021-08-03 09:15:00+05:30,2021-08-20 10:15:00+05:30,Long,15969.35,15864.06875,16415.8,Trailing SL Hit,446.4499999999989,6.477030000000001,439.9729699999989,5009.596508311233,2204087.0542633175,22.040870542633176,2021,7627.873161250007,22.040870542633176
127,127,127,2021-08-25 09:15:00+05:30,2021-09-20 14:15:00+05:30,Long,16682.6,16564.54375,17416.55,Trailing SL Hit,733.9500000000007,6.819829999999999,727.1301700000007,4795.415582702936,3486891.3478714386,34.86891347871439,2021,8355.003331250007,34.86891347871439
128,128,128,2021-09-21 15:15:00+05:30,2021-09-28 12:15:00+05:30,Long,17564.1,17404.19375,17619.5,Trailing SL Hit,55.400000000001455,7.03672,48.36328000000145,4554.745190473751,220282.41697554197,2.2028241697554196,2021,8403.366611250009,2.2028241697554196
129,129,129,2021-10-04 09:15:00+05:30,2021-10-06 14:15:00+05:30,Long,17711.8,17492.63125,17652.5,Trailing SL Hit,-59.29999999999927,7.072860000000001,-66.37285999999928,4516.762836075385,-299790.46737203124,-2.9979046737203126,2021,8336.99375125001,-2.9979046737203126
130,130,130,2021-10-13 09:15:00+05:30,2021-10-21 10:15:00+05:30,Long,18117.15,17931.36875,18131.6,Trailing SL Hit,14.44999999999709,7.249750000000001,7.200249999997089,4415.705560753208,31794.183963800435,0.3179418396380044,2021,8344.194001250005,0.3179418396380044
131,131,131,2021-10-26 15:15:00+05:30,2021-10-27 15:15:00+05:30,Long,18308.95,18153.268750000003,18181.5,Trailing SL Hit,-127.45000000000073,7.29809,-134.74809000000073,4369.447729116087,-588774.7358532334,-5.887747358532334,2021,8209.445911250004,-5.887747358532334
132,132,132,2021-11-08 12:15:00+05:30,2021-11-10 09:15:00+05:30,Long,18036.45,17856.61875,17960.3,Trailing SL Hit,-76.15000000000146,7.19935,-83.34935000000145,4435.462632613402,-369692.9273776223,-3.696929273776223,2021,8126.096561250003,-3.696929273776223
133,133,133,2021-11-12 12:15:00+05:30,2021-11-16 14:15:00+05:30,Long,18020.85,17881.143750000003,18002.0,Trailing SL Hit,-18.849999999998545,7.20457,-26.054569999998545,4439.302252668437,-115664.11129330103,-1.1566411129330103,2021,8100.041991250005,-1.1566411129330103
134,134,134,2021-12-02 12:15:00+05:30,2021-12-03 12:15:00+05:30,Long,17319.85,17175.13125,17289.55,Trailing SL Hit,-30.299999999999272,6.921879999999999,-37.221879999999274,4618.97764703505,-171927.03170061763,-1.7192703170061763,2021,8062.8201112500055,-1.7192703170061763
135,135,135,2021-12-08 09:15:00+05:30,2021-12-13 13:15:00+05:30,Long,17406.15,17148.149999999998,17365.65,Trailing SL Hit,-40.5,6.954360000000001,-47.45436,4596.076674049114,-218103.87707792933,-2.1810387707792933,2021,8015.365751250006,-2.1810387707792933
136,136,136,2021-12-23 09:15:00+05:30,2021-12-24 09:15:00+05:30,Long,17057.75,16885.75,16945.9,Trailing SL Hit,-111.84999999999854,6.800730000000001,-118.65072999999855,4689.950315838842,-556466.0286380023,-5.564660286380024,2021,7896.715021250007,-5.564660286380024
137,137,137,2021-12-28 09:15:00+05:30,2022-01-18 14:15:00+05:30,Long,17208.15,17015.33125,18097.6,Trailing SL Hit,889.4499999999971,7.0611500000000005,882.3888499999971,4648.959940493312,4102190.4155879486,41.02190415587948,2021,8779.103871250005,41.02190415587948
138,138,138,2022-02-01 09:15:00+05:30,2022-02-01 12:15:00+05:30,Long,17578.1,17329.51875,17329.51875,Initial SL Hit,-248.58124999999927,6.981523749999999,-255.56277374999928,4551.117583811675,-1163096.2333813065,-11.630962333813065,2022,8523.541097500005,-11.630962333813065
139,139,139,2022-02-02 09:15:00+05:30,2022-02-03 15:15:00+05:30,Long,17722.9,17466.34375,17520.25,Trailing SL Hit,-202.65000000000146,7.048630000000001,-209.69863000000146,4513.933949861478,-946565.7651964473,-9.465657651964472,2022,8313.842467500004,-9.465657651964472
140,140,140,2022-02-09 09:15:00+05:30,2022-02-09 10:15:00+05:30,Long,17417.3,17155.76875,17393.55,Trailing SL Hit,-23.75,6.96217,-30.71217,4593.134412337159,-141065.12490454892,-1.4106512490454892,2022,8283.130297500004,-1.4106512490454892
141,141,141,2022-02-09 11:15:00+05:30,2022-02-09 12:15:00+05:30,Long,17410.95,17222.125,17382.45,Trailing SL Hit,-28.5,6.95868,-35.45868,4594.809588218908,-162925.88284958605,-1.6292588284958605,2022,8247.671617500004,-1.6292588284958605
142,142,142,2022-02-09 13:15:00+05:30,2022-02-11 09:15:00+05:30,Long,17442.4,17290.824999999997,17330.8,Trailing SL Hit,-111.60000000000218,6.9546399999999995,-118.55464000000218,4586.524790166491,-543753.7953492738,-5.437537953492738,2022,8129.116977500002,-5.437537953492738
143,143,143,2022-02-15 13:15:00+05:30,2022-02-16 15:15:00+05:30,Long,17286.5,16912.675,17293.05,Trailing SL Hit,6.549999999999272,6.915910000000001,-0.3659100000007287,4627.88881497122,-1693.3907962894916,-0.016933907962894918,2022,8128.751067500001,-0.016933907962894918
144,144,144,2022-03-09 12:15:00+05:30,2022-03-28 09:15:00+05:30,Long,16318.4,15946.09375,17045.5,Trailing SL Hit,727.1000000000004,6.67278,720.4272200000004,4902.441415825081,3531852.240415729,35.31852240415729,2022,8849.1782875,35.31852240415729
145,145,145,2022-03-29 09:15:00+05:30,2022-04-07 13:15:00+05:30,Long,17283.55,17107.5,17646.1,Trailing SL Hit,362.5499999999993,6.985929999999999,355.5640699999993,4628.678714731638,1645791.842532347,16.45791842532347,2022,9204.7423575,16.45791842532347
146,146,146,2022-04-08 13:15:00+05:30,2022-04-11 14:15:00+05:30,Long,17832.7,17643.40625,17682.3,Trailing SL Hit,-150.40000000000146,7.103000000000001,-157.50300000000146,4486.140629293376,-706580.6075356012,-7.065806075356012,2022,9047.239357499999,-7.065806075356012
147,147,147,2022-04-21 12:15:00+05:30,2022-04-22 09:15:00+05:30,Long,17357.7,17180.64375,17227.9,Trailing SL Hit,-129.79999999999927,6.9171200000000015,-136.71711999999928,4608.905557763989,-630116.294209483,-6.301162942094829,2022,8910.5222375,-6.301162942094829
148,148,148,2022-04-28 12:15:00+05:30,2022-04-29 14:15:00+05:30,Long,17251.05,17050.9625,17071.15,Trailing SL Hit,-179.89999999999782,6.86444,-186.76443999999782,4637.398882966544,-866101.205433862,-8.66101205433862,2022,8723.757797500002,-8.66101205433862
149,149,149,2022-05-17 12:15:00+05:30,2022-05-19 09:15:00+05:30,Long,16172.35,15907.46875,15907.46875,Initial SL Hit,-264.88125000000036,6.41596375,-271.29721375000037,4946.714608575748,-1342029.890523024,-13.420298905230238,2022,8452.460583750002,-13.420298905230238
150,150,150,2022-05-20 09:15:00+05:30,2022-05-24 09:15:00+05:30,Long,16160.5,15858.275,16148.7,Trailing SL Hit,-11.799999999999272,6.4618400000000005,-18.261839999999275,4950.341882986294,-90402.35141239084,-0.9040235141239085,2022,8434.198743750003,-0.9040235141239085
151,151,151,2022-05-26 14:15:00+05:30,2022-06-07 09:15:00+05:30,Long,16172.25,15990.46875,16427.9,Trailing SL Hit,255.65000000000146,6.52003,249.12997000000146,4946.745196246657,1232382.482338581,12.32382482338581,2022,8683.328713750005,12.32382482338581
152,152,152,2022-06-09 14:15:00+05:30,2022-06-10 09:15:00+05:30,Long,16477.55,16321.79375,16321.79375,Initial SL Hit,-155.75624999999854,6.559868750000001,-162.31611874999854,4855.090714335566,-788059.480930107,-7.880594809301069,2022,8521.012595000006,-7.880594809301069
153,153,153,2022-06-21 12:15:00+05:30,2022-06-21 14:15:00+05:30,Long,15676.7,15409.825,15638.0,Trailing SL Hit,-38.70000000000073,6.26294,-44.96294000000073,5103.114813704415,-229451.0451817065,-2.294510451817065,2022,8476.049655000004,-2.294510451817065
154,154,154,2022-06-24 09:15:00+05:30,2022-06-30 15:15:00+05:30,Long,15688.45,15491.8125,15735.9,Trailing SL Hit,47.44999999999891,6.28487,41.16512999999891,5099.292791830932,209913.05068377772,2.0991305068377772,2022,8517.214785000004,2.0991305068377772
155,155,155,2022-07-05 09:15:00+05:30,2022-07-13 12:15:00+05:30,Long,15970.35,15752.53125,16001.75,Trailing SL Hit,31.399999999999636,6.39442,25.005579999999636,5009.282827239228,125260.02247915487,1.2526002247915489,2022,8542.220365000003,1.2526002247915489
156,156,156,2022-07-18 09:15:00+05:30,2022-08-22 09:15:00+05:30,Long,16184.8,15984.8875,17580.25,Trailing SL Hit,1395.4500000000007,6.753010000000001,1388.6969900000008,4942.909396470763,6864203.400721669,68.6420340072167,2022,9930.917355000003,68.6420340072167
157,157,157,2022-08-30 11:15:00+05:30,2022-09-01 12:15:00+05:30,Long,17582.0,17364.0,17552.3,Trailing SL Hit,-29.700000000000728,7.026860000000001,-36.72686000000073,4550.108065066545,-167111.1818905732,-1.6711118189057321,2022,9894.190495000003,-1.6711118189057321
158,158,158,2022-09-08 09:15:00+05:30,2022-09-16 09:15:00+05:30,Long,17770.0,17590.225,17666.35,Trailing SL Hit,-103.65000000000146,7.08727,-110.73727000000146,4501.969611705121,-498535.82442319166,-4.985358244231917,2022,9783.453225000001,-4.985358244231917
159,159,159,2022-09-20 09:15:00+05:30,2022-09-21 11:15:00+05:30,Long,17855.3,17595.618749999998,17690.5,Trailing SL Hit,-164.79999999999927,7.109160000000001,-171.90915999999928,4480.462383718,-770232.5247965558,-7.7023252479655575,2022,9611.544065000002,-7.7023252479655575
160,160,160,2022-10-04 09:15:00+05:30,2022-10-10 09:15:00+05:30,Long,17223.25,16952.70625,17085.9,Trailing SL Hit,-137.34999999999854,6.86183,-144.21182999999854,4644.884095626551,-669847.2355681931,-6.698472355681932,2022,9467.332235000003,-6.698472355681932
161,161,161,2022-10-14 09:15:00+05:30,2022-11-10 09:15:00+05:30,Long,17298.7,17025.35,18025.15,Trailing SL Hit,726.4500000000007,7.064770000000001,719.3852300000008,4624.624971818691,3326886.899015536,33.26886899015536,2022,10186.717465000005,33.26886899015536
162,162,162,2022-11-11 09:15:00+05:30,2022-11-18 10:15:00+05:30,Long,18310.55,18032.7625,18226.65,Trailing SL Hit,-83.89999999999782,7.30744,-91.20743999999782,4369.06592101275,-398491.31784680556,-3.984913178468055,2022,10095.510025000007,-3.984913178468055
163,163,163,2022-11-24 14:15:00+05:30,2022-12-05 09:15:00+05:30,Long,18482.75,18330.35,18596.8,Trailing SL Hit,114.04999999999927,7.415910000000001,106.63408999999928,4328.360227779957,461550.75408150535,4.615507540815054,2022,10202.144115000006,4.615507540815054
164,164,164,2022-12-29 14:15:00+05:30,2022-12-30 14:15:00+05:30,Long,18195.65,18040.00625,18098.3,Trailing SL Hit,-97.35000000000218,7.258789999999999,-104.60879000000219,4396.655244522729,-459928.7851766864,-4.5992878517668645,2022,10097.535325000004,-4.5992878517668645
165,165,165,2023-01-09 10:15:00+05:30,2023-01-09 13:15:00+05:30,Long,18105.2,17884.10625,18053.25,Trailing SL Hit,-51.95000000000073,7.2316899999999995,-59.18169000000073,4418.620064953715,-261501.40291187385,-2.6150140291187385,2023,10038.353635000003,-2.6150140291187385
166,166,166,2023-01-13 12:15:00+05:30,2023-01-13 15:15:00+05:30,Long,17965.05,17807.64375,17950.5,Trailing SL Hit,-14.549999999999272,7.183110000000001,-21.73310999999927,4453.090862535869,-96779.51355548367,-0.9677951355548366,2023,10016.620525000004,-0.9677951355548366
167,167,167,2023-01-18 09:15:00+05:30,2023-01-20 14:15:00+05:30,Long,18118.9,17970.53125,18029.35,Trailing SL Hit,-89.55000000000291,7.22965,-96.77965000000292,4415.279073232922,-427309.16335981945,-4.273091633598194,2023,9919.840875000002,-4.273091633598194
168,168,168,2023-02-01 12:15:00+05:30,2023-02-01 13:15:00+05:30,Long,17915.55,17683.256250000002,17683.256250000002,Initial SL Hit,-232.2937499999971,7.119761250000001,-239.4135112499971,4465.3945873835855,-1069075.7972822362,-10.690757972822363,2023,9680.427363750005,-10.690757972822363
169,169,169,2023-02-03 13:15:00+05:30,2023-02-06 10:15:00+05:30,Long,17747.8,17600.59375,17718.8,Trailing SL Hit,-29.0,7.09332,-36.09332,4507.600942088597,-162694.2832351052,-1.6269428323510517,2023,9644.334043750005,-1.6269428323510517
170,170,170,2023-02-08 09:15:00+05:30,2023-02-13 09:15:00+05:30,Long,17861.7,17706.74375,17746.25,Trailing SL Hit,-115.45000000000073,7.121589999999999,-122.57159000000073,4478.8569956946985,-548980.6233449256,-5.489806233449256,2023,9521.762453750003,-5.489806233449256
171,171,171,2023-02-14 11:15:00+05:30,2023-02-20 12:15:00+05:30,Long,17897.35,17777.0125,17903.5,Trailing SL Hit,6.150000000001455,7.16017,-1.0101699999985447,4469.9354932434135,-4515.394737203194,-0.04515394737203195,2023,9520.752283750006,-0.04515394737203195
172,172,172,2023-03-03 09:15:00+05:30,2023-03-09 14:15:00+05:30,Long,17512.65,17345.34375,17586.4,Trailing SL Hit,73.75,7.0198100000000005,66.73019,4568.126468581282,304831.94719245797,3.04831947192458,2023,9587.482473750006,3.04831947192458
173,173,173,2023-03-29 14:15:00+05:30,2023-04-19 13:15:00+05:30,Long,17094.85,16956.7375,17595.55,Trailing SL Hit,500.7000000000007,6.938079999999999,493.7619200000007,4679.771978110367,2310693.197073976,23.106931970739762,2023,10081.244393750007,23.106931970739762
174,174,174,2023-04-28 14:15:00+05:30,2023-05-16 15:15:00+05:30,Long,18064.05,17920.8625,18276.75,Trailing SL Hit,212.70000000000073,7.268160000000001,205.43184000000073,4428.685704479339,909793.05305289,9.0979305305289,2023,10286.676233750008,9.0979305305289
175,175,175,2023-05-22 09:15:00+05:30,2023-05-25 09:15:00+05:30,Long,18270.6,18124.3,18261.85,Trailing SL Hit,-8.75,7.30649,-16.05649,4378.619202434513,-70305.25543769774,-0.7030525543769773,2023,10270.619743750007,-0.7030525543769773
176,176,176,2023-05-26 10:15:00+05:30,2023-06-09 13:15:00+05:30,Long,18413.85,18267.43125,18575.35,Trailing SL Hit,161.5,7.3978399999999995,154.10216,4344.555864200045,669505.4429138936,6.695054429138936,2023,10424.721903750007,6.695054429138936
177,177,177,2023-06-21 09:15:00+05:30,2023-06-23 09:15:00+05:30,Long,18869.5,18730.5125,18730.5125,Initial SL Hit,-138.98749999999927,7.5200024999999995,-146.50750249999928,4239.645989559872,-621139.9454145548,-6.211399454145548,2023,10278.214401250008,-6.211399454145548
178,178,178,2023-06-28 09:15:00+05:30,2023-07-24 14:15:00+05:30,Long,18888.3,18758.96875,19670.9,Trailing SL Hit,782.6000000000022,7.71184,774.8881600000021,4235.426163286267,3281981.5864847642,32.81981586484764,2023,11053.10256125001,32.81981586484764
179,179,179,2023-07-26 09:15:00+05:30,2023-07-27 13:15:00+05:30,Long,19815.7,19661.581250000003,19696.1,Trailing SL Hit,-119.60000000000218,7.902360000000001,-127.50236000000218,4037.2028240233753,-514752.8878616539,-5.147528878616539,2023,10925.600201250008,-5.147528878616539
180,180,180,2023-08-24 09:15:00+05:30,2023-08-24 13:15:00+05:30,Long,19562.1,19422.106249999997,19422.106249999997,Initial SL Hit,-139.99375000000146,7.796841249999999,-147.79059125000146,4089.5404890068044,-604395.6068111357,-6.043956068111356,2023,10777.809610000008,-6.043956068111356
181,181,181,2023-09-01 13:15:00+05:30,2023-09-20 09:15:00+05:30,Long,19435.95,19290.15,19969.35,Trailing SL Hit,533.3999999999978,7.881060000000001,525.5189399999978,4116.0838549183345,2163080.0243877876,21.630800243877875,2023,11303.328550000006,21.630800243877875
182,182,182,2023-10-10 12:15:00+05:30,2023-10-13 10:15:00+05:30,Long,19676.5,19554.25,19678.85,Trailing SL Hit,2.349999999998545,7.8710700000000005,-5.521070000001456,4065.7637283053386,-22447.366147440673,-0.22447366147440673,2023,11297.807480000005,-0.22447366147440673
183,183,183,2023-11-03 09:15:00+05:30,2023-12-20 14:15:00+05:30,Long,19264.9,19112.837499999998,21142.35,Trailing SL Hit,1877.449999999997,8.08145,1869.3685499999972,4152.629912431416,7762795.758088532,77.62795758088531,2023,13167.176030000002,77.62795758088531
184,184,184,2023-12-22 09:15:00+05:30,2024-01-03 10:15:00+05:30,Long,21350.65,21152.512499999997,21567.55,Trailing SL Hit,216.89999999999782,8.583639999999999,208.31635999999781,3746.9585235109935,780552.7606887764,7.805527606887764,2023,13375.49239,7.805527606887764
185,185,185,2024-01-12 09:15:00+05:30,2024-01-17 09:15:00+05:30,Long,21804.5,21640.6875,21640.6875,Initial SL Hit,-163.8125,8.689037500000001,-172.5015375,3668.9674149831458,-632902.5201219933,-6.329025201219933,2024,13202.9908525,-6.329025201219933
186,186,186,2024-01-29 09:15:00+05:30,2024-01-30 14:15:00+05:30,Long,21573.45,21298.893750000003,21527.35,Trailing SL Hit,-46.10000000000218,8.62016,-54.72016000000218,3708.2617754693847,-202916.67767557688,-2.0291667767557686,2024,13148.270692499997,-2.0291667767557686
187,187,187,2024-02-02 09:15:00+05:30,2024-02-08 10:15:00+05:30,Long,21937.85,21706.80625,21737.0,Trailing SL Hit,-200.84999999999854,8.73497,-209.58496999999855,3646.6654663059508,-764286.2723557634,-7.642862723557633,2024,12938.685722499999,-7.642862723557633
188,188,188,2024-02-14 14:15:00+05:30,2024-02-22 09:15:00+05:30,Long,21814.25,21635.943750000002,21935.5,Trailing SL Hit,121.25,8.74995,112.50005,3667.327549652177,412574.5327022474,4.125745327022473,2024,13051.185772499999,4.125745327022473
189,189,189,2024-02-22 14:15:00+05:30,2024-02-28 10:15:00+05:30,Long,22206.7,21953.868749999998,22062.05,Trailing SL Hit,-144.65000000000146,8.85375,-153.50375000000145,3602.5163576758364,-552999.7703395874,-5.529997703395873,2024,12897.682022499997,-5.529997703395873
190,190,190,2024-03-01 09:15:00+05:30,2024-03-11 14:15:00+05:30,Long,22196.95,21928.39375,22323.7,Trailing SL Hit,126.75,8.90413,117.84587,3604.098761316307,424728.15409324254,4.247281540932425,2024,13015.527892499997,4.247281540932425
191,191,191,2024-03-21 09:15:00+05:30,2024-03-21 11:15:00+05:30,Long,22068.1,21814.94375,21951.45,Trailing SL Hit,-116.64999999999782,8.80391,-125.45390999999782,3625.142173544619,-454788.2599770631,-4.547882599770631,2024,12890.073982499998,-4.547882599770631
192,192,192,2024-03-28 09:15:00+05:30,2024-04-12 13:15:00+05:30,Long,22306.25,22128.0,22544.7,Trailing SL Hit,238.45000000000073,8.97019,229.47981000000073,3586.438778369291,823015.2894368196,8.230152894368196,2024,13119.553792499999,8.230152894368196
193,193,193,2024-04-23 09:15:00+05:30,2024-05-03 11:15:00+05:30,Long,22417.65,22274.162500000002,22476.55,Trailing SL Hit,58.89999999999782,8.97884,49.92115999999782,3568.6166926506567,178149.48489247647,1.7814948489247646,2024,13169.474952499997,1.7814948489247646
194,194,194,2024-05-16 14:15:00+05:30,2024-05-16 14:15:00+05:30,Long,22403.25,22129.9375,22129.9375,Initial SL Hit,-273.3125,8.9066375,-282.2191375,3570.9104705790455,-1007779.2730965373,-10.077792730965372,2024,12887.255814999997,-10.077792730965372
195,195,195,2024-05-16 15:15:00+05:30,2024-05-29 10:15:00+05:30,Long,22392.35,22155.76875,22725.25,Trailing SL Hit,332.90000000000146,9.02352,323.87648000000144,3572.648694755129,1157096.8835338908,11.570968835338908,2024,13211.132294999998,11.570968835338908
196,196,196,2024-06-03 09:15:00+05:30,2024-06-04 09:15:00+05:30,Long,23197.1,22575.887499999997,22575.887499999997,Initial SL Hit,-621.2125000000015,9.1545975,-630.3670975000015,3448.7069504377705,-2173951.390475539,-21.73951390475539,2024,12580.765197499995,-21.73951390475539
197,197,197,2024-06-05 14:15:00+05:30,2024-06-05 15:15:00+05:30,Long,22636.05,22071.3875,22572.75,Trailing SL Hit,-63.29999999999927,9.041760000000002,-72.34175999999927,3534.1855138153524,-255669.2002359043,-2.556692002359043,2024,12508.423437499996,-2.556692002359043
198,198,198,2024-06-06 09:15:00+05:30,2024-07-10 10:15:00+05:30,Long,22786.85,22271.45,24211.45,Trailing SL Hit,1424.6000000000022,9.39966,1415.2003400000021,3510.796797275622,4968480.821175379,49.68480821175378,2024,13923.623777499997,49.68480821175378
199,199,199,2024-07-12 10:15:00+05:30,2024-07-22 12:15:00+05:30,Long,24538.25,24283.0875,24487.8,Trailing SL Hit,-50.45000000000073,9.80521,-60.25521000000073,3260.216193086304,-196445.01135981816,-1.9644501135981818,2024,13863.368567499996,-1.9644501135981818
200,200,200,2024-07-26 09:15:00+05:30,2024-08-02 09:15:00+05:30,Long,24578.7,24334.056249999998,24778.9,Trailing SL Hit,200.20000000000073,9.871520000000002,190.32848000000072,3254.850744750536,619490.7948752398,6.194907948752398,2024,14053.697047499996,6.194907948752398
201,201,201,2024-08-16 11:15:00+05:30,2024-09-06 09:15:00+05:30,Long,24419.8,24172.05625,24921.1,Trailing SL Hit,501.2999999999993,9.868179999999999,491.4318199999993,3276.0301067166806,1609945.4377185702,16.0994543771857,2024,14545.128867499996,16.0994543771857
202,202,202,2024-09-10 12:15:00+05:30,2024-09-11 13:15:00+05:30,Long,25098.55,24912.681249999998,24937.55,Trailing SL Hit,-161.0,10.00722,-171.00722,3187.4351307147226,-545074.4206338613,-5.450744206338613,2024,14374.121647499996,-5.450744206338613
203,203,203,2024-09-12 13:15:00+05:30,2024-09-30 12:15:00+05:30,Long,25204.7,24945.6,25877.1,Trailing SL Hit,672.3999999999978,10.216360000000002,662.1836399999978,3174.011196324495,2101778.2873829016,21.017782873829017,2024,15036.305287499994,21.017782873829017
204,204,204,2024-11-06 09:15:00+05:30,2024-11-07 09:15:00+05:30,Long,24379.25,23998.38125,24221.4,Trailing SL Hit,-157.84999999999854,9.720130000000001,-167.57012999999856,3281.4791267163673,-549877.8838561435,-5.498778838561434,2024,14868.735157499996,-5.498778838561434
205,205,205,2024-11-22 12:15:00+05:30,2024-11-28 12:15:00+05:30,Long,23701.2,23401.35,23979.35,Trailing SL Hit,278.1499999999978,9.53611,268.6138899999978,3375.3565220326395,906667.6455200507,9.066676455200506,2024,15137.349047499993,9.066676455200506
206,206,206,2024-12-03 09:15:00+05:30,,Long,24336.95,24161.600000000002,,,,,,3287.182658467885,,,2024,,
