,index,Trade No.,Entry_Date,Exit_Date,Trade_Type,Entry_Price,Initial SL,Exit_Price,Exit Remark,PnL,Slippage,PnL w cs,Qty,Profit_Loss INR,ROI%,Trade Year
0,0,0,2017-01-05 10:15:00+05:30,2017-01-20 12:15:00+05:30,Long,26841.85,26654.256666666668,27120.28,Trailing SL Hit,278.4300000000003,5.396213,273.0337870000003,2980.420500077305,813755.4959885413,8.137554959885412,2017
1,1,1,2017-01-24 13:15:00+05:30,2017-02-15 10:15:00+05:30,Long,27321.79,27139.137777777778,28241.12,Trailing SL Hit,919.3299999999981,5.556291000000001,913.7737089999981,2928.0658404884894,2675589.5832593637,26.755895832593637,2017
2,2,2,2017-02-17 09:15:00+05:30,2017-03-03 09:15:00+05:30,Long,28461.55,28236.655555555553,28791.0,Trailing SL Hit,329.4500000000007,5.725255000000001,323.7247450000007,2810.8096712933766,909928.6440829842,9.099286440829841,2017
3,3,3,2017-03-06 09:15:00+05:30,2017-03-08 10:15:00+05:30,Long,29011.91,28766.6,28866.1,Trailing SL Hit,-145.8100000000013,5.787801,-151.5978010000013,2757.4882177698746,-418029.15009732574,-4.180291500973257,2017
4,4,4,2017-03-14 09:15:00+05:30,2017-03-22 09:15:00+05:30,Long,29436.63,28972.90777777778,29230.35,Trailing SL Hit,-206.28000000000247,5.8666979999999995,-212.14669800000246,2717.7024000369606,-576551.590314523,-5.765515903145229,2017
5,5,5,2017-03-24 09:15:00+05:30,2017-03-27 09:15:00+05:30,Long,29476.18,29248.824444444443,29278.51,Trailing SL Hit,-197.6700000000019,5.875469000000001,-203.5454690000019,2714.05589191001,-552433.7794110414,-5.524337794110415,2017
6,6,6,2017-04-03 11:15:00+05:30,2017-04-07 14:15:00+05:30,Long,29825.05,29629.954444444447,29695.5,Trailing SL Hit,-129.54999999999927,5.9520550000000005,-135.50205499999927,2682.3089986437576,-363458.3814612194,-3.6345838146121943,2017
7,7,7,2017-04-18 09:15:00+05:30,2017-04-18 12:15:00+05:30,Long,29679.63,29413.199999999997,29556.57,Trailing SL Hit,-123.06000000000131,5.92362,-128.9836200000013,2695.451392082718,-347669.0780848718,-3.4766907808487186,2017
8,8,8,2017-04-24 13:15:00+05:30,2017-05-05 11:15:00+05:30,Long,29650.0,29405.033333333333,29902.94,Trailing SL Hit,252.9399999999987,5.955294,246.98470599999868,2698.1450252951095,666400.5558178716,6.664005558178716,2017
9,9,9,2017-05-10 09:15:00+05:30,2017-05-23 10:15:00+05:30,Long,30176.81,29931.029999999995,30410.03,Trailing SL Hit,233.21999999999753,6.0586839999999995,227.16131599999753,2651.042306990036,602214.259227526,6.0221425922752605,2017
10,10,10,2017-05-25 13:15:00+05:30,2017-06-09 09:15:00+05:30,Long,30612.29,30364.432222222225,31143.43,Trailing SL Hit,531.1399999999994,6.175572000000001,524.9644279999994,2613.329483027895,1371905.0172332732,13.719050172332734,2017
11,11,11,2017-06-22 10:15:00+05:30,2017-06-23 09:15:00+05:30,Long,31480.77,31253.66333333333,31253.66333333333,Initial SL Hit,-227.1066666666702,6.273443333333334,-233.38011000000355,2541.233902474431,-593073.447695221,-5.930734476952211,2017
12,12,12,2017-07-03 09:15:00+05:30,2017-07-18 12:15:00+05:30,Long,31088.85,30814.01666666667,31780.11,Trailing SL Hit,691.260000000002,6.2868960000000005,684.9731040000021,2573.269837900083,1762620.628296002,17.626206282960023,2017
13,13,13,2017-07-24 10:15:00+05:30,2017-08-03 09:15:00+05:30,Long,32223.26,31961.060000000005,32307.52,Trailing SL Hit,84.26000000000204,6.4530780000000005,77.80692200000203,2482.6786613148392,193169.58495199317,1.9316958495199315,2017
14,14,14,2017-08-16 14:15:00+05:30,2017-08-17 10:15:00+05:30,Long,31758.83,31489.36,31746.65,Trailing SL Hit,-12.180000000000291,6.350548000000001,-18.53054800000029,2518.9844840001974,-46678.162892021624,-0.4667816289202162,2017
15,15,15,2017-09-01 09:15:00+05:30,2017-09-04 11:15:00+05:30,Long,31883.46,31618.296666666665,31618.296666666665,Initial SL Hit,-265.16333333333387,6.350175666666667,-271.5135090000005,2509.13796683296,-681264.8539399438,-6.812648539399437,2017
16,16,16,2017-09-12 10:15:00+05:30,2017-09-22 09:15:00+05:30,Long,32066.3,31875.475555555553,32089.93,Trailing SL Hit,23.63000000000102,6.415623,17.21437700000102,2494.831021976343,42946.96176359859,0.42946961763598596,2017
17,17,17,2017-10-12 14:15:00+05:30,2017-11-07 13:15:00+05:30,Long,32178.87,31872.886666666665,33414.26,Trailing SL Hit,1235.390000000003,6.559313,1228.830687000003,2486.1034585739026,3055000.2209524526,30.550002209524525,2017
18,18,18,2017-11-16 15:15:00+05:30,2017-11-30 09:15:00+05:30,Long,33139.54,32915.71444444444,33378.1,Trailing SL Hit,238.55999999999767,6.651764,231.90823599999766,2414.034715026219,559834.5324044875,5.598345324044875,2017
19,19,19,2017-12-08 09:15:00+05:30,2017-12-13 13:15:00+05:30,Long,33163.91,32780.09,33106.49,Trailing SL Hit,-57.42000000000553,6.62704,-64.04704000000552,2412.2607979577797,-154498.16381724717,-1.5449816381724717,2017
20,20,20,2017-12-15 09:15:00+05:30,2017-12-18 09:15:00+05:30,Long,33570.02,33062.313333333324,33062.313333333324,Initial SL Hit,-507.7066666666724,6.663233333333332,-514.3699000000057,2383.0787113025253,-1225783.9584248224,-12.257839584248224,2017
21,21,21,2018-01-05 09:15:00+05:30,2018-02-02 09:15:00+05:30,Long,34146.38,33875.80777777777,35563.46,Trailing SL Hit,1417.0800000000017,6.970984,1410.1090160000017,2342.8544987784944,3303680.2519037197,33.0368025190372,2018
22,22,22,2018-02-23 11:15:00+05:30,2018-02-28 14:15:00+05:30,Long,34036.91,33785.35666666667,34161.57,Trailing SL Hit,124.65999999999622,6.819848000000001,117.84015199999621,2350.3896211495107,276970.27021547186,2.769702702154719,2018
23,23,23,2018-03-12 09:15:00+05:30,2018-03-14 11:15:00+05:30,Long,33645.17,33367.294444444444,33633.79,Trailing SL Hit,-11.37999999999738,6.727895999999999,-18.107895999997382,2377.7558561897595,-43056.1557572689,-0.430561557572689,2018
24,24,24,2018-03-26 14:15:00+05:30,2018-03-28 09:15:00+05:30,Long,33084.77,32611.103333333333,32947.74,Trailing SL Hit,-137.02999999999884,6.603251,-143.63325099999884,2418.031015479328,-347309.65577212436,-3.473096557721244,2018
25,25,25,2018-04-05 14:15:00+05:30,2018-05-16 09:15:00+05:30,Long,33621.9,33272.39888888889,35276.8,Trailing SL Hit,1654.9000000000015,6.889870000000002,1648.0101300000015,2379.4015210324224,3921277.809998844,39.212778099988434,2018
26,26,26,2018-05-25 10:15:00+05:30,2018-05-25 11:15:00+05:30,Long,34860.3,34546.64888888889,34828.67,Trailing SL Hit,-31.630000000004657,6.968897,-38.598897000004655,2294.874111812004,-88579.6094698087,-0.885796094698087,2018
27,27,27,2018-05-25 13:15:00+05:30,2018-05-30 09:15:00+05:30,Long,34965.88,34673.793333333335,34829.55,Trailing SL Hit,-136.32999999999447,6.979543,-143.30954299999448,2287.944704952371,-327884.3100759815,-3.278843100759815,2018
28,28,28,2018-05-31 14:15:00+05:30,2018-06-04 14:15:00+05:30,Long,35286.91,34945.47555555556,35032.18,Trailing SL Hit,-254.7300000000032,7.031909,-261.7619090000032,2267.129652327166,-593448.1857436724,-5.934481857436724,2018
29,29,29,2018-06-07 09:15:00+05:30,2018-06-15 12:15:00+05:30,Long,35458.16,35041.79111111111,35451.1,Trailing SL Hit,-7.060000000004948,7.090926000000001,-14.150926000004949,2256.180241727151,-31927.039643354194,-0.31927039643354194,2018
30,30,30,2018-06-22 14:15:00+05:30,2018-06-25 14:15:00+05:30,Long,35718.29,35425.81444444444,35475.77,Trailing SL Hit,-242.52000000000407,7.119406,-249.63940600000407,2239.7488793556467,-559129.5798315185,-5.591295798315184,2018
31,31,31,2018-06-29 13:15:00+05:30,2018-07-02 09:15:00+05:30,Long,35393.56,35127.73333333334,35238.49,Trailing SL Hit,-155.0699999999997,7.063204999999999,-162.13320499999972,2260.2982011416766,-366469.3916068341,-3.664693916068341,2018
32,32,32,2018-07-04 14:15:00+05:30,2018-08-02 13:15:00+05:30,Long,35650.91,35384.69777777778,37192.77,Trailing SL Hit,1541.8599999999933,7.284368,1534.5756319999932,2243.9819909225316,3443560.081916547,34.435600819165465,2018
33,33,33,2018-08-06 09:15:00+05:30,2018-08-13 09:15:00+05:30,Long,37669.17,37419.77777777778,37609.07,Trailing SL Hit,-60.099999999998545,7.527824,-67.62782399999854,2123.7526603320434,-143624.7711324641,-1.436247711324641,2018
34,34,34,2018-08-20 09:15:00+05:30,2018-09-03 13:15:00+05:30,Long,38243.08,37906.40777777778,38565.62,Trailing SL Hit,322.5400000000009,7.680870000000001,314.85913000000085,2091.881720823741,658648.0586814678,6.586480586814678,2018
35,35,35,2018-09-14 12:15:00+05:30,2018-09-17 09:15:00+05:30,Long,38005.13,37673.00777777777,37746.39,Trailing SL Hit,-258.73999999999796,7.575151999999999,-266.31515199999797,2104.978985731663,-560587.7985419295,-5.605877985419294,2018
36,36,36,2018-10-16 09:15:00+05:30,2018-10-17 14:15:00+05:30,Long,35146.32,34686.62777777777,34791.44,Trailing SL Hit,-354.8799999999974,6.993776000000001,-361.8737759999974,2276.198475402261,-823696.5372192534,-8.236965372192532,2018
37,37,37,2018-10-29 14:15:00+05:30,2018-10-30 11:15:00+05:30,Long,34073.05,33495.80222222222,34007.43,Trailing SL Hit,-65.62000000000262,6.808048000000001,-72.42804800000262,2347.8966514591443,-170053.57137092832,-1.7005357137092834,2018
38,38,38,2018-10-31 13:15:00+05:30,2018-11-13 10:15:00+05:30,Long,34252.1,33827.07444444444,34752.73,Trailing SL Hit,500.63000000000466,6.900483,493.72951700000465,2335.6232172625914,1153166.1229530561,11.531661229530561,2018
39,39,39,2018-11-13 14:15:00+05:30,2018-11-21 09:15:00+05:30,Long,35161.63,34817.014444444445,35247.87,Trailing SL Hit,86.24000000000524,7.0409500000000005,79.19905000000524,2275.2073780424857,180194.26289396765,1.8019426289396767,2018
40,40,40,2018-11-26 14:15:00+05:30,2018-12-05 14:15:00+05:30,Long,35384.14,35007.88444444445,35884.21,Trailing SL Hit,500.0699999999997,7.126835000000001,492.9431649999997,2260.899939916584,1114495.17213079,11.144951721307901,2018
41,41,41,2018-12-12 10:15:00+05:30,2018-12-21 10:15:00+05:30,Long,35514.3,34928.88111111111,36053.13,Trailing SL Hit,538.8299999999945,7.156743,531.6732569999945,2252.6137358754077,1197654.4817158033,11.976544817158032,2018
42,42,42,2018-12-27 09:15:00+05:30,2018-12-27 14:15:00+05:30,Long,35853.96,35336.79111111111,35819.47,Trailing SL Hit,-34.48999999999796,7.167343,-41.657342999997965,2231.273756092772,-92948.9361844504,-0.929489361844504,2018
43,43,43,2018-12-28 09:15:00+05:30,2019-01-01 13:15:00+05:30,Long,36145.89,35814.83666666666,35934.51,Trailing SL Hit,-211.37999999999738,7.20804,-218.5880399999974,2213.2530143814415,-483790.6384377253,-4.837906384377253,2018
44,44,44,2019-01-07 09:15:00+05:30,2019-01-07 14:15:00+05:30,Long,36002.44,35552.47111111111,35863.19,Trailing SL Hit,-139.25,7.1865630000000005,-146.436563,2222.0716151460842,-325392.5300618513,-3.2539253006185134,2019
45,45,45,2019-01-09 09:15:00+05:30,2019-01-09 13:15:00+05:30,Long,36205.07,35878.183333333334,35878.183333333334,Initial SL Hit,-326.8866666666654,7.208325333333333,-334.09499199999874,2209.6352803626673,-738228.0813156803,-7.382280813156803,2019
46,46,46,2019-01-15 09:15:00+05:30,2019-01-23 14:15:00+05:30,Long,36135.98,35798.46777777778,36088.0,Trailing SL Hit,-47.9800000000032,7.222398000000001,-55.2023980000032,2213.8599811047047,-122210.37979322148,-1.222103797932215,2019
47,47,47,2019-01-25 09:15:00+05:30,2019-01-25 13:15:00+05:30,Long,36446.9,36093.69777777778,36202.31,Trailing SL Hit,-244.59000000000378,7.264920999999999,-251.85492100000377,2194.97405815035,-552815.0180125141,-5.528150180125141,2019
48,48,48,2019-01-31 10:15:00+05:30,2019-02-08 14:15:00+05:30,Long,35947.08,35609.58666666667,36518.42,Trailing SL Hit,571.3399999999965,7.24655,564.0934499999966,2225.4936979582208,1255386.418034503,12.55386418034503,2019
49,49,49,2019-02-21 12:15:00+05:30,2019-02-22 11:15:00+05:30,Long,35920.63,35636.11111111111,35845.13,Trailing SL Hit,-75.5,7.176576,-82.676576,2227.132430583762,-184131.6836592231,-1.841316836592231,2019
50,50,50,2019-02-25 14:15:00+05:30,2019-02-26 09:15:00+05:30,Long,36234.02,35934.75555555555,35934.75555555555,Initial SL Hit,-299.26444444444496,7.2168775555555555,-306.48132200000055,2207.8698416570946,-676670.8678749983,-6.766708678749983,2019
51,51,51,2019-02-27 09:15:00+05:30,2019-02-27 11:15:00+05:30,Long,36280.31,35951.595555555556,35951.595555555556,Initial SL Hit,-328.71444444444205,7.223190555555556,-335.9376349999976,2205.052823418543,-740760.2305492928,-7.407602305492927,2019
52,52,52,2019-03-05 14:15:00+05:30,2019-03-25 09:15:00+05:30,Long,36437.22,36068.85444444444,37849.3,Trailing SL Hit,1412.0800000000017,7.4286520000000005,1404.6513480000017,2195.5571802678687,3083992.3528743447,30.839923528743444,2019
53,53,53,2019-03-26 14:15:00+05:30,2019-04-04 14:15:00+05:30,Long,38247.2,37810.36888888889,38662.01,Trailing SL Hit,414.81000000000495,7.6909209999999995,407.11907900000494,2091.656382689452,851553.2201050116,8.515532201050116,2019
54,54,54,2019-04-16 09:15:00+05:30,2019-04-22 09:15:00+05:30,Long,39233.46,38849.88333333333,38849.88333333333,Initial SL Hit,-383.57666666666773,7.808334333333333,-391.38500100000107,2039.0758296617225,-798063.6956312313,-7.980636956312313,2019
55,55,55,2019-04-24 14:15:00+05:30,2019-04-25 14:15:00+05:30,Long,39067.33,38613.25333333333,38694.43,Trailing SL Hit,-372.90000000000146,7.776176000000001,-380.6761760000015,2047.7468002036483,-779528.4213177639,-7.79528421317764,2019
56,56,56,2019-05-17 11:15:00+05:30,2019-06-06 13:15:00+05:30,Long,37727.24,37277.756666666675,39554.96,Trailing SL Hit,1827.7200000000012,7.72822,1819.9917800000012,2120.4837671666414,3859263.0258667236,38.592630258667235,2019
57,57,57,2019-06-10 09:15:00+05:30,2019-06-10 11:15:00+05:30,Long,39888.12,39486.17777777778,39677.18,Trailing SL Hit,-210.94000000000233,7.956530000000001,-218.89653000000231,2005.6096903037796,-439021.00174187665,-4.390210017418767,2019
58,58,58,2019-06-20 14:15:00+05:30,2019-06-21 10:15:00+05:30,Long,39626.56,39126.322222222225,39379.22,Trailing SL Hit,-247.3399999999965,7.900578,-255.2405779999965,2018.8479645974821,-515291.9213779778,-5.152919213779778,2019
59,59,59,2019-06-25 14:15:00+05:30,2019-06-28 14:15:00+05:30,Long,39438.34,39127.25777777777,39388.95,Trailing SL Hit,-49.38999999999942,7.882728999999999,-57.272728999999416,2028.4829432476115,-116176.75388974165,-1.1617675388974165,2019
60,60,60,2019-08-08 14:15:00+05:30,2019-08-13 14:15:00+05:30,Long,37271.39,36723.236666666664,36992.87,Trailing SL Hit,-278.5199999999968,7.426426000000001,-285.9464259999968,2146.418472721302,-613760.6909750279,-6.137606909750279,2019
61,61,61,2019-08-19 09:15:00+05:30,2019-08-20 09:15:00+05:30,Long,37589.51,37235.903333333335,37262.6,Trailing SL Hit,-326.9100000000035,7.4852110000000005,-334.3952110000035,2128.25333450742,-711677.7228540697,-7.1167772285406965,2019
62,62,62,2019-08-26 11:15:00+05:30,2019-08-29 10:15:00+05:30,Long,37082.59,36541.47888888889,37194.77,Trailing SL Hit,112.18000000000029,7.427735999999999,104.7522640000003,2157.346614678209,225986.94212027866,2.2598694212027866,2019
63,63,63,2019-09-09 09:15:00+05:30,2019-09-09 09:15:00+05:30,Long,37119.32,36809.72555555556,36809.72555555556,Initial SL Hit,-309.59444444443943,7.392904555555556,-316.987348999995,2155.211895045491,-683174.9051437257,-6.831749051437257,2019
64,64,64,2019-09-09 10:15:00+05:30,2019-09-12 14:15:00+05:30,Long,37178.77,36864.39333333333,37085.87,Trailing SL Hit,-92.89999999999418,7.426464,-100.32646399999417,2151.7656447483337,-215879.03849426797,-2.1587903849426797,2019
65,65,65,2019-09-20 10:15:00+05:30,2019-10-01 13:15:00+05:30,Long,37314.6,36126.65555555555,37990.77,Trailing SL Hit,676.1699999999983,7.530537,668.6394629999983,2143.9329377777062,1433518.1682236942,14.335181682236943,2019
66,66,66,2019-10-09 14:15:00+05:30,2019-10-10 10:15:00+05:30,Long,38174.03,37629.26111111111,38017.44,Trailing SL Hit,-156.5899999999965,7.619147000000001,-164.2091469999965,2095.665561115764,-344127.45418808865,-3.4412745418808863,2019
67,67,67,2019-10-11 09:15:00+05:30,2019-10-11 10:15:00+05:30,Long,38302.46,37920.65111111111,37920.65111111111,Initial SL Hit,-381.80888888888876,7.622311111111111,-389.4311999999999,2088.6386931805423,-813381.0726517302,-8.133810726517302,2019
68,68,68,2019-10-14 13:15:00+05:30,2019-10-25 12:15:00+05:30,Long,38456.43,38113.69333333333,38757.81,Trailing SL Hit,301.3799999999974,7.721424,293.65857599999737,2080.2763022984714,610890.9766195092,6.108909766195092,2019
69,69,69,2019-10-29 09:15:00+05:30,2019-11-11 11:15:00+05:30,Long,39473.5,38996.51666666667,40183.5,Trailing SL Hit,710.0,7.9657,702.0343,2026.6761244885809,1422796.1543820538,14.227961543820536,2019
70,70,70,2019-11-15 09:15:00+05:30,2019-11-18 11:15:00+05:30,Long,40500.94,40141.07888888889,40257.99,Trailing SL Hit,-242.95000000000437,8.075892999999999,-251.02589300000437,1975.2627963696643,-495842.10736838076,-4.958421073683807,2019
71,71,71,2019-11-20 09:15:00+05:30,2019-11-22 09:15:00+05:30,Long,40745.74,40380.03555555556,40448.51,Trailing SL Hit,-297.2299999999959,8.119425,-305.3494249999959,1963.395437167174,-599521.6677866122,-5.9952166778661224,2019
72,72,72,2019-11-25 11:15:00+05:30,2019-11-29 11:15:00+05:30,Long,40698.8,40384.85555555556,40739.64,Trailing SL Hit,40.83999999999651,8.143844000000001,32.696155999996506,1965.659921177037,64269.52342574524,0.6426952342574523,2019
73,73,73,2019-12-13 09:15:00+05:30,2019-12-26 11:15:00+05:30,Long,40903.96,40539.45333333334,41364.47,Trailing SL Hit,460.51000000000204,8.226843,452.28315700000206,1955.800856445195,884575.7858163406,8.845757858163406,2019
74,74,74,2020-01-09 09:15:00+05:30,2020-01-20 12:15:00+05:30,Long,41253.66,40713.24333333333,41606.15,Trailing SL Hit,352.48999999999796,8.285981,344.20401899999797,1939.2218775255333,667487.9639770103,6.674879639770103,2020
75,75,75,2020-01-24 09:15:00+05:30,2020-01-27 09:15:00+05:30,Long,41525.16,41218.27,41475.48,Trailing SL Hit,-49.68000000000029,8.300064000000003,-57.9800640000003,1926.5428477578412,-111701.07761174245,-1.1170107761174244,2020
76,76,76,2020-02-04 14:15:00+05:30,2020-02-10 09:15:00+05:30,Long,40785.85,40252.346666666665,40901.69,Trailing SL Hit,115.84000000000378,8.168754000000002,107.67124600000378,1961.4645765627051,211193.33494337628,2.111933349433763,2020
77,77,77,2020-02-11 09:15:00+05:30,2020-02-17 10:15:00+05:30,Long,41389.12,40935.48,41223.02,Trailing SL Hit,-166.10000000000582,8.261214,-174.36121400000582,1932.875113073194,-337018.4512258406,-3.370184512258406,2020
78,78,78,2020-02-19 09:15:00+05:30,2020-02-20 15:15:00+05:30,Long,41159.96,40791.23,41166.2,Trailing SL Hit,6.239999999997963,8.232616,-1.9926160000020374,1943.6364855553795,-3872.9211593053783,-0.03872921159305378,2020
79,79,79,2020-03-26 09:15:00+05:30,2020-03-30 09:15:00+05:30,Long,29833.68,27413.175555555554,29162.53,Trailing SL Hit,-671.1500000000015,5.899621,-677.0496210000015,2681.533086095983,-1815530.9596402496,-18.155309596402496,2020
80,80,80,2020-03-31 11:15:00+05:30,2020-04-01 09:15:00+05:30,Long,29382.49,28735.465555555555,28735.465555555555,Initial SL Hit,-647.024444444447,5.811795555555556,-652.8362400000026,2722.7100221934897,-1777483.7734991214,-17.774837734991213,2020
81,81,81,2020-04-07 10:15:00+05:30,2020-04-21 11:15:00+05:30,Long,28983.09,27866.406666666662,30707.68,Trailing SL Hit,1724.5900000000001,5.969077,1718.6209230000002,2760.2301893966446,4743789.355793327,47.43789355793327,2020
82,82,82,2020-04-22 10:15:00+05:30,2020-05-04 09:15:00+05:30,Long,31144.82,30573.215555555555,32053.08,Trailing SL Hit,908.260000000002,6.31979,901.940210000002,2568.6454440899,2316764.611257993,23.167646112579934,2020
83,83,83,2020-05-08 10:15:00+05:30,2020-05-08 13:15:00+05:30,Long,31965.12,31483.77,31797.54,Trailing SL Hit,-167.5799999999981,6.376266,-173.9562659999981,2502.7279734911053,-435365.2130822549,-4.353652130822549,2020
84,84,84,2020-05-11 09:15:00+05:30,2020-05-11 13:15:00+05:30,Long,32109.13,31738.378888888885,31762.74,Trailing SL Hit,-346.3899999999994,6.387187000000001,-352.7771869999994,2491.503195508567,-878945.4887130217,-8.789454887130217,2020
85,85,85,2020-05-13 09:15:00+05:30,2020-05-14 09:15:00+05:30,Long,32055.79,31155.576666666668,31500.16,Trailing SL Hit,-555.630000000001,6.355595,-561.985595000001,2495.6489919605788,-1402518.7836581187,-14.025187836581186,2020
86,86,86,2020-05-21 09:15:00+05:30,2020-05-21 15:15:00+05:30,Long,30973.63,30433.855555555558,30939.93,Trailing SL Hit,-33.70000000000073,6.191356,-39.89135600000073,2582.842243547172,-103033.07942918083,-1.0303307942918083,2020
87,87,87,2020-05-27 12:15:00+05:30,2020-06-11 13:15:00+05:30,Long,31132.91,30657.837777777782,33709.87,Trailing SL Hit,2576.9600000000028,6.484278,2570.475722000003,2569.628088090705,6605166.615006442,66.05166615006442,2020
88,88,88,2020-06-12 14:15:00+05:30,2020-06-15 09:15:00+05:30,Long,33787.94,33108.65222222222,33372.11,Trailing SL Hit,-415.83000000000175,6.716005000000001,-422.54600500000174,2367.708715003045,-1000465.8585282244,-10.004658585282243,2020
89,89,89,2020-06-16 09:15:00+05:30,2020-06-16 12:15:00+05:30,Long,33827.72,33226.97111111111,33351.49,Trailing SL Hit,-476.2300000000032,6.717921,-482.9479210000032,2364.924387455022,-1142135.316243609,-11.42135316243609,2020
90,90,90,2020-06-18 13:15:00+05:30,2020-06-29 09:15:00+05:30,Long,34077.01,33574.938888888886,34703.63,Trailing SL Hit,626.6199999999953,6.878064,619.7419359999953,2347.6238085442355,1454920.9241068868,14.54920924106887,2020
91,91,91,2020-06-30 09:15:00+05:30,2020-06-30 14:15:00+05:30,Long,35181.53,34834.984444444446,34834.984444444446,Initial SL Hit,-346.5455555555527,7.001651444444445,-353.5472069999972,2273.9204349555007,-803938.218718736,-8.03938218718736,2020
92,92,92,2020-07-01 12:15:00+05:30,2020-07-14 10:15:00+05:30,Long,35368.61,35008.18222222222,36096.68,Trailing SL Hit,728.0699999999997,7.146529000000001,720.9234709999997,2261.892678281674,1630651.52065631,16.306515206563102,2020
93,93,93,2020-07-15 09:15:00+05:30,2020-07-15 14:15:00+05:30,Long,36547.28,36131.607777777775,36131.607777777775,Initial SL Hit,-415.67222222222335,7.267888777777777,-422.94011100000114,2188.945388001515,-925792.8053743013,-9.257928053743012,2020
94,94,94,2020-07-17 09:15:00+05:30,2020-07-30 13:15:00+05:30,Long,36682.66,36189.810000000005,37842.12,Trailing SL Hit,1159.4599999999991,7.452478,1152.0075219999992,2180.866927316612,2512375.1047497625,25.123751047497624,2020
95,95,95,2020-08-04 14:15:00+05:30,2020-08-05 14:15:00+05:30,Long,37690.59,37202.86888888889,37665.03,Trailing SL Hit,-25.55999999999767,7.535562,-33.09556199999767,2122.5457070319144,-70246.84304490361,-0.7024684304490362,2020
96,96,96,2020-08-06 12:15:00+05:30,2020-08-14 13:15:00+05:30,Long,38202.63,37700.34333333334,37923.51,Trailing SL Hit,-279.11999999999534,7.612614000000001,-286.73261399999535,2094.096662978439,-600445.8101444751,-6.004458101444751,2020
97,97,97,2020-08-18 09:15:00+05:30,2020-08-20 13:15:00+05:30,Long,38266.69,37884.776666666665,38223.09,Trailing SL Hit,-43.60000000000582,7.6489780000000005,-51.24897800000582,2090.591059744127,-107140.65522783562,-1.0714065522783562,2020
98,98,98,2020-08-24 12:15:00+05:30,2020-08-31 13:15:00+05:30,Long,38818.82,38521.165555555555,38773.68,Trailing SL Hit,-45.13999999999942,7.759250000000001,-52.89924999999942,2060.856048689785,-109017.73933365192,-1.0901773933365193,2020
99,99,99,2020-09-10 10:15:00+05:30,2020-09-14 15:15:00+05:30,Long,38661.91,38111.926666666666,38696.28,Trailing SL Hit,34.36999999999534,7.735819,26.634180999995344,2069.2200669858266,55111.981792923,0.5511198179292299,2020
100,100,100,2020-09-28 10:15:00+05:30,2020-10-15 13:15:00+05:30,Long,37874.49,37162.61777777777,39835.95,Trailing SL Hit,1961.4599999999991,7.771044000000001,1953.688955999999,2112.239663161141,4126659.302343079,41.26659302343079,2020
101,101,101,2020-10-19 09:15:00+05:30,2020-10-21 13:15:00+05:30,Long,40415.96,39864.62777777778,40255.26,Trailing SL Hit,-160.6999999999971,8.067122000000001,-168.7671219999971,1979.4160524703607,-334060.35041601805,-3.3406035041601805,2020
102,102,102,2020-11-03 09:15:00+05:30,2020-11-25 14:15:00+05:30,Long,40140.66,39558.06888888889,43844.7,Trailing SL Hit,3704.0399999999936,8.398536,3695.6414639999934,1992.9916448807767,7365382.560226949,73.65382560226949,2020
103,103,103,2020-11-26 15:15:00+05:30,2020-12-21 14:15:00+05:30,Long,44358.08,43794.671111111114,45595.47,Trailing SL Hit,1237.3899999999994,8.995355,1228.3946449999994,1803.5045700805806,2215415.3561200113,22.15415356120011,2020
104,104,104,2020-12-23 10:15:00+05:30,2021-01-15 13:15:00+05:30,Long,46204.18,45536.73111111111,48953.54,Trailing SL Hit,2749.3600000000006,9.515772,2739.8442280000004,1731.4450770471417,4743889.800446627,47.43889800446627,2020
105,105,105,2021-01-19 11:15:00+05:30,2021-01-22 10:15:00+05:30,Long,49215.21,48674.18444444445,49287.25,Trailing SL Hit,72.04000000000087,9.850246,62.189754000000875,1625.5137385373343,101090.29952325857,1.0109029952325856,2021
106,106,106,2021-02-01 13:15:00+05:30,2021-02-18 11:15:00+05:30,Long,48130.49,46658.76777777778,51452.81,Trailing SL Hit,3322.3199999999997,9.95833,3312.36167,1662.1480479421673,5505635.483868957,55.056354838689565,2021
107,107,107,2021-02-24 16:15:00+05:30,2021-02-26 09:15:00+05:30,Long,50776.79,49887.34444444445,50242.46,Trailing SL Hit,-534.3300000000017,10.101925,-544.4319250000018,1575.5229899329988,-857765.014290981,-8.57765014290981,2021
108,108,108,2021-03-02 09:15:00+05:30,2021-03-02 10:15:00+05:30,Long,50390.58,49592.11888888889,49977.67,Trailing SL Hit,-412.9100000000035,10.036825,-422.9468250000035,1587.5983169870242,-671469.667545011,-6.71469667545011,2021
109,109,109,2021-03-02 14:15:00+05:30,2021-03-05 13:15:00+05:30,Long,50345.81,49838.00555555555,50255.22,Trailing SL Hit,-90.58999999999651,10.060103,-100.6501029999965,1589.0100884264252,-159934.02906815326,-1.5993402906815326,2021
110,110,110,2021-03-09 14:15:00+05:30,2021-03-12 13:15:00+05:30,Long,51079.97,50542.740000000005,50672.08,Trailing SL Hit,-407.8899999999994,10.175205,-418.0652049999994,1566.1716324422273,-654761.8645821435,-6.547618645821435,2021
111,111,111,2021-03-16 10:15:00+05:30,2021-03-16 11:15:00+05:30,Long,50790.22,50102.653333333335,50659.62,Trailing SL Hit,-130.59999999999854,10.144984000000001,-140.74498399999854,1575.1063885921344,-221688.32346069545,-2.2168832346069545,2021
112,112,112,2021-03-30 09:15:00+05:30,2021-03-31 14:15:00+05:30,Long,49770.41,48867.94777777778,49527.7,Trailing SL Hit,-242.7100000000064,9.929811,-252.6398110000064,1607.3807710243898,-406088.3741966464,-4.060883741966464,2021
113,113,113,2021-04-01 14:15:00+05:30,2021-04-05 09:15:00+05:30,Long,50055.3,49600.945555555554,49600.945555555554,Initial SL Hit,-454.35444444444875,9.965624555555557,-464.3200690000043,1598.2323550153528,-742091.357358768,-7.42091357358768,2021
114,114,114,2021-04-07 10:15:00+05:30,2021-04-09 13:15:00+05:30,Long,49786.65,49146.69222222222,49582.7,Trailing SL Hit,-203.95000000000437,9.936935000000002,-213.88693500000437,1606.8564564998849,-343685.60246572824,-3.436856024657282,2021
115,115,115,2021-04-16 09:15:00+05:30,2021-04-16 11:15:00+05:30,Long,48961.75,48352.97666666666,48903.73,Trailing SL Hit,-58.0199999999968,9.786548000000002,-67.8065479999968,1633.9285258390478,-110791.0530158694,-1.107910530158694,2021
116,116,116,2021-04-26 09:15:00+05:30,2021-04-30 14:15:00+05:30,Long,48555.05,47932.37888888889,48783.15,Trailing SL Hit,228.09999999999854,9.733820000000001,218.36617999999854,1647.6144087999085,359783.26456259197,3.5978326456259198,2021
117,117,117,2021-05-07 09:15:00+05:30,2021-05-12 09:15:00+05:30,Long,49339.52,48792.37333333333,48792.37333333333,Initial SL Hit,-547.1466666666674,9.813189333333334,-556.9598560000007,1621.4182870040083,-903064.8956455203,-9.030648956455202,2021
118,118,118,2021-05-17 09:15:00+05:30,2021-06-17 11:15:00+05:30,Long,49213.13,48622.683333333334,52350.08,Trailing SL Hit,3136.9500000000044,10.156321,3126.7936790000044,1625.5824411087042,5082860.901552093,50.82860901552093,2021
119,119,119,2021-06-21 14:15:00+05:30,2021-06-23 12:15:00+05:30,Long,52567.94,52109.58111111111,52398.93,Trailing SL Hit,-169.01000000000204,10.496687,-179.50668700000205,1521.8401177599883,-273180.47768278845,-2.7318047768278846,2021
120,120,120,2021-07-05 09:15:00+05:30,2021-07-08 12:15:00+05:30,Long,52801.71,52323.619999999995,52661.77,Trailing SL Hit,-139.94000000000233,10.546348,-150.48634800000232,1515.1024464927368,-228002.23401856088,-2.280022340185609,2021
121,121,121,2021-07-15 10:15:00+05:30,2021-07-19 09:15:00+05:30,Long,53193.1,52826.46444444444,52826.46444444444,Initial SL Hit,-366.6355555555565,10.601956444444443,-377.23751200000095,1503.9544602589433,-567348.0387493881,-5.673480387493881,2021
122,122,122,2021-07-22 09:15:00+05:30,2021-07-27 12:15:00+05:30,Long,52750.43,52211.56222222222,52483.93,Trailing SL Hit,-266.5,10.523436,-277.023436,1516.575315120654,-420126.90474750637,-4.201269047475064,2021
123,123,123,2021-08-03 09:15:00+05:30,2021-09-20 14:15:00+05:30,Long,53288.86,52860.753333333334,58562.4,Trailing SL Hit,5273.540000000001,11.185126000000002,5262.354874000001,1501.2518563917486,7900120.023584667,79.00120023584667,2021
124,124,124,2021-09-22 09:15:00+05:30,2021-09-28 12:15:00+05:30,Long,59158.26,58542.717777777776,59190.68,Trailing SL Hit,32.419999999998254,11.834894,20.585105999998255,1352.3048176197203,27837.338015010253,0.27837338015010255,2021
125,125,125,2021-10-04 09:15:00+05:30,2021-10-05 09:15:00+05:30,Long,59397.48,58705.665555555555,59248.55,Trailing SL Hit,-148.9300000000003,11.864603,-160.79460300000028,1346.8584862522787,-216567.5755941165,-2.165675755941165,2021
126,126,126,2021-10-05 14:15:00+05:30,2021-10-06 14:15:00+05:30,Long,59766.95,59301.899999999994,59301.899999999994,Initial SL Hit,-465.0500000000029,11.906884999999999,-476.9568850000029,1338.5324163270839,-638422.2517628929,-6.384222517628929,2021
127,127,127,2021-10-08 10:15:00+05:30,2021-10-21 10:15:00+05:30,Long,60104.63,59735.81888888889,60771.43,Trailing SL Hit,666.8000000000029,12.087606000000001,654.7123940000029,1331.0122697702325,871430.2295846465,8.714302295846466,2021
128,128,128,2021-11-08 12:15:00+05:30,2021-11-10 09:15:00+05:30,Long,60447.55,59843.759999999995,60156.05,Trailing SL Hit,-291.5,12.060360000000001,-303.56036,1323.4614140688911,-401750.4233008617,-4.017504233008617,2021
129,129,129,2021-11-12 12:15:00+05:30,2021-11-16 14:15:00+05:30,Long,60398.7,59914.875555555554,60360.58,Trailing SL Hit,-38.11999999999534,12.075928000000001,-50.19592799999535,1324.5318193934638,-66486.10383997715,-0.6648610383997715,2021
130,130,130,2021-12-02 14:15:00+05:30,2021-12-03 12:15:00+05:30,Long,58459.22,57827.73888888888,58030.35,Trailing SL Hit,-428.8700000000026,11.648957000000001,-440.5189570000026,1368.4753234819075,-602839.322180491,-6.028393221804911,2021
131,131,131,2021-12-08 09:15:00+05:30,2021-12-13 13:15:00+05:30,Long,58437.63,57455.94666666667,58274.48,Trailing SL Hit,-163.14999999999418,11.671211000000001,-174.82121099999418,1368.9809117857792,-239326.90083426613,-2.3932690083426613,2021
132,132,132,2021-12-23 09:15:00+05:30,2021-12-24 09:15:00+05:30,Long,57287.43,56651.00333333333,56924.44,Trailing SL Hit,-362.98999999999796,11.421187,-374.41118699999794,1396.4669038216587,-522852.83106607915,-5.228528310660791,2021
133,133,133,2021-12-28 09:15:00+05:30,2022-01-18 14:15:00+05:30,Long,57818.67,57170.654444444444,60707.62,Trailing SL Hit,2888.9500000000044,11.852629000000002,2877.0973710000044,1383.6361161541765,3980855.832207838,39.80855832207838,2021
134,134,134,2022-02-01 09:15:00+05:30,2022-02-01 12:15:00+05:30,Long,58866.41,57886.00555555555,57886.00555555555,Initial SL Hit,-980.4044444444517,11.675241555555555,-992.0796860000072,1359.0093229738318,-1348245.5424069613,-13.482455424069613,2022
135,135,135,2022-02-02 09:15:00+05:30,2022-02-03 15:15:00+05:30,Long,59346.83,58420.253333333334,58668.95,Trailing SL Hit,-677.8800000000047,11.801578000000001,-689.6815780000046,1348.007972793155,-929696.2658325704,-9.296962658325704,2022
136,136,136,2022-02-09 09:15:00+05:30,2022-02-09 10:15:00+05:30,Long,58305.09,57450.38333333333,58212.82,Trailing SL Hit,-92.2699999999968,11.651791000000001,-103.9217909999968,1372.0928996079074,-142590.35154563255,-1.4259035154563255,2022
137,137,137,2022-02-09 13:15:00+05:30,2022-02-11 09:15:00+05:30,Long,58387.4,57834.352222222224,57995.58,Trailing SL Hit,-391.8199999999997,11.638298000000002,-403.45829799999973,1370.1586301154016,-552801.8688963711,-5.528018688963711,2022
138,138,138,2022-02-15 13:15:00+05:30,2022-02-16 10:15:00+05:30,Long,57930.83,56678.34444444444,57866.61,Trailing SL Hit,-64.22000000000116,11.579744000000002,-75.79974400000117,1380.9572554026931,-104676.20643446837,-1.0467620643446836,2022
139,139,139,2022-02-16 11:15:00+05:30,2022-02-16 15:15:00+05:30,Long,58032.98,57460.85444444444,57884.91,Trailing SL Hit,-148.0699999999997,11.591789000000002,-159.66178899999971,1378.5264861463256,-220098.00496200568,-2.200980049620057,2022
140,140,140,2022-03-09 12:15:00+05:30,2022-03-28 09:15:00+05:30,Long,54536.37,53125.94,56967.23,Trailing SL Hit,2430.8600000000006,11.150360000000001,2419.7096400000005,1466.9109806905005,3549498.6409986587,35.49498640998659,2022
141,141,141,2022-03-29 09:15:00+05:30,2022-04-07 10:15:00+05:30,Long,57788.7,57210.43111111111,59170.6,Trailing SL Hit,1381.9000000000015,11.695929999999999,1370.2040700000014,1384.3536885238811,1896847.0583349362,18.96847058334936,2022
142,142,142,2022-04-08 13:15:00+05:30,2022-04-11 09:15:00+05:30,Long,59627.01,59050.91222222222,59050.91222222222,Initial SL Hit,-576.0977777777807,11.867792222222224,-587.9655700000029,1341.6738488144886,-788858.0292723085,-7.888580292723085,2022
143,143,143,2022-04-21 13:15:00+05:30,2022-04-22 09:15:00+05:30,Long,57876.2,57270.647777777776,57270.647777777776,Initial SL Hit,-605.5522222222207,11.514684777777777,-617.0669069999985,1382.260756580425,-852947.3697305608,-8.529473697305608,2022
144,144,144,2022-04-28 12:15:00+05:30,2022-04-29 14:15:00+05:30,Long,57570.34,56864.653333333335,56964.05,Trailing SL Hit,-606.2899999999936,11.453439000000001,-617.7434389999936,1389.6044386744982,-858419.0247964401,-8.584190247964402,2022
145,145,145,2022-05-17 13:15:00+05:30,2022-05-19 09:15:00+05:30,Long,54158.45,53260.170000000006,53260.170000000006,Initial SL Hit,-898.2799999999916,10.741862,-909.0218619999915,1477.147148782877,-1342759.0516345892,-13.42759051634589,2022
146,146,146,2022-05-20 09:15:00+05:30,2022-05-24 14:15:00+05:30,Long,53915.68,53080.333333333336,53999.78,Trailing SL Hit,84.09999999999854,10.791546,73.30845399999855,1483.798405213474,108774.96713386317,1.0877496713386319,2022
147,147,147,2022-05-26 14:15:00+05:30,2022-06-07 09:15:00+05:30,Long,54230.67,53681.73333333333,55154.82,Trailing SL Hit,924.1500000000015,10.938549,913.2114510000015,1475.1800042300788,1347151.2721491386,13.471512721491388,2022
148,148,148,2022-06-09 14:15:00+05:30,2022-06-10 09:15:00+05:30,Long,55314.69,54782.962222222224,54782.962222222224,Initial SL Hit,-531.7277777777781,11.009765222222223,-542.7375430000003,1446.2704211123662,-784945.2548681014,-7.849452548681015,2022
149,149,149,2022-06-21 12:15:00+05:30,2022-06-21 14:15:00+05:30,Long,52701.65,51750.32,52526.42,Trailing SL Hit,-175.2300000000032,10.522807000000002,-185.7528070000032,1517.9790386069506,-281968.8673884073,-2.8196886738840727,2022
150,150,150,2022-06-23 10:15:00+05:30,2022-06-23 11:15:00+05:30,Long,52454.64,51894.00111111111,52198.47,Trailing SL Hit,-256.16999999999825,10.465311,-266.63531099999824,1525.1272337394748,-406652.7742826919,-4.066527742826919,2022
151,151,151,2022-06-24 09:15:00+05:30,2022-07-01 09:15:00+05:30,Long,52685.66,52023.078888888886,52247.88,Trailing SL Hit,-437.7800000000061,10.493354000000002,-448.2733540000061,1518.4397424270664,-680676.0761846865,-6.806760761846865,2022
152,152,152,2022-07-04 14:15:00+05:30,2022-07-13 12:15:00+05:30,Long,53256.04,52787.19777777778,53657.34,Trailing SL Hit,401.29999999999563,10.691338000000002,390.60866199999566,1502.1770300608157,586763.3597991825,5.867633597991825,2022
153,153,153,2022-07-18 09:15:00+05:30,2022-08-22 09:15:00+05:30,Long,54208.44,53530.50555555555,59071.52,Trailing SL Hit,4863.0799999999945,11.327995999999999,4851.7520039999945,1475.7849515684272,7160142.596245152,71.60142596245151,2022
154,154,154,2022-08-30 11:15:00+05:30,2022-09-01 12:15:00+05:30,Long,58883.46,58110.698888888895,58807.9,Trailing SL Hit,-75.55999999999767,11.769136000000001,-87.32913599999767,1358.6158150353258,-118646.74528296765,-1.1864674528296766,2022
155,155,155,2022-09-08 09:15:00+05:30,2022-09-16 09:15:00+05:30,Long,59570.66,58986.37222222222,59232.64,Trailing SL Hit,-338.0200000000041,11.88033,-349.9003300000041,1342.9429856912782,-469896.193864569,-4.69896193864569,2022
156,156,156,2022-09-20 09:15:00+05:30,2022-09-20 15:15:00+05:30,Long,59906.4,59025.753333333334,59649.8,Trailing SL Hit,-256.59999999999854,11.955620000000001,-268.55561999999856,1335.4165832031301,-358633.62846039626,-3.5863362846039624,2022
157,157,157,2022-10-04 09:15:00+05:30,2022-10-04 10:15:00+05:30,Long,57939.86,56992.224444444444,57866.67,Trailing SL Hit,-73.19000000000233,11.580653,-84.77065300000233,1380.7420314788471,-117046.40363301164,-1.1704640363301164,2022
158,158,158,2022-10-04 11:15:00+05:30,2022-10-07 11:15:00+05:30,Long,57934.71,57147.76111111112,57895.31,Trailing SL Hit,-39.400000000001455,11.583001999999999,-50.983002000001456,1380.8647700143836,-70400.63133137487,-0.7040063133137486,2022
159,159,159,2022-10-14 09:15:00+05:30,2022-11-10 09:15:00+05:30,Long,58258.75,57325.40111111111,60586.02,Trailing SL Hit,2327.269999999997,11.884477,2315.3855229999967,1373.1842856223313,3179451.0153410384,31.794510153410382,2022
160,160,160,2022-11-11 09:15:00+05:30,2022-11-18 10:15:00+05:30,Long,61604.4,60654.009999999995,61365.92,Trailing SL Hit,-238.4800000000032,12.297032000000002,-250.7770320000032,1298.6085409483737,-325661.1956288878,-3.256611956288878,2022
161,161,161,2022-11-24 14:15:00+05:30,2022-12-05 09:15:00+05:30,Long,62249.97,61698.66444444444,62523.76,Trailing SL Hit,273.7900000000009,12.477373000000002,261.3126270000009,1285.1411815941437,335823.6182282509,3.358236182282509,2022
162,162,162,2022-12-29 14:15:00+05:30,2022-12-30 14:15:00+05:30,Long,61158.78,60678.224444444444,60820.16,Trailing SL Hit,-338.61999999999534,12.197894000000002,-350.81789399999536,1308.0705664828502,-458894.5613368944,-4.588945613368944,2022
163,163,163,2023-01-09 10:15:00+05:30,2023-01-09 13:15:00+05:30,Long,60750.95,59997.89,60584.61,Trailing SL Hit,-166.3399999999965,12.133556,-178.4735559999965,1316.8518352387905,-235023.22976018843,-2.350232297601884,2023
164,164,164,2023-01-09 14:15:00+05:30,2023-01-10 09:15:00+05:30,Long,60765.43,60245.50444444445,60338.03,Trailing SL Hit,-427.40000000000146,12.110346,-439.51034600000145,1316.538038157551,-578632.0886727883,-5.786320886727884,2023
165,165,165,2023-01-13 13:15:00+05:30,2023-01-13 14:15:00+05:30,Long,60375.83,59819.775555555556,60255.26,Trailing SL Hit,-120.56999999999971,12.063109,-132.6331089999997,1325.0335440523136,-175743.3184769464,-1.7574331847694642,2023
166,166,166,2023-01-18 09:15:00+05:30,2023-01-25 09:15:00+05:30,Long,60900.76,60346.47666666667,60420.52,Trailing SL Hit,-480.24000000000524,12.132128,-492.37212800000526,1313.6125066419531,-646786.1852627195,-6.467861852627196,2023
167,167,167,2023-02-01 09:15:00+05:30,2023-02-01 11:15:00+05:30,Long,59992.83,59374.61555555556,59919.82,Trailing SL Hit,-73.01000000000204,11.991265,-85.00126500000204,1333.4926857092755,-113348.56515353856,-1.1334856515353855,2023
168,168,168,2023-02-01 12:15:00+05:30,2023-02-01 13:15:00+05:30,Long,60586.66,59587.27777777778,59880.71,Trailing SL Hit,-705.9500000000044,12.046737,-717.9967370000044,1320.422680504256,-948059.1760628552,-9.48059176062855,2023
169,169,169,2023-02-03 09:15:00+05:30,2023-02-07 12:15:00+05:30,Long,60335.03,59662.59444444444,60067.25,Trailing SL Hit,-267.77999999999884,12.040228,-279.82022799999885,1325.929563638238,-371021.91280919075,-3.7102191280919077,2023
170,170,170,2023-02-14 11:15:00+05:30,2023-02-17 13:15:00+05:30,Long,60920.04,60454.665555555555,60879.87,Trailing SL Hit,-40.169999999998254,12.179991000000001,-52.349990999998255,1313.196774000805,-68745.83930016888,-0.6874583930016889,2023
171,171,171,2023-03-03 10:15:00+05:30,2023-03-09 14:15:00+05:30,Long,59664.25,59061.828888888886,59784.57,Trailing SL Hit,120.31999999999971,11.944882000000002,108.3751179999997,1340.8364305258174,145313.30637693385,1.4531330637693385,2023
172,172,172,2023-03-31 09:15:00+05:30,2023-04-17 09:15:00+05:30,Long,58589.33,57724.73222222222,59580.31,Trailing SL Hit,990.9799999999959,11.816964,979.1630359999959,1365.436334568086,1336984.7868203933,13.369847868203934,2023
173,173,173,2023-04-24 14:15:00+05:30,2023-05-17 09:15:00+05:30,Long,60073.0,59670.15666666667,61853.66,Trailing SL Hit,1780.6600000000035,12.192666000000001,1768.4673340000036,1331.7130824163935,2355091.0845138463,23.550910845138464,2023
174,174,174,2023-05-26 10:15:00+05:30,2023-06-09 13:15:00+05:30,Long,62180.42,61688.25555555556,62673.1,Trailing SL Hit,492.6800000000003,12.485351999999999,480.1946480000003,1286.5786368120382,617808.1756282769,6.1780817562827695,2023
175,175,175,2023-06-21 09:15:00+05:30,2023-06-23 09:15:00+05:30,Long,63557.95,63069.57666666666,63069.57666666666,Initial SL Hit,-488.37333333333663,12.662752666666666,-501.0360860000033,1258.6938376709759,-630651.0338989893,-6.306510338989893,2023
176,176,176,2023-06-27 14:15:00+05:30,2023-07-24 11:15:00+05:30,Long,63457.25,63037.58888888888,66531.6,Trailing SL Hit,3074.350000000006,12.998885000000001,3061.351115000006,1260.6912527725358,3859418.5723459567,38.59418572345957,2023
177,177,177,2023-07-26 09:15:00+05:30,2023-07-27 11:15:00+05:30,Long,66866.2,66313.44333333333,66527.05,Trailing SL Hit,-339.1499999999942,13.339325,-352.48932499999415,1196.41911758108,-421724.9671732435,-4.217249671732436,2023
178,178,178,2023-08-24 09:15:00+05:30,2023-08-24 14:15:00+05:30,Long,65835.23,65308.236666666664,65308.236666666664,Initial SL Hit,-526.993333333332,13.114346666666668,-540.1076799999986,1215.154864652254,-656314.4747880412,-6.563144747880412,2023
179,179,179,2023-09-08 09:15:00+05:30,2023-09-20 09:15:00+05:30,Long,66472.1,65941.95333333332,67027.19,Trailing SL Hit,555.0899999999965,13.349929000000001,541.7400709999965,1203.5124510885016,651990.9207020648,6.519909207020648,2023
180,180,180,2023-10-11 09:15:00+05:30,2023-10-13 09:15:00+05:30,Long,66479.67,65920.78888888888,65920.78888888888,Initial SL Hit,-558.8811111111136,13.240045888888888,-572.1211570000024,1203.3754078502495,-688476.5306446346,-6.884765306446346,2023
181,181,181,2023-11-03 09:15:00+05:30,2023-12-20 14:15:00+05:30,Long,64493.7,63947.532222222224,70494.53,Trailing SL Hit,6000.830000000002,13.498822999999998,5987.331177000002,1240.4312359191674,7426872.611743475,74.26872611743475,2023
182,182,182,2023-12-22 09:15:00+05:30,2024-01-02 10:15:00+05:30,Long,71143.05,70483.75888888889,71698.8,Trailing SL Hit,555.75,14.284185,541.465815,1124.4949436382049,608875.5711204397,6.088755711204397,2023
183,183,183,2024-01-12 09:15:00+05:30,2024-01-17 09:15:00+05:30,Long,72283.97,71704.52444444444,72282.22,Trailing SL Hit,-1.75,14.456619000000002,-16.206619000000003,1106.746073852889,-17936.611948679638,-0.1793661194867964,2024
184,184,184,2024-01-29 09:15:00+05:30,2024-01-30 14:15:00+05:30,Long,71397.88,70543.98999999999,71170.07,Trailing SL Hit,-227.80999999999767,14.256795000000002,-242.06679499999768,1120.481448468778,-271231.3530877921,-2.712313530877921,2024
185,185,185,2024-02-02 09:15:00+05:30,2024-02-05 14:15:00+05:30,Long,72418.5,71691.36777777778,71691.36777777778,Initial SL Hit,-727.1322222222225,14.410986777777778,-741.5432090000003,1104.690099905411,-819175.4416343893,-8.191754416343892,2024
186,186,186,2024-02-14 15:15:00+05:30,2024-02-22 09:15:00+05:30,Long,71833.74,71233.78333333334,72243.65,Trailing SL Hit,409.90999999998894,14.407739000000003,395.50226099998895,1113.6827902876837,440464.06159555545,4.404640615955555,2024
187,187,187,2024-02-22 14:15:00+05:30,2024-02-28 10:15:00+05:30,Long,73137.9,72363.95666666667,72677.64,Trailing SL Hit,-460.25999999999476,14.581553999999999,-474.84155399999474,1093.8241322214612,-519393.1507467344,-5.193931507467345,2024
188,188,188,2024-03-01 09:15:00+05:30,2024-03-11 14:15:00+05:30,Long,73204.15,72288.65444444444,73499.32,Trailing SL Hit,295.1700000000128,14.670347000000001,280.4996530000128,1092.8342177321915,306539.6188604202,3.065396188604202,2024
189,189,189,2024-03-21 09:15:00+05:30,2024-03-21 11:15:00+05:30,Long,72845.62,72022.33555555556,72447.38,Trailing SL Hit,-398.2399999999907,14.529300000000001,-412.76929999999066,1098.2129055940495,-453308.57229301165,-4.5330857229301165,2024
190,190,190,2024-03-28 09:15:00+05:30,2024-04-12 13:15:00+05:30,Long,73594.94,72866.50666666665,74326.57,Trailing SL Hit,731.6300000000047,14.792151000000002,716.8378490000047,1087.031255137921,779225.1467288426,7.792251467288427,2024
191,191,191,2024-04-23 09:15:00+05:30,2024-04-26 14:15:00+05:30,Long,73934.64,73391.97222222222,73732.47,Trailing SL Hit,-202.16999999999825,14.766710999999999,-216.93671099999824,1082.0367827583932,-234733.50083262543,-2.3473350083262545,2024
192,192,192,2024-04-29 13:15:00+05:30,2024-05-03 11:15:00+05:30,Long,74582.26,74022.23333333334,74022.23333333334,Initial SL Hit,-560.0266666666575,14.860449333333335,-574.8871159999909,1072.6411347685093,-616647.5684700259,-6.166475684700258,2024
193,193,193,2024-05-16 14:15:00+05:30,2024-05-16 14:15:00+05:30,Long,73645.77,72790.92,72790.92,Initial SL Hit,-854.8500000000058,14.643669000000001,-869.4936690000059,1086.280990748009,-944514.4442104477,-9.445144442104477,2024
194,194,194,2024-05-16 15:15:00+05:30,2024-05-29 09:15:00+05:30,Long,73638.13,72873.61111111111,74735.62,Trailing SL Hit,1097.4899999999907,14.837375000000002,1082.6526249999906,1086.3936930500543,1176186.9835640753,11.761869835640754,2024
195,195,195,2024-06-03 09:15:00+05:30,2024-06-04 09:15:00+05:30,Long,76101.77,74133.05333333333,74133.05333333333,Initial SL Hit,-1968.7166666666744,15.023482333333334,-1983.7401490000077,1051.223907144341,-2085355.070190885,-20.85355070190885,2024
196,196,196,2024-06-05 14:15:00+05:30,2024-07-10 10:15:00+05:30,Long,74431.16,72603.62222222221,79610.26,Trailing SL Hit,5179.099999999991,15.404141999999998,5163.695857999991,1074.8186646560391,5550036.686785471,55.5003668678547,2024
197,197,197,2024-07-12 10:15:00+05:30,2024-07-22 12:15:00+05:30,Long,80625.41,79737.9011111111,80447.03,Trailing SL Hit,-178.38000000000466,16.107244,-194.48724400000467,992.2430161905532,-192978.6095971527,-1.929786095971527,2024
198,198,198,2024-07-26 09:15:00+05:30,2024-08-02 09:15:00+05:30,Long,80534.87,79860.10444444444,81126.74,Trailing SL Hit,591.8700000000099,16.166161,575.7038390000099,993.3585290446239,571880.3186743928,5.718803186743928,2024
199,199,199,2024-08-16 09:15:00+05:30,2024-08-16 10:15:00+05:30,Long,79591.35,79059.52222222222,79416.28,Trailing SL Hit,-175.07000000000698,15.900763000000001,-190.970763000007,1005.1343519113572,-191951.27410202942,-1.9195127410202943,2024
200,200,200,2024-08-16 11:15:00+05:30,2024-09-06 09:15:00+05:30,Long,80051.09,79161.47777777778,81434.06,Trailing SL Hit,1382.9700000000012,16.148515,1366.821485000001,999.3617825815988,1365949.155720429,13.65949155720429,2024
201,201,201,2024-09-10 12:15:00+05:30,2024-09-11 13:15:00+05:30,Long,82095.72,81448.44777777776,81594.01,Trailing SL Hit,-501.7100000000064,16.368973,-518.0789730000064,974.4722380167931,-504853.57628875796,-5.04853576288758,2024
202,202,202,2024-09-12 13:15:00+05:30,2024-09-30 11:15:00+05:30,Long,82373.86,81614.6211111111,84595.59,Trailing SL Hit,2221.729999999996,16.696945000000003,2205.033054999996,971.1818773576957,2141488.141990671,21.41488141990671,2024
203,203,203,2024-11-06 09:15:00+05:30,2024-11-07 09:15:00+05:30,Long,80001.97,78774.10888888889,79520.67,Trailing SL Hit,-481.3000000000029,15.952264000000001,-497.2522640000029,999.9753756063757,-497240.0194645236,-4.972400194645235,2024
204,204,204,2024-11-11 10:15:00+05:30,2024-11-11 13:15:00+05:30,Long,80016.89,79291.09777777777,79399.0,Trailing SL Hit,-617.8899999999994,15.941589000000002,-633.8315889999994,999.788919564357,-633697.799552069,-6.33697799552069,2024
205,205,205,2024-11-22 12:15:00+05:30,2024-11-28 12:15:00+05:30,Long,78286.25,77287.3588888889,79236.12,Trailing SL Hit,949.8699999999953,15.752237000000001,934.1177629999953,1021.8908173529834,954566.3643360056,9.545663643360056,2024
206,206,206,2024-12-03 09:15:00+05:30,,Long,80458.52,79832.05888888889,,,,,,994.301162884925,,,2024
