time,open,high,low,close,MA,Plot,Zero line,MACD Signal
2024-10-17T10:15:00+05:30,51398.05,51426.25,51239.2,51402.1,51780.37333333337,-205.55580451423157,0,NaN
2024-10-17T10:45:00+05:30,51404.75,51437.95,51246.9,51253.25,51734.303333333366,-262.97943515359657,0,NaN
2024-10-17T11:15:00+05:30,51254,51283.7,51150.25,51222,51687.7366666667,-299.58681208157213,0,NaN
2024-10-17T11:45:00+05:30,51222.75,51325.3,51216.8,51302.25,51647.2466666667,-293.8557924454217,0,NaN
2024-10-17T12:15:00+05:30,51308.6,51355.8,51220.4,51225.15,51606.13000000004,-302.5634779912434,0,NaN
2024-10-17T12:45:00+05:30,51225.9,51283.85,51186.7,51230.55,51563.7066666667,-298.77940042991395,0,NaN
2024-10-17T13:15:00+05:30,51231.45,51270.9,51178.35,51260.25,51521.84666666671,-281.1743424324304,0,NaN
2024-10-17T13:45:00+05:30,51262.65,51297.8,51225.75,51260.35,51478.430000000044,-263.1052210382768,0,NaN
2024-10-17T14:15:00+05:30,51257.95,51287.75,51209.3,51248.35,51437.46000000005,-248.31639707679278,0,NaN
2024-10-17T14:45:00+05:30,51245.85,51304,51245.85,51295.15,51400.06000000005,-220.84849522673176,0,NaN
2024-10-17T15:15:00+05:30,51291.3,51346.8,51247.9,51269.55,51363.84333333338,-204.84649164651637,0,NaN
2024-10-18T09:15:00+05:30,51328,51381.05,51000.9,51340.8,51332.50333333338,-171.477399913907,0,NaN
2024-10-18T09:45:00+05:30,51342.7,51566.9,51333.6,51555.3,51316.430000000044,-91.54571782425774,0,NaN
2024-10-18T10:15:00+05:30,51555,51661.05,51507.8,51560.65,51321.78000000004,-38.63786941461876,0,NaN
2024-10-18T10:45:00+05:30,51558.45,51628.75,51459,51529.15,51330.32333333338,-13.165401946775091,0,NaN
2024-10-18T11:15:00+05:30,51533.6,51765.45,51489.55,51749.45,51353.48000000005,59.33471654488676,0,59.33471654488676
2024-10-18T11:45:00+05:30,51748.9,51855,51698.65,51763.4,51387.490000000034,106.0056941668081,0,106.0056941668081
2024-10-18T12:15:00+05:30,51767.4,51934.6,51767.25,51928.75,51434.6066666667,174.405636955511,0,174.405636955511
2024-10-18T12:45:00+05:30,51926.9,51962.95,51854.2,51878.65,51473.03333333337,199.1798161855986,0,199.1798161855986
2024-10-18T13:15:00+05:30,51876.8,52128.9,51868.65,52121.85,51532.81333333337,271.67726452756324,0,271.67726452756324
2024-10-18T13:45:00+05:30,52126.15,52173.05,52018.9,52121.25,51592.19333333337,309.1711490321686,0,309.1711490321686
2024-10-18T14:15:00+05:30,52117.6,52199.45,52085.35,52157,51651.976666666706,333.48351003418065,0,333.48351003418065
2024-10-18T14:45:00+05:30,52159.5,52162.25,52021.95,52065.25,51705.63666666671,316.3684627012044,0,316.3684627012044
2024-10-18T15:15:00+05:30,52068.3,52155.25,52059.6,52138.7,51764.993333333376,316.55744735011103,0,316.55744735011103
2024-10-21T09:15:00+05:30,52368.2,52577.5,52011.85,52098.35,51818.540000000045,298.21073412507394,0,298.21073412507394
2024-10-21T09:45:00+05:30,52097.3,52319.15,51947.1,52151.05,51877.306666666715,292.7868404962064,0,292.7868404962064
2024-10-21T10:15:00+05:30,52155.1,52231.7,52076.15,52106.85,51928.376666666714,270.60837158366485,0,270.60837158366485
2024-10-21T10:45:00+05:30,52107.8,52192.2,52042.3,52110.45,51965.386666666716,250.94448375072534,0,250.94448375072534
2024-10-21T11:15:00+05:30,52114.6,52135.1,51921.8,51982.05,51993.480000000054,199.48607883428485,0,199.48607883428485
2024-10-21T11:45:00+05:30,51986.8,52046.6,51910.95,51915.5,52019.236666666715,145.64023788995837,0,145.64023788995837
2024-10-21T12:15:00+05:30,51913.7,52014,51909.05,51969.5,52033.90666666671,122.61612454242277,0,122.61612454242277
2024-10-21T12:45:00+05:30,51972.1,51985.7,51879.05,51978.65,52048.25666666671,107.64959005823039,0,107.64959005823039
2024-10-21T13:15:00+05:30,51975.15,52085.75,51968.5,52039.1,52055.61333333338,111.17916909210908,0,111.17916909210908
2024-10-21T13:45:00+05:30,52042.5,52123.6,51983.4,52020.1,52065.04333333337,105.62867493110389,0,105.62867493110389
2024-10-21T14:15:00+05:30,52019,52081.15,51967.55,51988.1,52056.12666666671,91.29943044918036,0,91.29943044918036
2024-10-21T14:45:00+05:30,51989.05,52051.75,51919.15,51997.85,52047.900000000045,82.64042280775902,0,82.64042280775902
2024-10-21T15:15:00+05:30,51998.9,51998.9,51855.15,51857.05,52027.90333333337,39.09025341796951,0,39.09025341796951
2024-10-22T09:15:00+05:30,51978.55,52127,51853.95,52116.8,52031.34000000005,77.89039909045823,0,77.89039909045823
2024-10-22T09:45:00+05:30,52115.95,52257.3,52048,52070.7,52026.806666666715,87.94970927120448,0,87.94970927120448
2024-10-22T10:15:00+05:30,52069.8,52083.9,51721.75,51930.85,52015.64000000004,56.02595888829819,0,56.02595888829819
2024-10-22T10:45:00+05:30,51934.4,52001.25,51825.2,51940.25,52001.586666666706,37.354267399117816,0,37.354267399117816
2024-10-22T11:15:00+05:30,51941.8,51955.8,51603.75,51615.45,51968.82666666671,-58.37585729676357,0,NaN
2024-10-22T11:45:00+05:30,51621.5,51709.7,51513.65,51629.95,51936.79333333338,-112.07193769174773,0,NaN
2024-10-22T12:15:00+05:30,51627.3,51770.45,51527.05,51589.55,51910.626666666714,-152.60101440425933,0,NaN
2024-10-22T12:45:00+05:30,51592.6,51595.8,51444,51504,51883.19333333338,-195.56503560159035,0,NaN
2024-10-22T13:15:00+05:30,51505.1,51562.55,51411.2,51500.05,51851.89666666672,-218.0027656819584,0,NaN
2024-10-22T13:45:00+05:30,51499,51681.2,51465.55,51672.05,51831.456666666716,-182.1182209703402,0,NaN
2024-10-22T14:15:00+05:30,51676.25,51679.15,51478.2,51559.35,51799.473333333386,-184.26316214856342,0,NaN
2024-10-22T14:45:00+05:30,51557.15,51581.4,51179.6,51239.75,51747.450000000055,-262.8071474339158,0,NaN
2024-10-22T15:15:00+05:30,51237.9,51312.15,51189.85,51271.6,51699.683333333385,-296.23659613685595,0,NaN
2024-10-23T09:15:00+05:30,51200.9,51518.6,51107.9,51135.7,51642.206666666716,-344.0589082582301,0,NaN
2024-10-23T09:45:00+05:30,51137.1,51551.55,51137.1,51295.9,51604.79666666672,-323.5890770442493,0,NaN
2024-10-23T10:15:00+05:30,51298,51370.35,51167.1,51190.8,51543.06333333338,-329.6438199627155,0,NaN
2024-10-23T10:45:00+05:30,51187.85,51371.65,51178,51249.8,51488.33666666671,-309.78920483657566,0,NaN
2024-10-23T11:15:00+05:30,51245.85,51298.25,51206.45,51236.2,51442.026666666716,-293.11484668621415,0,NaN
2024-10-23T11:45:00+05:30,51236,51281.5,51167.4,51197.05,51392.48000000005,-285.3763994478868,0,NaN
2024-10-23T12:15:00+05:30,51198.25,51250.35,51165.95,51222.5,51366.28333333338,-266.7712934692245,0,NaN
2024-10-23T12:45:00+05:30,51224.4,51261.1,51188.05,51220.55,51338.99000000004,-248.9817079062268,0,NaN
2024-10-23T13:15:00+05:30,51218.25,51291.05,51191.45,51252.6,51316.52666666671,-223.43217556217132,0,NaN
2024-10-23T13:45:00+05:30,51251.75,51257.85,51195,51214.85,51297.250000000044,-211.65984346423647,0,NaN
2024-10-23T14:15:00+05:30,51216.75,51280.45,51164.3,51239.3,51279.866666666705,-192.7189251612872,0,NaN
2024-10-23T14:45:00+05:30,51237.5,51300.6,51210.8,51222.65,51249.906666666706,-180.39069530405686,0,NaN
2024-10-23T15:15:00+05:30,51221.6,51259.55,51158.2,51256.05,51229.68666666671,-159.6145873071946,0,NaN
2024-10-24T09:15:00+05:30,51348.6,51494.7,51201.85,51258.85,51230.96000000004,-142.01865963458113,0,NaN
2024-10-24T09:45:00+05:30,51257.55,51679.1,51232.85,51647.55,51256.02333333338,-27.88222569158097,0,NaN
2024-10-24T10:15:00+05:30,51647.3,51781.55,51584.1,51707.6,51294.150000000045,58.46794457313081,0,58.46794457313081
2024-10-24T10:45:00+05:30,51705.95,51749.4,51554.45,51568.15,51312.30000000004,74.35092256748612,0,74.35092256748612
2024-10-24T11:15:00+05:30,51567.6,51710.85,51559.95,51621.3,51341.00000000004,95.84683408792625,0,95.84683408792625
2024-10-24T11:45:00+05:30,51619.8,51669,51593.2,51608.35,51364.903333333365,103.29696338030044,0,103.29696338030044
2024-10-24T12:15:00+05:30,51609.6,51648.35,51568.15,51603.2,51389.37000000004,103.91250542226771,0,103.91250542226771
2024-10-24T12:45:00+05:30,51601.05,51617.1,51504.1,51555.9,51413.29333333337,89.49867218086001,0,89.49867218086001
2024-10-24T13:15:00+05:30,51555.6,51595.1,51493.75,51550.6,51435.16666666671,76.97480884817196,0,76.97480884817196
2024-10-24T13:45:00+05:30,51549.15,51623.1,51542.05,51583.95,51459.39333333336,75.84538503194926,0,75.84538503194926
2024-10-24T14:15:00+05:30,51583.15,51598.9,51461.25,51486.4,51474.98000000003,48.19278101601958,0,48.19278101601958
2024-10-24T14:45:00+05:30,51487.05,51547.6,51411.3,51539.85,51496.6466666667,43.64520980067755,0,43.64520980067755
2024-10-24T15:15:00+05:30,51539.05,51582.75,51522.85,51565.9,51518.420000000035,46.4070836732717,0,46.4070836732717
2024-10-25T09:15:00+05:30,51442.4,51501.05,51030.7,51081.7,51509.02333333337,-77.23707301214017,0,NaN
2024-10-25T09:45:00+05:30,51083.3,51148.45,50587,50641.35,51468.043333333364,-264.2556034592635,0,NaN
2024-10-25T10:15:00+05:30,50647.25,50748.9,50511.35,50578.25,51422.670000000035,-388.7476323636656,0,NaN
2024-10-25T10:45:00+05:30,50575.85,50580.8,50440.6,50507.7,51346.68000000003,-473.47996726987185,0,NaN
2024-10-25T11:15:00+05:30,50515.4,50715.15,50510.65,50555.25,51269.85666666669,-501.2901229231793,0,NaN
2024-10-25T11:45:00+05:30,50553.9,50643,50519.9,50613.5,51206.213333333355,-490.6145745323156,0,NaN
2024-10-25T12:15:00+05:30,50617.75,50641.75,50545.85,50590,51137.460000000014,-477.4907864319757,0,NaN
2024-10-25T12:45:00+05:30,50588.15,50687.9,50542,50638.1,51072.77666666669,-444.83792230787367,0,NaN
2024-10-25T13:15:00+05:30,50638.7,50662.4,50526.95,50577.45,51004.39333333335,-428.88903355693765,0,NaN
2024-10-25T13:45:00+05:30,50577.85,50615.8,50450.3,50473.95,50932.26333333335,-434.6156396190054,0,NaN
2024-10-25T14:15:00+05:30,50481.05,50501.9,50382.1,50478.65,50860.800000000025,-425.7905859233797,0,NaN
2024-10-25T14:45:00+05:30,50484.9,50828.9,50463.4,50795.65,50808.24666666669,-328.16002503572963,0,NaN
2024-10-25T15:15:00+05:30,50800.85,50888.95,50798.1,50854.7,50766.13333333335,-244.5242946167782,0,NaN
2024-10-28T09:15:00+05:30,51149.9,51371.75,51012.55,51132.85,50739.00000000002,-115.46578629186115,0,NaN
2024-10-28T09:45:00+05:30,51130.35,51454.6,51075.4,51423.65,50729.51666666669,41.47959796685609,0,41.47959796685609
2024-10-28T10:15:00+05:30,51421.2,51566.1,51396.9,51476.65,50755.846666666686,150.58753704999253,0,150.58753704999253
2024-10-28T10:45:00+05:30,51477.1,51548,51254.9,51375.55,50804.79333333336,187.9465883562807,0,187.9465883562807
2024-10-28T11:15:00+05:30,51376.25,51429.7,51305.85,51429.7,50861.55666666669,220.00224586896366,0,220.00224586896366
2024-10-28T11:45:00+05:30,51429.5,51586.9,51366.3,51569.15,50932.32000000003,269.8441313673102,0,269.8441313673102
2024-10-28T12:15:00+05:30,51568.55,51589.15,51418.5,51422.6,50990.143333333355,256.02005753635603,0,256.02005753635603
2024-10-28T12:45:00+05:30,51425.95,51486,51350,51433.95,51044.84000000002,243.85857472919452,0,243.85857472919452
2024-10-28T13:15:00+05:30,51443.4,51497,51382.4,51424.85,51100.49666666669,227.78846800865722,0,227.78846800865722
2024-10-28T13:45:00+05:30,51424.65,51495.2,51296.9,51328.25,51146.50666666669,187.2892108470769,0,187.2892108470769
2024-10-28T14:15:00+05:30,51328.4,51361.45,51268.35,51299.2,51194.62333333336,150.11558564900042,0,150.11558564900042
2024-10-28T14:45:00+05:30,51304.95,51331.6,51157.45,51296.1,51249.43333333335,122.59551922841638,0,122.59551922841638
2024-10-28T15:15:00+05:30,51293.65,51359.55,51254.45,51328.15,51306.06666666668,110.73456760476256,0,110.73456760476256
2024-10-29T09:15:00+05:30,51449.7,51522.25,51278.9,51332.5,51341.85666666669,101.71155717983493,0,101.71155717983493
2024-10-29T09:45:00+05:30,51333.15,51540.4,51332.8,51521.85,51386.33333333336,142.10222878552304,0,142.10222878552304
2024-10-29T10:15:00+05:30,51522.9,51557.35,51336.2,51393.95,51403.74000000002,130.51950800990744,0,130.51950800990744
2024-10-29T10:45:00+05:30,51393.65,51535.05,51331.75,51455.55,51405.86666666669,135.83989758363168,0,135.83989758363168
2024-10-29T11:15:00+05:30,51456.85,51731.85,51375.85,51690.8,51420.143333333355,195.95142199865222,0,195.95142199865222
2024-10-29T11:45:00+05:30,51690.55,51765,51606.4,51759.5,51445.74000000002,245.53411851049168,0,245.53411851049168
2024-10-29T12:15:00+05:30,51761.3,51824.2,51701.9,51752.2,51467.24000000001,267.8790056328944,0,267.8790056328944
2024-10-29T12:45:00+05:30,51754,51923.65,51715,51894.15,51488.90666666669,311.1584488458393,0,311.1584488458393
2024-10-29T13:15:00+05:30,51903.25,51963.85,51785.95,51885.55,51519.77000000002,327.608402391088,0,327.608402391088
2024-10-29T13:45:00+05:30,51885.4,52271.15,51845,52252.9,51574.36666666669,423.52354297300917,0,423.52354297300917
2024-10-29T14:15:00+05:30,52253.05,52317.65,52188.4,52258.9,51629.970000000016,473.2271283830851,0,473.2271283830851
2024-10-29T14:45:00+05:30,52254.5,52354.85,52236.15,52345.4,51697.78000000002,513.8594084204888,0,513.8594084204888
2024-10-29T15:15:00+05:30,52343.05,52349.45,52263.2,52284.85,51763.49000000002,510.1623651506743,0,510.1623651506743
2024-10-30T09:15:00+05:30,52035.95,52220,51838.5,51841.7,51799.86333333336,381.1779701858977,0,381.1779701858977
2024-10-30T09:45:00+05:30,51849.3,51991.35,51814.3,51929.85,51839.97666666669,314.63172789511736,0,314.63172789511736
2024-10-30T10:15:00+05:30,51930.3,51947.4,51733,51936.35,51880.23333333336,267.27938064194313,0,267.27938064194313
2024-10-30T10:45:00+05:30,51934.7,52100.75,51928.65,51933.85,51907.700000000026,230.6451315466038,0,230.6451315466038
2024-10-30T11:15:00+05:30,51934.7,52049.8,51896.6,51969.05,51946.04000000002,211.21264155084646,0,211.21264155084646
2024-10-30T11:45:00+05:30,51968.7,52006.55,51923.9,51960.6,51979.71000000003,191.67181074446125,0,191.67181074446125
2024-10-30T12:15:00+05:30,51959.05,52047.3,51944.1,52009.85,52000.98000000002,187.36022740861517,0,187.36022740861517
2024-10-30T12:45:00+05:30,52009.25,52191.85,51941.45,51967.9,52014.87333333336,169.14642670428293,0,169.14642670428293
2024-10-30T13:15:00+05:30,51969.55,51978,51805.55,51837.4,52020.55333333335,120.13930763740791,0,120.13930763740791
2024-10-30T13:45:00+05:30,51838.35,51886.65,51805.5,51807.85,52014.800000000025,79.32366237477981,0,79.32366237477981
2024-10-30T14:15:00+05:30,51810.35,51839,51769.8,51811.8,52009.88333333335,53.18522266508808,0,53.18522266508808
2024-10-30T14:45:00+05:30,51811,51835.3,51742.7,51782.65,51978.533333333355,28.2619463651572,0,28.2619463651572
2024-10-30T15:15:00+05:30,51778.65,51899.4,51757.25,51849.2,51951.22000000002,29.263982837881485,0,29.263982837881485
2024-10-31T09:15:00+05:30,51681.9,51876.45,51666.65,51780.65,51913.57000000003,11.553339056023106,0,11.553339056023106
2024-10-31T09:45:00+05:30,51782.95,52005.6,51775.95,51861.45,51885.34333333336,21.07619059908029,0,21.07619059908029
2024-10-31T10:15:00+05:30,51859,51870.7,51783.6,51799.3,51882.51666666669,10.460094353809836,0,10.460094353809836
2024-10-31T10:45:00+05:30,51795.45,51805.25,51736.15,51755.5,51870.89333333335,-7.571864729274239,0,NaN
2024-10-31T11:15:00+05:30,51755.2,51759.1,51692.5,51729.25,51857.08666666669,-25.20507378734328,0,NaN
2024-10-31T11:45:00+05:30,51725.4,51730.35,51629.8,51640.95,51837.56000000003,-58.05102105930564,0,NaN
2024-10-31T12:15:00+05:30,51640.75,51644.7,51380.15,51383.3,51798.51000000003,-142.83952653283632,0,NaN
2024-10-31T12:45:00+05:30,51383.95,51474.35,51341.1,51450.15,51764.480000000025,-174.21349075929174,0,NaN
2024-10-31T13:15:00+05:30,51450.05,51489.2,51375.15,51487,51729.623333333366,-179.60481513559353,0,NaN
2024-10-31T13:45:00+05:30,51485.75,51535.8,51339.55,51340.7,51687.81000000003,-215.83012205599516,0,NaN
2024-10-31T14:15:00+05:30,51341.75,51412.7,51318.1,51407.45,51659.1466666667,-215.47312831327145,0,NaN
2024-10-31T14:45:00+05:30,51410.75,51480.45,51374.45,51452.3,51635.443333333365,-198.22848784817324,0,NaN
2024-10-31T15:15:00+05:30,51452.8,51579.1,51450.55,51555.6,51618.363333333364,-156.04644018124236,0,NaN
2024-11-01T18:00:00+05:30,51553.9,51825.5,51459.4,51704.5,51613.15333333336,-87.90757904822385,0,NaN
2024-11-01T18:30:00+05:30,51698.65,51730.15,51631.3,51675.2,51601.55333333336,-51.234752221542294,0,NaN
2024-11-04T09:15:00+05:30,51720.95,51742.7,51295.15,51328.55,51571.41333333336,-116.23776257893041,0,NaN
2024-11-04T09:45:00+05:30,51326.85,51413.25,51272.65,51301.55,51534.0866666667,-160.18223657888302,0,NaN
2024-11-04T10:15:00+05:30,51301.35,51355.35,51276.6,51299.55,51500.770000000026,-183.63057348709117,0,NaN
2024-11-04T10:45:00+05:30,51301.1,51323.5,51094.25,51121.4,51458.496666666695,-239.0313302129871,0,NaN
2024-11-04T11:15:00+05:30,51121.55,51162.9,51066.8,51099.45,51416.510000000024,-272.6233002439767,0,NaN
2024-11-04T11:45:00+05:30,51098.65,51174.65,51076.55,51102.65,51380.623333333366,-285.4844279490935,0,NaN
2024-11-04T12:15:00+05:30,51096.4,51138.35,51069.9,51123.8,51363.32333333336,-280.6557776150876,0,NaN
2024-11-04T12:45:00+05:30,51120.85,51165,51077.8,51143.4,51342.873333333366,-265.4623574707002,0,NaN
2024-11-04T13:15:00+05:30,51143.05,51204.3,51108.6,51175.85,51322.130000000034,-240.98532052362134,0,NaN
2024-11-04T13:45:00+05:30,51176.05,51224.75,51134.45,51216.3,51313.8366666667,-209.37162290173728,0,NaN
2024-11-04T14:15:00+05:30,51210.85,51230.05,51141.8,51172.6,51298.180000000044,-195.75366480361117,0,NaN
2024-11-04T14:45:00+05:30,51170.5,51236.6,51155.6,51218.95,51282.62333333338,-170.4694427739014,0,NaN
2024-11-04T15:15:00+05:30,51218.15,51260.8,51181.15,51227.2,51260.73000000005,-148.42352555628895,0,NaN
2024-11-05T09:15:00+05:30,51052.3,51279.9,51050,51134.2,51222.71000000004,-154.89722969016293,0,NaN
2024-11-05T09:45:00+05:30,51134.8,51261.7,51080.2,51207.95,51191.56000000004,-135.99906737023412,0,NaN
2024-11-05T10:15:00+05:30,51206.95,51443.7,51026.9,51102.15,51176.4666666667,-148.0104785741205,0,NaN
2024-11-05T10:45:00+05:30,51100.8,51252.25,51072.05,51240.6,51172.40333333337,-116.10697576179518,0,NaN
2024-11-05T11:15:00+05:30,51238.4,51278.85,50865.45,50940.95,51148.49666666671,-170.33028234493395,0,NaN
2024-11-05T11:45:00+05:30,50940.85,51148.25,50897.05,51029.1,51142.34333333338,-176.72846377186215,0,NaN
2024-11-05T12:15:00+05:30,51030.55,51108.9,50922.75,51072.55,51140.55000000005,-164.9932814763306,0,NaN
2024-11-05T12:45:00+05:30,51073.65,51230.85,51004.55,51113.55,51141.27666666671,-143.02821335917542,0,NaN
2024-11-05T13:15:00+05:30,51112.9,51886.6,51100.2,51768.95,51184.28666666671,42.207423773405026,0,42.207423773405026
2024-11-05T13:45:00+05:30,51768.25,52130.35,51754.45,52110.1,51248.73333333337,242.59070242490998,0,242.59070242490998
2024-11-05T14:15:00+05:30,52112.5,52213.9,52059.65,52165.25,51314.69333333337,373.8242405072451,0,373.8242405072451
2024-11-05T14:45:00+05:30,52156,52289.55,52103.85,52192.9,51379.80000000005,452.0878475192658,0,452.0878475192658
2024-11-05T15:15:00+05:30,52190.2,52209.65,52094.4,52105.85,51442.016666666714,466.3375583082161,0,466.3375583082161
2024-11-06T09:15:00+05:30,52449.1,52493.95,52256.35,52325.15,51515.76333333339,519.3800070422367,0,519.3800070422367
2024-11-06T09:45:00+05:30,52324.7,52415.8,52284.3,52340.15,51589.96000000005,542.5502317236242,0,542.5502317236242
2024-11-06T10:15:00+05:30,52341.45,52364.3,52185.4,52227.95,51662.87666666671,514.1280563551554,0,514.1280563551554
2024-11-06T10:45:00+05:30,52227.25,52365.7,52223.85,52321.75,51737.13000000004,507.50599827314727,0,507.50599827314727
2024-11-06T11:15:00+05:30,52320.35,52396.3,52306.4,52383.25,51822.53666666671,506.1871420618336,0,506.1871420618336
2024-11-06T11:45:00+05:30,52384.45,52451.15,52363.45,52395.95,51899.56000000005,495.6527910071309,0,495.6527910071309
2024-11-06T12:15:00+05:30,52393.7,52409.8,52348.95,52383.95,51995.760000000046,473.3841444348218,0,473.3841444348218
2024-11-06T12:45:00+05:30,52384.2,52387,52326.7,52341.45,52083.250000000044,436.6448710458426,0,436.6448710458426
2024-11-06T13:15:00+05:30,52338.25,52359.35,52284.25,52344.45,52168.04333333337,403.6092958565787,0,403.6092958565787
2024-11-06T13:45:00+05:30,52344.8,52377.25,52314.8,52352.9,52250.666666666715,375.0974214873786,0,375.0974214873786
2024-11-06T14:15:00+05:30,52355.1,52409.4,52242.7,52262.15,52283.54666666671,324.66453927331895,0,324.66453927331895
2024-11-06T14:45:00+05:30,52269,52319.7,52232.35,52293.7,52295.78666666672,293.39393126278446,0,293.39393126278446
2024-11-06T15:15:00+05:30,52294.55,52396.5,52293.75,52384.55,52310.40666666671,289.92243065981893,0,289.92243065981893
2024-11-07T09:15:00+05:30,52327.75,52377.25,52008.45,52110.7,52304.92666666671,210.13426540005457,0,210.13426540005457
2024-11-07T09:45:00+05:30,52113.5,52152.45,51769.4,51835.45,52286.90000000004,85.0688748453249,0,85.0688748453249
2024-11-07T10:15:00+05:30,51839.15,51887.65,51752.25,51850.75,52255.27333333338,9.847381302795839,0,9.847381302795839
2024-11-07T10:45:00+05:30,51852,52090.75,51841,51957.25,52229.74666666671,-9.387573218322359,0,NaN
2024-11-07T11:15:00+05:30,51958.15,51958.45,51821.45,51867.05,52205.68666666671,-44.111966430842585,0,NaN
2024-11-07T11:45:00+05:30,51865.6,51897.45,51775.95,51868,52175.43666666671,-64.1061579864836,0,NaN
2024-11-07T12:15:00+05:30,51869.3,52004.7,51824.65,51975.7,52148.26666666671,-47.15114361081214,0,NaN
2024-11-07T12:45:00+05:30,51975.55,52062.65,51934.7,52061.05,52125.94000000004,-13.623669543449068,0,NaN
2024-11-07T13:15:00+05:30,52061.9,52063.1,51853.1,51857.7,52090.8566666667,-44.783078590626246,0,NaN
2024-11-07T13:45:00+05:30,51860.75,51954.6,51855.1,51948.45,52064.65666666671,-39.54058470707969,0,NaN
2024-11-07T14:15:00+05:30,51950.8,51967.25,51862.65,51883.2,52033.90666666671,-52.03134270932787,0,NaN
2024-11-07T14:45:00+05:30,51883.75,51977.5,51858.9,51894.45,52003.343333333374,-55.49921064123919,0,NaN
2024-11-07T15:15:00+05:30,51893.6,51941.2,51868.95,51891.9,51978.66000000004,-56.864072685464635,0,NaN
2024-11-08T09:15:00+05:30,51870.1,51923.55,51609.05,51819.3,51947.03333333338,-74.86131925920927,0,NaN
2024-11-08T09:45:00+05:30,51822.1,52007.15,51719.9,51826.45,51909.826666666704,-82.18369357998745,0,NaN
2024-11-08T10:15:00+05:30,51825.35,51853.2,51653.3,51657.95,51879.643333333384,-127.78762409585761,0,NaN
2024-11-08T10:45:00+05:30,51661.4,51680.75,51559.2,51669.45,51868.57666666671,-149.62625764162658,0,NaN
2024-11-08T11:15:00+05:30,51668.6,51683.25,51616,51672,51856.66000000005,-158.57499988410564,0,NaN
2024-11-08T11:45:00+05:30,51671.65,51671.65,51495.05,51550.8,51829.56333333338,-191.09281562604156,0,NaN
2024-11-08T12:15:00+05:30,51550,51689.65,51542.95,51653.05,51815.29666666672,-179.98601465630782,0,NaN
2024-11-08T12:45:00+05:30,51657,51730.4,51596,51724.1,51805.70333333338,-150.31808547861874,0,NaN
2024-11-08T13:15:00+05:30,51725.8,51862.15,51690.65,51793.5,51793.55666666672,-110.41171661340923,0,NaN
2024-11-08T13:45:00+05:30,51795.85,51824.6,51606.8,51631.35,51764.91000000005,-124.59980457806523,0,NaN
2024-11-08T14:15:00+05:30,51630.65,51673.75,51505,51644.05,51750.666666666715,-126.87965859277028,0,NaN
2024-11-08T14:45:00+05:30,51644.6,51665.6,51523.8,51550.05,51724.10666666672,-149.13188520200492,0,NaN
2024-11-08T15:15:00+05:30,51550.7,51586.35,51494,51532.15,51700.70333333338,-163.59141221276514,0,NaN
2024-11-11T09:15:00+05:30,51568.05,51631.85,51294.2,51520.4,51675.766666666714,-171.30775159854966,0,NaN
2024-11-11T09:45:00+05:30,51522.1,51674.15,51502.6,51545.95,51652.70333333338,-165.1124796411168,0,NaN
2024-11-11T10:15:00+05:30,51545.3,51936.7,51522.35,51867.15,51655.893333333384,-74.70737690728856,0,NaN
2024-11-11T10:45:00+05:30,51861.75,52104.5,51836.7,52100.1,51674.136666666716,42.57287546500447,0,42.57287546500447
2024-11-11T11:15:00+05:30,52103.15,52177.7,52060.9,52169.7,51708.253333333385,131.49988011807727,0,131.49988011807727
2024-11-11T11:45:00+05:30,52168.9,52174.1,52042.95,52091.2,51736.37000000004,162.72419374770834,0,162.72419374770834
2024-11-11T12:15:00+05:30,52091.55,52109.5,51963.5,52040.15,51760.913333333374,164.67699716728384,0,164.67699716728384
2024-11-11T12:45:00+05:30,52040.8,52073.5,51996.9,52044.1,51793.80000000004,162.66905575452984,0,162.66905575452984
2024-11-11T13:15:00+05:30,52046.7,52078.6,51854,51863.5,51807.83000000004,110.95470576323714,0,110.95470576323714
2024-11-11T13:45:00+05:30,51865,51918.9,51831.7,51832.95,51815.086666666706,68.45216459516814,0,68.45216459516814
2024-11-11T14:15:00+05:30,51830.6,51939.7,51780.15,51913.6,51823.093333333374,61.22105811750953,0,61.22105811750953
2024-11-11T14:45:00+05:30,51913.05,51965.1,51767.75,51940.8,51843.72333333337,62.17573469234776,0,62.17573469234776
2024-11-11T15:15:00+05:30,51945.75,51958.55,51799.25,51812.35,51854.94333333337,28.23308092577645,0,28.23308092577645
2024-11-12T09:15:00+05:30,52079.3,52097.55,51782.6,51842.8,51874.46000000004,14.42906114825746,0,14.42906114825746
2024-11-12T09:45:00+05:30,51843.8,52169.05,51798.25,51964.25,51903.266666666714,36.705329460855864,0,36.705329460855864
2024-11-12T10:15:00+05:30,51966.6,52008.05,51672.05,51704.25,51915.52333333337,-17.19402669192641,0,NaN
2024-11-12T10:45:00+05:30,51702.9,51797.35,51586.35,51777.95,51930.99000000004,-31.02455287077464,0,NaN
2024-11-12T11:15:00+05:30,51773.2,51864.5,51741.8,51818.65,51927.756666666704,-28.304247112348094,0,NaN
2024-11-12T11:45:00+05:30,51817.7,51874.7,51686.7,51725.35,51902.77333333337,-49.827539796591736,0,NaN
2024-11-12T12:15:00+05:30,51724.45,51765.1,51421.25,51477.9,51856.653333333365,-125.24373171005573,0,NaN
2024-11-12T12:45:00+05:30,51469.95,51487.05,51234.75,51292.2,51803.3866666667,-216.05770284373284,0,NaN
2024-11-12T13:15:00+05:30,51292.15,51298.05,51123.95,51179.5,51746.01000000003,-295.3007183402515,0,NaN
2024-11-12T13:45:00+05:30,51178.3,51364.25,51162.05,51230.55,51691.77333333337,-323.40409407297557,0,NaN
2024-11-12T14:15:00+05:30,51226.45,51337.15,51006.85,51163,51645.07333333337,-349.726579291244,0,NaN
2024-11-12T14:45:00+05:30,51160.05,51280.2,51082.15,51100.75,51596.26000000003,-372.9192220078403,0,NaN
2024-11-12T15:15:00+05:30,51103.25,51205,51100.9,51121.3,51543.44000000003,-372.3603554229776,0,NaN
2024-11-13T09:15:00+05:30,50971.3,51353.5,50971.3,51185.45,51493.083333333365,-346.02001815477706,0,NaN
2024-11-13T09:45:00+05:30,51191.45,51244.15,50866.2,50895.6,51431.966666666696,-395.2587844985901,0,NaN
2024-11-13T10:15:00+05:30,50895.5,51047.9,50748.05,50760.75,51359.83000000003,-450.00164623583987,0,NaN
2024-11-13T10:45:00+05:30,50762.7,51020.85,50700.65,50707,51276.01333333336,-485.93310868348635,0,NaN
2024-11-13T11:15:00+05:30,50705.05,50746.4,50620.65,50651.6,51205.83666666669,-509.79008278759284,0,NaN
2024-11-13T11:45:00+05:30,50653.9,50737.75,50624.3,50665.85,51131.69666666669,-507.7459108827461,0,NaN
2024-11-13T12:15:00+05:30,50665.95,50770.4,50648.15,50659.65,51054.43000000003,-495.0585766109725,0,NaN
2024-11-13T12:45:00+05:30,50658.5,50716.75,50629.55,50697.65,50985.91666666669,-464.8135868895988,0,NaN
2024-11-13T13:15:00+05:30,50680.35,50787.7,50655.55,50783.15,50939.60000000003,-412.3599114997851,0,NaN
2024-11-13T13:45:00+05:30,50785.15,50853.6,50540.2,50587.3,50892.606666666696,-419.72534429837106,0,NaN
2024-11-13T14:15:00+05:30,50590.25,50593.6,50083.85,50116.85,50821.76333333336,-534.1239351411277,0,NaN
2024-11-13T14:45:00+05:30,50115.35,50192.35,49904.4,50072.15,50744.536666666696,-602.2891209125373,0,NaN
2024-11-13T15:15:00+05:30,50070.55,50340.15,50070.55,50290.5,50686.370000000024,-572.8064372612935,0,NaN
2024-11-14T09:15:00+05:30,50049.25,50438.45,50049.25,50330.35,50635.01000000003,-529.7579540589577,0,NaN
2024-11-14T09:45:00+05:30,50334.75,50561.8,50324.5,50471.5,50591.69000000003,-453.49073480472,0,NaN
2024-11-14T10:15:00+05:30,50465.25,50544.5,50258.25,50302.15,50532.80333333336,-438.3521707814798,0,NaN
2024-11-14T10:45:00+05:30,50303.4,50319.15,49939.35,49971.3,50471.18333333336,-502.6296654650869,0,NaN
2024-11-14T11:15:00+05:30,49972.4,50194.35,49966.3,50152.9,50430.66000000003,-482.73300410461525,0,NaN
2024-11-14T11:45:00+05:30,50152.05,50364.95,50060.9,50353.75,50407.11000000002,-406.61113546984416,0,NaN
2024-11-14T12:15:00+05:30,50354.8,50357.15,50165.2,50235.3,50379.356666666696,-379.7127769389699,0,NaN
2024-11-14T12:45:00+05:30,50229.5,50357.7,50206.25,50306,50355.3666666667,-335.2955107420494,0,NaN
2024-11-14T13:15:00+05:30,50305.75,50345.2,50148,50169.6,50322.69666666669,-334.3388466531178,0,NaN
2024-11-14T13:45:00+05:30,50173.05,50272.95,50145.45,50212.55,50290.356666666696,-314.1645188380571,0,NaN
2024-11-14T14:15:00+05:30,50214.55,50219.9,50106.45,50132.6,50246.9866666667,-314.1940473919094,0,NaN
2024-11-14T14:45:00+05:30,50129.4,50245.75,50078.35,50184.4,50220.1266666667,-292.8739099021841,0,NaN
2024-11-14T15:15:00+05:30,50187.95,50244.5,50172.25,50239.2,50228.283333333355,-258.1929558084521,0,NaN
2024-11-18T09:15:00+05:30,50321.9,50344.1,50074,50128,50232.0066666667,-258.74331852491014,0,NaN
2024-11-18T09:45:00+05:30,50127.85,50367.3,50125.3,50263.55,50230.21000000003,-217.69114895234816,0,NaN
2024-11-18T10:15:00+05:30,50256.9,50320.5,50211.15,50217.35,50222.6766666667,-198.6926048832829,0,NaN
2024-11-18T10:45:00+05:30,50216.7,50296.05,50176.95,50232.4,50206.73666666669,-178.04753661299765,0,NaN
2024-11-18T11:15:00+05:30,50232.75,50345.25,50225.7,50340.6,50209.300000000025,-133.0339680206962,0,NaN
2024-11-18T11:45:00+05:30,50341.3,50408.1,50307.25,50387,50237.01333333336,-90.024747142852,0,NaN
2024-11-18T12:15:00+05:30,50387.4,50445.8,50364.55,50379.8,50252.14000000002,-63.095361291278095,0,NaN
2024-11-18T12:45:00+05:30,50379.65,50417.35,50324.75,50399.7,50255.20333333335,-39.803037657206005,0,NaN
2024-11-18T13:15:00+05:30,50399.5,50404.85,50320.35,50337.85,50262.04000000002,-40.30768368604913,0,NaN
2024-11-18T13:45:00+05:30,50340.4,50406.65,50329.75,50372.95,50266.50333333336,-30.584704737491847,0,NaN
2024-11-18T14:15:00+05:30,50372.4,50383.5,50296.25,50338.65,50277.77333333335,-32.61198167331895,0,NaN
2024-11-18T14:45:00+05:30,50345.2,50398.65,50311.6,50390.35,50289.626666666685,-19.766921796050156,0,NaN
2024-11-18T15:15:00+05:30,50389.85,50434.25,50311.05,50361.85,50304.910000000025,-18.663117722957395,0,NaN
2024-11-19T09:15:00+05:30,50582.9,50806.7,50449.45,50797.3,50345.77000000002,94.148533955944,0,94.148533955944
2024-11-19T09:45:00+05:30,50796.9,50839.15,50658.65,50780.05,50381.82666666669,156.73394693896262,0,156.73394693896262
2024-11-19T10:15:00+05:30,50778.55,50914.95,50754.95,50821.5,50428.06000000003,201.85743321212794,0,201.85743321212794
2024-11-19T10:45:00+05:30,50822.05,50926.4,50773.7,50920.35,50471.84666666669,249.79605468248337,0,249.79605468248337
2024-11-19T11:15:00+05:30,50918.2,50963.1,50868.85,50915.4,50518.38333333335,271.62248700571945,0,271.62248700571945
2024-11-19T11:45:00+05:30,50916.15,50945.45,50837.15,50883.3,50561.776666666694,269.85868928140553,0,269.85868928140553
2024-11-19T12:15:00+05:30,50881.55,50913,50866.5,50876.65,50597.51333333336,260.1486935207722,0,260.1486935207722
2024-11-19T12:45:00+05:30,50875.35,50957.4,50861.6,50947.65,50634.89000000003,265.7079603983075,0,265.7079603983075
2024-11-19T13:15:00+05:30,50943.85,50983.5,50919.75,50929.7,50671.55000000003,257.7134589793932,0,257.7134589793932
2024-11-19T13:45:00+05:30,50930.55,50950.45,50805.9,50835.5,50700.60333333336,222.0318822349509,0,222.0318822349509
2024-11-19T14:15:00+05:30,50835.85,50876.45,50772.95,50800.4,50731.44000000003,185.38086366824427,0,185.38086366824427
2024-11-19T14:45:00+05:30,50800.15,50811.1,50590.2,50611.25,50747.32666666669,109.5730352254468,0,109.5730352254468
2024-11-19T15:15:00+05:30,50608.65,50661,50440.85,50466,50755.81666666669,22.86890912666422,0,22.86890912666422
2024-11-21T09:15:00+05:30,50652.15,50652.15,49787.1,49887.15,50722.270000000026,-179.49693537327403,0,NaN
2024-11-21T09:45:00+05:30,49886,50152.25,49869.6,50026.05,50699.88333333335,-263.81189262007683,0,NaN
2024-11-21T10:15:00+05:30,50024.9,50180.9,49996.9,50044.7,50649.71000000003,-304.1515613714437,0,NaN
2024-11-21T10:45:00+05:30,50044.25,50218.65,49981.7,50158.95,50608.30333333336,-291.88234313198336,0,NaN
2024-11-21T11:15:00+05:30,50161.9,50350.05,50145.75,50337.7,50576.050000000025,-231.0145590068787,0,NaN
2024-11-21T11:45:00+05:30,50337.6,50549.85,50285.8,50459.45,50545.323333333356,-156.4160621348492,0,NaN
2024-11-21T12:15:00+05:30,50460.5,50531.7,50365.15,50460.8,50515.01666666669,-106.15247272295528,0,NaN
2024-11-21T12:45:00+05:30,50463,50474.4,50162.65,50330.8,50478.183333333356,-105.83250814325584,0,NaN
2024-11-21T13:15:00+05:30,50326.3,50479.25,50297.2,50426.1,50448.1466666667,-78.48605537258845,0,NaN
2024-11-21T13:45:00+05:30,50425.8,50464.4,50364.9,50404,50411.90333333336,-65.31167276057386,0,NaN
2024-11-21T14:15:00+05:30,50402.55,50470.55,50287.9,50345.3,50372.943333333365,-70.58098415932182,0,NaN
2024-11-21T14:45:00+05:30,50345.8,50387.55,50249.55,50373.4,50342.136666666695,-64.80874029805273,0,NaN
2024-11-21T15:15:00+05:30,50376.5,50476.3,50364.45,50448,50318.643333333355,-40.46662252963142,0,NaN
2024-11-22T09:15:00+05:30,50555.8,50935.65,50508.25,50925.85,50339.61666666669,98.07638898245932,0,98.07638898245932