,DATETIME,TODAYS OPEN,TODAYS CLOSE,POINTS CAPTURED TODAY,QTY,MTM,Signal Generated At,Trade Type,Entry Time,Entry Price,Initial SL,Final SL,Exit Time,Exit Price,Points Captured,After Costs,THEO PnL,Remarks,Qty,ROI%,Trade Year,Trade Month
0,2022-01-11,7784.85,7759.768175,-25.081825000000208,963.4096996088556,-24164.073488892085,,,,,,,,,,,,,,,,
1,,,,,,,2022-01-11 11:15:00,LONG,2022-01-11 12:15:00,7784.85,7763.65,7763.65,2022-01-11 14:15:00,7763.65,-21.200000000000728,-28.97425000000073,-20424.28563170844,Initial SL Hit,963.4096996088556,-2.791407348889259,2022.0,1.0
2,2022-01-12,7831.0,7811.742175,-19.257824999999684,957.7320904099093,-18443.83699399791,,,,,,,,,,,,,,,,
3,,,,,,,2022-01-12 10:15:00,LONG,2022-01-12 11:15:00,7831.0,7815.65,7815.65,2022-01-12 11:15:00,7815.65,-15.350000000000364,-23.173325000000364,-14701.187587792458,Initial SL Hit,957.7320904099093,-2.2193836993998564,2022.0,1.0
4,2022-01-12,7860.828449999999,7874.0,13.171550000000934,954.5749595896601,12573.23180898408,,,,,,,,,,,,,,,,
5,2022-01-13,7874.0,7929.8,55.80000000000018,954.5749595896601,53265.282745103206,,,,,,,,,,,,,,,,
6,2022-01-14,7929.8,7930.5,0.6999999999998181,954.5749595896601,668.2024717125885,,,,,,,,,,,,,,,,
7,2022-01-17,7930.5,7944.3,13.800000000000182,954.5749595896601,13173.134442337483,,,,,,,,,,,,,,,,
8,2022-01-18,7944.3,7827.134475000001,-117.16552499999943,954.5749595896601,-111843.27629217577,,,,,,,,,,,,,,,,
9,,,,,,,2022-01-12 13:15:00,LONG,2022-01-12 14:15:00,7856.9,7831.05,7831.05,2022-01-18 14:15:00,7831.05,-25.849999999999454,-33.693974999999455,-24675.762705392193,Initial SL Hit,954.5749595896601,-3.2163424824039497,2022.0,1.0
10,2022-01-20,7758.827474999999,7753.15,-5.677474999999504,967.1242238828104,-5490.823602988579,,,,,,,,,,,,,,,,
11,2022-01-21,7753.15,7702.097025,-51.052974999999606,967.1242238828104,-49374.56882378314,,,,,,,,,,,,,,,,
12,,,,,,,2022-01-20 14:15:00,LONG,2022-01-20 15:15:00,7754.95,7709.8,7709.8,2022-01-21 09:15:00,7705.95,-49.0,-56.73045,-47389.08697025771,Gap Open Outside ISL,967.1242238828104,-5.486539242677258,2022.0,1.0
13,2022-01-25,7352.824575,7348.55,-4.274574999999459,1020.5261833001096,-4362.3157099795135,,,,,,,,,,,,,,,,
14,2022-01-27,7348.55,7287.604375000001,-60.94562499999938,1020.5261833001096,-62196.60607008911,,,,,,,,,,,,,,,,
15,,,,,,,2022-01-25 13:15:00,LONG,2022-01-25 14:15:00,7349.15,7301.5,7301.5,2022-01-27 09:15:00,7291.25,-57.899999999999636,-65.22019999999964,-59088.46601307597,Gap Open Outside ISL,1020.5261833001096,-6.655892178006943,2022.0,1.0
16,2022-01-27,7364.030175,7358.95,-5.080175000000054,1018.9732825205323,-5176.5625955288,,,,,,,,,,,,,,,,
17,2022-01-28,7358.95,7414.4,55.44999999999982,1018.9732825205323,56502.06851576333,,,,,,,,,,,,,,,,
18,2022-01-31,7414.4,7513.5,99.10000000000036,1018.9732825205323,100980.25229778512,,,,,,,,,,,,,,,,
19,2022-02-01,7513.5,7605.9,92.39999999999964,1018.9732825205323,94153.13130489681,,,,,,,,,,,,,,,,
20,2022-02-02,7605.9,7689.95,84.05000000000018,1018.9732825205323,85644.70439585092,,,,,,,,,,,,,,,,
21,2022-02-03,7689.95,7604.7,-85.25,1018.9732825205323,-86867.47233487538,,,,,,,,,,,,,,,,
22,2022-02-04,7604.7,7502.4,-102.30000000000018,1018.9732825205323,-104240.96680185063,,,,,,,,,,,,,,,,
23,2022-02-07,7502.4,7454.37095,-48.02904999999919,1018.9732825205323,-48940.318734841945,,,,,,,,,,,,,,,,
24,,,,,,,2022-01-27 14:15:00,LONG,2022-01-27 15:15:00,7360.35,7298.1,7490.913235294117,2022-02-07 09:15:00,7458.1,97.75,90.340775,99604.63836638203,TSL Hit,1018.9732825205323,9.205483604719882,2022.0,1.0
25,2022-02-09,7463.579925,7510.85,47.27007500000036,1005.3821457536009,47524.489433434006,,,,,,,,,,,,,,,,
26,2022-02-10,7510.85,7527.084575000001,16.234575000000405,1005.3821457536009,16321.951848898172,,,,,,,,,,,,,,,,
27,,,,,,,2022-02-09 09:15:00,LONG,2022-02-09 10:15:00,7459.85,7420.25,7531.133088235295,2022-02-10 14:15:00,7530.85,71.0,63.50465,71382.13234850566,TSL Hit,1005.3821457536009,6.384644128233141,2022.0,2.0
28,2022-02-16,7340.25,7310.1431,-30.10689999999977,1021.7635639113109,-30762.13344232121,,,,,,,,,,,,,,,,
29,,,,,,,2022-02-16 11:15:00,LONG,2022-02-16 12:15:00,7340.25,7313.8,7313.8,2022-02-16 14:15:00,7313.8,-26.449999999999818,-33.77702499999982,-27025.64626545399,Initial SL Hit,1021.7635639113109,-3.4512133442321264,2022.0,2.0
30,2022-02-17,7300.35,7260.168100000001,-40.18189999999959,1027.3480038628284,-41280.79475641536,,,,,,,,,,,,,,,,
31,,,,,,,2022-02-16 15:15:00,LONG,2022-02-17 09:15:00,7300.35,7263.8,7263.8,2022-02-17 10:15:00,7263.8,-36.55000000000018,-43.83207500000018,-37549.56954118656,Initial SL Hit,1027.3480038628284,-4.503079475641597,2022.0,2.0
32,2022-02-17,7328.2623,7271.5,-56.76230000000032,1023.9467001611009,-58121.56977855479,,,,,,,,,,,,,,,,
33,2022-02-18,7271.5,7237.029675,-34.47032500000023,1023.9467001611009,-35295.77553723093,,,,,,,,,,,,,,,,
34,,,,,,,2022-02-17 10:15:00,LONG,2022-02-17 11:15:00,7324.6,7260.1,7260.1,2022-02-18 09:15:00,7240.65,-83.95000000000073,-91.23262500000072,-85960.32547852516,Gap Open Outside ISL,1023.9467001611009,-9.341734531578592,2022.0,2.0
35,2022-02-23,7165.2,7131.082675,-34.117325000000164,1046.7258415675767,-35711.485722659694,,,,,,,,,,,,,,,,
36,,,,,,,2022-02-23 10:15:00,LONG,2022-02-23 11:15:00,7165.2,7134.65,7134.65,2022-02-23 12:15:00,7134.65,-30.550000000000182,-37.69992500000018,-31977.474459889658,Initial SL Hit,1046.7258415675767,-3.9461485722659706,2022.0,2.0
37,2022-02-25,6942.319425,6946.95,4.630575000000135,1080.8707494757775,5005.053070753945,,,,,,,,,,,,,,,,
38,2022-02-28,6946.95,6882.557000000001,-64.39299999999912,1080.8707494757775,-69600.51017099278,,,,,,,,,,,,,,,,
39,,,,,,,2022-02-25 13:15:00,LONG,2022-02-25 14:15:00,6938.85,6896.6,6896.6,2022-02-28 09:15:00,6886.0,-52.850000000000364,-59.76242500000036,-57124.019109795234,Gap Open Outside ISL,1080.8707494757775,-6.459545710024034,2022.0,2.0
40,2022-02-28,6936.96675,7015.25,78.28325000000041,1081.7047667123386,84679.36467873413,,,,,,,,,,,,,,,,
41,2022-03-02,7015.25,6995.05,-20.199999999999818,1081.7047667123386,-21850.436287589044,,,,,,,,,,,,,,,,
42,2022-03-03,6995.05,6913.9,-81.15000000000055,1081.7047667123386,-87780.34181870687,,,,,,,,,,,,,,,,
43,2022-03-04,6913.9,6847.9743,-65.92569999999978,1081.7047667123386,-71312.14393884738,,,,,,,,,,,,,,,,
44,,,,,,,2022-02-28 10:15:00,LONG,2022-02-28 11:15:00,6933.5,6851.4,6851.4,2022-03-04 09:15:00,6851.4,-82.10000000000036,-88.99245000000036,-88807.96134708339,Initial SL Hit,1081.7047667123386,-9.626355736640985,2022.0,2.0
45,2022-03-08,6592.4445749999995,6675.9,83.4554250000001,1138.234825432719,94991.87110628848,,,,,,,,,,,,,,,,
46,2022-03-09,6675.9,6846.3,170.40000000000055,1138.234825432719,193955.21425373593,,,,,,,,,,,,,,,,
47,2022-03-10,6846.3,6880.85,34.55000000000018,1138.234825432719,39326.013218700646,,,,,,,,,,,,,,,,
48,2022-03-11,6880.85,6933.45,52.599999999999454,1138.234825432719,59871.151817760394,,,,,,,,,,,,,,,,
49,2022-03-14,6933.45,6942.5,9.050000000000182,1138.234825432719,10301.025170166313,,,,,,,,,,,,,,,,
50,2022-03-15,6942.5,6920.4,-22.100000000000364,1138.234825432719,-25154.9896420635,,,,,,,,,,,,,,,,
51,2022-03-16,6920.4,7091.25,170.85000000000036,1138.234825432719,194467.41992518044,,,,,,,,,,,,,,,,
52,2022-03-17,7091.25,7217.4,126.14999999999964,1138.234825432719,143588.32322833707,,,,,,,,,,,,,,,,
53,2022-03-21,7217.4,7127.55,-89.84999999999945,1138.234825432719,-102270.39906512918,,,,,,,,,,,,,,,,
54,2022-03-22,7127.55,7155.7,28.149999999999636,1138.234825432719,32041.310335930622,,,,,,,,,,,,,,,,
55,2022-03-23,7155.7,7163.0,7.300000000000182,1138.234825432719,8309.114225659056,,,,,,,,,,,,,,,,
56,2022-03-24,7163.0,7222.45,59.44999999999982,1138.234825432719,67668.06037197493,,,,,,,,,,,,,,,,
57,2022-03-25,7222.45,7220.5,-1.949999999999818,1138.234825432719,-2219.557909593595,,,,,,,,,,,,,,,,
58,2022-03-28,7220.5,7170.05,-50.44999999999982,1138.234825432719,-57423.94694308046,,,,,,,,,,,,,,,,
59,2022-03-29,7170.05,7199.55,29.5,1138.234825432719,33577.92735026521,,,,,,,,,,,,,,,,
60,2022-03-30,7199.55,7268.1,68.55000000000018,1138.234825432719,78025.99728341309,,,,,,,,,,,,,,,,
61,2022-03-31,7268.1,7296.0,27.899999999999636,1138.234825432719,31756.751629572445,,,,,,,,,,,,,,,,
62,2022-04-01,7296.0,7394.7,98.69999999999982,1138.234825432719,112343.77727020915,,,,,,,,,,,,,,,,
63,2022-04-04,7394.7,7485.75,91.05000000000018,1138.234825432719,103636.28085564927,,,,,,,,,,,,,,,,
64,2022-04-05,7485.75,7592.3,106.55000000000018,1138.234825432719,121278.92064985642,,,,,,,,,,,,,,,,
65,2022-04-06,7592.3,7623.15,30.849999999999454,1138.234825432719,35114.54436459876,,,,,,,,,,,,,,,,
66,2022-04-07,7623.15,7569.85,-53.29999999999927,1138.234825432719,-60667.91619556309,,,,,,,,,,,,,,,,
67,2022-04-08,7569.85,7636.0,66.14999999999964,1138.234825432719,75294.23370237394,,,,,,,,,,,,,,,,
68,2022-04-11,7636.0,7647.3,11.300000000000182,1138.234825432719,12862.053527389931,,,,,,,,,,,,,,,,
69,2022-04-12,7647.3,7484.305975,-162.99402499999997,1138.234825432719,-185525.4755924512,,,,,,,,,,,,,,,,
70,,,,,,,2022-03-08 13:15:00,LONG,2022-03-08 14:15:00,6589.15,6487.0,7495.950735294117,2022-04-12 12:15:00,7488.05,898.9000000000005,891.8614000000006,1023159.2845814717,TSL Hit,1138.234825432719,101.5147704939181,2022.0,3.0
71,2022-04-21,7425.3108,7438.25,12.9391999999998,1010.5637598361538,13075.88660127176,,,,,,,,,,,,,,,,
72,2022-04-22,7438.25,7380.957675,-57.292325000000346,1010.5637598361538,-57897.54736175522,,,,,,,,,,,,,,,,
73,,,,,,,2022-04-21 09:15:00,LONG,2022-04-21 10:15:00,7421.6,7387.35,7387.35,2022-04-22 09:15:00,7384.65,-36.95000000000073,-44.35312500000073,-37340.33092594662,Gap Open Outside ISL,1010.5637598361538,-4.482166076048364,2022.0,4.0
74,2022-04-26,7311.8541,7324.6,12.745900000000802,1026.2444924878903,13080.409676802223,,,,,,,,,,,,,,,,
75,2022-04-27,7324.6,7260.7678,-63.83220000000074,1026.2444924878903,-65507.44369338627,,,,,,,,,,,,,,,,
76,,,,,,,2022-04-26 13:15:00,LONG,2022-04-26 14:15:00,7308.2,7280.95,7280.95,2022-04-27 09:15:00,7264.4,-43.80000000000018,-51.08630000000018,-44949.508770969784,Gap Open Outside ISL,1026.2444924878903,-5.24270340165843,2022.0,4.0
77,2022-04-28,7254.92565,7298.45,43.524349999999686,1034.2972984154565,45017.117620288445,,,,,,,,,,,,,,,,
78,2022-04-29,7298.45,7234.5,-63.94999999999982,1034.2972984154565,-66143.31223366826,,,,,,,,,,,,,,,,
79,2022-04-29,7234.5,7220.7878,-13.712199999999939,1034.2972984154565,-14182.491415332359,,,,,,,,,,,,,,,,
80,,,,,,,2022-04-28 11:15:00,LONG,2022-04-28 12:15:00,7251.3,7224.4,7224.4,2022-04-29 15:15:00,7224.4,-26.900000000000546,-34.13785000000055,-27822.597327376345,Initial SL Hit,1034.2972984154565,-3.5308686028712657,2022.0,4.0
81,2022-05-13,6554.95,6521.487625000001,-33.462374999999156,1144.1734872119544,-38286.762294143155,,,,,,,,,,,,,,,,
82,,,,,,,2022-05-13 11:15:00,LONG,2022-05-13 12:15:00,6554.95,6524.75,6524.75,2022-05-13 13:15:00,6524.75,-30.199999999999818,-36.73984999999982,-34554.039313800815,Initial SL Hit,1144.1734872119544,-4.203676229414391,2022.0,5.0
83,2022-05-17,6624.160425,6727.3,103.13957500000015,1132.7850653616981,116834.97020775294,,,,,,,,,,,,,,,,
84,2022-05-18,6727.3,6709.0,-18.300000000000182,1132.7850653616981,-20729.96669611928,,,,,,,,,,,,,,,,
85,2022-05-19,6709.0,6557.269725,-151.7302749999999,1132.7850653616981,-171877.7894832233,,,,,,,,,,,,,,,,
86,,,,,,,2022-05-17 10:15:00,LONG,2022-05-17 11:15:00,6620.85,6584.8,6645.632352941177,2022-05-19 09:15:00,6560.55,-60.30000000000018,-66.89070000000018,-68306.9394413106,Gap Open Outside ISL,1132.7850653616981,-7.577278597158994,2022.0,5.0
87,2022-05-20,6608.80275,6630.25,21.447250000000167,1135.4174551510105,24351.5820149877,,,,,,,,,,,,,,,,
88,2022-05-23,6630.25,6651.1,20.850000000000364,1135.4174551510105,23673.45393989898,,,,,,,,,,,,,,,,
89,2022-05-24,6651.1,6629.5,-21.600000000000364,1135.4174551510105,-24525.01703126224,,,,,,,,,,,,,,,,
90,2022-05-25,6629.5,6579.9084,-49.591599999999744,1135.4174551510105,-56307.16826886656,,,,,,,,,,,,,,,,
91,,,,,,,2022-05-20 12:15:00,LONG,2022-05-20 13:15:00,6605.5,6583.2,6583.2,2022-05-25 09:15:00,6583.2,-22.300000000000182,-28.89435000000018,-25319.80924986774,Initial SL hit,1135.4174551510105,-3.2807149345242808,2022.0,5.0
92,2022-05-26,6554.225474999999,6573.05,18.824525000000904,1144.8721177844436,21551.67380303724,,,,,,,,,,,,,,,,
93,2022-05-27,6573.05,6663.2,90.14999999999964,1144.8721177844436,103210.22141826717,,,,,,,,,,,,,,,,
94,2022-05-30,6663.2,6818.55,155.35000000000036,1144.8721177844436,177855.88349781375,,,,,,,,,,,,,,,,
95,2022-05-31,6818.55,6848.9,30.349999999999454,1144.8721177844436,34746.86877475724,,,,,,,,,,,,,,,,
96,2022-06-01,6848.9,6871.85,22.950000000000728,1144.8721177844436,26274.815103153815,,,,,,,,,,,,,,,,
97,2022-06-02,6871.85,6884.45,12.599999999999454,1144.8721177844436,14425.388684083366,,,,,,,,,,,,,,,,
98,2022-06-03,6884.45,6775.65,-108.80000000000018,1144.8721177844436,-124562.08641494767,,,,,,,,,,,,,,,,
99,2022-06-06,6775.65,6669.963350000001,-105.68664999999874,1144.8721177844436,-120997.69880704182,,,,,,,,,,,,,,,,
100,,,,,,,2022-05-26 14:15:00,LONG,2022-05-26 15:15:00,6550.95,6495.7,6719.435294117647,2022-06-06 09:15:00,6673.3,122.35000000000036,115.73787500000036,140075.1036109271,TSL Hit,1144.8721177844436,13.250506605912163,2022.0,5.0
101,2022-06-08,6703.45,6677.159750000001,-26.290249999999105,1118.8268727297138,-29414.238190781358,,,,,,,,,,,,,,,,
102,,,,,,,2022-06-08 11:15:00,LONG,2022-06-08 12:15:00,6703.45,6680.5,6680.5,2022-06-08 12:15:00,6680.5,-22.949999999999818,-29.641974999999817,-25677.07672914673,Initial SL Hit,1118.8268727297138,-3.3164238190782154,2022.0,6.0
103,2022-06-09,6699.548099999999,6701.95,2.401900000000751,1120.0382306382726,2690.2198261709077,,,,,,,,,,,,,,,,
104,2022-06-10,6701.95,6631.682500000001,-70.26749999999902,1120.0382306382726,-78702.28637137372,,,,,,,,,,,,,,,,
105,,,,,,,2022-06-09 14:15:00,LONG,2022-06-09 15:15:00,6696.2,6668.75,6668.75,2022-06-10 09:15:00,6635.0,-61.19999999999982,-67.86559999999982,-68546.33971506207,Gap Open Outside ISL,1120.0382306382726,-7.601206654520455,2022.0,6.0
106,2022-06-15,6458.2775249999995,6449.0,-9.277524999999514,1161.8810078930449,-10779.380097752357,,,,,,,,,,,,,,,,
107,2022-06-16,6449.0,6428.134325000001,-20.8656749999991,1161.8810078930449,-24243.431499367663,,,,,,,,,,,,,,,,
108,,,,,,,2022-06-15 10:15:00,LONG,2022-06-15 11:15:00,6455.05,6431.35,6431.35,2022-06-16 11:15:00,6431.35,-23.699999999999818,-30.14319999999982,-27536.579887064952,Initial SL Hit,1161.8810078930449,-3.502281159712142,2022.0,6.0
109,2022-06-21,6240.7188,6294.25,53.531200000000354,1202.3855328972681,64365.14043863067,,,,,,,,,,,,,,,,
110,2022-06-22,6294.25,6178.95,-115.30000000000018,1202.3855328972681,-138635.05194305524,,,,,,,,,,,,,,,,
111,2022-06-23,6178.95,6285.2,106.25,1202.3855328972681,127753.46287033474,,,,,,,,,,,,,,,,
112,2022-06-24,6285.2,6361.25,76.05000000000018,1202.3855328972681,91441.41977683746,,,,,,,,,,,,,,,,
113,2022-06-27,6361.25,6437.95,76.69999999999982,1202.3855328972681,92222.97037322025,,,,,,,,,,,,,,,,
114,2022-06-28,6437.95,6449.1,11.150000000000546,1202.3855328972681,13406.598691805197,,,,,,,,,,,,,,,,
115,2022-06-29,6449.1,6408.55,-40.55000000000018,1202.3855328972681,-48756.73335898444,,,,,,,,,,,,,,,,
116,2022-06-30,6408.55,6351.25,-57.30000000000018,1202.3855328972681,-68896.69103501369,,,,,,,,,,,,,,,,
117,2022-07-01,6351.25,6288.104375000001,-63.1456249999992,1202.3855328972681,-75925.3859657551,,,,,,,,,,,,,,,,
118,,,,,,,2022-06-21 09:15:00,LONG,2022-06-21 10:15:00,6237.6,6151.95,6310.6080882352935,2022-07-01 09:15:00,6291.25,53.649999999999636,47.38557499999963,64507.983839938,TSL Hit,1202.3855328972681,5.697572984801803,2022.0,6.0
119,2022-07-01,6393.445124999999,6376.0,-17.44512499999928,1173.6630022299596,-20474.697781776078,,,,,,,,,,,,,,,,
120,2022-07-04,6376.0,6335.880475000001,-40.11952499999916,1173.6630022299596,-47086.80215953893,,,,,,,,,,,,,,,,
121,,,,,,,2022-07-01 14:15:00,LONG,2022-07-01 15:15:00,6390.25,6339.05,6339.05,2022-07-04 09:15:00,6339.05,-51.19999999999982,-57.564649999999816,-60091.54571417372,Initial SL hit,1173.6630022299596,-6.756149994131662,2022.0,7.0
122,2022-07-04,6384.7,6363.866475000001,-20.8335249999991,1174.6832270897614,-24472.792378654165,,,,,,,,,,,,,,,,
123,,,,,,,2022-07-04 11:15:00,LONG,2022-07-04 12:15:00,6384.7,6367.05,6367.05,2022-07-04 12:15:00,6367.05,-17.649999999999636,-24.025874999999637,-20733.158958133863,Initial SL hit,1174.6832270897614,-2.8222792378654793,2022.0,7.0
124,2022-07-04,6396.546675,6424.0,27.453325000000405,1173.093917899067,32205.32858360688,,,,,,,,,,,,,,,,
125,2022-07-05,6424.0,6390.05,-33.94999999999982,1173.093917899067,-39826.53851267311,,,,,,,,,,,,,,,,
126,2022-07-06,6390.05,6528.2,138.14999999999964,1173.093917899067,162062.92475775568,,,,,,,,,,,,,,,,
127,2022-07-07,6528.2,6604.5,76.30000000000018,1173.093917899067,89507.06593569902,,,,,,,,,,,,,,,,
128,2022-07-08,6604.5,6607.55,3.050000000000182,1173.093917899067,3577.936449592368,,,,,,,,,,,,,,,,
129,2022-07-11,6607.55,6609.75,2.199999999999818,1173.093917899067,2580.806619377734,,,,,,,,,,,,,,,,
130,2022-07-12,6609.75,6562.2,-47.55000000000018,1173.093917899067,-55780.61579610085,,,,,,,,,,,,,,,,
131,2022-07-13,6562.2,6624.75,62.55000000000018,1173.093917899067,73377.02456458686,,,,,,,,,,,,,,,,
132,2022-07-14,6624.75,6609.05,-15.699999999999818,1173.093917899067,-18417.57451101514,,,,,,,,,,,,,,,,
133,2022-07-15,6609.05,6678.7,69.64999999999964,1173.093917899067,81705.99138166959,,,,,,,,,,,,,,,,
134,2022-07-18,6678.7,6771.05,92.35000000000036,1173.093917899067,108335.22331797927,,,,,,,,,,,,,,,,
135,2022-07-19,6771.05,6798.7,27.649999999999636,1173.093917899067,32436.046829908777,,,,,,,,,,,,,,,,
136,2022-07-20,6798.7,6841.25,42.55000000000018,1173.093917899067,49915.14620660552,,,,,,,,,,,,,,,,
137,2022-07-21,6841.25,6931.8,90.55000000000018,1173.093917899067,106223.65426576074,,,,,,,,,,,,,,,,
138,2022-07-22,6931.8,6929.3,-2.5,1173.093917899067,-2932.7347947476674,,,,,,,,,,,,,,,,
139,2022-07-25,6929.3,6926.6,-2.699999999999818,1173.093917899067,-3167.3535783272678,,,,,,,,,,,,,,,,
140,2022-07-26,6926.6,6814.2,-112.40000000000055,1173.093917899067,-131855.75637185576,,,,,,,,,,,,,,,,
141,2022-07-27,6814.2,6879.15,64.94999999999982,1173.093917899067,76192.44996754419,,,,,,,,,,,,,,,,
142,2022-07-28,6879.15,6942.75,63.600000000000364,1173.093917899067,74608.77317838109,,,,,,,,,,,,,,,,
143,2022-07-29,6942.75,7046.1,103.35000000000036,1173.093917899067,121239.256414869,,,,,,,,,,,,,,,,
144,2022-08-01,7046.1,7191.75,145.64999999999964,1173.093917899067,170861.12914199868,,,,,,,,,,,,,,,,
145,2022-08-02,7191.75,7187.0,-4.75,1173.093917899067,-5572.196110020568,,,,,,,,,,,,,,,,
146,2022-08-03,7187.0,7129.55,-57.44999999999982,1173.093917899067,-67394.24558330119,,,,,,,,,,,,,,,,
147,2022-08-04,7129.55,7178.4,48.849999999999454,1173.093917899067,57305.63788936879,,,,,,,,,,,,,,,,
148,2022-08-05,7178.4,7165.7,-12.699999999999818,1173.093917899067,-14898.292757317939,,,,,,,,,,,,,,,,
149,2022-08-08,7165.7,7230.65,64.94999999999982,1173.093917899067,76192.44996754419,,,,,,,,,,,,,,,,
150,2022-08-10,7230.65,7218.85,-11.799999999999272,1173.093917899067,-13842.508231208138,,,,,,,,,,,,,,,,
151,2022-08-11,7218.85,7291.7,72.84999999999945,1173.093917899067,85459.89191894639,,,,,,,,,,,,,,,,
152,2022-08-12,7291.7,7319.25,27.550000000000182,1173.093917899067,32318.73743811951,,,,,,,,,,,,,,,,
153,2022-08-16,7319.25,7383.7,64.44999999999982,1173.093917899067,75605.90300859466,,,,,,,,,,,,,,,,
154,2022-08-17,7383.7,7448.6,64.90000000000055,1173.093917899067,76133.79527165009,,,,,,,,,,,,,,,,
155,2022-08-18,7448.6,7486.55,37.94999999999982,1173.093917899067,44518.91418426938,,,,,,,,,,,,,,,,
156,2022-08-19,7486.55,7367.1,-119.44999999999982,1173.093917899067,-140126.06849304333,,,,,,,,,,,,,,,,
157,2022-08-22,7367.1,7302.5469,-64.55310000000009,1173.093917899067,-75726.84899153037,,,,,,,,,,,,,,,,
158,,,,,,,2022-07-04 13:15:00,LONG,2022-07-04 14:15:00,6393.35,6368.5,7319.049999999999,2022-08-22 09:15:00,7306.2,912.8499999999995,906.0002249999994,1070858.7829541627,TSL Hit,1173.093917899067,106.28233535626856,2022.0,7.0
159,2022-08-24,7323.15975,7349.4,26.240249999999833,1024.66015438213,26887.338616025518,,,,,,,,,,,,,,,,
160,2022-08-25,7349.4,7321.587375,-27.81262499999957,1024.66015438213,-28498.48862627185,,,,,,,,,,,,,,,,
161,,,,,,,2022-08-24 13:15:00,LONG,2022-08-24 14:15:00,7319.5,7288.5,7365.971323529411,2022-08-25 14:15:00,7325.25,5.75,-1.572375,5891.795887697248,TSL Hit,1024.66015438213,-0.16111500102466017,2022.0,8.0
162,2022-08-30,7379.087699999999,7406.4,27.312300000000505,1016.8939989695475,27773.713968056487,,,,,,,,,,,,,,,,
163,2022-09-01,7406.4,7355.470425,-50.929574999999204,1016.8939989695475,-51789.979187568686,,,,,,,,,,,,,,,,
164,,,,,,,2022-08-30 10:15:00,LONG,2022-08-30 11:15:00,7375.4,7359.15,7366.6772058823535,2022-09-01 09:15:00,7359.15,-16.25,-23.617275,-16524.527483255148,Initial SL hit,1016.8939989695475,-2.401626521951352,2022.0,8.0
165,2022-09-01,7407.601949999999,7425.9,18.29805000000033,1012.9796458623158,18535.552208971283,,,,,,,,,,,,,,,,
166,2022-09-02,7425.9,7422.35,-3.5499999999992724,1012.9796458623158,-3596.077742810484,,,,,,,,,,,,,,,,
167,2022-09-05,7422.35,7464.85,42.5,1012.9796458623158,43051.63494914842,,,,,,,,,,,,,,,,
168,2022-09-06,7464.85,7480.25,15.399999999999636,1012.9796458623158,15599.886546279295,,,,,,,,,,,,,,,,
169,2022-09-07,7480.25,7531.65,51.399999999999636,1012.9796458623158,52067.153797322666,,,,,,,,,,,,,,,,
170,2022-09-08,7531.65,7551.7,20.050000000000182,1012.9796458623158,20310.241899539615,,,,,,,,,,,,,,,,
171,2022-09-09,7551.7,7582.4,30.699999999999818,1012.9796458623158,31098.47512797291,,,,,,,,,,,,,,,,
172,2022-09-12,7582.4,7669.6,87.20000000000073,1012.9796458623158,88331.82511919468,,,,,,,,,,,,,,,,
173,2022-09-13,7669.6,7668.8,-0.8000000000001819,1012.9796458623158,-810.3837166900369,,,,,,,,,,,,,,,,
174,2022-09-14,7668.8,7614.55,-54.25,1012.9796458623158,-54954.14578803063,,,,,,,,,,,,,,,,
175,2022-09-15,7614.55,7641.15,26.599999999999454,1012.9796458623158,26945.258579937046,,,,,,,,,,,,,,,,
176,2022-09-16,7641.15,7540.078075,-101.07192499999928,1012.9796458623158,-102383.80279312182,,,,,,,,,,,,,,,,
177,,,,,,,2022-09-01 13:15:00,LONG,2022-09-01 14:15:00,7403.9,7375.8,7571.125,2022-09-16 11:15:00,7543.85,139.95000000000073,132.47612500000074,141766.50143843182,TSL Hit,1012.9796458623158,13.41956181877126,2022.0,9.0
178,2022-09-21,7498.25,7485.055600000001,-13.194399999999405,1000.2333877904845,-13197.479411862172,,,,,,,,,,,,,,,,
179,,,,,,,2022-09-20 15:15:00,LONG,2022-09-21 09:15:00,7498.25,7488.8,7488.8,2022-09-21 09:15:00,7488.8,-9.449999999999818,-16.943524999999816,-9452.205514619896,Initial SL Hit,1000.2333877904845,-1.6947479411862583,2022.0,9.0
180,2022-09-22,7508.65245,7505.35,-3.302449999999226,999.3470932324216,-3300.293808044637,,,,,,,,,,,,,,,,
181,2022-09-23,7505.35,7472.561850000001,-32.788149999999405,999.3470932324216,-32766.742394968027,,,,,,,,,,,,,,,,
182,,,,,,,2022-09-22 14:15:00,LONG,2022-09-22 15:15:00,7504.9,7476.3,7476.3,2022-09-23 09:15:00,7476.3,-28.599999999999454,-36.090599999999455,-28581.32686644671,Initial SL Hit,999.3470932324216,-3.6067036203013485,2022.0,9.0
183,2022-09-27,7090.05,7049.37355,-40.67644999999993,1057.8204667103898,-43028.381323121765,,,,,,,,,,,,,,,,
184,,,,,,,2022-09-27 12:15:00,LONG,2022-09-27 13:15:00,7090.05,7052.9,7052.9,2022-09-27 14:15:00,7052.9,-37.150000000000546,-44.221475000000545,-39298.03033829156,Initial SL Hit,1057.8204667103898,-4.6778381323122415,2022.0,9.0
185,2022-09-28,7101.1988249999995,7031.2,-69.99882499999967,1056.687776940255,-73966.90277767958,,,,,,,,,,,,,,,,
186,2022-09-29,7031.2,7009.043725,-22.15627499999937,1056.687776940255,-23412.26497502628,,,,,,,,,,,,,,,,
187,,,,,,,2022-09-28 09:15:00,LONG,2022-09-28 10:15:00,7097.65,7012.55,7012.55,2022-09-29 12:15:00,7012.55,-85.09999999999945,-92.15509999999945,-89924.12981761512,Initial SL Hit,1056.687776940255,-9.73791677527063,2022.0,9.0
188,2022-09-30,7092.04425,7209.85,117.80575000000044,1058.051774000141,124644.58277491758,,,,,,,,,,,,,,,,
189,2022-10-03,7209.85,7094.75,-115.10000000000036,1058.051774000141,-121781.75918741661,,,,,,,,,,,,,,,,
190,2022-10-04,7094.75,7319.25,224.5,1058.051774000141,237532.62326303165,,,,,,,,,,,,,,,,
191,2022-10-06,7319.25,7431.75,112.5,1058.051774000141,119030.82457501587,,,,,,,,,,,,,,,,
192,2022-10-07,7431.75,7405.4,-26.350000000000364,1058.051774000141,-27879.6642449041,,,,,,,,,,,,,,,,
193,2022-10-10,7405.4,7341.9,-63.5,1058.051774000141,-67186.28764900895,,,,,,,,,,,,,,,,
194,2022-10-11,7341.9,7221.337525,-120.56247499999972,1058.051774000141,-127561.34055159736,,,,,,,,,,,,,,,,
195,,,,,,,2022-09-30 09:15:00,LONG,2022-09-30 10:15:00,7088.5,6996.3,7225.7955882352935,2022-10-11 14:15:00,7224.95,136.44999999999982,129.29327499999982,144371.16456231906,TSL Hit,1058.051774000141,13.67989789800379,2022.0,9.0
196,2022-10-14,7290.95,7267.164600000001,-23.785399999998845,1028.6725323860403,-24467.387651813733,,,,,,,,,,,,,,,,
197,,,,,,,2022-10-14 10:15:00,LONG,2022-10-14 11:15:00,7290.95,7270.8,7270.8,2022-10-14 11:15:00,7270.8,-20.149999999999636,-27.430874999999638,-20727.751527578337,Initial SL hit,1028.6725323860403,-2.821738765181455,2022.0,10.0
198,2022-10-18,7337.616974999999,7349.55,11.93302500000118,1022.6412778925409,12203.203935124844,,,,,,,,,,,,,,,,
199,2022-10-19,7349.55,7370.7,21.149999999999636,1022.6412778925409,21628.86302742687,,,,,,,,,,,,,,,,
200,2022-10-20,7370.7,7282.706825000001,-87.9931749999987,1022.6412778925409,-89985.45292782065,,,,,,,,,,,,,,,,
201,,,,,,,2022-10-18 09:15:00,LONG,2022-10-18 10:15:00,7333.95,7286.35,7296.003676470588,2022-10-20 09:15:00,7286.35,-47.599999999999454,-54.910149999999454,-48677.72482768439,Initial SL hit,1022.6412778925409,-5.615338596527055,2022.0,10.0
202,2022-10-27,7327.45,7297.099625000001,-30.350374999999076,1023.5484377239012,-31065.078915583603,,,,,,,,,,,,,,,,
203,,,,,,,2022-10-27 10:15:00,LONG,2022-10-27 11:15:00,7327.45,7300.75,7300.75,2022-10-27 14:15:00,7300.75,-26.699999999999818,-34.01409999999982,-27328.743287227975,Initial SL hit,1023.5484377239012,-3.4815078915584365,2022.0,10.0
204,2022-10-31,7379.437875,7416.7,37.2621250000002,1016.8457445005592,37889.8332372981,,,,,,,,,,,,,,,,
205,2022-11-01,7416.7,7489.9,73.19999999999982,1016.8457445005592,74433.10849744076,,,,,,,,,,,,,,,,
206,2022-11-02,7489.9,7483.9,-6.0,1016.8457445005592,-6101.0744670033555,,,,,,,,,,,,,,,,
207,2022-11-03,7483.9,7484.9,1.0,1016.8457445005592,1016.8457445005592,,,,,,,,,,,,,,,,
208,2022-11-04,7484.9,7451.05,-33.849999999999454,1016.8457445005592,-34420.22845134338,,,,,,,,,,,,,,,,
209,2022-11-07,7451.05,7514.2,63.149999999999636,1016.8457445005592,64213.80876520995,,,,,,,,,,,,,,,,
210,2022-11-09,7514.2,7417.35,-96.84999999999945,1016.8457445005592,-98481.51035487861,,,,,,,,,,,,,,,,
211,2022-11-09,7417.35,7413.6413250000005,-3.7086749999998574,1016.8457445005592,-3771.1503914854666,,,,,,,,,,,,,,,,
212,,,,,,,2022-10-31 09:15:00,LONG,2022-10-31 10:15:00,7375.75,7318.2,7418.613235294118,2022-11-09 15:15:00,7417.35,41.600000000000364,34.203450000000366,42300.782971223634,TSL Hit,1016.8457445005592,3.4779632579738027,2022.0,10.0
213,2022-11-22,7194.445425,7232.95,38.50457499999993,1042.9921358392958,40159.96891883428,,,,,,,,,,,,,,,,
214,2022-11-23,7232.95,7240.15,7.199999999999818,1042.9921358392958,7509.54337804274,,,,,,,,,,,,,,,,
215,2022-11-24,7240.15,7284.7,44.55000000000018,1042.9921358392958,46465.29965164082,,,,,,,,,,,,,,,,
216,2022-11-25,7284.7,7334.3,49.600000000000364,1042.9921358392958,51732.40993762945,,,,,,,,,,,,,,,,
217,2022-11-28,7334.3,7369.4,35.099999999999454,1042.9921358392958,36609.02396795871,,,,,,,,,,,,,,,,
218,2022-11-29,7369.4,7297.75,-71.64999999999964,1042.9921358392958,-74730.38653288517,,,,,,,,,,,,,,,,
219,2022-11-30,7297.75,7402.3,104.55000000000018,1042.9921358392958,109044.82780199856,,,,,,,,,,,,,,,,
220,2022-12-01,7402.3,7441.55,39.25,1042.9921358392958,40937.44133169236,,,,,,,,,,,,,,,,
221,2022-12-02,7441.55,7488.6,47.05000000000018,1042.9921358392958,49072.779991239055,,,,,,,,,,,,,,,,
222,2022-12-05,7488.6,7476.75,-11.850000000000364,1042.9921358392958,-12359.456809696034,,,,,,,,,,,,,,,,
223,2022-12-06,7476.75,7456.15,-20.600000000000364,1042.9921358392958,-21485.637998289872,,,,,,,,,,,,,,,,
224,2022-12-07,7456.15,7407.5,-48.649999999999636,1042.9921358392958,-50741.56740858136,,,,,,,,,,,,,,,,
225,2022-12-08,7407.5,7430.7,23.199999999999818,1042.9921358392958,24197.417551471473,,,,,,,,,,,,,,,,
226,2022-12-09,7430.7,7390.852725000001,-39.84727499999917,1042.9921358392958,-41560.39445962491,,,,,,,,,,,,,,,,
227,,,,,,,2022-11-22 11:15:00,LONG,2022-11-22 12:15:00,7190.85,7178.8,7416.830882352941,2022-12-09 12:15:00,7394.55,203.69999999999982,196.40729999999982,212457.49807046435,TSL Hit,1042.9921358392958,20.485126932142915,2022.0,11.0
228,2022-12-13,7409.452875,7416.75,7.297125000000051,1012.7265975762077,7389.992573338336,,,,,,,,,,,,,,,,
229,2022-12-14,7416.75,7487.75,71.0,1012.7265975762077,71903.58842791074,,,,,,,,,,,,,,,,
230,2022-12-15,7487.75,7418.139075000001,-69.61092499999904,1012.7265975762077,-70496.83522938161,,,,,,,,,,,,,,,,
231,,,,,,,2022-12-13 10:15:00,LONG,2022-12-13 11:15:00,7405.75,7394.3,7441.389705882353,2022-12-15 14:15:00,7421.85,16.100000000000364,8.686200000000364,16304.898220977313,TSL Hit,1012.7265975762077,0.8796745771866822,2022.0,12.0
232,2022-12-20,7351.25,7284.006175,-67.24382499999956,1020.2346539704132,-68604.48053052157,,,,,,,,,,,,,,,,
233,,,,,,,2022-12-19 15:15:00,LONG,2022-12-20 09:15:00,7351.25,7343.65,7343.65,2022-12-20 10:15:00,7287.65,-63.600000000000364,-70.91945000000037,-64886.92399251865,Gap Open Outside ISL,1020.2346539704132,-7.23544805305224,2022.0,12.0
234,2022-12-20,7282.839599999999,7325.6,42.76040000000103,1030.333003626772,44057.451368283284,,,,,,,,,,,,,,,,
235,2022-12-21,7325.6,7251.122625,-74.4773750000004,1030.333003626772,-76736.49748598787,,,,,,,,,,,,,,,,
236,,,,,,,2022-12-20 11:15:00,LONG,2022-12-20 12:15:00,7279.2,7254.75,7254.75,2022-12-21 13:15:00,7254.75,-24.449999999999818,-31.71697499999982,-25191.64193867439,Initial SL Hit,1030.333003626772,-3.267904611770506,2022.0,12.0
237,2022-12-26,7082.5,7050.522975000001,-31.97702499999923,1058.9481115425344,-33862.0102364976,,,,,,,,,,,,,,,,
238,,,,,,,2022-12-26 11:15:00,LONG,2022-12-26 12:15:00,7082.5,7054.05,7054.05,2022-12-26 12:15:00,7054.05,-28.449999999999818,-35.51827499999982,-30127.073773384913,Initial SL Hit,1058.9481115425344,-3.7612010236498223,2022.0,12.0
239,2022-12-26,7095.195824999999,7087.45,-7.7458249999990585,1057.581803952536,-8191.8435765996555,,,,,,,,,,,,,,,,
240,2022-12-27,7087.45,7159.8,72.35000000000036,1057.581803952536,76516.04351596636,,,,,,,,,,,,,,,,
241,2022-12-28,7159.8,7169.35,9.550000000000182,1057.581803952536,10099.90622774691,,,,,,,,,,,,,,,,
242,2022-12-29,7169.35,7159.8,-9.550000000000182,1057.581803952536,-10099.90622774691,,,,,,,,,,,,,,,,
243,2022-12-30,7159.8,7187.05,27.25,1057.581803952536,28819.104157706603,,,,,,,,,,,,,,,,
244,2023-01-02,7187.05,7211.15,24.099999999999454,1057.581803952536,25487.721475255537,,,,,,,,,,,,,,,,
245,2023-01-03,7211.15,7207.75,-3.399999999999636,1057.581803952536,-3595.778133438237,,,,,,,,,,,,,,,,
246,2023-01-04,7207.75,7133.231600000001,-74.51839999999902,1057.581803952536,-78809.30389965561,,,,,,,,,,,,,,,,
247,,,,,,,2022-12-26 13:15:00,LONG,2022-12-26 14:15:00,7091.65,7067.4,7139.381617647059,2023-01-04 10:15:00,7136.8,45.150000000000546,38.03577500000055,47749.818448457576,TSL Hit,1057.581803952536,4.022594353923335,2022.0,12.0
248,2023-01-05,7129.913175,7161.7,31.786825000000135,1052.4321707465954,33453.477235892286,,,,,,,,,,,,,,,,
249,2023-01-06,7161.7,7136.230100000001,-25.469899999999143,1052.4321707465954,-26805.342145697807,,,,,,,,,,,,,,,,
250,,,,,,,2023-01-05 13:15:00,LONG,2023-01-05 14:15:00,7126.35,7094.15,7141.511029411765,2023-01-06 10:15:00,7139.8,13.449999999999818,6.316924999999817,14155.212696541515,TSL Hit,1052.4321707465954,0.6648135090193245,2023.0,1.0
251,2023-01-09,7162.929675,7159.7,-3.2296750000004977,1047.581135158918,-3383.3466026948995,,,,,,,,,,,,,,,,
252,2023-01-10,7159.7,7130.283075000001,-29.416924999998628,1047.581135158918,-30816.615684383316,,,,,,,,,,,,,,,,
253,,,,,,,2023-01-09 13:15:00,LONG,2023-01-09 14:15:00,7159.35,7133.85,7133.85,2023-01-10 09:15:00,7133.85,-25.5,-32.6466,-26713.31894655241,Initial SL Hit,1047.581135158918,-3.4199962287079124,2023.0,1.0
254,2023-01-18,7034.7155999999995,7038.5,3.78440000000046,1066.6742519057914,4036.7220389127674,,,,,,,,,,,,,,,,
255,2023-01-19,7038.5,7038.6,0.1000000000003638,1066.6742519057914,106.6674251909672,,,,,,,,,,,,,,,,
256,2023-01-20,7038.6,6986.604950000001,-51.99504999999954,1066.6742519057914,-55461.781061553724,,,,,,,,,,,,,,,,
257,,,,,,,2023-01-18 09:15:00,LONG,2023-01-18 10:15:00,7031.2,6990.1,6990.1,2023-01-20 13:15:00,6990.1,-41.099999999999454,-48.11064999999945,-43840.31175332744,Initial SL Hit,1066.6742519057914,-5.131839159745077,2023.0,1.0
258,2023-01-23,7049.95,7032.831825000001,-17.1181749999987,1063.837332179661,-18210.953623783185,,,,,,,,,,,,,,,,
259,,,,,,,2023-01-23 12:15:00,LONG,2023-01-23 13:15:00,7049.95,7036.35,7036.35,2023-01-23 14:15:00,7036.35,-13.599999999999454,-20.643149999999455,-14468.187717642808,Initial SL Hit,1063.837332179661,-2.196095362378399,2023.0,1.0
260,2023-01-24,7062.4,7035.5304750000005,-26.869524999999157,1061.9619392840962,-28534.41287664161,,,,,,,,,,,,,,,,
261,,,,,,,2023-01-23 15:15:00,LONG,2023-01-24 09:15:00,7062.4,7039.05,7039.05,2023-01-24 11:15:00,7039.05,-23.349999999999454,-30.400724999999454,-24796.811282283066,Initial SL Hit,1061.9619392840962,-3.2284412876641926,2023.0,1.0
262,2023-01-30,6809.252925,6829.8,20.547075000000405,1101.993138256059,22642.73566123306,,,,,,,,,,,,,,,,
263,2023-01-31,6829.8,6944.05,114.25,1101.993138256059,125902.71604575473,,,,,,,,,,,,,,,,
264,2023-02-01,6944.05,6959.9183,15.86830000000009,1101.993138256059,17486.75771578872,,,,,,,,,,,,,,,,
265,,,,,,,2023-01-30 13:15:00,LONG,2023-01-30 14:15:00,6805.85,6760.55,6963.7,2023-02-01 13:15:00,6963.4,157.54999999999927,150.66537499999927,173619.01893224128,TSL Hit,1101.993138256059,16.603220942277517,2023.0,1.0
266,2023-02-02,6949.7,6919.7384,-29.961599999999635,1079.1832740981624,-32334.05758521911,,,,,,,,,,,,,,,,
267,,,,,,,2023-02-01 15:15:00,LONG,2023-02-02 09:15:00,6949.7,6923.2,6923.2,2023-02-02 09:15:00,6923.2,-26.5,-33.43645,-28598.356763601303,Initial SL Hit,1079.1832740981624,-3.60840575852195,2023.0,2.0
268,2023-02-03,6958.877699999999,6946.35,-12.527699999998731,1078.2988756937057,-13508.604825026669,,,,,,,,,,,,,,,,
269,2023-02-06,6946.35,6987.25,40.899999999999636,1078.2988756937057,44102.424015872166,,,,,,,,,,,,,,,,
270,2023-02-07,6987.25,6980.3,-6.949999999999818,1078.2988756937057,-7494.177186071058,,,,,,,,,,,,,,,,
271,2023-02-08,6980.3,7034.55,54.25,1078.2988756937057,58497.71400638353,,,,,,,,,,,,,,,,
272,2023-02-09,7034.55,7064.45,29.899999999999636,1078.2988756937057,32241.136383241406,,,,,,,,,,,,,,,,
273,2023-02-10,7064.45,7085.7,21.25,1078.2988756937057,22913.851108491246,,,,,,,,,,,,,,,,
274,2023-02-13,7085.7,6976.7099,-108.99009999999998,1078.2988756937057,-117523.90229174454,,,,,,,,,,,,,,,,
275,,,,,,,2023-02-03 14:15:00,LONG,2023-02-03 15:15:00,6955.4,6922.2,6986.256617647059,2023-02-13 14:15:00,6980.2,24.800000000000182,17.83220000000018,26741.812117204096,TSL Hit,1078.2988756937057,1.9228441211145495,2023.0,2.0
276,2023-02-15,6996.546525,7008.15,11.60347499999989,1072.4934041655642,12444.650402899902,,,,,,,,,,,,,,,,
277,2023-02-16,7008.15,7054.45,46.30000000000018,1072.4934041655642,49656.44461286582,,,,,,,,,,,,,,,,
278,2023-02-17,7054.45,6985.9053,-68.54469999999947,1072.4934041655642,-73513.73864050678,,,,,,,,,,,,,,,,
279,,,,,,,2023-02-15 09:15:00,LONG,2023-02-15 10:15:00,6993.05,6945.55,7010.359558823529,2023-02-17 12:15:00,6989.4,-3.6500000000005457,-10.641225000000546,-3914.600925204895,TSL Hit,1072.4934041655642,-1.1412643624742291,2023.0,2.0
280,2023-02-20,7023.0,7005.2956,-17.704399999999623,1067.9196924391285,-18906.877402818904,,,,,,,,,,,,,,,,
281,,,,,,,2023-02-20 11:15:00,LONG,2023-02-20 12:15:00,7023.0,7008.8,7015.262500000001,2023-02-20 14:15:00,7008.8,-14.199999999999818,-21.215899999999817,-15164.459632635431,Initial SL hit,1067.9196924391285,-2.265687740281911,2023.0,2.0
282,2023-02-28,6811.2,6793.951325000001,-17.24867499999891,1101.1275546159268,-18992.99132311367,,,,,,,,,,,,,,,,
283,,,,,,,2023-02-28 11:15:00,LONG,2023-02-28 12:15:00,6811.2,6797.35,6797.35,2023-02-28 13:15:00,6797.35,-13.849999999999454,-20.654274999999455,-15250.616631429984,Initial SL Hit,1101.1275546159268,-2.274299132311427,2023.0,2.0
284,2023-03-01,6856.276425,6873.15,16.87357499999962,1094.435162012885,18467.03378886115,,,,,,,,,,,,,,,,
285,2023-03-02,6873.15,6859.7,-13.449999999999818,1094.435162012885,-14720.152929073105,,,,,,,,,,,,,,,,
286,2023-03-03,6859.7,6915.4,55.69999999999982,1094.435162012885,60960.038524117495,,,,,,,,,,,,,,,,
287,2023-03-06,6915.4,6952.3,36.900000000000546,1094.435162012885,40384.65747827606,,,,,,,,,,,,,,,,
288,2023-03-08,6952.3,6997.0,44.69999999999982,1094.435162012885,48921.251741975764,,,,,,,,,,,,,,,,
289,2023-03-09,6997.0,6935.6,-61.399999999999636,1094.435162012885,-67198.31894759074,,,,,,,,,,,,,,,,
290,2023-03-10,6935.6,6836.180200000001,-99.41979999999967,1094.435162012885,-108808.52492028827,,,,,,,,,,,,,,,,
291,,,,,,,2023-03-01 10:15:00,LONG,2023-03-01 11:15:00,6852.85,6839.6,6878.063970588235,2023-03-10 09:15:00,6839.6,-13.25,-20.096225,-14501.265896670726,Initial SL hit,1094.435162012885,-2.199401526372239,2023.0,3.0
292,2023-03-16,6720.45,6704.4461,-16.003899999999703,1115.996696649778,-17860.29953351305,,,,,,,,,,,,,,,,
293,,,,,,,2023-03-15 15:15:00,LONG,2023-03-16 09:15:00,6720.45,6707.8,6707.8,2023-03-16 09:15:00,6707.8,-12.649999999999636,-19.364124999999635,-14117.358212619285,Initial SL Hit,1115.996696649778,-2.161029953351297,2023.0,3.0
294,2023-03-16,6761.6291249999995,6795.6,33.97087500000089,1109.7547442015314,37699.33969592818,,,,,,,,,,,,,,,,
295,2023-03-17,6795.6,6817.4,21.799999999999272,1109.7547442015314,24192.653423592576,,,,,,,,,,,,,,,,
296,2023-03-20,6817.4,6686.7549500000005,-130.64504999999917,1109.7547442015314,-144983.96404394537,,,,,,,,,,,,,,,,
297,,,,,,,2023-03-16 10:15:00,LONG,2023-03-16 11:15:00,6758.25,6690.1,6690.1,2023-03-20 12:15:00,6690.1,-68.14999999999964,-74.87417499999964,-75629.78581733396,Initial SL Hit,1109.7547442015314,-8.30919709244253,2023.0,3.0
298,2023-03-21,6773.835225,6786.05,12.214775000000373,1107.7550236690324,13530.978369237318,,,,,,,,,,,,,,,,
299,2023-03-22,6786.05,6796.0,9.949999999999818,1107.7550236690324,11022.162485506671,,,,,,,,,,,,,,,,
300,2023-03-22,6796.0,6792.602000000001,-3.3979999999992287,1107.7550236690324,-3764.151570426518,,,,,,,,,,,,,,,,
301,,,,,,,2023-03-21 11:15:00,LONG,2023-03-21 12:15:00,6770.45,6748.6,6798.033823529411,2023-03-22 15:15:00,6796.0,25.550000000000182,18.76677500000018,28303.14085474398,TSL Hit,1107.7550236690324,2.0788989284316606,2023.0,3.0
302,2023-03-29,6669.7332,6731.8,62.06680000000051,1125.045001800072,69827.94311772528,,,,,,,,,,,,,,,,
303,2023-03-31,6731.8,6811.45,79.64999999999964,1125.045001800072,89609.83439337532,,,,,,,,,,,,,,,,
304,2023-04-03,6811.45,6823.55,12.100000000000364,1125.045001800072,13613.044521781281,,,,,,,,,,,,,,,,
305,2023-04-05,6823.55,6788.65,-34.900000000000546,1125.045001800072,-39264.07056282313,,,,,,,,,,,,,,,,
306,2023-04-06,6788.65,6834.45,45.80000000000018,1125.045001800072,51527.0610824435,,,,,,,,,,,,,,,,
307,2023-04-10,6834.45,6861.85,27.400000000000546,1125.045001800072,30826.233049322585,,,,,,,,,,,,,,,,
308,2023-04-11,6861.85,6882.4,20.549999999999272,1125.045001800072,23119.67478699066,,,,,,,,,,,,,,,,
309,2023-04-12,6882.4,6938.9,56.5,1125.045001800072,63565.042601704066,,,,,,,,,,,,,,,,
310,2023-04-13,6938.9,6994.75,55.850000000000364,1125.045001800072,62833.76335053443,,,,,,,,,,,,,,,,
311,2023-04-17,6994.75,7013.8,19.050000000000182,1125.045001800072,21432.107284291575,,,,,,,,,,,,,,,,
312,2023-04-18,7013.8,7077.75,63.94999999999982,1125.045001800072,71946.6278651144,,,,,,,,,,,,,,,,
313,2023-04-19,7077.75,7078.85,1.1000000000003638,1125.045001800072,1237.5495019804885,,,,,,,,,,,,,,,,
314,2023-04-20,7078.85,7097.2,18.349999999999454,1125.045001800072,20644.57578303071,,,,,,,,,,,,,,,,
315,2023-04-21,7097.2,7066.45,-30.75,1125.045001800072,-34595.13380535221,,,,,,,,,,,,,,,,
316,2023-04-24,7066.45,7116.9,50.44999999999982,1125.045001800072,56758.520340813426,,,,,,,,,,,,,,,,
317,2023-04-25,7116.9,7147.65,30.75,1125.045001800072,34595.13380535221,,,,,,,,,,,,,,,,
318,2023-04-26,7147.65,7162.0,14.350000000000364,1125.045001800072,16144.395775831443,,,,,,,,,,,,,,,,
319,2023-04-27,7162.0,7178.8,16.800000000000182,1125.045001800072,18900.756030241413,,,,,,,,,,,,,,,,
320,2023-04-28,7178.8,7227.6,48.80000000000018,1125.045001800072,54902.19608784372,,,,,,,,,,,,,,,,
321,2023-05-02,7227.6,7324.6,97.0,1125.045001800072,109129.36517460698,,,,,,,,,,,,,,,,
322,2023-05-03,7324.6,7340.6,16.0,1125.045001800072,18000.72002880115,,,,,,,,,,,,,,,,
323,2023-05-04,7340.6,7380.8,40.19999999999982,1125.045001800072,45226.80907236269,,,,,,,,,,,,,,,,
324,2023-05-05,7380.8,7322.5,-58.30000000000018,1125.045001800072,-65590.1236049444,,,,,,,,,,,,,,,,
325,2023-05-08,7322.5,7435.65,113.14999999999964,1125.045001800072,127298.84195367774,,,,,,,,,,,,,,,,
326,2023-05-09,7435.65,7438.7,3.050000000000182,1125.045001800072,3431.387255490424,,,,,,,,,,,,,,,,
327,2023-05-10,7438.7,7449.2,10.5,1125.045001800072,11812.972518900755,,,,,,,,,,,,,,,,
328,2023-05-11,7449.2,7459.7,10.5,1125.045001800072,11812.972518900755,,,,,,,,,,,,,,,,
329,2023-05-12,7459.7,7427.75,-31.949999999999818,1125.045001800072,-35945.1878075121,,,,,,,,,,,,,,,,
330,2023-05-15,7427.75,7487.55,59.80000000000018,1125.045001800072,67277.69110764451,,,,,,,,,,,,,,,,
331,2023-05-16,7487.55,7525.15,37.599999999999454,1125.045001800072,42301.692067682096,,,,,,,,,,,,,,,,
332,2023-05-17,7525.15,7539.45,14.300000000000182,1125.045001800072,16088.143525741234,,,,,,,,,,,,,,,,
333,2023-05-18,7539.45,7475.95,-63.5,1125.045001800072,-71440.35761430456,,,,,,,,,,,,,,,,
334,2023-05-19,7475.95,7420.2880000000005,-55.66199999999935,1125.045001800072,-62622.254890194876,,,,,,,,,,,,,,,,
335,,,,,,,2023-03-29 09:15:00,LONG,2023-03-29 10:15:00,6666.4,6613.45,7467.961029411765,2023-05-19 09:15:00,7424.0,757.6000000000004,750.5548000000003,852334.0933637349,TSL Hit,1125.045001800072,84.4407926317053,2023.0,3.0
336,2023-05-22,7505.3508,7539.4,34.04919999999947,999.7867121680707,34041.93771995255,,,,,,,,,,,,,,,,
337,2023-05-23,7539.4,7602.5,63.100000000000364,999.7867121680707,63086.54153780563,,,,,,,,,,,,,,,,
338,2023-05-24,7602.5,7593.85,-8.649999999999636,999.7867121680707,-8648.155060253448,,,,,,,,,,,,,,,,
339,2023-05-25,7593.85,7661.7,67.84999999999945,999.7867121680707,67835.52842060305,,,,,,,,,,,,,,,,
340,2023-05-26,7661.7,7731.45,69.75,999.7867121680707,69735.12317372294,,,,,,,,,,,,,,,,
341,2023-05-29,7731.45,7762.6,31.150000000000546,999.7867121680707,31143.35608403595,,,,,,,,,,,,,,,,
342,2023-05-30,7762.6,7777.05,14.449999999999818,999.7867121680707,14446.91799082844,,,,,,,,,,,,,,,,
343,2023-05-31,7777.05,7804.4,27.349999999999454,999.7867121680707,27344.16657779619,,,,,,,,,,,,,,,,
344,2023-06-01,7804.4,7821.7,17.300000000000182,999.7867121680707,17296.310120507806,,,,,,,,,,,,,,,,
345,2023-06-02,7821.7,7874.85,53.150000000000546,999.7867121680707,53138.663751733504,,,,,,,,,,,,,,,,
346,2023-06-05,7874.85,7854.0,-20.850000000000364,999.7867121680707,-20845.552948704637,,,,,,,,,,,,,,,,
347,2023-06-06,7854.0,7867.45,13.449999999999818,999.7867121680707,13447.131278660368,,,,,,,,,,,,,,,,
348,2023-06-07,7867.45,7920.1,52.650000000000546,999.7867121680707,52638.770395649466,,,,,,,,,,,,,,,,
349,2023-06-08,7920.1,7854.7,-65.40000000000055,999.7867121680707,-65386.05097579237,,,,,,,,,,,,,,,,
350,2023-06-09,7854.7,7829.433325000001,-25.26667499999894,999.7867121680707,-25261.28592566813,,,,,,,,,,,,,,,,
351,,,,,,,2023-05-22 09:15:00,LONG,2023-05-22 10:15:00,7501.6,7449.65,7839.125735294118,2023-06-09 14:15:00,7833.35,331.75,324.082525,331679.24176175747,TSL Hit,999.7867121680707,32.40134021408766,2023.0,5.0
352,2023-06-12,7867.43175,7898.25,30.818250000000262,953.7737648629745,29393.638328988614,,,,,,,,,,,,,,,,
353,2023-06-13,7898.25,7995.9,97.64999999999964,953.7737648629745,93136.00813886912,,,,,,,,,,,,,,,,
354,2023-06-14,7995.9,8000.15,4.25,953.7737648629745,4053.5385006676415,,,,,,,,,,,,,,,,
355,2023-06-15,8000.15,7995.85,-4.299999999999272,953.7737648629745,-4101.227188910097,,,,,,,,,,,,,,,,
356,2023-06-16,7995.85,8070.55,74.69999999999982,953.7737648629745,71246.90023526402,,,,,,,,,,,,,,,,
357,2023-06-19,8070.55,8087.8,17.25,953.7737648629745,16452.597443886312,,,,,,,,,,,,,,,,
358,2023-06-20,8087.8,8146.35,58.55000000000018,953.7737648629745,55843.45393272733,,,,,,,,,,,,,,,,
359,2023-06-21,8146.35,8183.4,37.04999999999927,953.7737648629745,35337.317988172515,,,,,,,,,,,,,,,,
360,2023-06-22,8183.4,8083.1,-100.29999999999927,953.7737648629745,-95663.50861575565,,,,,,,,,,,,,,,,
361,2023-06-23,8083.1,7992.70165,-90.39835000000039,953.7737648629745,-86219.57461690124,,,,,,,,,,,,,,,,
362,,,,,,,2023-06-12 10:15:00,LONG,2023-06-12 11:15:00,7863.5,7844.25,8036.080147058825,2023-06-23 09:15:00,7996.7,133.19999999999982,125.26989999999982,127042.66547974803,TSL Hit,953.7737648629745,11.947914414700817,2023.0,6.0
363,2023-06-26,8020.6,8004.045975000001,-16.554024999999456,935.0921377453058,-15479.538625538726,,,,,,,,,,,,,,,,
364,,,,,,,2023-06-26 11:15:00,LONG,2023-06-26 12:15:00,8020.6,8008.05,8008.05,2023-06-26 12:15:00,8008.05,-12.550000000000182,-20.56432500000018,-11735.406328703757,Initial SL Hit,935.0921377453058,-1.9229538625539406,2023.0,6.0
365,2023-06-26,8040.868425,8076.25,35.38157500000034,933.2014408630247,33018.13677000349,,,,,,,,,,,,,,,,
366,2023-06-27,8076.25,8095.2,18.949999999999818,933.2014408630247,17684.16730435415,,,,,,,,,,,,,,,,
367,2023-06-28,8095.2,8167.6,72.40000000000055,933.2014408630247,67563.7843184835,,,,,,,,,,,,,,,,
368,2023-06-30,8167.6,8228.3,60.69999999999891,933.2014408630247,56645.32746038458,,,,,,,,,,,,,,,,
369,2023-07-03,8228.3,8236.25,7.950000000000728,933.2014408630247,7418.951454861725,,,,,,,,,,,,,,,,
370,2023-07-04,8236.25,8218.2,-18.049999999999272,933.2014408630247,-16844.286007576917,,,,,,,,,,,,,,,,
371,2023-07-05,8218.2,8278.4,60.19999999999891,933.2014408630247,56178.72673995307,,,,,,,,,,,,,,,,
372,2023-07-06,8278.4,8342.2,63.80000000000109,933.2014408630247,59538.251927061996,,,,,,,,,,,,,,,,
373,2023-07-07,8342.2,8244.3,-97.90000000000146,933.2014408630247,-91360.42106049147,,,,,,,,,,,,,,,,
374,2023-07-10,8244.3,8171.512200000001,-72.78779999999824,933.2014408630247,-67925.67983724803,,,,,,,,,,,,,,,,
375,,,,,,,2023-06-26 13:15:00,LONG,2023-06-26 14:15:00,8036.85,8014.95,8190.94705882353,2023-07-10 11:15:00,8175.6,138.75,130.643775,129481.69991974467,TSL Hit,933.2014408630247,12.191695906978481,2023.0,6.0
376,2023-07-11,8281.588725,8276.15,-5.438724999999977,906.0761466393635,-4927.898990631151,,,,,,,,,,,,,,,,
377,2023-07-12,8276.15,8305.75,29.600000000000364,906.0761466393635,26819.85394052549,,,,,,,,,,,,,,,,
378,2023-07-13,8305.75,8218.938474999999,-86.81152500000098,906.0761466393635,-78657.85205588766,,,,,,,,,,,,,,,,
379,,,,,,,2023-07-11 09:15:00,LONG,2023-07-11 10:15:00,8277.45,8223.05,8258.16911764706,2023-07-13 13:15:00,8223.05,-54.400000000001455,-62.650250000001456,-49290.5423771827,Initial SL hit,906.0761466393635,-5.67658971059941,2023.0,7.0
380,2023-07-14,8355.3756,8346.95,-8.425599999998667,898.0745282115145,-7566.816744897739,,,,,,,,,,,,,,,,
381,2023-07-17,8346.95,8351.75,4.799999999999272,898.0745282115145,4310.757735414616,,,,,,,,,,,,,,,,
382,2023-07-18,8351.75,8359.0,7.25,898.0745282115145,6511.04032953348,,,,,,,,,,,,,,,,
383,2023-07-19,8359.0,8440.75,81.75,898.0745282115145,73417.59268129131,,,,,,,,,,,,,,,,
384,2023-07-20,8440.75,8442.2,1.4500000000007276,898.0745282115145,1302.2080659073495,,,,,,,,,,,,,,,,
385,2023-07-21,8442.2,8447.3,5.099999999998545,898.0745282115145,4580.180093877417,,,,,,,,,,,,,,,,
386,2023-07-24,8447.3,8386.1,-61.19999999999891,898.0745282115145,-54962.1611265437,,,,,,,,,,,,,,,,
387,2023-07-25,8386.1,8428.05,41.94999999999891,898.0745282115145,37674.226458472054,,,,,,,,,,,,,,,,
388,2023-07-26,8428.05,8452.8,24.75,898.0745282115145,22227.344573234983,,,,,,,,,,,,,,,,
389,2023-07-27,8452.8,8477.25,24.450000000000728,898.0745282115145,21957.92221477218,,,,,,,,,,,,,,,,
390,2023-07-28,8477.25,8480.55,3.2999999999992724,898.0745282115145,2963.645943097344,,,,,,,,,,,,,,,,
391,2023-07-31,8480.55,8609.4,128.85000000000036,898.0745282115145,115716.90296005397,,,,,,,,,,,,,,,,
392,2023-08-01,8609.4,8590.6,-18.799999999999272,898.0745282115145,-16883.801130375818,,,,,,,,,,,,,,,,
393,2023-08-02,8590.6,8473.611075,-116.98892499999965,898.0745282115145,-105064.77362534693,,,,,,,,,,,,,,,,
394,,,,,,,2023-07-14 14:15:00,LONG,2023-07-14 15:15:00,8351.2,8305.05,8478.76838235294,2023-08-02 12:15:00,8477.85,126.64999999999964,118.23547499999964,113741.13899798798,TSL Hit,898.0745282115145,10.618426842848898,2023.0,7.0
395,2023-08-03,8509.55265,8507.95,-1.6026499999989028,881.8031110013757,-1413.2217558453872,,,,,,,,,,,,,,,,
396,2023-08-04,8507.95,8565.3,57.349999999998545,881.8031110013757,50571.40841592761,,,,,,,,,,,,,,,,
397,2023-08-07,8565.3,8562.8,-2.5,881.8031110013757,-2204.5077775034392,,,,,,,,,,,,,,,,
398,2023-08-08,8562.8,8571.0,8.200000000000728,881.8031110013757,7230.785510211922,,,,,,,,,,,,,,,,
399,2023-08-09,8571.0,8520.83745,-50.1625499999991,881.8031110013757,-44233.49264576127,,,,,,,,,,,,,,,,
400,,,,,,,2023-08-03 14:15:00,LONG,2023-08-03 15:15:00,8505.3,8446.85,8525.301470588236,2023-08-09 09:15:00,8525.1,19.80000000000109,11.284800000001091,17459.7015978282,TSL Hit,881.8031110013757,0.9950971747029287,2023.0,8.0
401,2023-08-09,8571.833775,8623.05,51.21622500000012,875.3961167428262,44834.48447922696,,,,,,,,,,,,,,,,
402,2023-08-10,8623.05,8603.0,-20.049999999999272,875.3961167428262,-17551.692140693027,,,,,,,,,,,,,,,,
403,2023-08-11,8603.0,8565.35,-37.649999999999636,875.3961167428262,-32958.66379536709,,,,,,,,,,,,,,,,
404,2023-08-14,8565.35,8535.929900000001,-29.420099999999366,875.3961167428262,-25754.241294185063,,,,,,,,,,,,,,,,
405,,,,,,,2023-08-09 12:15:00,LONG,2023-08-09 13:15:00,8567.55,8540.2,8559.913970588235,2023-08-14 09:15:00,8540.2,-27.349999999998545,-35.90387499999854,-23942.083792915022,Initial SL hit,875.3961167428262,-3.1430112751018564,2023.0,8.0
406,2023-08-16,8590.99335,8581.15,-9.84335000000101,873.4438142709073,-8597.613169204418,,,,,,,,,,,,,,,,
407,2023-08-17,8581.15,8602.9,21.75,873.4438142709073,18997.402960392235,,,,,,,,,,,,,,,,
408,2023-08-18,8602.9,8554.070825,-48.82917499999894,873.4438142709073,-42649.540859700704,,,,,,,,,,,,,,,,
409,,,,,,,2023-08-16 11:15:00,LONG,2023-08-16 12:15:00,8586.7,8558.35,8571.70661764706,2023-08-18 10:15:00,8558.35,-28.350000000000364,-36.92252500000036,-24762.13213458054,Initial SL hit,873.4438142709073,-3.2249751068513253,2023.0,8.0
410,2023-08-21,8621.608649999998,8633.1,11.491350000002058,870.342218560338,10001.40705325513,,,,,,,,,,,,,,,,
411,2023-08-22,8633.1,8713.9,80.79999999999927,870.342218560338,70323.65125967468,,,,,,,,,,,,,,,,
412,2023-08-23,8713.9,8784.5,70.60000000000036,870.342218560338,61446.16063036018,,,,,,,,,,,,,,,,
413,2023-08-24,8784.5,8804.75,20.25,870.342218560338,17624.429925846845,,,,,,,,,,,,,,,,
414,2023-08-25,8804.75,8712.05,-92.70000000000073,870.342218560338,-80680.72366054397,,,,,,,,,,,,,,,,
415,2023-08-28,8712.05,8748.15,36.100000000000364,870.342218560338,31419.35409002852,,,,,,,,,,,,,,,,
416,2023-08-29,8748.15,8796.2,48.05000000000109,870.342218560338,41819.94360182519,,,,,,,,,,,,,,,,
417,2023-08-30,8796.2,8880.0,83.79999999999927,870.342218560338,72934.67791535569,,,,,,,,,,,,,,,,
418,2023-08-31,8880.0,8895.95,15.950000000000728,870.342218560338,13881.958386038024,,,,,,,,,,,,,,,,
419,2023-09-01,8895.95,8919.05,23.099999999998545,870.342218560338,20104.90524874254,,,,,,,,,,,,,,,,
420,2023-09-04,8919.05,8961.0,41.95000000000073,870.342218560338,36510.85606860681,,,,,,,,,,,,,,,,
421,2023-09-05,8961.0,9053.0,92.0,870.342218560338,80071.48410755109,,,,,,,,,,,,,,,,
422,2023-09-06,9053.0,9068.3,15.299999999999272,870.342218560338,13316.235943972539,,,,,,,,,,,,,,,,
423,2023-09-07,9068.3,9066.65,-1.6499999999996362,870.342218560338,-1436.064660624241,,,,,,,,,,,,,,,,
424,2023-09-08,9066.65,9137.15,70.5,870.342218560338,61359.12640850383,,,,,,,,,,,,,,,,
425,2023-09-11,9137.15,9201.45,64.30000000000109,870.342218560338,55963.00465343068,,,,,,,,,,,,,,,,
426,2023-09-12,9201.45,8988.00375,-213.44625000000087,870.342218560338,-185771.2827683853,,,,,,,,,,,,,,,,
427,,,,,,,2023-08-21 10:15:00,LONG,2023-08-21 11:15:00,8617.3,8593.85,9007.71544117647,2023-09-12 11:15:00,8992.5,375.2000000000007,366.39510000000075,326552.4004038394,TSL Hit,870.342218560338,31.888912420363752,2023.0,8.0
428,2023-09-13,9004.149824999999,9019.65,15.500175000001036,833.3657420010778,12917.31484002242,,,,,,,,,,,,,,,,
429,2023-09-14,9019.65,9129.75,110.10000000000036,833.3657420010778,91753.56819431897,,,,,,,,,,,,,,,,
430,2023-09-15,9129.75,9173.45,43.70000000000073,833.3657420010778,36418.08292544771,,,,,,,,,,,,,,,,
431,2023-09-18,9173.45,9145.95,-27.5,833.3657420010778,-22917.55790502964,,,,,,,,,,,,,,,,
432,2023-09-20,9145.95,9156.3,10.349999999998545,833.3657420010778,8625.335429709943,,,,,,,,,,,,,,,,
433,2023-09-21,9156.3,9080.207625000001,-76.09237499999836,833.3657420010778,-63412.77855249789,,,,,,,,,,,,,,,,
434,,,,,,,2023-09-13 13:15:00,LONG,2023-09-13 14:15:00,8999.65,8952.8,9104.183088235293,2023-09-21 12:15:00,9084.75,85.10000000000036,76.05780000000036,70919.42464429203,TSL Hit,833.3657420010778,6.338396493196988,2023.0,9.0
435,2023-09-25,9056.676075,9173.3,116.62392499999987,828.5324480924421,96626.70608639925,,,,,,,,,,,,,,,,
436,2023-09-26,9173.3,9151.05,-22.25,828.5324480924421,-18434.84697005684,,,,,,,,,,,,,,,,
437,2023-09-27,9151.05,9193.95,42.900000000001455,828.5324480924421,35544.04202316697,,,,,,,,,,,,,,,,
438,2023-09-28,9193.95,9123.93575,-70.01425000000017,828.5324480924421,-58009.07795385641,,,,,,,,,,,,,,,,
439,,,,,,,2023-09-25 11:15:00,LONG,2023-09-25 12:15:00,9052.15,8991.05,9130.005147058822,2023-09-28 11:15:00,9128.5,76.35000000000036,67.25967500000036,63258.452411858256,TSL Hit,828.5324480924421,5.572682318565232,2023.0,9.0
440,2023-10-03,9114.05,9097.399025,-16.650974999998652,822.9052945726653,-13702.175487295977,,,,,,,,,,,,,,,,
441,,,,,,,2023-09-29 15:15:00,LONG,2023-10-03 09:15:00,9114.05,9101.95,9101.95,2023-10-03 09:15:00,9101.95,-12.099999999998545,-21.207999999998545,-9957.154064328053,Initial SL Hit,822.9052945726653,-1.745217548729589,2023.0,10.0
442,2023-10-03,9114.65,9094.150650000001,-20.49934999999823,822.8511242889196,-16867.913194690605,,,,,,,,,,,,,,,,
443,,,,,,,2023-10-03 12:15:00,LONG,2023-10-03 13:15:00,9114.65,9098.7,9098.7,2023-10-03 13:15:00,9098.7,-15.949999999998909,-25.056674999998908,-13124.47543240737,Initial SL Hit,822.8511242889196,-2.0617913194691164,2023.0,10.0
444,2023-10-06,9113.204324999999,9126.9,13.695675000000847,823.3931482711489,11276.924955949165,,,,,,,,,,,,,,,,
445,2023-10-09,9126.9,9054.420525000001,-72.47947499999827,823.3931482711489,-59679.10310528861,,,,,,,,,,,,,,,,
446,,,,,,,2023-10-06 11:15:00,LONG,2023-10-06 12:15:00,9108.65,9085.2,9096.558088235293,2023-10-09 09:15:00,9058.95,-49.69999999999891,-58.783799999998905,-40922.6394690752,Gap Open Outside ISL,823.3931482711489,-4.840217814934066,2023.0,10.0
447,2023-10-10,9118.106774999998,9129.2,11.093225000002349,822.9504419243874,9129.174416118596,,,,,,,,,,,,,,,,
448,2023-10-11,9129.2,9143.55,14.349999999998545,822.9504419243874,11809.338841613762,,,,,,,,,,,,,,,,
449,2023-10-12,9143.55,9151.85,8.300000000001091,822.9504419243874,6830.488667973314,,,,,,,,,,,,,,,,
450,2023-10-13,9151.85,9128.45,-23.399999999999636,822.9504419243874,-19257.040341030366,,,,,,,,,,,,,,,,
451,2023-10-16,9128.45,9155.6,27.149999999999636,822.9504419243874,22343.10449824682,,,,,,,,,,,,,,,,
452,2023-10-17,9155.6,9172.3,16.69999999999891,822.9504419243874,13743.272380136372,,,,,,,,,,,,,,,,
453,2023-10-18,9172.3,9113.890775000002,-58.409224999997605,822.9504419243874,-48067.897526209,,,,,,,,,,,,,,,,
454,,,,,,,2023-10-10 11:15:00,LONG,2023-10-10 12:15:00,9113.55,9091.35,9120.097058823529,2023-10-18 10:15:00,9118.45,4.900000000001455,-4.2159999999985445,4032.457165430696,TSL Hit,822.9504419243874,-0.34695590631520196,2023.0,10.0
455,2023-10-27,8757.15,8727.134250000001,-30.01574999999866,856.4430208458232,-25706.779602951872,,,,,,,,,,,,,,,,
456,,,,,,,2023-10-27 12:15:00,LONG,2023-10-27 13:15:00,8757.15,8731.5,8731.5,2023-10-27 14:15:00,8731.5,-25.649999999999636,-34.39432499999964,-21967.763484695053,Initial SL Hit,856.4430208458232,-2.9456779602952707,2023.0,10.0
457,2023-10-31,8743.9,8706.194725,-37.705275000000256,857.7408250323083,-32341.353686570288,,,,,,,,,,,,,,,,
458,,,,,,,2023-10-31 11:15:00,LONG,2023-10-31 12:15:00,8743.9,8710.55,8710.55,2023-10-31 12:15:00,8710.55,-33.350000000000364,-42.07722500000036,-28605.656514827795,Initial SL Hit,857.7408250323083,-3.6091353686570375,2023.0,10.0
459,2023-10-31,8762.47905,8746.95,-15.529049999999188,856.3501216017172,-13298.30385585845,,,,,,,,,,,,,,,,
460,2023-11-01,8746.95,8723.95,-23.0,856.3501216017172,-19696.052796839496,,,,,,,,,,,,,,,,
461,2023-11-01,8723.95,8719.687974999999,-4.262025000001813,856.3501216017172,-3649.7856270211114,,,,,,,,,,,,,,,,
462,,,,,,,2023-10-31 13:15:00,LONG,2023-10-31 14:15:00,8758.1,8724.05,8724.05,2023-11-01 15:15:00,8724.05,-34.05000000000109,-42.79107500000109,-29158.721640539407,Initial SL Hit,856.3501216017172,-3.664414227971914,2023.0,10.0
463,2023-11-02,8836.05,8809.593,-26.456999999998516,848.7955591016348,-22456.58410715069,,,,,,,,,,,,,,,,
464,,,,,,,2023-11-02 10:15:00,LONG,2023-11-02 11:15:00,8836.05,8814.0,8814.0,2023-11-02 11:15:00,8814.0,-22.049999999999272,-30.875024999999273,-18715.94207819043,Initial SL Hit,848.7955591016348,-2.6206584107151336,2023.0,11.0
465,2023-11-02,8823.159375,8837.55,14.390625,850.4606661941885,12238.660524450745,,,,,,,,,,,,,,,,
466,2023-11-03,8837.55,8893.5,55.95000000000073,850.4606661941885,47583.27427356547,,,,,,,,,,,,,,,,
467,2023-11-06,8893.5,8967.35,73.85000000000036,850.4606661941885,62806.52019844113,,,,,,,,,,,,,,,,
468,2023-11-07,8967.35,8985.7,18.350000000000364,850.4606661941885,15605.95322466367,,,,,,,,,,,,,,,,
469,2023-11-08,8985.7,9071.35,85.64999999999964,850.4606661941885,72841.95605953193,,,,,,,,,,,,,,,,
470,2023-11-09,9071.35,9125.95,54.600000000000364,850.4606661941885,46435.152374203004,,,,,,,,,,,,,,,,
471,2023-11-10,9125.95,9201.7,75.75,850.4606661941885,64422.39546420978,,,,,,,,,,,,,,,,
472,2023-11-13,9201.7,9233.85,32.149999999999636,850.4606661941885,27342.310418142853,,,,,,,,,,,,,,,,
473,2023-11-15,9233.85,9341.15,107.29999999999927,850.4606661941885,91254.42948263581,,,,,,,,,,,,,,,,
474,2023-11-16,9341.15,9447.05,105.89999999999964,850.4606661941885,90063.78454996426,,,,,,,,,,,,,,,,
475,2023-11-17,9447.05,9455.85,8.800000000001091,850.4606661941885,7484.053862509787,,,,,,,,,,,,,,,,
476,2023-11-20,9455.85,9468.2,12.350000000000364,850.4606661941885,10503.189227498538,,,,,,,,,,,,,,,,
477,2023-11-21,9468.2,9479.0,10.799999999999272,850.4606661941885,9184.975194896617,,,,,,,,,,,,,,,,
478,2023-11-22,9479.0,9492.25,13.25,850.4606661941885,11268.603827072999,,,,,,,,,,,,,,,,
479,2023-11-23,9492.25,9503.2,10.950000000000728,850.4606661941885,9312.544294826983,,,,,,,,,,,,,,,,
480,2023-11-24,9503.2,9480.75,-22.450000000000728,850.4606661941885,-19092.84195606015,,,,,,,,,,,,,,,,
481,2023-11-28,9480.75,9550.65,69.89999999999964,850.4606661941885,59447.20056697347,,,,,,,,,,,,,,,,
482,2023-11-29,9550.65,9620.9,70.25,850.4606661941885,59744.86180014175,,,,,,,,,,,,,,,,
483,2023-11-30,9620.9,9686.75,65.85000000000036,850.4606661941885,56002.83486888763,,,,,,,,,,,,,,,,
484,2023-12-01,9686.75,9760.05,73.29999999999927,850.4606661941885,62338.766832033405,,,,,,,,,,,,,,,,
485,2023-12-04,9760.05,9892.75,132.70000000000073,850.4606661941885,112856.13040396944,,,,,,,,,,,,,,,,
486,2023-12-05,9892.75,9923.9,31.149999999999636,850.4606661941885,26491.849751948663,,,,,,,,,,,,,,,,
487,2023-12-06,9923.9,9934.95,11.050000000001091,850.4606661941885,9397.590361446712,,,,,,,,,,,,,,,,
488,2023-12-07,9934.95,9978.2,43.25,850.4606661941885,36782.423812898654,,,,,,,,,,,,,,,,
489,2023-12-08,9978.2,9971.65,-6.550000000001091,850.4606661941885,-5570.517363572863,,,,,,,,,,,,,,,,
490,2023-12-11,9971.65,10012.5,40.850000000000364,850.4606661941885,34741.31821403291,,,,,,,,,,,,,,,,
491,2023-12-12,10012.5,9982.4,-30.100000000000364,850.4606661941885,-25598.866052445384,,,,,,,,,,,,,,,,
492,2023-12-13,9982.4,10099.75,117.35000000000036,850.4606661941885,99801.55917788834,,,,,,,,,,,,,,,,
493,2023-12-14,10099.75,10275.6,175.85000000000036,850.4606661941885,149553.50815024835,,,,,,,,,,,,,,,,
494,2023-12-15,10275.6,10306.55,30.94999999999891,850.4606661941885,26321.75761870921,,,,,,,,,,,,,,,,
495,2023-12-18,10306.55,10296.7,-9.849999999998545,850.4606661941885,-8377.03756201152,,,,,,,,,,,,,,,,
496,2023-12-19,10296.7,10276.2,-20.5,850.4606661941885,-17434.443656980864,,,,,,,,,,,,,,,,
497,2023-12-20,10276.2,10119.387775000001,-156.81222499999967,850.4606661941885,-133362.62934089272,,,,,,,,,,,,,,,,
498,,,,,,,2023-11-02 12:15:00,LONG,2023-11-02 13:15:00,8818.75,8801.0,10137.163970588235,2023-12-20 13:15:00,10124.45,1305.7000000000007,1296.2284000000006,1110446.4918497526,TSL Hit,850.4606661941885,110.23912686038275,2023.0,11.0
499,2023-12-22,10250.4,10220.78705,-29.61294999999882,731.6787637555608,-21667.16664715437,,,,,,,,,,,,,,,,
500,,,,,,,2023-12-22 10:15:00,LONG,2023-12-22 11:15:00,10250.4,10225.9,10225.9,2023-12-22 12:15:00,10225.9,-24.5,-34.73815,-17926.12971201124,Initial SL hit,731.6787637555608,-2.541716664715523,2023.0,12.0
501,2023-12-22,10244.01945,10240.95,-3.069449999999051,732.5005615837639,-2248.3738487525893,,,,,,,,,,,,,,,,
502,2023-12-26,10240.95,10288.0,47.04999999999927,732.5005615837639,34464.151422515555,,,,,,,,,,,,,,,,
503,2023-12-27,10288.0,10295.5,7.5,732.5005615837639,5493.754211878229,,,,,,,,,,,,,,,,
504,2023-12-28,10295.5,10383.5,88.0,732.5005615837639,64460.04941937122,,,,,,,,,,,,,,,,
505,2023-12-29,10383.5,10391.65,8.149999999999636,732.5005615837639,5969.8795769074095,,,,,,,,,,,,,,,,
506,2024-01-01,10391.65,10408.1,16.450000000000728,732.5005615837639,12049.63423805345,,,,,,,,,,,,,,,,
507,2024-01-02,10408.1,10359.15,-48.95000000000073,732.5005615837639,-35855.902489525775,,,,,,,,,,,,,,,,
508,2024-01-03,10359.15,10379.85,20.700000000000728,732.5005615837639,15162.761624784445,,,,,,,,,,,,,,,,
509,2024-01-04,10379.85,10565.05,185.1999999999989,732.5005615837639,135659.10400531229,,,,,,,,,,,,,,,,
510,2024-01-05,10565.05,10559.55,-5.5,732.5005615837639,-4028.7530887107014,,,,,,,,,,,,,,,,
511,2024-01-08,10559.55,10443.3,-116.25,732.5005615837639,-85153.19028411256,,,,,,,,,,,,,,,,
512,2024-01-09,10443.3,10416.6,-26.69999999999891,732.5005615837639,-19557.764994285695,,,,,,,,,,,,,,,,
513,2024-01-09,10416.6,10411.3917,-5.208300000000236,732.5005615837639,-3815.0826748968902,,,,,,,,,,,,,,,,
514,,,,,,,2023-12-22 13:15:00,LONG,2023-12-22 14:15:00,10238.9,10188.35,10421.816911764705,2024-01-09 15:15:00,10416.6,177.70000000000073,167.37225000000072,130165.34979343538,TSL Hit,732.5005615837639,12.260026711853866,2023.0,12.0
515,2024-01-11,10476.05,10456.719025000002,-19.330974999997125,715.9186907278985,-13839.40631249168,,,,,,,,,,,,,,,,
516,,,,,,,2024-01-11 11:15:00,LONG,2024-01-11 12:15:00,10476.05,10461.95,10461.95,2024-01-11 12:15:00,10461.95,-14.099999999998545,-24.568999999998546,-10094.453539262327,Initial SL hit,715.9186907278985,-1.7589406312492697,2024.0,1.0
517,2024-01-11,10476.0,10421.336725,-54.663275000000795,715.922107674685,-39134.64705040149,,,,,,,,,,,,,,,,
518,,,,,,,2024-01-11 13:15:00,LONG,2024-01-11 14:15:00,10476.0,10426.55,10426.55,2024-01-11 14:15:00,10426.55,-49.45000000000073,-59.90127500000072,-35402.34822451369,Initial SL Hit,715.922107674685,-4.288464705040144,2024.0,1.0
519,2024-01-12,10509.35205,10543.9,34.54795000000013,714.0069115869042,24667.47508115888,,,,,,,,,,,,,,,,
520,2024-01-15,10543.9,10643.15,99.25,714.0069115869042,70865.18597500023,,,,,,,,,,,,,,,,
521,2024-01-16,10643.15,10558.7,-84.44999999999891,714.0069115869042,-60297.883683513275,,,,,,,,,,,,,,,,
522,2024-01-17,10558.7,10455.86945,-102.83055000000058,714.0069115869042,-73421.72342228315,,,,,,,,,,,,,,,,
523,,,,,,,2024-01-12 11:15:00,LONG,2024-01-12 12:15:00,10504.1,10481.4,10503.528676470587,2024-01-17 09:15:00,10461.1,-43.0,-53.4826,-30702.29719823688,Gap Open Outside ISL,714.0069115869042,-3.8186946049637758,2024.0,1.0
524,2024-01-19,10526.4,10498.748000000001,-27.651999999998225,712.4943000455996,-19701.892384859657,,,,,,,,,,,,,,,,
525,,,,,,,2024-01-19 11:15:00,LONG,2024-01-19 12:15:00,10526.4,10504.0,10504.0,2024-01-19 12:15:00,10504.0,-22.399999999999636,-32.915199999999636,-15959.872321021172,Initial SL hit,712.4943000455996,-2.3451892384860664,2024.0,1.0
526,2024-01-19,10563.278999999999,10605.2,41.921000000002095,710.3618109490434,29779.077476796338,,,,,,,,,,,,,,,,
527,2024-01-20,10605.2,10635.85,30.649999999999636,710.3618109490434,21772.589505587923,,,,,,,,,,,,,,,,
528,2024-01-23,10635.85,10523.335700000001,-112.51429999999891,710.3618109490434,-79925.86190566317,,,,,,,,,,,,,,,,
529,,,,,,,2024-01-19 13:15:00,LONG,2024-01-19 14:15:00,10558.0,10528.6,10528.6,2024-01-23 10:15:00,10528.6,-29.399999999999636,-39.94329999999964,-20884.63724190162,Initial SL hit,710.3618109490434,-2.837419492328067,2024.0,1.0
530,2024-01-24,10499.747249999999,10575.85,76.10275000000183,714.660060031445,54387.59588355936,,,,,,,,,,,,,,,,
531,2024-01-25,10575.85,10406.843975,-169.0060250000006,714.660060031445,-120781.85597217632,,,,,,,,,,,,,,,,
532,,,,,,,2024-01-24 13:15:00,LONG,2024-01-24 14:15:00,10494.5,10412.05,10521.620588235293,2024-01-25 10:15:00,10412.05,-82.45000000000073,-92.90327500000073,-58923.721949593164,Initial SL hit,714.660060031445,-6.639426008861836,2024.0,1.0
533,2024-01-25,10421.7,10361.416700000002,-60.283299999999144,719.6522640260225,-43383.01332795931,,,,,,,,,,,,,,,,
534,,,,,,,2024-01-25 13:15:00,LONG,2024-01-25 14:15:00,10421.7,10366.6,10366.6,2024-01-25 14:15:00,10366.6,-55.100000000000364,-65.49415000000036,-39652.8397478341,Initial SL Hit,719.6522640260225,-4.713301332796018,2024.0,1.0
535,2024-01-29,10659.276975,10682.3,23.023024999998597,703.9642573881048,16207.386696951784,,,,,,,,,,,,,,,,
536,2024-01-30,10682.3,10609.4,-72.89999999999964,703.9642573881048,-51318.99436359258,,,,,,,,,,,,,,,,
537,2024-01-31,10609.4,10692.8,83.39999999999964,703.9642573881048,58710.61906616768,,,,,,,,,,,,,,,,
538,2024-02-01,10692.8,10621.4,-71.39999999999964,703.9642573881048,-50263.047977510425,,,,,,,,,,,,,,,,
539,2024-02-02,10621.4,10729.3,107.89999999999964,703.9642573881048,75957.74337217625,,,,,,,,,,,,,,,,
540,2024-02-05,10729.3,10741.7,12.400000000001455,703.9642573881048,8729.156791613525,,,,,,,,,,,,,,,,
541,2024-02-06,10741.7,10804.95,63.25,703.9642573881048,44525.73927979763,,,,,,,,,,,,,,,,
542,2024-02-07,10804.95,10860.05,55.099999999998545,703.9642573881048,38788.43058208355,,,,,,,,,,,,,,,,
543,2024-02-08,10860.05,10854.5,-5.549999999999272,703.9642573881048,-3907.0016285034694,,,,,,,,,,,,,,,,
544,2024-02-09,10854.5,10621.536575,-232.96342499999992,703.9642573881048,-163997.92447871438,,,,,,,,,,,,,,,,
545,,,,,,,2024-01-29 11:15:00,LONG,2024-01-29 12:15:00,10653.95,10505.75,10717.536764705883,2024-02-09 10:15:00,10626.85,-27.100000000000364,-37.74040000000036,-19077.431375217897,TSL Hit,703.9642573881048,-2.656789265953029,2024.0,1.0
546,2024-02-12,10724.75,10690.701975,-34.04802500000005,699.3170003962796,-23810.362712417573,,,,,,,,,,,,,,,,
547,,,,,,,2024-02-12 12:15:00,LONG,2024-02-12 13:15:00,10724.75,10696.05,10696.05,2024-02-12 13:15:00,10696.05,-28.700000000000728,-39.41040000000073,-20070.397911373733,Initial SL Hit,699.3170003962796,-2.7560362712418045,2024.0,2.0
548,2024-02-14,10681.7382,10781.2,99.46180000000095,702.4839833651793,69870.32145667146,,,,,,,,,,,,,,,,
549,2024-02-15,10781.2,10902.9,121.69999999999891,702.4839833651793,85492.30077554155,,,,,,,,,,,,,,,,
550,2024-02-16,10902.9,11010.2,107.30000000000109,702.4839833651793,75376.53141508451,,,,,,,,,,,,,,,,
551,2024-02-19,11010.2,11024.45,14.25,702.4839833651793,10010.396762953804,,,,,,,,,,,,,,,,
552,2024-02-20,11024.45,10988.85,-35.600000000000364,702.4839833651793,-25008.429807800636,,,,,,,,,,,,,,,,
553,2024-02-21,10988.85,10852.85,-136.0,702.4839833651793,-95537.82173766437,,,,,,,,,,,,,,,,
554,2024-02-22,10852.85,10822.735925,-30.114074999999502,702.4839833651793,-21154.65536135741,,,,,,,,,,,,,,,,
555,,,,,,,2024-02-14 13:15:00,LONG,2024-02-14 14:15:00,10676.4,10621.0,10836.340441176471,2024-02-22 09:15:00,10828.15,151.75,140.997725,106601.94447566595,TSL Hit,702.4839833651793,9.90486435034281,2024.0,2.0
556,2024-02-23,11077.586024999999,11048.85,-28.736024999998335,677.3813340799582,-19465.246950653902,,,,,,,,,,,,,,,,
557,2024-02-23,11048.85,11044.475,-4.375,677.3813340799582,-2963.543336599817,,,,,,,,,,,,,,,,
558,,,,,,,2024-02-23 11:15:00,LONG,2024-02-23 12:15:00,11072.05,11050.0,11050.0,2024-02-23 15:15:00,11050.0,-22.049999999999272,-33.11102499999927,-14936.258416462584,Initial SL hit,677.3813340799582,-2.242879028725435,2024.0,2.0
559,2024-02-26,11074.0,11038.2781,-35.72190000000046,677.2620552645838,-24193.087411956247,,,,,,,,,,,,,,,,
560,,,,,,,2024-02-23 15:15:00,LONG,2024-02-26 09:15:00,11074.0,11043.8,11043.8,2024-02-26 09:15:00,11043.8,-30.200000000000728,-41.25890000000073,-20453.314068990923,Initial SL Hit,677.2620552645838,-2.794308741195643,2024.0,2.0
561,2024-02-27,11021.658075,10996.65,-25.008074999999735,680.8186163042443,-17025.963017932583,,,,,,,,,,,,,,,,
562,2024-02-28,10996.65,10929.9323,-66.71769999999924,680.8186163042443,-45422.65219700116,,,,,,,,,,,,,,,,
563,,,,,,,2024-02-27 13:15:00,LONG,2024-02-27 14:15:00,11016.15,10935.4,10957.660294117648,2024-02-28 10:15:00,10935.4,-80.75,-91.725775,-54976.10326656773,Initial SL hit,680.8186163042443,-6.244861521493444,2024.0,2.0
564,2024-02-29,10848.0213,10841.9,-6.121300000000701,691.716009075314,-4234.201206353205,,,,,,,,,,,,,,,,
565,2024-03-01,10841.9,10913.7,71.80000000000109,691.716009075314,49665.2094516083,,,,,,,,,,,,,,,,
566,2024-03-04,10913.7,10975.85,62.149999999999636,691.716009075314,42990.14996403051,,,,,,,,,,,,,,,,
567,2024-03-05,10975.85,10914.240150000001,-61.609849999998914,691.716009075314,-42616.51956172798,,,,,,,,,,,,,,,,
568,,,,,,,2024-02-29 14:15:00,LONG,2024-02-29 15:15:00,10842.6,10722.4,10929.0125,2024-03-05 11:15:00,10919.7,77.10000000000036,66.21885000000036,53331.30429970696,TSL Hit,691.716009075314,4.5804638647557105,2024.0,2.0
569,2024-03-07,10931.75,10902.64595,-29.104049999999916,686.0749651245226,-19967.5600887323,,,,,,,,,,,,,,,,
570,,,,,,,2024-03-07 11:15:00,LONG,2024-03-07 12:15:00,10931.75,10908.1,10908.1,2024-03-07 12:15:00,10908.1,-23.649999999999636,-34.569924999999635,-16225.672925194709,Initial SL Hit,686.0749651245226,-2.3717560088732115,2024.0,3.0
571,2024-03-11,10893.1,10864.614975,-28.48502499999995,688.5092397939981,-19612.202908262996,,,,,,,,,,,,,,,,
572,,,,,,,2024-03-07 15:15:00,LONG,2024-03-11 09:15:00,10893.1,10870.05,10870.05,2024-03-11 09:15:00,10870.05,-23.05000000000109,-33.93157500000109,-15870.137977252407,Initial SL Hit,688.5092397939981,-2.336220290826378,2024.0,3.0
573,2024-03-14,10531.863299999999,10532.0,0.1367000000009284,712.4807630193984,97.39612030541323,,,,,,,,,,,,,,,,
574,2024-03-15,10532.0,10422.136325000001,-109.8636749999987,712.4807630193984,-78275.75499211428,,,,,,,,,,,,,,,,
575,,,,,,,2024-03-14 14:15:00,LONG,2024-03-14 15:15:00,10526.6,10427.35,10427.35,2024-03-15 09:15:00,10427.35,-99.25,-109.726975,-70713.7157296753,Initial SL Hit,712.4807630193984,-7.817835887181045,2024.0,3.0
576,2024-03-20,10185.79035,10146.5,-39.29034999999931,736.6880469908748,-28944.731207087407,,,,,,,,,,,,,,,,
577,2024-03-21,10146.5,10425.75,279.25,736.6880469908748,205720.1371222018,,,,,,,,,,,,,,,,
578,2024-03-22,10425.75,10416.25,-9.5,736.6880469908748,-6998.536446413311,,,,,,,,,,,,,,,,
579,2024-03-26,10416.25,10501.85,85.60000000000036,736.6880469908748,63060.49682241915,,,,,,,,,,,,,,,,
580,2024-03-27,10501.85,10500.7,-1.1499999999996362,736.6880469908748,-847.1912540392381,,,,,,,,,,,,,,,,
581,2024-03-28,10500.7,10533.95,33.25,736.6880469908748,24494.877562446585,,,,,,,,,,,,,,,,
582,2024-04-01,10533.95,10696.45,162.5,736.6880469908748,119711.80763601715,,,,,,,,,,,,,,,,
583,2024-04-02,10696.45,10768.3,71.84999999999854,736.6880469908748,52931.03617629328,,,,,,,,,,,,,,,,
584,2024-04-03,10768.3,10806.5,38.20000000000073,736.6880469908748,28141.483395051953,,,,,,,,,,,,,,,,
585,2024-04-04,10806.5,10828.3,21.799999999999272,736.6880469908748,16059.799424400535,,,,,,,,,,,,,,,,
586,2024-04-05,10828.3,10862.05,33.75,736.6880469908748,24863.221585942025,,,,,,,,,,,,,,,,
587,2024-04-08,10862.05,10871.05,9.0,736.6880469908748,6630.192422917873,,,,,,,,,,,,,,,,
588,2024-04-09,10871.05,10875.55,4.5,736.6880469908748,3315.0962114589365,,,,,,,,,,,,,,,,
589,2024-04-10,10875.55,10981.55,106.0,736.6880469908748,78088.93298103273,,,,,,,,,,,,,,,,
590,2024-04-12,10981.55,10938.9,-42.649999999999636,736.6880469908748,-31419.745204160543,,,,,,,,,,,,,,,,
591,2024-04-15,10938.9,10806.7939,-132.10609999999906,736.6880469908748,-97320.98480458051,,,,,,,,,,,,,,,,
592,,,,,,,2024-03-20 12:15:00,LONG,2024-03-20 13:15:00,10180.7,10119.55,10828.971323529411,2024-04-15 09:15:00,10812.2,631.5,621.00355,465218.50167473743,TSL Hit,736.6880469908748,45.74858924239001,2024.0,3.0
593,2024-04-18,10863.3,10795.799400000002,-67.50059999999758,690.3979453757146,-46602.275551626284,,,,,,,,,,,,,,,,
594,,,,,,,2024-04-18 09:15:00,LONG,2024-04-18 10:15:00,10863.3,10801.2,10801.2,2024-04-18 14:15:00,10801.2,-62.099999999998545,-72.93224999999855,-42873.71240783087,Initial SL Hit,690.3979453757146,-5.035227555162695,2024.0,4.0
595,2024-04-22,10715.1,10691.301675,-23.79832499999975,699.9468040428927,-16657.5615253239,,,,,,,,,,,,,,,,
596,,,,,,,2024-04-22 13:15:00,LONG,2024-04-22 14:15:00,10715.1,10696.65,10696.65,2024-04-22 14:15:00,10696.65,-18.450000000000728,-29.155875000000727,-12914.01853459188,Initial SL Hit,699.9468040428927,-2.0407561525324582,2024.0,4.0
597,2024-04-23,10782.9,10755.169725,-27.730274999999892,695.5457251759731,-19287.67423420408,,,,,,,,,,,,,,,,
598,,,,,,,2024-04-23 11:15:00,LONG,2024-04-23 12:15:00,10782.9,10760.55,10760.55,2024-04-23 13:15:00,10760.55,-22.350000000000364,-33.12172500000036,-15545.44695768325,Initial SL Hit,695.5457251759731,-2.303767423420441,2024.0,4.0
599,2024-04-24,10829.51205,10841.8,12.28794999999991,692.8982548202622,8514.299110318578,,,,,,,,,,,,,,,,
600,2024-04-25,10841.8,10876.25,34.45000000000073,692.8982548202622,23870.344878558535,,,,,,,,,,,,,,,,
601,2024-04-26,10876.25,10982.65,106.39999999999964,692.8982548202622,73724.37431287565,,,,,,,,,,,,,,,,
602,2024-04-29,10982.65,11042.85,60.20000000000073,692.8982548202622,41712.47494018029,,,,,,,,,,,,,,,,
603,2024-04-30,11042.85,11054.2,11.350000000000364,692.8982548202622,7864.395192210228,,,,,,,,,,,,,,,,
604,2024-05-02,11054.2,11136.25,82.04999999999927,692.8982548202622,56852.30180800201,,,,,,,,,,,,,,,,
605,2024-05-03,11136.25,11062.1,-74.14999999999964,692.8982548202622,-51378.40559492219,,,,,,,,,,,,,,,,
606,2024-05-06,11062.1,11043.7,-18.399999999999636,692.8982548202622,-12749.327888692573,,,,,,,,,,,,,,,,
607,2024-05-07,11043.7,10900.64695,-143.05305000000044,692.8982548202622,-99121.20869171602,,,,,,,,,,,,,,,,
608,,,,,,,2024-04-24 11:15:00,LONG,2024-04-24 12:15:00,10824.1,10807.0,10969.80588235294,2024-05-07 10:15:00,10906.1,82.0,71.1349,56817.6568952615,TSL Hit,692.8982548202622,4.928924806681387,2024.0,4.0
609,2024-05-08,10938.266399999999,10938.1,-0.16639999999824795,686.009073613347,-114.15190984805902,,,,,,,,,,,,,,,,
610,2024-05-09,10938.1,10870.06225,-68.0377499999995,686.009073613347,-46674.513848236165,,,,,,,,,,,,,,,,
611,,,,,,,2024-05-08 14:15:00,LONG,2024-05-08 15:15:00,10932.8,10875.5,10875.5,2024-05-09 10:15:00,10875.5,-57.29999999999927,-68.20414999999927,-39308.31991804428,Initial SL Hit,686.009073613347,-4.678866575808526,2024.0,5.0
612,2024-05-10,10893.14385,10886.55,-6.593850000001112,688.8507214563223,-4542.178329675537,,,,,,,,,,,,,,,,
