time,open,high,low,close,RSI
2024-10-25T12:05:00+05:30,1042.65,1042.65,1042.65,1042.65,NaN
2024-10-25T12:50:00+05:30,1024.1,1024.1,1024.1,1024.1,NaN
2024-10-25T15:15:00+05:30,1041.05,1041.05,1041.05,1041.05,NaN
2024-10-25T15:20:00+05:30,1051.85,1051.85,1051.85,1051.85,NaN
2024-10-29T13:45:00+05:30,1074.85,1074.85,1074.85,1074.85,NaN
2024-11-05T09:15:00+05:30,785.55,856.05,746.8,837,NaN
2024-11-05T10:00:00+05:30,862.05,862.05,862.05,862.05,NaN
2024-11-05T10:40:00+05:30,856.2,856.2,856.2,856.2,NaN
2024-11-05T11:25:00+05:30,815.55,815.55,815.55,815.55,NaN
2024-11-05T11:35:00+05:30,826,826,826,826,NaN
2024-11-05T11:40:00+05:30,812,812,796.35,796.35,NaN
2024-11-05T11:45:00+05:30,787.4,787.4,787.05,787.05,NaN
2024-11-05T11:50:00+05:30,792.6,792.6,792.6,792.6,NaN
2024-11-05T11:55:00+05:30,783.1,783.1,783.1,783.1,NaN
2024-11-05T12:40:00+05:30,813.8,813.8,813.8,813.8,25.852062889099912
2024-11-05T12:45:00+05:30,822,822,822,822,27.208618532713928
2024-11-05T12:50:00+05:30,830,830,830,830,28.58142878878725
2024-11-05T12:55:00+05:30,820,820,820,820,27.873774676498
2024-11-05T13:20:00+05:30,830,830,830,830,29.74698587147499
2024-11-05T13:25:00+05:30,875.85,875.85,875.85,875.85,37.73211067836205
2024-11-05T13:30:00+05:30,900,900,900,900,41.503563142229225
2024-11-05T14:35:00+05:30,956.3,956.3,956.3,956.3,49.22457167088733
2024-11-05T14:40:00+05:30,997.65,997.65,994.2,994.2,53.658887044773024
2024-11-05T15:25:00+05:30,995,995,995,995,53.7507020338629
2024-11-06T09:30:00+05:30,1044.75,1044.75,1044.75,1044.75,59.168581912365674
2024-11-06T11:15:00+05:30,1047.95,1047.95,1047.95,1047.95,59.49724457792753
2024-11-06T14:00:00+05:30,1136.25,1136.25,1136.25,1136.25,67.31525753419439
2024-11-07T14:25:00+05:30,962.05,962.05,962.05,962.05,47.73811786537501
2024-11-08T10:10:00+05:30,935.45,935.45,935.45,935.45,45.559252062920514
2024-11-11T11:10:00+05:30,952.5,952.5,952.5,952.5,47.22207101114735
2024-11-11T11:40:00+05:30,989.05,989.05,989.05,989.05,50.698465103629296
2024-11-11T13:15:00+05:30,857.3,857.3,857.3,857.3,40.37477991363632
2024-11-11T13:30:00+05:30,887.55,889.55,887.55,889.55,43.41234383569539
2024-11-11T13:40:00+05:30,875.65,875.65,838.05,838.05,39.915330015882894
2024-11-11T13:45:00+05:30,837.1,837.1,837.1,837.1,39.851557951120746
2024-11-11T14:15:00+05:30,813.7,813.7,813.7,813.7,38.23129071541926
2024-11-11T14:25:00+05:30,814.5,814.5,814.5,814.5,38.32361566193234
2024-11-11T14:45:00+05:30,869.15,869.15,869.15,869.15,44.433695885424534
2024-11-11T14:55:00+05:30,871.3,871.3,871.3,871.3,44.6659446878263
2024-11-12T12:50:00+05:30,764.05,764.05,764.05,764.05,36.47581928607774
2024-11-12T13:20:00+05:30,717.4,725.3,704.6,725.3,34.046703660252035
2024-11-12T13:25:00+05:30,718.25,718.25,715.1,715.1,33.41587827607931
2024-11-12T13:30:00+05:30,710.4,714.6,706.25,706.25,32.84720825170896
2024-11-12T13:35:00+05:30,694,696.35,683.6,684.8,31.45019813493758
2024-11-12T13:40:00+05:30,688.2,691.1,677.2,677.2,30.94796636395688
2024-11-12T13:45:00+05:30,690.2,705.65,690.2,701.55,34.55403295790714
2024-11-12T13:50:00+05:30,690.25,690.25,681.5,681.5,33.02471952938993
2024-11-12T13:55:00+05:30,700.35,700.35,700.35,700.35,35.89719578985762
2024-11-12T14:15:00+05:30,684.45,684.45,684.45,684.45,34.551105152299726
2024-11-12T14:25:00+05:30,689.6,689.6,689.6,689.6,35.39612543480419
2024-11-12T14:50:00+05:30,687.8,687.8,687.8,687.8,35.224940695554565
2024-11-12T15:20:00+05:30,641.7,641.7,641.7,641.7,31.079283209729738
2024-11-12T15:25:00+05:30,633.5,633.9,633.5,633.9,30.426787575250728
2024-11-13T09:15:00+05:30,627.65,627.65,627.65,627.65,29.885366324201684
2024-11-13T09:20:00+05:30,594,618,594,618,29.02653789161775
2024-11-13T09:25:00+05:30,617.25,617.25,617.25,617.25,28.95688833516975
2024-11-13T09:30:00+05:30,579.05,617.25,579.05,617.25,28.95688833516975
2024-11-13T09:40:00+05:30,587.25,587.25,576.35,576.35,25.141446872676823
2024-11-13T09:45:00+05:30,576.35,576.35,543.2,552.65,23.231261893478248
2024-11-13T09:50:00+05:30,540.6,574.45,540.6,574.45,28.604646622342827
2024-11-13T09:55:00+05:30,574,574,565.35,569.25,28.099412918367193
2024-11-13T10:00:00+05:30,565,565,564.5,564.5,27.619517325523702
2024-11-13T10:05:00+05:30,549.1,549.1,549.1,549.1,26.06525848598089
2024-11-13T10:10:00+05:30,551.15,551.15,551.15,551.15,26.65693474231969
2024-11-13T10:15:00+05:30,530.6,548.1,529.3,548.1,26.319458508075527
2024-11-13T10:20:00+05:30,536.15,543.35,536.15,543.35,25.772236510153874
2024-11-13T10:25:00+05:30,543.1,550.05,543.1,550.05,28.04479306762208
2024-11-13T10:30:00+05:30,546,553.55,546,553.55,29.26314290565584
2024-11-13T10:35:00+05:30,558,560.4,558,560.1,31.597356574035743
2024-11-13T10:40:00+05:30,545.85,545.85,545.85,545.85,29.329780293602482
2024-11-13T10:45:00+05:30,541.25,541.25,541.25,541.25,28.61586660749417
2024-11-13T10:50:00+05:30,590.4,590.4,590.4,590.4,44.23477648711272
2024-11-13T10:55:00+05:30,561.35,561.35,561.35,561.35,38.82731227255351
2024-11-13T11:00:00+05:30,561.35,561.35,555.75,555.75,37.86634245209581
2024-11-13T11:05:00+05:30,546.7,546.7,546.7,546.7,36.30263396799779
2024-11-13T11:10:00+05:30,543.7,543.7,543.7,543.7,35.775231394503336
2024-11-13T11:30:00+05:30,538.35,545.35,538.35,545.35,36.323171270365464
2024-11-13T11:35:00+05:30,544.05,544.05,544.05,544.05,36.06212006358114
2024-11-13T11:40:00+05:30,528,528,528,528,32.91672676598121
2024-11-13T12:00:00+05:30,542.15,547.9,538.15,538.15,36.67815639932063
2024-11-13T12:05:00+05:30,536.1,536.5,536.1,536.5,36.32161787156795
2024-11-13T12:10:00+05:30,528.2,528.2,528.2,528.2,34.50461749364371
2024-11-13T12:25:00+05:30,543.1,543.1,538.5,538.5,38.608916094344174
2024-11-13T12:30:00+05:30,530.95,530.95,530.95,530.95,36.7890427471943
2024-11-13T12:35:00+05:30,540.2,540.2,532.15,532.15,37.29495479085369
2024-11-13T12:45:00+05:30,519.75,522.95,519.75,522.95,34.98324153028544
2024-11-13T12:50:00+05:30,526,526,518.95,518.95,33.99656286515986
2024-11-13T12:55:00+05:30,515.45,516.25,511.55,511.55,32.187871916076446
2024-11-13T13:00:00+05:30,509,513.05,506.7,508.8,31.51681805984977
2024-11-13T13:05:00+05:30,507.3,508.05,504.35,504.35,30.4119230911641
2024-11-13T13:10:00+05:30,508.35,512.6,508.35,512.6,34.96401453371644
2024-11-13T13:15:00+05:30,517.2,517.2,517.2,517.2,37.422038543670965
2024-11-13T13:25:00+05:30,510.9,510.9,509.6,509.6,35.064084463598064
2024-11-13T13:30:00+05:30,505.8,505.8,504.45,504.45,33.522651698199226
2024-11-13T13:40:00+05:30,517.15,522.35,517.15,522.35,42.915749998101944
2024-11-13T13:45:00+05:30,543.5,543.5,543.5,543.5,51.61510419944025
2024-11-13T13:50:00+05:30,543.35,543.35,529.35,529.5,46.55731223442726
2024-11-13T13:55:00+05:30,531.6,531.6,531.6,531.6,47.39008723199499
2024-11-13T14:00:00+05:30,536.2,536.2,522.35,522.35,44.12824351862081
2024-11-13T14:10:00+05:30,509.9,509.9,509.9,509.9,40.12507561152399
2024-11-13T14:20:00+05:30,500,500,500,500,37.232653453574066
2024-11-13T14:30:00+05:30,484.9,490.6,484.9,490.6,34.67665626416718
2024-11-13T14:35:00+05:30,484,490.55,482.45,489.15,34.28565900124647
2024-11-13T14:40:00+05:30,493.2,493.2,473.7,486.45,33.527571995013844
2024-11-13T14:45:00+05:30,473.85,473.85,473.85,473.85,30.174533215850275
2024-11-13T14:50:00+05:30,484.6,484.6,469.1,476.6,31.77817238071077
2024-11-13T15:00:00+05:30,465.1,465.1,457.8,457.8,27.182110937159038
2024-11-13T15:10:00+05:30,462.55,463.15,460.55,460.55,28.80418581572893
2024-11-13T15:15:00+05:30,475,475,471.15,471.15,34.830287724166396
2024-11-13T15:20:00+05:30,483.15,483.15,477.65,477.65,38.28012961176851
2024-11-13T15:25:00+05:30,486.85,488,486.85,487.55,43.21100567363021
2024-11-14T09:30:00+05:30,475,475,475,475,38.961592185345005
2024-11-14T09:40:00+05:30,441.5,441.5,441.5,441.5,30.37475595617002
2024-11-14T09:45:00+05:30,470,470,470,470,42.071690843294846
2024-11-14T10:00:00+05:30,500,500,494.25,494.25,49.79963203811293
2024-11-14T10:05:00+05:30,510.85,510.85,510.85,510.85,54.29455192624547
2024-11-14T10:10:00+05:30,487.55,487.55,487,487,47.68780906626044
2024-11-14T10:15:00+05:30,486.5,486.5,476.55,476.55,45.098376255387876
2024-11-14T10:25:00+05:30,472.2,472.2,464.9,465.35,42.438602096317105
2024-11-14T10:30:00+05:30,466.75,469.3,466.75,469.3,43.69972703389695
2024-11-14T10:40:00+05:30,465,465,459.95,459.95,41.38818214583751
2024-11-14T10:45:00+05:30,462.15,462.15,459.45,459.45,41.26248596746561
2024-11-14T10:55:00+05:30,445.05,445.3,445.05,445.3,37.76683964907345
2024-11-14T11:00:00+05:30,440.7,440.7,440.7,440.7,36.67897379030377
2024-11-14T11:05:00+05:30,429.2,429.2,422.3,422.3,32.630153552593995
2024-11-14T11:10:00+05:30,428.55,428.55,428.4,428.4,35.18454011493746
2024-11-14T11:15:00+05:30,409.85,418.9,409.85,418.9,33.08087545452486
2024-11-14T11:20:00+05:30,410.85,418.95,410.85,418.95,33.103545835237995
2024-11-14T11:25:00+05:30,420,420,420,420,33.612174677304864
2024-11-14T11:30:00+05:30,408.7,408.7,408.7,408.7,30.89015189136269
2024-11-14T11:35:00+05:30,414.5,414.5,414.5,414.5,33.85123840246476
2024-11-14T11:40:00+05:30,414.25,414.25,414.25,414.25,33.78404610096578
2024-11-14T11:45:00+05:30,421.45,421.45,421.45,421.45,37.62411358926055
2024-11-14T11:50:00+05:30,419.55,419.55,419.55,419.55,37.014086610996685
2024-11-14T12:00:00+05:30,423,423,423,423,38.94970919041706
2024-11-14T12:05:00+05:30,423.65,423.65,423.65,423.65,39.328016199926374
2024-11-14T12:10:00+05:30,424.65,438.25,424.65,438.25,47.23683574560386
2024-11-14T12:20:00+05:30,428,428.95,428,428.95,43.35958929493682
2024-11-14T12:35:00+05:30,420.75,420.75,412.65,412.65,37.5430867154096
2024-11-14T12:40:00+05:30,416.65,416.65,416.65,416.65,39.68146540388909
2024-11-14T12:45:00+05:30,416.05,416.05,416.05,416.05,39.46320627848216
2024-11-14T12:50:00+05:30,417.4,417.4,417.4,417.4,40.259404960229844
2024-11-14T13:05:00+05:30,421.3,421.3,420.85,420.85,42.34629362853916
2024-11-14T13:10:00+05:30,427,427,424.6,424.6,44.61119146054195
2024-11-14T13:15:00+05:30,430.3,430.3,430.3,430.3,47.957802808727834
2024-11-14T13:20:00+05:30,423.5,423.5,423.5,423.5,44.503236059782466
2024-11-14T13:25:00+05:30,430.8,430.8,430.8,430.8,48.7696252872708
2024-11-14T13:40:00+05:30,420.3,420.3,416.8,416.8,42.08721865485546
2024-11-14T13:45:00+05:30,413.45,416.6,413.45,416.6,41.99868552413478
2024-11-14T13:55:00+05:30,419,419,419,419,43.53369442913836
2024-11-14T14:10:00+05:30,419.5,419.5,419.45,419.45,43.83384124596122
2024-11-14T14:15:00+05:30,422,422,419.2,419.2,43.69488210584961
2024-11-14T14:25:00+05:30,421.35,421.35,421.35,421.35,45.30086595419487
2024-11-14T14:30:00+05:30,424.15,424.15,424.15,424.15,47.40485378052339
2024-11-14T14:40:00+05:30,420.65,420.65,418.6,418.6,43.80790011790405
2024-11-14T14:50:00+05:30,419.35,419.35,419,419,44.13689473823783
2024-11-14T14:55:00+05:30,416,416,416,416,42.14395235303181
2024-11-14T15:05:00+05:30,406,406,404.75,404.75,35.644187573633786
2024-11-14T15:10:00+05:30,410.45,419.5,410.45,419.5,47.15248613943832
2024-11-14T15:15:00+05:30,414,414,414,414,43.99336772757435
2024-11-14T15:20:00+05:30,419.15,420.35,417.2,417.2,46.2497554368693
2024-11-14T15:25:00+05:30,418,418,418,418,46.82651405316648
2024-11-18T09:15:00+05:30,411.4,415,411.4,415,44.881610669904326
2024-11-18T09:20:00+05:30,383.1,390.45,379.55,379.55,29.362217799546315
2024-11-18T09:25:00+05:30,374.1,374.1,371,374,27.744704627900617
2024-11-18T09:30:00+05:30,372.4,372.4,359.05,359.05,23.92185878520509
2024-11-18T09:35:00+05:30,349.3,349.3,328.9,331.4,18.770506064667487
2024-11-18T09:40:00+05:30,323.3,335.65,321.45,321.45,17.324716362976005
2024-11-18T09:45:00+05:30,316.4,335.6,316.4,335.6,26.048307557142152
2024-11-18T09:50:00+05:30,340.7,344.1,333.2,333.2,25.555760302018854
2024-11-18T09:55:00+05:30,343.7,343.7,342.5,342.5,31.000425680628496
2024-11-18T10:00:00+05:30,334.2,377.65,334.2,377.65,46.829005272673975
2024-11-18T10:05:00+05:30,365.05,365.05,358.35,358.35,41.23550670147557
2024-11-18T10:10:00+05:30,367.05,367.05,367.05,367.05,44.45621012572334
2024-11-18T10:15:00+05:30,352.4,359.3,352.4,359.3,42.23555518760799
2024-11-18T10:20:00+05:30,352.25,352.25,352.25,352.25,40.26517370147523
2024-11-18T10:25:00+05:30,356.8,356.8,342.8,342.8,37.724642031435245
2024-11-18T10:30:00+05:30,340,340,333.55,333.55,35.372033480404255
2024-11-18T10:35:00+05:30,339.8,339.8,339.8,339.8,38.17743193319758
2024-11-18T10:40:00+05:30,331,331,329.95,329.95,35.5577462609168
2024-11-18T10:45:00+05:30,333.05,333.05,320.15,320.15,33.12251449234985
2024-11-18T10:50:00+05:30,328,328,325.55,325.55,35.73430101891846
2024-11-18T10:55:00+05:30,329,344,329,344,43.808763554245054
2024-11-18T11:10:00+05:30,329.95,329.95,329.95,329.95,39.71644533484345
2024-11-18T11:15:00+05:30,329.95,329.95,329.95,329.95,39.71644533484345
2024-11-18T11:20:00+05:30,334.05,334.05,330.05,330.05,39.762893177609435
2024-11-18T11:25:00+05:30,336,346.95,336,346.95,47.1710484304259
2024-11-18T11:30:00+05:30,348,348,341.4,341.4,45.20487334180272
2024-11-18T11:40:00+05:30,344.05,344.05,344.05,344.05,46.354657334718155
2024-11-18T11:45:00+05:30,347.8,354.7,347.8,354.7,50.82090943675516
2024-11-18T12:05:00+05:30,364,364.5,364,364.5,54.569116253704884
2024-11-18T12:10:00+05:30,367,367,367,367,55.500853276444474
2024-11-18T12:15:00+05:30,370.95,370.95,370.95,370.95,57.00136237590221
2024-11-18T12:20:00+05:30,372,372,372,372,57.41246133552663
2024-11-18T12:25:00+05:30,402,402,402,402,67.09294985391786
2024-11-18T12:30:00+05:30,407,413,399,399,65.48980374352462
2024-11-18T12:35:00+05:30,408,408,393.75,393.75,62.667763847979536
2024-11-18T12:40:00+05:30,389.5,389.5,389.5,389.5,60.39877732000639
2024-11-18T12:45:00+05:30,396.05,405.45,396.05,405.45,65.45401662940492
2024-11-18T12:50:00+05:30,399.1,399.1,399.1,399.1,62.057563941997834
2024-11-18T12:55:00+05:30,383,383,383,383,54.35608286097841
2024-11-18T13:00:00+05:30,382.9,382.9,380,380,53.035320187574946
2024-11-18T13:05:00+05:30,381.5,381.5,381.5,381.5,53.64185726000591
2024-11-18T13:10:00+05:30,376.45,376.45,375.95,375.95,51.016530804497215
2024-11-18T13:15:00+05:30,376.45,376.45,376.45,376.45,51.24802145703414
2024-11-18T13:20:00+05:30,362.15,362.15,362.15,362.15,44.73631462760589
2024-11-18T13:25:00+05:30,360,365.1,358.45,365.1,46.25349979390638
2024-11-18T13:35:00+05:30,368.05,368.05,368.05,368.05,47.79690403053041
2024-11-18T13:40:00+05:30,379.55,379.55,366.6,366.6,47.081241833382414
2024-11-18T13:45:00+05:30,366.5,366.5,366.5,366.5,47.028943215511795
2024-11-18T13:50:00+05:30,373,373,373,373,50.8506561853894
2024-11-18T13:55:00+05:30,376.95,378.5,376.95,378.5,53.88258107396769
2024-11-18T14:10:00+05:30,371.65,371.65,371.65,371.65,49.76504265470509
2024-11-18T14:15:00+05:30,369.8,369.8,368.4,368.4,47.89497759328722
2024-11-18T14:20:00+05:30,362.1,362.1,359.55,359.55,43.140901340161044
2024-11-18T14:30:00+05:30,350.45,350.45,346.95,346.95,37.442500777966
2024-11-18T14:35:00+05:30,341.55,344.95,340.8,344.95,36.615747737163886
2024-11-18T14:40:00+05:30,345.8,345.8,345.8,345.8,37.249907867821044
2024-11-18T14:45:00+05:30,356.45,356.45,356.45,356.45,44.7135624984945
2024-11-18T14:55:00+05:30,363.55,363.55,362.45,362.45,48.434742544643505
2024-11-18T15:00:00+05:30,356.8,356.8,356.8,356.8,45.339993672509934
2024-11-18T15:10:00+05:30,349.8,356.8,349.8,356.8,45.339993672509934
2024-11-18T15:20:00+05:30,362.6,362.6,356.05,356.3,45.04459940031415
2024-11-18T15:25:00+05:30,355.8,359.1,355.4,357.5,45.954669234058166
2024-11-19T09:15:00+05:30,397.05,414.35,397.05,412,70.14006315515047
2024-11-19T09:20:00+05:30,406.9,433.25,406.9,433.25,74.8633974142077
2024-11-19T09:25:00+05:30,433,455.45,431,455.45,78.66102277628875
2024-11-19T09:30:00+05:30,440,463.5,440,462.5,79.70940844326113
2024-11-19T09:35:00+05:30,463,466.55,463,466.55,80.30794289174153
2024-11-19T09:40:00+05:30,465.15,468.1,451.5,468.1,80.54447965592608
2024-11-19T09:45:00+05:30,473.25,475.25,457,461.55,76.36979683059378
2024-11-19T09:50:00+05:30,445.25,460.5,436.95,459.95,75.34251131885328
2024-11-19T09:55:00+05:30,449.6,449.6,449.45,449.45,68.80182273944189
2024-11-19T10:00:00+05:30,454.45,460.25,454.45,457.55,70.90051646394873
2024-11-19T10:05:00+05:30,463.5,464.85,463.5,464.85,72.6839628646005
2024-11-19T10:10:00+05:30,468,475.85,464,464,72.12963176486626
2024-11-19T10:15:00+05:30,455.6,460,455.6,460,69.44551979591688
2024-11-19T10:20:00+05:30,462.25,468.35,462.25,468.35,71.80426736146379
2024-11-19T10:25:00+05:30,481.45,495,481.45,494.1,77.55793553837411
2024-11-19T10:30:00+05:30,498.2,502.95,492.75,493,76.83661254989673
2024-11-19T10:35:00+05:30,485.85,490.65,485.85,490.65,75.22694271482999
2024-11-19T10:40:00+05:30,492.95,495.8,481.2,481.2,68.96979826946347
2024-11-19T10:45:00+05:30,481.2,481.2,469.45,469.45,62.05799669191691
2024-11-19T10:50:00+05:30,467.1,471.75,467.1,471.75,62.84295772067389
2024-11-19T10:55:00+05:30,470.45,471.7,470.45,471.7,62.81253479268292
2024-11-19T11:00:00+05:30,485,485.85,479.7,479.7,65.67572640734923
2024-11-19T11:05:00+05:30,489.25,489.25,489.25,489.25,68.7671824063912
2024-11-19T11:10:00+05:30,488.95,488.95,487.15,487.15,67.33110430904094
2024-11-19T11:15:00+05:30,486.1,489.45,486.1,489.45,68.11644269093858
2024-11-19T11:20:00+05:30,488.9,488.9,488.9,488.9,67.69734665496614
2024-11-19T11:25:00+05:30,500,505.95,500,505.95,73.20179369037197
2024-11-19T11:30:00+05:30,507.5,511.55,505.25,510,74.32114516532008
2024-11-19T11:35:00+05:30,510.45,515.55,509.15,513.95,75.40037987885148
2024-11-19T11:40:00+05:30,517.65,517.65,511.45,515.15,75.73404171411963
2024-11-19T11:45:00+05:30,513,516.65,511.45,513.75,74.46504050253486
2024-11-19T11:50:00+05:30,513.75,513.75,510.65,510.65,71.60398402604142
2024-11-19T11:55:00+05:30,511,511,505.35,505.35,66.87328297747311
2024-11-19T12:00:00+05:30,500,503,500,503,64.82811772553781
2024-11-19T12:05:00+05:30,509.4,509.4,496.15,496.15,59.14960024049882
2024-11-19T12:10:00+05:30,490,503.9,490,503.9,63.0889436683413
2024-11-19T12:15:00+05:30,506,511.8,505.75,511.5,66.50057046935956
2024-11-19T12:20:00+05:30,504.35,504.35,504.35,504.35,60.80638796825013
2024-11-19T12:25:00+05:30,500.7,500.7,496.45,496.45,55.18395170046801
2024-11-19T12:30:00+05:30,497.85,502,497.85,502,58.114126236034046
2024-11-19T12:35:00+05:30,501.05,501.05,499.55,499.55,56.362239768046486
2024-11-19T12:40:00+05:30,499.8,499.8,494.45,494.45,52.79443434112441
2024-11-19T12:45:00+05:30,489.15,489.15,489.15,489.15,49.3017027342538
2024-11-19T12:50:00+05:30,498.7,498.7,498.7,498.7,55.06974156264186
2024-11-19T12:55:00+05:30,498.7,498.7,498.7,498.7,55.06974156264186
2024-11-19T13:00:00+05:30,501,502,501,502,57.0289934052984
2024-11-19T13:05:00+05:30,500.55,504.55,500.55,504.55,58.53371916510065
2024-11-19T13:10:00+05:30,506.95,508.6,506.95,508.6,60.87694483745982
2024-11-19T13:15:00+05:30,507.6,507.75,506,506,58.58802340016853
2024-11-19T13:20:00+05:30,504.45,506,501,501,54.35546831152899
2024-11-19T13:25:00+05:30,490.05,497.4,490.05,497.4,51.47220864452589
2024-11-19T13:30:00+05:30,500,504.7,500,504.25,56.229846081302654
2024-11-19T13:35:00+05:30,506.15,506.15,501.3,501.3,53.7843182318424
2024-11-19T13:40:00+05:30,505,505,501.9,501.9,54.22042357334372
2024-11-19T13:45:00+05:30,503.9,503.9,503.9,503.9,55.72034897496593
2024-11-19T13:50:00+05:30,507.7,507.7,505.95,506,57.30224141249939
2024-11-19T13:55:00+05:30,507,507,507,507,58.07041385788627
2024-11-19T14:05:00+05:30,488.4,488.4,484.35,484.35,40.35917848362345
2024-11-19T14:10:00+05:30,474.65,479,465.6,465.6,31.7313698522954
2024-11-19T14:15:00+05:30,474.5,478.95,474.5,478.95,41.34577014576602
2024-11-19T14:20:00+05:30,479.5,479.5,474.6,474.6,39.39872571723948
2024-11-19T14:25:00+05:30,470.45,470.45,460.45,460.45,33.819611458369096
2024-11-19T14:30:00+05:30,460.5,465.4,452.85,458.45,33.10602217216753
2024-11-19T14:35:00+05:30,454.45,454.75,454.45,454.75,31.77047324474573
2024-11-19T14:40:00+05:30,458.45,460.45,454.75,454.75,31.77047324474573
2024-11-19T14:45:00+05:30,459.9,459.9,459.9,459.9,35.942054241616106
2024-11-19T14:50:00+05:30,440,440,430.2,430.2,26.05027298813394
2024-11-19T14:55:00+05:30,422.25,422.25,405,405,20.815602303778206
2024-11-19T15:00:00+05:30,389.45,395,374.5,378.95,17.01035895927828
2024-11-19T15:05:00+05:30,390.15,390.15,384.75,384.75,20.495267487968334
2024-11-19T15:10:00+05:30,377.65,377.65,355.75,358,16.95830525997995
2024-11-19T15:15:00+05:30,353.75,362.3,353.75,362.3,19.367200546709896
2024-11-19T15:20:00+05:30,370.95,370.95,363.95,363.95,20.322321911521342
2024-11-19T15:25:00+05:30,358.3,364.15,358.15,363.5,20.251864758091628
2024-11-21T09:15:00+05:30,314,314,306.2,313,14.271914712115475
2024-11-21T09:20:00+05:30,298.95,314,298.95,308.45,13.874401562566447
2024-11-21T09:25:00+05:30,297,301.95,297,297.5,12.940286138262607
2024-11-21T09:30:00+05:30,296.95,296.95,275.35,275.35,11.285136064324377
2024-11-21T09:35:00+05:30,270,270,258.75,259.2,10.255176624854215
2024-11-21T09:40:00+05:30,256.3,268.5,254.5,268.5,15.062547824237242
2024-11-21T09:45:00+05:30,272,274.5,263.35,263.35,14.596265483558739
2024-11-21T09:50:00+05:30,265.95,266,264.45,264.45,15.200097341221749
2024-11-21T09:55:00+05:30,270,270.5,269.8,270.5,18.60861065906802
2024-11-21T10:00:00+05:30,265.05,274,261.85,274,20.597011074569636
2024-11-21T10:05:00+05:30,273.8,286.3,273.8,278.65,23.278715093767616
2024-11-21T10:10:00+05:30,272.5,283.45,272.5,283.45,26.054949116692015
2024-11-21T10:20:00+05:30,273.25,275.5,273.25,274.85,24.354508495245298
2024-11-21T10:25:00+05:30,277.7,277.7,277.7,277.7,26.076321189454546
2024-11-21T10:30:00+05:30,275,275,275,275,25.48451058684978
2024-11-21T10:35:00+05:30,271.45,273.05,269,270.15,24.41270744853334
2024-11-21T10:40:00+05:30,269.25,269.25,269.25,269.25,24.209235169228307
2024-11-21T10:45:00+05:30,271.1,271.1,271.1,271.1,25.58226400764876
2024-11-21T10:50:00+05:30,272.55,275.45,272.55,275.45,28.84635842741457
2024-11-21T10:55:00+05:30,275.25,275.25,273,273,28.098816093234987
2024-11-21T11:05:00+05:30,276.2,276.2,275.85,275.85,30.359652738258163
2024-11-21T11:15:00+05:30,278.3,279.4,278.3,279.4,33.17816367983043
2024-11-21T11:20:00+05:30,281.2,286.4,281.2,283,36.0066399658178
2024-11-21T11:30:00+05:30,280,280,280,280,34.68890472514077
2024-11-21T11:40:00+05:30,277.9,277.9,273.85,273.85,32.09573228306222
2024-11-21T11:45:00+05:30,276,277.45,276,277.45,35.151718224104314
2024-11-21T11:50:00+05:30,274.3,274.3,274.3,274.3,33.7216529127397
2024-11-21T11:55:00+05:30,277,277,276.85,276.85,35.991826459945784
2024-11-21T12:00:00+05:30,287.2,288,287.2,288,44.88182323420216
2024-11-21T12:05:00+05:30,281.8,281.8,281.8,281.8,41.43561538548431
2024-11-21T12:30:00+05:30,282.55,282.55,281.95,281.95,41.55254401023759
2024-11-21T12:35:00+05:30,283.4,283.4,282.2,282.2,41.761248957228524
2024-11-21T12:40:00+05:30,282.65,283.95,282.65,283.95,43.28785140852932
2024-11-21T12:45:00+05:30,284.2,284.2,284.2,284.2,43.5156383226816
2024-11-21T12:50:00+05:30,283.35,283.35,280.25,281.15,41.33437279418128
2024-11-21T13:00:00+05:30,268.2,274.6,268.2,274.35,36.894061648902166
2024-11-21T13:05:00+05:30,274.4,289.2,274.4,283.1,45.07094828204876
2024-11-21T13:10:00+05:30,284.05,284.05,284.05,284.05,45.89071406353259
2024-11-21T13:15:00+05:30,281.6,281.6,281.6,281.6,44.0642899862883
2024-11-21T13:20:00+05:30,286.2,286.2,286.2,286.2,48.230376155368845
2024-11-21T13:25:00+05:30,292,292,289.75,289.75,51.24814154918494
2024-11-21T13:30:00+05:30,289.6,289.85,288.3,288.75,50.35764506866129
2024-11-21T13:35:00+05:30,288.65,288.65,286.2,286.2,48.0641378727545
2024-11-21T13:45:00+05:30,284.15,284.15,284.15,284.15,46.24083536296235
2024-11-21T13:55:00+05:30,287.35,287.35,286,286.9,49.033909175724624
2024-11-21T14:00:00+05:30,286.6,286.6,286.6,286.6,48.73642980281
2024-11-21T14:05:00+05:30,283.4,283.4,283.4,283.4,45.56124280069479
2024-11-21T14:10:00+05:30,284,284,282.35,282.35,44.535944430710224
2024-11-21T14:20:00+05:30,278.85,278.85,278.85,278.85,41.207123505216636
2024-11-21T14:35:00+05:30,276.1,276.1,276.1,276.1,38.75598486186565
2024-11-21T14:40:00+05:30,273.7,273.7,273.7,273.7,36.70400871447807
2024-11-21T14:45:00+05:30,276.05,276.05,273.2,273.2,36.27312316737143
2024-11-21T14:50:00+05:30,271.8,271.8,271.8,271.8,35.03298993179375
2024-11-21T14:55:00+05:30,271.05,271.05,271.05,271.05,34.355355057810556
2024-11-21T15:00:00+05:30,268.25,274.2,268.25,270.5,33.83844491958689
2024-11-21T15:05:00+05:30,271.9,274.25,271.9,274.25,40.42062573197078
2024-11-21T15:10:00+05:30,275.45,275.45,275.45,275.45,42.395569140341514
2024-11-21T15:15:00+05:30,276.6,278,276.6,278,46.45722576682995
2024-11-21T15:20:00+05:30,279.25,279.25,279.25,279.25,48.3786838057224
2024-11-21T15:25:00+05:30,278.25,278.7,277.3,278.7,47.56977696150581
2024-11-22T09:15:00+05:30,299,307.6,297.1,297.1,67.2801709137279
2024-11-22T09:20:00+05:30,310,342.95,310,342.95,83.7120311040533
2024-11-22T09:25:00+05:30,348.15,362,343.85,350,84.96253432322544
2024-11-22T09:30:00+05:30,356.25,363.45,351.9,351.9,85.29030545782467
2024-11-22T09:35:00+05:30,351.95,351.95,351.95,351.95,85.29938643540736
2024-11-22T09:40:00+05:30,340.95,347.5,331,331,66.71490232104057
2024-11-22T09:45:00+05:30,326.35,326.35,319.05,319.05,58.83998956334462
2024-11-22T09:50:00+05:30,319.95,319.95,307,312.95,55.25458760286271
2024-11-22T09:55:00+05:30,323.4,330.55,323,330.55,62.37781481703998
2024-11-22T10:00:00+05:30,334.05,376.55,334.05,376.55,74.01931088537467
2024-11-22T10:05:00+05:30,385.05,397.3,379.75,397.3,77.41433330520687
2024-11-22T10:10:00+05:30,385.85,385.85,381.1,382.4,70.30942648538883
2024-11-22T10:15:00+05:30,381.15,383.85,376,377.65,68.16174567033983
2024-11-22T10:20:00+05:30,377.55,380.2,368.95,368.95,64.2882917438015
2024-11-22T10:25:00+05:30,360.05,362,355.15,357.9,59.65160721483433
2024-11-22T10:30:00+05:30,364.4,364.4,363.05,364.1,61.33656934388726
2024-11-22T10:35:00+05:30,365.55,365.55,365.55,365.55,61.73899097721659
2024-11-22T10:40:00+05:30,356.3,356.3,356.3,356.3,57.618922104624666
2024-11-22T10:45:00+05:30,346.85,346.85,332,334.7,49.33890625436884
2024-11-22T10:50:00+05:30,330,338.85,330,337.55,50.35267222436742
2024-11-22T10:55:00+05:30,345.85,346.6,345.85,346.6,53.5324812139401
2024-11-22T11:00:00+05:30,356.5,356.5,356.3,356.3,56.73128081341386
2024-11-22T11:10:00+05:30,349.35,354.2,346.95,352.4,55.089247565302635
2024-11-22T11:15:00+05:30,354.25,354.25,348.9,349.5,53.84130946036945
2024-11-22T11:20:00+05:30,352.75,352.75,341.15,341.15,50.30758383599618
2024-11-22T11:25:00+05:30,347.55,353.05,347.55,353.05,54.85506979936133
2024-11-22T11:30:00+05:30,356.2,358.15,356.2,358.15,56.68456725240714
2024-11-22T11:35:00+05:30,356.5,356.5,351.7,351.7,53.719535853014555
2024-11-22T11:40:00+05:30,376,376,369.3,369.3,59.8855305958549
2024-11-22T11:45:00+05:30,376.15,376.15,376.05,376.05,61.97780397413558
2024-11-22T11:50:00+05:30,377,392,374.6,392,66.43304243939059
2024-11-22T12:00:00+05:30,393.5,393.5,392.55,392.55,66.57847001719153
2024-11-22T12:05:00+05:30,430.5,447.4,429,433.05,75.12478143044999
2024-11-22T12:10:00+05:30,416.85,424.55,416.85,424.55,71.02007502523946
2024-11-22T12:15:00+05:30,430.4,430.4,410.5,410.5,64.72484004765496
2024-11-22T12:20:00+05:30,416.2,424,416.2,424,67.68851059116236
2024-11-22T12:25:00+05:30,426.55,426.55,426.55,426.55,68.23144760862166
2024-11-22T12:30:00+05:30,436.55,436.55,436.55,436.55,70.33648398457272
2024-11-22T12:35:00+05:30,430.25,430.25,425.5,425.5,65.19571384392809
2024-11-22T12:40:00+05:30,423.4,455.05,423.4,455.05,71.2477240228462
2024-11-22T12:45:00+05:30,447.85,450,444.85,444.85,66.92195890801548
2024-11-22T12:50:00+05:30,440,440,438.35,438.35,64.24507434840241
2024-11-22T12:55:00+05:30,438.45,439.45,435,439.45,64.50383985514549
2024-11-22T13:00:00+05:30,462,473.95,462,473.9,71.46819586792682
2024-11-22T13:05:00+05:30,466.9,466.9,460,460,65.85394704951273
2024-11-22T13:10:00+05:30,458.35,480.6,458.35,464.65,66.79371780800747
2024-11-22T13:15:00+05:30,467,477.8,467,477.8,69.36176305798445
2024-11-22T13:20:00+05:30,478.75,478.75,462.85,471.25,66.59895897704712
2024-11-22T13:25:00+05:30,471.9,471.9,465.05,465.05,64.00031289648008
2024-11-22T13:30:00+05:30,470.2,470.2,452.5,460,61.88229097752002
2024-11-22T13:35:00+05:30,460.2,472.75,460.2,472.75,65.02902199512104
2024-11-22T13:40:00+05:30,462.9,464.05,462.9,462.9,60.84973450164692
2024-11-22T13:45:00+05:30,469.35,481.65,469.35,478.8,64.78413822674253
2024-11-22T13:50:00+05:30,477.8,488.6,477.8,488.25,66.91241750074056
2024-11-22T13:55:00+05:30,485.55,519.3,483.9,515.95,72.21342027458932
2024-11-22T14:00:00+05:30,519,547,516.1,542.6,76.16921283952188
2024-11-22T14:05:00+05:30,540.8,577.3,538,573.95,79.81045785304414
2024-11-22T14:10:00+05:30,558.65,568.85,550.75,554.1,72.27974990230435
2024-11-22T14:15:00+05:30,551.8,585,541.8,585,76.06573387094151
2024-11-22T14:20:00+05:30,583.05,583.05,569.15,572.15,71.6812685392521
2024-11-22T14:25:00+05:30,562,563.4,560.75,560.75,67.93983140259351
2024-11-22T14:30:00+05:30,542.4,545,519.65,545,63.043890505195144
2024-11-22T14:35:00+05:30,563.05,563.05,553.95,555.45,64.85361624744645
2024-11-22T14:40:00+05:30,549,552,549,552,63.7437977944099
2024-11-22T14:45:00+05:30,547.55,580.8,547.55,580.8,68.5778536794868
2024-11-22T14:50:00+05:30,578.75,612,578.75,602.05,71.58796669514273
2024-11-22T14:55:00+05:30,602.2,606.35,593.15,593.15,68.62291759610858
2024-11-22T15:00:00+05:30,596.2,596.2,580.6,581.05,64.69942932166222
2024-11-22T15:05:00+05:30,591.55,595,591.55,595,67.03920578921759
2024-11-22T15:10:00+05:30,589.4,589.4,575,575,60.81552156437033
2024-11-22T15:15:00+05:30,562.2,562.2,544,546.05,53.127086597500586
2024-11-22T15:20:00+05:30,547.4,547.4,534,546,53.114597141538816
2024-11-22T15:25:00+05:30,558.7,558.7,550.05,550.2,54.090912564527386
2024-11-25T09:15:00+05:30,760.75,850.5,760.75,830.4,81.60755620531926
2024-11-25T09:20:00+05:30,832.95,832.95,801.55,821.65,79.99511141869709
2024-11-25T09:25:00+05:30,851.2,865.3,832.95,865.3,81.91483153840629
2024-11-25T09:30:00+05:30,872.25,872.25,851.4,851.4,79.30497027226922
2024-11-25T09:35:00+05:30,835.05,853.25,830.25,853.25,79.39904734487595
2024-11-25T09:40:00+05:30,852.45,852.45,852.45,852.45,79.23131471944697
2024-11-25T09:45:00+05:30,844.5,844.5,836.9,836.9,75.87601103372336
2024-11-25T09:50:00+05:30,832.55,832.55,825.1,825.1,73.3379614478563
2024-11-25T09:55:00+05:30,814.2,814.2,809.5,810.4,70.18818567131792
2024-11-25T10:00:00+05:30,829.8,830.65,826.2,826.2,71.60004953592083
2024-11-25T10:05:00+05:30,828.25,828.25,822.65,822.65,70.7888545645489
2024-11-25T10:10:00+05:30,821.3,821.3,818.7,818.7,69.84071120832874
2024-11-25T10:15:00+05:30,819.35,834.75,819.35,834.75,71.51048195430923
2024-11-25T10:20:00+05:30,844.3,844.3,844.3,844.3,72.48657979368969
2024-11-25T10:25:00+05:30,844.85,849.1,844.85,849.1,72.98753060700079
2024-11-25T10:30:00+05:30,850.7,859.7,850.7,859.7,74.10865654893999
2024-11-25T10:40:00+05:30,846.6,846.6,846.6,846.6,70.22930956201294
2024-11-25T10:45:00+05:30,854.7,858.8,854.7,858.8,71.71432007217834
2024-11-25T10:50:00+05:30,859.25,859.25,859.25,859.25,71.77025523910575
2024-11-25T11:00:00+05:30,867,867,867,867,72.76900280370519
2024-11-25T11:05:00+05:30,876.15,876.15,872,875,73.7994646468915
2024-11-25T11:15:00+05:30,879,879,879,879,74.32267087496832
2024-11-25T11:25:00+05:30,865.9,865.9,865.9,865.9,69.43252634489315
2024-11-25T11:30:00+05:30,863.35,863.35,863.35,863.35,68.487883369261
2024-11-25T11:40:00+05:30,839.95,846.8,839.95,846.8,62.540716987518906
2024-11-25T11:45:00+05:30,842,842,842,842,60.88926852966646
2024-11-25T12:25:00+05:30,838.05,838.05,838.05,838.05,59.49695372906091
2024-11-25T12:30:00+05:30,835.55,835.55,835.55,835.55,58.583887114160724
2024-11-25T12:55:00+05:30,714.3,728.65,714.3,728.65,34.32598884685646
2024-11-25T13:00:00+05:30,713,713,713,713,32.22243032204136
2024-11-25T13:10:00+05:30,750.45,750.45,748.95,748.95,41.1448964278037
2024-11-25T13:15:00+05:30,745.25,754.3,745.25,752.1,41.86703038224729
2024-11-25T13:25:00+05:30,775.2,779.75,775.2,779.75,47.90883869419614
2024-11-25T13:30:00+05:30,772.8,774.9,772.8,774.9,46.98637837883021
2024-11-25T13:35:00+05:30,768.35,768.35,755.45,755.45,43.37913468402038
2024-11-25T13:40:00+05:30,754.45,754.65,751.4,754.65,43.23211851761782
2024-11-25T13:50:00+05:30,733.95,733.95,733.95,733.95,39.501641299128494
2024-11-25T13:55:00+05:30,747.6,747.6,747.6,747.6,42.99480773287454
2024-11-25T14:00:00+05:30,746.1,759.4,745.65,759.4,45.902744494969205
2024-11-25T14:05:00+05:30,753.6,770.05,753.6,770.05,48.45827896300576
2024-11-25T14:10:00+05:30,771.7,776.75,771.7,776.05,49.89436161489187
2024-11-25T14:15:00+05:30,770.05,770.05,767.95,767.95,47.95193290008612
2024-11-25T14:20:00+05:30,747.7,747.7,747.7,747.7,43.40272951491119
2024-11-25T14:25:00+05:30,776.55,776.55,776.55,776.55,50.59412689684063
2024-11-25T14:45:00+05:30,822.45,822.45,822.45,822.45,59.42707485701281
2024-11-25T14:55:00+05:30,813.3,813.3,813.3,813.3,57.230491636148635
2024-11-25T15:10:00+05:30,794.5,794.5,794.5,794.5,52.90365568286816
2024-11-25T15:15:00+05:30,806,806,806,806,55.137981176123816
2024-11-25T15:20:00+05:30,813.75,833.2,813.75,831.6,59.719229380209356
2024-11-25T15:25:00+05:30,836.2,836.2,836.2,836.2,60.49979057442785
2024-11-26T09:15:00+05:30,836.2,836.2,836.2,836.2,60.49979057442785
2024-11-26T09:20:00+05:30,844.65,867.35,844.65,864.35,65.27547318930225
2024-11-26T09:25:00+05:30,832.45,832.45,832.45,832.45,56.88256963256222
2024-11-26T09:50:00+05:30,803.65,803.65,799.95,799.95,49.850132162969366
2024-11-26T10:00:00+05:30,776.9,776.9,776.9,776.9,45.54904539579696
2024-11-26T10:05:00+05:30,795.25,795.25,795.25,795.25,49.29941992261444
2024-11-26T10:15:00+05:30,747.5,747.5,747.5,747.5,41.32338537585349
2024-11-26T10:25:00+05:30,750.25,752,750.25,752,42.2712819461173
2024-11-26T10:35:00+05:30,741.4,750,741.4,750,41.94694353153216
2024-11-26T11:00:00+05:30,771,771,771,771,46.581602751868786
2024-11-26T11:20:00+05:30,753.65,753.65,753.65,753.65,43.492236983357216
2024-11-26T11:35:00+05:30,778.35,780.1,778.35,780.1,49.04089058236961
2024-11-26T11:45:00+05:30,780.5,780.9,780.5,780.9,49.20335696240865
2024-11-26T11:55:00+05:30,765,765,765,765,46.0602457633372
2024-11-26T12:00:00+05:30,765,765.4,765,765.4,46.1534360307326
2024-11-26T12:20:00+05:30,721.5,725.15,721.5,725.15,38.87521874455706
2024-11-26T12:25:00+05:30,725.55,725.55,725.55,725.55,38.97820629709859
2024-11-26T12:30:00+05:30,709.05,709.05,709.05,709.05,36.263948203687725
2024-11-26T12:45:00+05:30,735,735,735,735,42.98803627484892
2024-11-26T12:55:00+05:30,759.15,759.15,759.15,759.15,48.43968942509657
2024-11-26T13:15:00+05:30,757.9,757.9,752.3,752.3,47.06495753332367
2024-11-26T13:30:00+05:30,730.15,730.15,730.15,730.15,42.83192067713865
2024-11-26T13:40:00+05:30,712.1,712.1,712.1,712.1,39.69851384188538
2024-11-26T13:55:00+05:30,762.9,762.9,762.9,762.9,50.64245968516215
2024-11-26T14:05:00+05:30,767.55,767.55,767.55,767.55,51.50996538648675
2024-11-26T14:55:00+05:30,825,825,825,825,60.7002743320415
2024-11-26T15:00:00+05:30,780,780,780,780,52.33339192866053
2024-11-26T15:15:00+05:30,780.15,780.15,777,777,51.820567622336156
2024-11-26T15:20:00+05:30,766.95,766.95,766.95,766.95,50.05113850968716
2024-11-27T09:20:00+05:30,750,750,750,750,47.128323571052285
2024-11-27T09:25:00+05:30,756,756,756,756,48.279692971376164
2024-11-27T09:30:00+05:30,731.35,737.2,731.35,737.2,44.97483738913481
2024-11-27T11:00:00+05:30,747.35,747.35,747.35,747.35,47.08100276544454
2024-11-27T12:20:00+05:30,770.6,811,770.6,811,57.950491312855874
2024-11-27T12:30:00+05:30,810.6,810.6,810.6,810.6,57.87004658221795
2024-11-27T12:35:00+05:30,849.3,849.3,849.3,849.3,63.19357710311679
2024-11-27T12:50:00+05:30,840,840,840,840,61.19250084717171
2024-11-27T13:10:00+05:30,848.3,856.95,848.3,851.2,62.7234005672973
2024-11-27T13:35:00+05:30,855,855,855,855,63.25306698938091
2024-11-27T13:45:00+05:30,873.85,873.85,868.7,868.7,65.17433196171004
2024-11-27T13:50:00+05:30,880.65,880.65,880.65,880.65,66.80466111801282
2024-11-27T13:55:00+05:30,875,875.45,875,875.45,65.37056519529057
2024-11-27T14:00:00+05:30,847.8,847.8,847.8,847.8,58.21442964967858
2024-11-27T14:05:00+05:30,857.8,857.8,857.8,857.8,59.923181899023085
2024-11-27T14:15:00+05:30,820,820,820,820,51.371500724023754
2024-11-27T14:25:00+05:30,850.25,850.25,850.25,850.25,56.69735546703956
2024-11-27T14:30:00+05:30,846.75,846.75,846.75,846.75,55.934043597644774
2024-11-27T15:00:00+05:30,823.9,823.9,823.9,823.9,51.09743283476417
2024-11-27T15:15:00+05:30,821.65,821.65,819.15,819.15,50.12708057451606
2024-11-28T10:00:00+05:30,845,845,845,845,55.12186513776379
2024-11-28T10:05:00+05:30,840.3,840.3,840.3,840.3,54.0617235999219
2024-11-28T10:25:00+05:30,852.2,852.2,836.8,836.8,53.240545584415194
2024-11-28T10:30:00+05:30,765.35,765.35,765.35,765.35,39.912298452920474
2024-11-28T10:35:00+05:30,736.6,736.6,715.75,715.75,33.62020671881723
2024-11-28T10:40:00+05:30,713.2,713.2,670.85,687.25,30.63199442338606
2024-11-28T10:45:00+05:30,712.45,712.45,678,678,29.709037963611777
2024-11-28T10:50:00+05:30,671,690.6,671,690.6,32.684369418993555
2024-11-28T11:05:00+05:30,681.2,681.2,681.2,681.2,31.60940478527874
2024-11-28T11:15:00+05:30,670.85,670.85,661.95,661.95,29.471704187125013
2024-11-28T11:20:00+05:30,660,662,651,651,28.2993078756065
2024-11-28T11:25:00+05:30,653,653,653,653,28.85599104074457
2024-11-28T11:30:00+05:30,652.95,652.95,652.95,652.95,28.849960522229523
2024-11-28T11:40:00+05:30,661.65,661.65,661.65,661.65,31.531257650701193
2024-11-28T12:00:00+05:30,657.9,657.9,657.9,657.9,30.989161502421
2024-11-28T12:10:00+05:30,668.95,668.95,668.95,668.95,34.55940596995502
2024-11-28T12:25:00+05:30,674.05,674.05,674.05,674.05,36.19997342412939
2024-11-28T12:35:00+05:30,645,645,625.7,625.7,28.822745635379306
2024-11-28T12:40:00+05:30,630.65,636.95,630.65,634,31.40697579151481
2024-11-28T12:50:00+05:30,640,640,640,640,33.29245926581581
2024-11-28T12:55:00+05:30,640,640,629.65,629.65,31.675000589997595
2024-11-28T13:00:00+05:30,622.85,622.85,614.75,614.75,29.456312285136946
2024-11-28T13:05:00+05:30,619.9,619.9,619.9,619.9,31.24883781772597
2024-11-28T13:10:00+05:30,612,612,604.6,604.6,28.899395258484603
2024-11-28T13:15:00+05:30,606.4,606.4,598,598,27.92407565029822
2024-11-28T13:20:00+05:30,602.35,616,602.25,611.95,33.065936807316604
2024-11-28T13:25:00+05:30,614,622.85,614,622.85,36.85643419627565
2024-11-28T13:35:00+05:30,624.95,624.95,617.1,618.95,36.06936963635272
2024-11-28T13:40:00+05:30,624.9,624.9,624.35,624.35,38.04227538357148
2024-11-28T13:45:00+05:30,617.1,617.1,612.15,612.15,35.38539414009938
2024-11-28T13:55:00+05:30,633.6,638,633.6,638,44.26721136588887
2024-11-28T14:00:00+05:30,657.7,657.7,657.7,657.7,49.91722947683079
2024-11-28T14:10:00+05:30,652.25,652.25,548,597.8,37.476553255647374
2024-11-28T14:15:00+05:30,581.6,581.6,570.4,570.4,33.37857432480145
2024-11-28T14:20:00+05:30,570,575.45,570,575.45,34.79379607985362
2024-11-28T14:25:00+05:30,591,614.55,591,606.95,42.93656883112235
2024-11-28T14:30:00+05:30,608,630,602.8,620.7,46.10062341241307
2024-11-28T14:35:00+05:30,613.25,613.35,600,605.45,43.23713875654522
2024-11-28T14:40:00+05:30,602.95,602.95,590,590,40.49296880641762
2024-11-28T14:45:00+05:30,592,592,586.6,586.6,39.8929221448446
2024-11-28T14:55:00+05:30,592,592,591,591,41.109141013204194
2024-11-28T15:00:00+05:30,566.65,566.65,566.65,566.65,36.6852122022091
2024-11-28T15:05:00+05:30,564,564.1,564,564.1,36.245318698289005
2024-11-28T15:10:00+05:30,571,574,571,574,39.28902950288196
2024-11-28T15:15:00+05:30,575.45,589,575.45,589,43.67657010638583
2024-11-28T15:20:00+05:30,601.35,601.35,601.35,601.35,47.06836560328543
2024-11-28T15:25:00+05:30,611.85,611.85,605.2,605.2,48.11728404969934
2024-11-29T09:15:00+05:30,619.95,619.95,595.35,604.75,47.99755982175826
2024-11-29T09:20:00+05:30,616.25,616.25,608,608,48.984829529954666
2024-11-29T09:25:00+05:30,597,627.5,591.2,627.5,54.55917899793549
2024-11-29T09:30:00+05:30,638,641,630.5,641,57.98221775486989
2024-11-29T09:35:00+05:30,652,652,636.45,636.45,56.43906897590918
2024-11-29T09:40:00+05:30,635,635,618,627.85,53.53870452626841
2024-11-29T09:50:00+05:30,648.15,648.15,648.15,648.15,58.90685174138723
2024-11-29T09:55:00+05:30,646,646,646,646,58.1406553008442
2024-11-29T10:05:00+05:30,631.05,631.05,625,625,51.14337573228102
2024-11-29T10:10:00+05:30,652.45,652.45,613.65,613.65,47.79529659438992
2024-11-29T10:15:00+05:30,607.9,615.4,607.9,615.4,48.3566643717375
2024-11-29T10:20:00+05:30,615,615,615,615,48.22900497855976
2024-11-29T10:25:00+05:30,613.1,645,613.1,645,57.327861118675415
2024-11-29T10:30:00+05:30,646,695.75,637.6,693.9,67.3888149325787
2024-11-29T10:35:00+05:30,683.35,698.75,683.35,695.05,67.58238999206434
2024-11-29T10:40:00+05:30,695.15,706.3,690.7,690.7,65.98681906738554
2024-11-29T10:45:00+05:30,691,703.5,682.2,701.15,67.94473336646892
2024-11-29T10:50:00+05:30,698.8,702.1,698.8,702.1,68.12437094458332
2024-11-29T10:55:00+05:30,689.2,693.55,676.3,693.55,64.61477724424952
2024-11-29T11:00:00+05:30,704.2,704.2,701.2,701.2,66.28823895671204
2024-11-29T11:05:00+05:30,699.9,699.9,691.95,691.95,62.44283941084361
2024-11-29T11:10:00+05:30,693.3,693.3,693.3,693.3,62.782177545408864
2024-11-29T11:15:00+05:30,695.85,695.85,695.85,695.85,63.4538729421793
2024-11-29T11:20:00+05:30,689.55,689.55,689.55,689.55,60.54653345014043
2024-11-29T11:25:00+05:30,696.2,696.2,696.2,696.2,62.49969511122971
2024-11-29T11:30:00+05:30,703.6,703.6,696.25,696.25,62.51472122974878
2024-11-29T11:35:00+05:30,686.55,686.55,680.1,680.1,54.867334093874305
2024-11-29T11:40:00+05:30,669.6,669.6,658,658,46.48691179307337
2024-11-29T11:50:00+05:30,653,656.45,653,656.45,45.95672944194289
2024-11-29T12:00:00+05:30,661,661,661,661,47.83742280859306
2024-11-29T12:10:00+05:30,685,685,685,685,56.446952806118155
2024-11-29T12:15:00+05:30,684.4,684.4,677.95,677.95,53.645911026022844
2024-11-29T12:20:00+05:30,671.4,671.4,664.8,670.8,50.88790467600653
2024-11-29T12:25:00+05:30,670.95,676.1,670.95,676.1,52.82403223154861
2024-11-29T12:30:00+05:30,682.35,682.35,671.6,671.6,50.98614440200803
2024-11-29T12:35:00+05:30,674.45,674.45,672.2,672.2,51.229793867952594
2024-11-29T12:40:00+05:30,670.5,670.5,670.5,670.5,50.46434950219579
2024-11-29T12:50:00+05:30,669.7,669.7,668.05,668.05,49.320624961769134
2024-11-29T12:55:00+05:30,670,683.9,670,683.9,56.2316820776142
2024-11-29T13:00:00+05:30,685.3,685.3,685.3,685.3,56.79216092999605
2024-11-29T13:05:00+05:30,673.4,673.4,673.4,673.4,50.83344690818137
2024-11-29T13:15:00+05:30,684.4,684.4,684.4,684.4,55.48308951525401
2024-11-29T13:20:00+05:30,711.35,711.35,711.35,711.35,64.3727123925132
2024-11-29T13:25:00+05:30,711,711,711,711,64.1934278503871
2024-11-29T13:45:00+05:30,709.95,709.95,709.95,709.95,63.62096510559133
2024-11-29T13:50:00+05:30,707.45,711.15,707.45,711.15,64.01591657753224
2024-11-29T13:55:00+05:30,708.75,708.75,708.75,708.75,62.55321122094541
2024-11-29T14:10:00+05:30,692.85,692.85,692.85,692.85,53.78518019870478
2024-11-29T14:15:00+05:30,677.05,677.05,677.05,677.05,46.76963966528345
2024-11-29T14:25:00+05:30,702.15,702.15,702.15,702.15,56.48097562656441
2024-11-29T14:35:00+05:30,718.85,718.85,718.3,718.5,61.41868291462053
2024-11-29T14:40:00+05:30,750.8,750.8,745.9,745.9,67.97616382432292
2024-11-29T14:45:00+05:30,722.75,722.75,722.75,722.75,58.87174895596235
2024-11-29T15:00:00+05:30,712.15,712.15,712.15,712.15,55.224489565274254
2024-11-29T15:05:00+05:30,712.6,712.6,706.75,706.75,53.40919008492817
2024-11-29T15:10:00+05:30,707.55,707.55,701.75,705.1,52.83766531134468
2024-11-29T15:15:00+05:30,702.9,702.9,702.9,702.9,52.03808191284686
2024-11-29T15:20:00+05:30,705.45,705.45,705.45,705.45,52.92726614638632
2024-11-29T15:25:00+05:30,711.55,711.55,711.05,711.05,54.90451268866492
2024-12-02T09:15:00+05:30,704.2,704.2,618.2,632.65,33.615854846510814
2024-12-02T09:20:00+05:30,630.35,630.35,630.35,630.35,33.20904349358263
2024-12-02T09:25:00+05:30,617,617,611.05,612.5,30.158649976990674
2024-12-02T09:35:00+05:30,659.7,659.7,659.7,659.7,44.63933909658402
2024-12-02T09:45:00+05:30,688.55,701.45,688.55,694,52.368122085985064
2024-12-02T10:05:00+05:30,699.8,699.8,699.8,699.8,53.54904898215194
2024-12-02T10:10:00+05:30,689.55,689.55,668.85,668.85,46.87103671445886
2024-12-02T10:15:00+05:30,720.5,738.55,720.5,738.55,59.20841407998859
2024-12-02T10:20:00+05:30,719.7,722.55,719.7,722.55,55.9939785362038
2024-12-02T10:30:00+05:30,728.7,728.7,728.7,728.7,56.96118984568387
2024-12-02T10:35:00+05:30,701.1,701.1,687.6,687.6,49.18149789204114
2024-12-02T10:40:00+05:30,670.55,670.55,670.55,670.55,46.35316830121106
2024-12-02T11:20:00+05:30,713.6,713.6,713.6,713.6,53.60767461811929
2024-12-02T11:30:00+05:30,710.8,710.8,710,710,52.96269221442369
2024-12-02T11:35:00+05:30,707,707,705.95,705.95,52.201764699943745
2024-12-02T11:45:00+05:30,721.4,721.4,721.4,721.4,54.86578350754648
2024-12-02T12:00:00+05:30,700,700,700,700,50.6545093998128
2024-12-02T12:10:00+05:30,715,715,712,712,52.840427760193926
2024-12-02T12:30:00+05:30,750,750,750,750,59.029737871466196
2024-12-02T13:05:00+05:30,737.6,737.6,737.6,737.6,56.4272767559816
2024-12-02T13:10:00+05:30,735.85,735.85,722,722,53.2467842574043
2024-12-02T13:15:00+05:30,730.3,730.3,730.3,730.3,54.70946946662443
2024-12-02T13:25:00+05:30,718.65,718.65,718.65,718.65,52.23906918298295
2024-12-02T13:45:00+05:30,735,735,735,735,55.290352838714114
2024-12-02T14:00:00+05:30,789.75,789.75,789.75,789.75,63.66217163498855
2024-12-02T14:05:00+05:30,812.5,812.5,812.5,812.5,66.47157256857085
2024-12-02T14:25:00+05:30,820.05,820.05,816.95,816.95,67.00887057601079
2024-12-02T14:30:00+05:30,814.9,814.9,814.9,814.9,66.48033553963154
2024-12-02T14:45:00+05:30,840,840,839.15,839.15,69.54089734178935
2024-12-02T14:50:00+05:30,828.25,828.25,811.7,811.7,62.57585771834535
2024-12-02T15:00:00+05:30,814.8,829.15,814.8,829.15,64.97729243472153
2024-12-02T15:05:00+05:30,807.35,810.05,807.35,810.05,60.40812664769377
2024-12-02T15:10:00+05:30,817.3,818,810.45,810.45,60.47081753914828
2024-12-02T15:15:00+05:30,810.1,810.4,798.8,801.95,58.35621322392241
2024-12-02T15:20:00+05:30,804.45,804.45,804.45,804.45,58.81241333439176
2024-12-02T15:25:00+05:30,801.8,807.2,801.8,807.2,59.3400672874134
2024-12-03T09:20:00+05:30,815,815.15,807.3,807.3,59.36045571200259
2024-12-03T09:25:00+05:30,782.1,798.7,782.1,798.7,56.726049812820804
2024-12-03T09:30:00+05:30,784.6,784.6,784.6,784.6,52.60403219623611
2024-12-03T09:45:00+05:30,802.8,814.7,802.8,814.7,59.3884011157656
2024-12-03T09:50:00+05:30,816,817.8,814.9,814.9,59.429955966114946
2024-12-03T09:55:00+05:30,813.75,816.4,813.75,816.4,59.76249955223155
2024-12-03T10:00:00+05:30,821.95,824.55,820.65,820.65,60.744310920323585
2024-12-03T10:15:00+05:30,830,834.1,830,834.1,63.75818458474009
2024-12-03T10:20:00+05:30,848,857.8,848,857.8,68.36685411483077
2024-12-03T10:25:00+05:30,865,865,865,865,69.63035115159472
2024-12-03T10:45:00+05:30,886.2,886.65,882.05,886.65,73.10856237053328
2024-12-03T10:50:00+05:30,886.65,886.65,876.7,876.7,69.18673151574485
2024-12-03T10:55:00+05:30,883,883.3,883,883.3,70.32392058829782
2024-12-03T11:00:00+05:30,892,892,892,892,71.80127399476716
2024-12-03T11:40:00+05:30,897,897,897,897,72.64414968274754
2024-12-03T11:50:00+05:30,890.5,890.5,890.5,890.5,69.7263272105601
2024-12-03T11:55:00+05:30,883,883,883,883,66.41169479202557
2024-12-03T12:00:00+05:30,902,902,902,902,70.26775108173322
2024-12-03T12:10:00+05:30,880.8,889.45,880.8,882.35,62.30160694969599
2024-12-03T12:15:00+05:30,889.35,889.35,887.65,887.65,63.50343435465082
2024-12-03T12:25:00+05:30,865,865,865,865,55.37821265765103
2024-12-03T13:35:00+05:30,917.75,917.75,917.75,917.75,66.21878502036569
2024-12-03T14:10:00+05:30,932,932,932,932,68.44875413145736
2024-12-03T14:20:00+05:30,927.3,934.4,927.3,934.4,68.82204916382221
2024-12-03T14:30:00+05:30,924.8,924.8,924.8,924.8,65.4845642280536
2024-12-03T14:35:00+05:30,907.7,908.65,907.7,908.65,60.19591557449777
2024-12-03T14:40:00+05:30,919.55,919.55,919.55,919.55,62.40289763831892
2024-12-03T14:50:00+05:30,913.6,923.3,913.6,923.3,63.15970221560392
2024-12-03T15:25:00+05:30,894.1,894.1,894.1,894.1,54.038197326702125
2024-12-04T09:30:00+05:30,943.05,965,943.05,965,66.63721711041848
2024-12-04T09:35:00+05:30,959.4,969.5,959.4,969.5,67.25082513166186
2024-12-04T09:40:00+05:30,968.2,968.2,961.85,961.85,65.06015270496857
2024-12-04T09:45:00+05:30,980.3,980.3,980.3,980.3,67.7856677109971
2024-12-04T09:50:00+05:30,972.2,978.95,972.2,974,65.89544984228047
2024-12-04T09:55:00+05:30,980.8,980.8,958.35,958.35,61.32097235550483
2024-12-04T10:05:00+05:30,973.25,973.25,973.25,973.25,63.89111239174087
2024-12-04T10:30:00+05:30,956.55,956.55,956.55,956.55,59.14726415886336
2024-12-04T10:50:00+05:30,966.45,966.45,966.45,966.45,60.99611392603593
2024-12-04T11:00:00+05:30,950.95,950.95,950.95,950.95,56.671694011557186
2024-12-04T11:55:00+05:30,890.6,890.6,819,837.6,36.36666310867879
2024-12-04T12:00:00+05:30,840.5,840.5,836,836,36.169663632352645
2024-12-04T12:05:00+05:30,859.95,886.3,859.95,886.3,46.06181267840083
2024-12-04T12:25:00+05:30,897,897,897,897,47.91111969006604
2024-12-04T12:30:00+05:30,914.8,914.8,914.8,914.8,50.92544386958452
2024-12-04T12:35:00+05:30,908,908,900,900.75,48.537818452464926
2024-12-04T13:20:00+05:30,904.4,904.4,901.65,901.65,48.70372672954608
2024-12-04T13:55:00+05:30,961.15,961.15,961.15,961.15,58.27976272935489
2024-12-04T14:00:00+05:30,964.8,964.8,964.8,964.8,58.78802048358739
2024-12-04T14:25:00+05:30,902.9,902.9,902.9,902.9,48.088567964975844
2024-12-04T15:25:00+05:30,908.55,908.55,908.55,908.55,49.000951159951434
2024-12-05T09:45:00+05:30,891.55,891.55,882,882,44.9986098102374
2024-12-05T09:50:00+05:30,870,870,870,870,43.27801597533145
2024-12-05T10:00:00+05:30,895.3,895.3,892.65,892.65,47.36869188764917
2024-12-05T11:05:00+05:30,835.4,840,835.4,840,40.12480800422441
2024-12-05T12:05:00+05:30,918.25,918.25,918.25,918.25,51.89842795307711
2024-12-05T12:10:00+05:30,1023.55,1023.55,1023.55,1023.55,62.565855741913104
2024-12-05T12:15:00+05:30,1031.4,1031.4,1031.4,1031.4,63.22068792021026
2024-12-05T12:30:00+05:30,1033.05,1033.05,1033.05,1033.05,63.36574816305652
2024-12-05T12:35:00+05:30,1047.1,1047.1,1046,1046,64.54759450109776
2024-12-05T12:40:00+05:30,1020.8,1020.8,1020.8,1020.8,60.46009274663819
2024-12-05T12:45:00+05:30,1015.3,1015.3,1015.3,1015.3,59.573392046845974
2024-12-05T12:55:00+05:30,1017.5,1017.5,1017.5,1017.5,59.82718826501094
2024-12-05T13:45:00+05:30,1056.1,1058.85,1056.1,1058.85,64.3565322967769
2024-12-05T13:50:00+05:30,1077.4,1077.4,1076.4,1076.4,66.1033445091278
2024-12-05T13:55:00+05:30,1067.75,1077.45,1067.75,1069.35,64.73096250531032
2024-12-05T14:00:00+05:30,1089.7,1089.7,1089.7,1089.7,66.86914238825526
2024-12-05T14:30:00+05:30,1227.45,1227.45,1223.85,1223.85,76.83787551468022
2024-12-05T14:35:00+05:30,1239.55,1239.55,1239.55,1239.55,77.68415588877633
2024-12-05T14:40:00+05:30,1169.95,1202.7,1169.95,1202.7,71.11624546016864
2024-12-05T14:45:00+05:30,1199.9,1201.55,1199.9,1201.55,70.91474485884497
2024-12-05T14:50:00+05:30,1176.25,1176.25,1106.3,1106.3,56.60809643734368
2024-12-05T15:00:00+05:30,1037.9,1037.9,1037.9,1037.9,48.968141724954435
2024-12-05T15:05:00+05:30,1066.55,1084.1,1056.9,1084.1,53.530130794966496
2024-12-05T15:15:00+05:30,1111,1111,1111,1111,55.99669885720703
2024-12-05T15:20:00+05:30,1110.45,1110.45,1110.45,1110.45,55.931329849566616
2024-12-05T15:25:00+05:30,1110.3,1110.3,1110.3,1110.3,55.912159546151194
2024-12-06T09:15:00+05:30,1119.55,1119.55,1116.3,1116.3,56.55362323873821
2024-12-06T09:25:00+05:30,1116.3,1130.45,1116.3,1130.45,58.10186170142606
2024-12-06T09:35:00+05:30,1108.3,1108.3,1108.3,1108.3,54.809252828865475
2024-12-06T09:40:00+05:30,1111.55,1111.55,1111.55,1111.55,55.210324809439825
2024-12-06T09:50:00+05:30,1127.1,1127.1,1124.35,1124.35,56.83517771013668
2024-12-06T09:55:00+05:30,1121.25,1121.25,1119.15,1119.15,55.94721914808603
2024-12-06T10:00:00+05:30,1105.15,1105.15,1105.15,1105.15,53.52271469938663
2024-12-06T10:05:00+05:30,1070.55,1070.55,1070.55,1070.55,47.987832737728404
2024-12-06T10:10:00+05:30,1053,1053,1053,1053,45.42203440958981
2024-12-06T10:15:00+05:30,1059.2,1059.2,1038.15,1038.15,43.311795690117016
2024-12-06T10:20:00+05:30,1063.4,1112.15,1063.4,1112.15,54.62470731038473
2024-12-06T10:25:00+05:30,1132.75,1132.75,1119.5,1119.5,55.57305683118621
2024-12-06T10:30:00+05:30,1104.75,1104.75,1097.2,1104.65,53.155796539079645
2024-12-06T10:35:00+05:30,1102.2,1102.2,1089.65,1089.65,50.75430265038401
2024-12-06T10:45:00+05:30,1106.25,1106.25,1106.25,1106.25,53.270383457869784
2024-12-06T11:05:00+05:30,1165.35,1165.35,1120.4,1120.4,55.36389619424601
2024-12-06T11:45:00+05:30,1075.5,1075.5,1075.5,1075.5,48.013344538123036
2024-12-06T12:45:00+05:30,1107.2,1107.2,1107.2,1107.2,52.780031041619836
2024-12-06T14:30:00+05:30,1077.35,1077.35,1077.35,1077.35,48.28997795605009
2024-12-06T14:35:00+05:30,1081.5,1081.5,1081.5,1081.5,48.940329664490925
2024-12-06T15:05:00+05:30,1084.45,1084.45,1084.45,1084.45,49.427239808684526
2024-12-06T15:20:00+05:30,1098.95,1098.95,1098.95,1098.95,51.857379356803136
2024-12-06T15:25:00+05:30,1092.95,1092.95,1092.95,1092.95,50.77022410621821
2024-12-09T11:30:00+05:30,1074.7,1095,1074.7,1095,51.14706580200027
2024-12-09T11:35:00+05:30,1057.9,1058.3,1057.9,1058.3,44.56949290229994
2024-12-09T12:10:00+05:30,1039.9,1039.9,1039.9,1039.9,41.6757196633771
2024-12-09T12:15:00+05:30,1048.15,1048.15,1048.15,1048.15,43.44864571612775
2024-12-09T12:20:00+05:30,1045.15,1047.45,1045.15,1047.45,43.328296954120624
2024-12-09T14:25:00+05:30,994.9,994.9,994.9,994.9,35.40077405865925
2024-12-09T14:45:00+05:30,1008.95,1018.35,1008.95,1014.45,39.81271190837527
2024-12-09T14:50:00+05:30,1006.4,1006.4,1006.4,1006.4,38.64240433803925
2024-12-09T15:20:00+05:30,1003.3,1003.3,1003.3,1003.3,38.176999872071235
2024-12-10T10:35:00+05:30,1003.3,1003.3,1003.3,1003.3,38.176999872071235
2024-12-10T11:50:00+05:30,1014.05,1014.05,1014.05,1014.05,41.03320921494331
2024-12-10T12:15:00+05:30,984.8,984.8,984.8,984.8,36.14063097922741
2024-12-10T13:50:00+05:30,923.4,923.4,923.4,923.4,28.4674137662508
2024-12-10T13:55:00+05:30,927.9,927.9,927.9,927.9,29.646368438132555
2024-12-10T15:25:00+05:30,981.6,981.6,981.6,981.6,41.94318846380713
2024-12-11T09:15:00+05:30,978.65,978.65,978.65,978.65,41.51391660499267
2024-12-11T11:25:00+05:30,1038.15,1038.15,1038.15,1038.15,52.15101827383984
2024-12-11T12:45:00+05:30,1018.05,1018.05,1018.05,1018.05,48.91454123140777
2024-12-11T14:10:00+05:30,1036.15,1036.15,1036.15,1036.15,51.81450935663061
2024-12-11T14:15:00+05:30,1028.85,1028.85,1028.85,1028.85,50.56770548253868
2024-12-11T14:20:00+05:30,1018,1018,1018,1018,48.6922857698771
2024-12-11T14:35:00+05:30,1030,1030,1030,1030,50.86284397651065
2024-12-11T14:50:00+05:30,1003.6,1003.6,1003.6,1003.6,46.229298431014364
2024-12-11T15:25:00+05:30,1020.9,1020.9,1020.9,1020.9,49.47737011234097
2024-12-13T09:15:00+05:30,846,846,846,846,29.847531990204075
2024-12-13T09:20:00+05:30,788,788.05,775.45,775.45,25.459654370411826
2024-12-13T09:35:00+05:30,751.85,751.85,751.85,751.85,24.17913400333201
2024-12-13T09:45:00+05:30,748.75,748.75,735.8,745.85,23.850691843834966
2024-12-13T09:50:00+05:30,739,739,739,739,23.45890495612933
2024-12-13T10:05:00+05:30,731,731,731,731,22.984051502789328
2024-12-13T10:15:00+05:30,675,675,675,675,19.94116888088459
2024-12-13T10:20:00+05:30,650,651.7,634.35,634.35,18.070932957057053
2024-12-13T10:25:00+05:30,636,641.65,636,641.65,19.530500102942426
2024-12-13T10:30:00+05:30,640.7,640.7,591.5,607.65,17.928472145745033
2024-12-13T10:35:00+05:30,622.15,623.1,602.8,605.5,17.82888001703074
2024-12-13T10:40:00+05:30,609.3,617.35,597.6,617.35,20.451751024548173
2024-12-13T10:45:00+05:30,616.75,616.75,584.55,594.95,19.203903309308174
2024-12-13T10:55:00+05:30,620.55,639.45,620.55,636.5,27.981630319631165
2024-12-13T11:00:00+05:30,648.75,648.75,639.5,639.5,28.584907093457588
2024-12-13T11:05:00+05:30,623.9,624.25,623.9,624.25,27.331560954234334
2024-12-13T11:10:00+05:30,680.6,680.6,680.6,680.6,38.12708184299661
2024-12-13T11:20:00+05:30,689.05,689.05,689.05,689.05,39.576687166641875
2024-12-13T11:25:00+05:30,689,689,688.35,688.35,39.4941389225386
2024-12-13T11:30:00+05:30,687.4,687.4,687.4,687.4,39.37410903754129
2024-12-13T11:45:00+05:30,728.5,736.65,728.5,733.45,47.675527587819126
2024-12-13T11:50:00+05:30,746.65,750.4,746.65,750.4,50.36934958627874
2024-12-13T11:55:00+05:30,775,852.15,775,852.15,62.76276188246448
2024-12-13T12:00:00+05:30,894,894,884,888.9,66.0593777186935
2024-12-13T12:05:00+05:30,865.2,865.2,865.2,865.2,62.23300445959625
2024-12-13T12:10:00+05:30,868.9,869.55,868.9,869.55,62.66051494708168
2024-12-13T12:30:00+05:30,901.25,901.25,890,890,64.68441684161532
2024-12-13T12:35:00+05:30,893.65,909.45,893.65,909.45,66.54193444039844
2024-12-13T12:40:00+05:30,890,890,885.65,885.65,62.22873479317047
2024-12-13T13:05:00+05:30,1006.3,1012.2,996.3,996.3,71.48340506554051
2024-12-13T13:10:00+05:30,998.15,998.15,981,988.6,70.19448378933542
2024-12-13T13:35:00+05:30,1031.35,1031.35,1031.35,1031.35,73.09505388295577
2024-12-13T13:40:00+05:30,1051,1051,1051,1051,74.33156283043057
2024-12-13T14:15:00+05:30,1081.15,1081.15,1071.15,1071.15,75.57138978991946
2024-12-13T15:20:00+05:30,1094.4,1122,1084.7,1122,78.40601147240491
2024-12-13T15:25:00+05:30,1125.95,1137.35,1123.2,1137.35,79.19097622724497
2024-12-16T09:30:00+05:30,1025,1027,1020.15,1027,61.79904854984779
2024-12-16T09:35:00+05:30,1040.65,1040.65,1020,1020,60.885573248692985
2024-12-16T09:45:00+05:30,1086.8,1086.8,1072.1,1072.1,65.02889570235148
2024-12-16T09:50:00+05:30,1099,1099,1099,1099,66.97410188234332
2024-12-16T10:00:00+05:30,1052,1052,1044,1044,59.666393998127795
2024-12-16T10:05:00+05:30,1038,1038,1038,1038,58.91122255277697
2024-12-16T10:10:00+05:30,1060,1060,1060,1060,60.866981091247
2024-12-16T10:40:00+05:30,1007.9,1007.9,1007.9,1007.9,54.27803630195463
2024-12-16T12:25:00+05:30,966.75,966.75,966.75,966.75,49.701659302906656
2024-12-16T12:30:00+05:30,960.2,960.2,960.2,960.2,48.99356218331866
2024-12-16T14:10:00+05:30,1035.45,1035.45,1011.35,1011.35,54.45101135599285
2024-12-16T15:25:00+05:30,1008.8,1008.8,1006.2,1006.2,53.826547218944356
2024-12-17T09:35:00+05:30,895.95,905,895.95,905,43.31439247044927
2024-12-17T09:45:00+05:30,890,890,890,890,42.00493625004415
2024-12-17T09:50:00+05:30,868,868,868,868,40.090603392616075
2024-12-17T10:05:00+05:30,859.3,859.3,859.3,859.3,39.32730807346488
2024-12-17T10:10:00+05:30,858.25,858.25,858.25,858.25,39.230229009648085
2024-12-17T10:55:00+05:30,842.65,842.8,842.65,842.8,37.75346190775347
2024-12-17T12:05:00+05:30,747.1,747.1,747.1,747.1,30.17603887790699
2024-12-17T12:15:00+05:30,744.35,744.35,744.35,744.35,29.989768709276973
2024-12-17T12:25:00+05:30,771.05,771.05,771.05,771.05,34.234428860105396
2024-12-17T12:35:00+05:30,771.05,771.05,771.05,771.05,34.234428860105396
2024-12-17T12:40:00+05:30,766.65,766.65,766.65,766.65,33.842279240391065
2024-12-17T12:55:00+05:30,774.7,774.7,774.7,774.7,35.30245258497112
2024-12-17T13:15:00+05:30,732.85,732.85,732.85,732.85,31.419935018794803
2024-12-17T14:15:00+05:30,713.5,713.5,713.5,713.5,29.788651013821323
2024-12-17T14:20:00+05:30,712.8,712.8,712.8,712.8,29.728519887789005
2024-12-17T14:55:00+05:30,708.65,708.65,708.65,708.65,29.35025578340243
2024-12-17T15:00:00+05:30,719.75,722.4,714.65,720,31.90229173456261
2024-12-17T15:15:00+05:30,717.3,717.3,713.8,713.8,31.238477494492187
2024-12-17T15:20:00+05:30,717.35,717.35,717.35,717.35,32.10955081348342
2024-12-18T09:30:00+05:30,682.7,682.7,682.7,682.7,28.336328644713717
2024-12-18T09:35:00+05:30,684.15,684.15,684.15,684.15,28.71384241714823
2024-12-18T10:00:00+05:30,648.75,648.75,648.75,648.75,25.220738617950445
2024-12-18T10:15:00+05:30,626.75,634.95,626.75,630.9,23.6578936612147
2024-12-18T10:20:00+05:30,637.5,638.15,634.15,635.85,25.045001907833168
2024-12-18T10:25:00+05:30,637.8,637.8,637.8,637.8,25.618360149987552
2024-12-18T10:30:00+05:30,624.9,660,624.9,660,31.99603996914071
2024-12-18T10:35:00+05:30,647.85,647.85,647.15,647.15,30.37267970766861
2024-12-18T10:40:00+05:30,648.8,648.8,647.8,647.8,30.56458838255196
2024-12-18T10:45:00+05:30,650.95,650.95,650.95,650.95,31.549223196531244
2024-12-18T10:50:00+05:30,640,640,632.3,632.3,28.933188857683902
2024-12-18T10:55:00+05:30,620.25,620.25,598.95,600.55,25.115151686912725
2024-12-18T11:00:00+05:30,606.65,609.6,604.9,609.6,28.030444639979635
2024-12-18T11:05:00+05:30,588.7,588.7,588.7,588.7,25.556073886456318
2024-12-18T11:10:00+05:30,600.9,600.9,600.9,600.9,29.46995112490343
2024-12-18T11:15:00+05:30,585,608.1,585,608.1,31.750476469276606
2024-12-18T11:20:00+05:30,598.6,602.5,598.6,602.5,30.91324502971682
2024-12-18T11:25:00+05:30,590.55,590.55,590.55,590.55,29.14698944955032
2024-12-18T11:30:00+05:30,605.7,605.7,605.7,605.7,34.27412432864003
2024-12-18T11:35:00+05:30,602.5,602.5,602.5,602.5,33.71909696067938
2024-12-18T11:45:00+05:30,605.3,605.3,601.85,601.85,33.60007247693238
2024-12-18T12:15:00+05:30,589.1,589.1,589.1,589.1,31.268499946601224
2024-12-18T12:40:00+05:30,544.35,544.35,543.15,543.15,24.634054491557592
2024-12-18T12:45:00+05:30,543.15,543.15,540.1,542.6,24.566863793078966
2024-12-18T12:50:00+05:30,542.6,542.6,541.6,541.6,24.436357419891706
2024-12-18T12:55:00+05:30,553.55,553.55,550.1,550.1,27.940462199530586
2024-12-18T13:00:00+05:30,553.7,572.05,553.7,572.05,36.17191170141298
2024-12-18T13:05:00+05:30,560.25,604.9,560.25,593.3,42.96455450308841
2024-12-18T13:10:00+05:30,583.45,583.45,583.45,583.45,40.79725058694592
2024-12-18T13:15:00+05:30,565.5,573.6,565.5,573.6,38.69516272968317
2024-12-18T13:20:00+05:30,580.35,580.35,580.35,580.35,40.94090035383154
2024-12-18T13:30:00+05:30,567.9,567.9,566.05,566.05,37.783139337153564
2024-12-18T13:40:00+05:30,558.85,558.85,558.85,558.85,36.266411703033484
2024-12-18T13:45:00+05:30,562.55,562.55,562.55,562.55,37.651537503720796
2024-12-18T13:55:00+05:30,578.7,578.7,578.7,578.7,43.43060622606341
2024-12-18T14:15:00+05:30,561.1,561.1,561.1,561.1,39.16965395100258
2024-12-18T14:20:00+05:30,562,562,561.85,561.85,39.442308887906734
2024-12-18T14:30:00+05:30,551.95,551.95,543.85,543.85,35.34738111273818
2024-12-18T15:15:00+05:30,555.15,555.15,555.15,555.15,39.58771268273201
2024-12-18T15:20:00+05:30,563.75,566.05,563.75,566.05,43.4411392440483
2024-12-18T15:25:00+05:30,564.25,564.25,560.4,560.4,41.94753716936797
2024-12-19T09:15:00+05:30,383.3,405.35,331.45,337,17.023882633290043
2024-12-19T09:20:00+05:30,340,349.95,319.65,334.6,16.90765712776863
2024-12-19T09:25:00+05:30,336.2,341.25,322,322,16.27927771767412
2024-12-19T09:30:00+05:30,322,329.25,315.6,322,16.27927771767412
2024-12-19T09:35:00+05:30,325,344.9,322,344.9,22.361339818032775
2024-12-19T09:40:00+05:30,343.4,380.55,343.4,370,28.4931467619964
2024-12-19T09:45:00+05:30,374.6,374.6,345.65,356.2,27.220251632540766
2024-12-19T09:50:00+05:30,355,375.5,353.85,371.35,30.871389777612904
2024-12-19T09:55:00+05:30,376.75,389.05,361.75,366.85,30.38381129658329
2024-12-19T10:00:00+05:30,364.15,367.8,354.6,366.7,30.366594677522315
2024-12-19T10:05:00+05:30,367.9,373.7,358.45,358.45,29.380514146027963
2024-12-19T10:10:00+05:30,350.55,352.65,338.95,344.45,27.73463652238567
2024-12-19T10:15:00+05:30,340,345.9,336.6,338.55,27.04698923074335
2024-12-19T10:20:00+05:30,338.85,352.95,338.85,350.55,30.804785541405835
2024-12-19T10:25:00+05:30,349.35,355.95,343.15,353.6,31.76681623496883
2024-12-19T10:30:00+05:30,351.8,357,348.45,348.45,30.9835030089845
2024-12-19T10:35:00+05:30,346.15,349.35,341,347.3,30.800861315743234
2024-12-19T10:40:00+05:30,347.9,354.5,347.65,348.15,31.124040098083057
2024-12-19T10:45:00+05:30,348,349.95,333.9,333.9,28.703780897602996
2024-12-19T10:50:00+05:30,332.15,338.85,332,336.25,29.674991441329794
2024-12-19T10:55:00+05:30,337.75,337.75,331.15,333.2,29.120540680437358
2024-12-19T11:00:00+05:30,333.55,333.55,326.7,330.45,28.601643972218255
2024-12-19T11:05:00+05:30,329.9,335.35,329.9,330.95,28.84988814480063
2024-12-19T11:10:00+05:30,331.2,333.55,330.2,331.35,29.06237992487317
2024-12-19T11:15:00+05:30,333.55,337.95,333.55,337.95,32.63720873642242
2024-12-19T11:20:00+05:30,337.3,340,335,339.75,33.61970535472689
2024-12-19T11:25:00+05:30,341.95,346.95,341,341,34.33594911642231
2024-12-19T11:30:00+05:30,340.4,344.55,340.15,344.55,36.43368934139449
2024-12-19T11:35:00+05:30,345.1,385.9,343.5,369.9,48.9703279337809
2024-12-19T11:40:00+05:30,370.65,370.95,352.6,353.55,43.070271254312736
2024-12-19T11:45:00+05:30,355.05,368,355.05,364.55,47.64089040928707
2024-12-19T11:50:00+05:30,365.95,366.45,353,353,43.67581943822042
2024-12-19T11:55:00+05:30,352.65,357.35,352.65,357.3,45.494605986502435
2024-12-19T12:00:00+05:30,357.45,358.25,353.6,358.25,45.91017414872355
2024-12-19T12:05:00+05:30,358.25,367.55,357.6,365.6,49.141038254946395
2024-12-19T12:10:00+05:30,368,372.6,365.5,371.5,51.63824509578536
2024-12-19T12:15:00+05:30,370.8,373.5,361.05,365.15,48.857721211470334
2024-12-19T12:20:00+05:30,363.05,366.5,362.25,365.1,48.8354229465353
2024-12-19T12:25:00+05:30,369.9,370,368.35,369.2,50.81761611575013
2024-12-19T12:30:00+05:30,367.55,368.6,359.7,361.6,47.16962767184394
2024-12-19T12:35:00+05:30,359.9,360.45,356.05,358.7,45.81803836780127
2024-12-19T12:40:00+05:30,362.45,365.6,357.85,359,45.9904477181604
2024-12-19T12:45:00+05:30,357.5,357.5,351.05,354.55,43.76578462747183
2024-12-19T12:50:00+05:30,356.95,360.35,356.8,360.35,47.34115168652516
2024-12-19T12:55:00+05:30,359,360.8,357.05,360.8,47.61941728831681
2024-12-19T13:00:00+05:30,359.4,367.45,359.4,360,47.14247840063071
2024-12-19T13:05:00+05:30,360.2,363.4,359.45,363.4,49.45930474650913
2024-12-19T13:10:00+05:30,362.55,362.55,356.4,356.85,45.33659593184944
2024-12-19T13:15:00+05:30,358.4,358.4,344.75,345.75,39.350409083595395
2024-12-19T13:20:00+05:30,345.75,352,343.55,352,43.84635457709778
2024-12-19T13:25:00+05:30,351.25,355.05,350.65,354,45.24513811045979
2024-12-19T13:30:00+05:30,351.4,356.4,348.85,355.85,46.57093366024471
2024-12-19T13:35:00+05:30,355,355,353.25,353.8,45.263063504586775
2024-12-19T13:40:00+05:30,354.15,354.15,351,354.05,45.46420522598629
2024-12-19T13:45:00+05:30,353.45,353.45,349.2,349.3,42.284811189216065
2024-12-19T13:50:00+05:30,348.85,349.85,347.1,349.5,42.467247371065646
2024-12-19T13:55:00+05:30,349.75,351.05,348.85,349.95,42.90455746181883
2024-12-19T14:00:00+05:30,350.2,363.15,350.2,355.35,48.0113564234651
2024-12-19T14:05:00+05:30,355.35,359.55,354.85,359.55,51.63479236968642
2024-12-19T14:10:00+05:30,356,357.15,351.9,353.6,46.67205405553012
2024-12-19T14:15:00+05:30,354.75,356.65,354.75,356.5,49.23314452350819
2024-12-19T14:20:00+05:30,355.25,359,351.45,351.45,45.165397258588236
2024-12-19T14:25:00+05:30,350.75,354.6,350.1,352.1,45.786283772498884
2024-12-19T14:30:00+05:30,355.95,358.75,352.85,354.75,48.35379944523641
2024-12-19T14:35:00+05:30,354.5,355.4,352.85,352.85,46.64799471377205
2024-12-19T14:40:00+05:30,352.9,356.45,351.85,354.75,48.600716875072514
2024-12-19T14:45:00+05:30,356.4,356.8,353.6,356.8,50.69745406097693
2024-12-19T14:50:00+05:30,353.5,355.85,352.2,354.95,48.76419289629063
2024-12-19T14:55:00+05:30,355,357,353.15,355,48.82099692755563
2024-12-19T15:00:00+05:30,357.8,367.25,356.4,365.35,58.96323352581075
2024-12-19T15:05:00+05:30,369.05,373.75,367.6,368.3,61.31631060112216
2024-12-19T15:10:00+05:30,369.35,371.2,368,369.3,62.10946265213106
2024-12-19T15:15:00+05:30,370.7,371.7,361.25,361.25,52.735702014385794
2024-12-19T15:20:00+05:30,362.35,371.65,362.35,370.2,59.969395103564395
2024-12-19T15:25:00+05:30,370,376.9,370,374.4,62.84331565694578
2024-12-20T09:15:00+05:30,354.5,354.5,301.55,317.8,30.77657869937805
2024-12-20T09:20:00+05:30,320.1,330.2,309.55,309.55,28.49426499377789
2024-12-20T09:25:00+05:30,308.3,323.35,300.35,310,28.804400435216067
2024-12-20T09:30:00+05:30,308,320,298.9,317.4,33.88282170532581
2024-12-20T09:35:00+05:30,313.55,408.15,310.4,405.15,65.40016829046094
2024-12-20T09:40:00+05:30,410.25,433.4,391.55,419.2,68.02812007273319
2024-12-20T09:45:00+05:30,425,425,282,291,38.954564636537604
2024-12-20T09:50:00+05:30,289.05,316.45,274,294.3,39.66932174241001
2024-12-20T09:55:00+05:30,296.3,309.85,282.6,283.45,38.090188102461944
2024-12-20T10:00:00+05:30,279.65,293.05,273.2,283.25,38.06011216902473
2024-12-20T10:05:00+05:30,281.75,285,257,261.55,34.84523884598467
2024-12-20T10:10:00+05:30,260,283.25,259.1,278.6,39.19142160186344
2024-12-20T10:15:00+05:30,277,347.4,273.35,335.25,50.90869620375059
2024-12-20T10:20:00+05:30,338.4,340.35,303.55,306.3,46.02764006101753
2024-12-20T10:25:00+05:30,304.75,322,296.55,307.25,46.209896938442604
2024-12-20T10:30:00+05:30,310,344,308,318,48.33593311210774
2024-12-20T10:35:00+05:30,322.7,340,314.1,332.25,51.095303051048575
2024-12-20T10:40:00+05:30,331.35,351,320.65,330.4,50.71658769778214
2024-12-20T10:45:00+05:30,327.8,331.1,308.1,319.45,48.428563597276025
2024-12-20T10:50:00+05:30,322,365.75,320.85,358.8,56.09419321841525
2024-12-20T10:55:00+05:30,359.3,359.6,336,339.75,52.05981896062182
2024-12-20T11:00:00+05:30,341.3,348,328.35,333.9,50.8503416581592
2024-12-20T11:05:00+05:30,333.35,346.4,328,345.5,53.17347330645806
2024-12-20T11:10:00+05:30,344.75,351.6,339.45,340,51.9203880184268
2024-12-20T11:15:00+05:30,341.65,343.55,306.4,308.05,45.249384975806706
2024-12-20T11:20:00+05:30,306.9,334.35,306.9,323.25,48.630909158042265
2024-12-20T11:25:00+05:30,323.25,327.65,312.3,318.9,47.72250917387697
2024-12-20T11:30:00+05:30,317.55,317.55,297.9,308.25,45.48247888901602
2024-12-20T11:35:00+05:30,308.25,318,306.4,312.3,46.51070259408611
2024-12-20T11:40:00+05:30,313.25,319.2,301,304,44.65203995687881
2024-12-20T11:45:00+05:30,305.25,313,299.25,306,45.22011456183654
2024-12-20T11:50:00+05:30,306.5,317.8,300.7,305.2,45.021063644999316
2024-12-20T11:55:00+05:30,305.15,320,302.65,317,48.6140349201611
2024-12-20T12:00:00+05:30,316.65,321.35,306.4,306.7,45.800407092875496
2024-12-20T12:05:00+05:30,306.55,310,299.95,302.05,44.54691099098643
2024-12-20T12:10:00+05:30,302.6,305,283.8,284,39.97355167937138
2024-12-20T12:15:00+05:30,279.3,280.15,260.2,265.3,35.8654337635987
2024-12-20T12:20:00+05:30,263.05,267.8,247.95,264.05,35.60204442545715
2024-12-20T12:25:00+05:30,264.75,269.9,258,261,34.9280276964802
2024-12-20T12:30:00+05:30,261.55,267.95,257.3,261.65,35.209544919006035
2024-12-20T12:35:00+05:30,262.4,267.35,253.55,259,34.553223216497486
2024-12-20T12:40:00+05:30,253.65,254.1,233.9,237.15,29.646223988418
2024-12-20T12:45:00+05:30,237,240,215,217.8,26.109937314132637
2024-12-20T12:50:00+05:30,217.25,220.55,211,213.3,25.35255350861688
2024-12-20T12:55:00+05:30,211.65,215.95,203.05,205.2,24.00287410261059
2024-12-20T13:00:00+05:30,205.55,212.4,190,194.45,22.30567638481604
2024-12-20T13:05:00+05:30,192.7,199.4,189.4,190.85,21.751015612674706
2024-12-20T13:10:00+05:30,191,192.5,184.05,188.8,21.42431122505066
2024-12-20T13:15:00+05:30,188.05,194.8,180.65,185,20.800624891000723
2024-12-20T13:20:00+05:30,184.75,192.9,177.1,191.05,24.565791171255015
2024-12-20T13:25:00+05:30,190.8,196.6,186.6,194.2,26.52438990333819
2024-12-20T13:30:00+05:30,193.8,200.55,190.7,194,26.47738357588456
2024-12-20T13:35:00+05:30,193.4,194.4,176.85,179.75,23.307931409688436
2024-12-20T13:40:00+05:30,180.25,180.9,169.8,177,22.742156999118592
2024-12-20T13:45:00+05:30,176.7,178.95,171.8,173.25,21.959371568134898
2024-12-20T13:50:00+05:30,173.6,179.25,172.3,176,24.02460967643833
2024-12-20T13:55:00+05:30,176.45,179.4,172.1,175.05,23.790388316702476
2024-12-20T14:00:00+05:30,175.4,175.4,161,162.35,20.86222331020062
2024-12-20T14:05:00+05:30,162.25,164.45,154.55,156.4,19.64242759233153
2024-12-20T14:10:00+05:30,156.5,162.75,155.2,161.55,23.795614049847416
2024-12-20T14:15:00+05:30,160.85,172.2,160.25,171.35,31.09382319961439
2024-12-20T14:20:00+05:30,172.2,176.55,167.4,173.1,32.33995865360775
2024-12-20T14:25:00+05:30,172.6,176.75,168.95,170.45,31.413520945826903
2024-12-20T14:30:00+05:30,171.4,171.4,161.4,163.65,29.109142043042496
2024-12-20T14:35:00+05:30,164.1,164.65,156.75,158,27.316139852970352
2024-12-20T14:40:00+05:30,158.5,165.75,157.5,160.45,29.34838378631639
2024-12-20T14:45:00+05:30,160.5,161.75,147.6,149.45,25.85324661545205
2024-12-20T14:50:00+05:30,149.05,151.6,139.95,143.5,24.17608478801428
2024-12-20T14:55:00+05:30,144.7,146.65,133.5,136.6,22.364202017469253
2024-12-20T15:00:00+05:30,135.6,138.2,122.75,125.05,19.702372548526185
2024-12-20T15:05:00+05:30,124.8,125.8,117.1,124.3,19.539739220955084
2024-12-20T15:10:00+05:30,126.75,126.75,107.6,108,16.37594385097296
2024-12-20T15:15:00+05:30,109.45,130.8,109.45,127.25,30.655902121176553
2024-12-20T15:20:00+05:30,127.4,141.8,127.4,132.9,34.207117561371135
2024-12-20T15:25:00+05:30,132.6,138.6,129.25,133,34.27127676275849
2024-12-23T09:15:00+05:30,170,188.4,159,166.3,51.30162191653389
2024-12-23T09:20:00+05:30,166.05,178.45,158.45,165.1,50.79091005585435
2024-12-23T09:25:00+05:30,166.25,167.55,144,151.5,45.288249440732834
2024-12-23T09:30:00+05:30,151.45,175.4,148.35,160.85,49.35095527670437
2024-12-23T09:35:00+05:30,159.1,163.45,131,139.4,41.70066197840649
2024-12-23T09:40:00+05:30,138.75,150.15,127.25,137.7,41.156130035780315
2024-12-23T09:45:00+05:30,138.65,146,134.6,138.15,41.37436095257104
2024-12-23T09:50:00+05:30,138.2,148.95,129.65,133,39.56587466722003
2024-12-23T09:55:00+05:30,131.45,132.6,110.8,120.45,35.49428895774021
2024-12-23T10:00:00+05:30,118.7,151.1,113.5,147.1,47.78269229188823
2024-12-23T10:05:00+05:30,147.6,159.95,139.35,156.35,51.253793803148966
2024-12-23T10:10:00+05:30,158.5,163.75,135.3,140.4,45.62218409156963
2024-12-23T10:15:00+05:30,142.45,148.85,132.85,136.35,44.2914078581719
2024-12-23T10:20:00+05:30,138,141.45,131.55,133.95,43.48197811569555
2024-12-23T10:25:00+05:30,134.75,148.55,123.25,142.3,47.10393250163155
2024-12-23T10:30:00+05:30,143.05,150.65,133.6,146.8,49.00077100010699
2024-12-23T10:35:00+05:30,147.55,153.35,142.1,147.25,49.19696301520018
2024-12-23T10:40:00+05:30,148.45,156.25,139.15,140.1,46.158541606677424
2024-12-23T10:45:00+05:30,140.7,145.85,135.25,144.6,48.321799280943445
2024-12-23T10:50:00+05:30,144.6,154.05,143.65,153.45,52.37451628013971
2024-12-23T10:55:00+05:30,154.8,190.5,147.6,189.05,64.45135685182751
2024-12-23T11:00:00+05:30,191.95,207,185.25,200.3,67.27542490249203
2024-12-23T11:05:00+05:30,202.5,204.85,181.6,203.55,68.06471817958115
2024-12-23T11:10:00+05:30,202.4,202.4,187.35,191.1,61.905000691201806
2024-12-23T11:15:00+05:30,190.75,202.8,187.35,195.4,63.14554567268705
2024-12-23T11:20:00+05:30,196.3,200.6,184.55,186.9,59.05187068256244
2024-12-23T11:25:00+05:30,186.25,200,184.5,198.7,62.669941586756416
2024-12-23T11:30:00+05:30,200.1,202,188,192.9,59.869790805230814
2024-12-23T11:35:00+05:30,192.2,196.2,176.05,178.4,53.44110435688277
2024-12-23T11:40:00+05:30,178.35,182.9,166.65,180.05,54.0458048090518
2024-12-23T11:45:00+05:30,181.4,187.75,177.35,183,55.166941952258426
2024-12-23T11:50:00+05:30,183.05,183.2,176.9,178.6,53.0866041284101
2024-12-23T11:55:00+05:30,178.45,178.7,145.15,148.8,41.6350937168796
2024-12-23T12:00:00+05:30,148.5,156.7,133.2,135.6,37.750522038944816
2024-12-23T12:05:00+05:30,136.85,138.5,126,129.55,36.08856668315775
2024-12-23T12:10:00+05:30,128.65,130.55,119.25,127.65,35.55911030115264
2024-12-23T12:15:00+05:30,127.15,131.4,119.3,127,35.367942480746294
2024-12-23T12:20:00+05:30,124.7,129.45,113.8,114.15,31.73561290496295
2024-12-23T12:25:00+05:30,114.45,118.15,103.8,107.2,29.944360236471013
2024-12-23T12:30:00+05:30,106.2,107.6,96.15,99.8,28.124152315131255
2024-12-23T12:35:00+05:30,99.45,102.75,92,93.05,26.53942615944679
2024-12-23T12:40:00+05:30,93.25,106.7,93.25,103.85,33.040589424273875
2024-12-23T12:45:00+05:30,103.9,108.05,90.5,92.85,30.117087770663332
2024-12-23T12:50:00+05:30,92.85,94.6,84.2,86.75,28.605521275115137
2024-12-23T12:55:00+05:30,86.6,89.95,83.2,84.8,28.11965832644684
2024-12-23T13:00:00+05:30,85.3,94.6,78,93.3,33.42761114975205
2024-12-23T13:05:00+05:30,92.75,94,79.45,79.45,29.592999093982954
2024-12-23T13:10:00+05:30,80.2,84.3,78.7,79.7,29.749652372367066
2024-12-23T13:15:00+05:30,79.2,88.6,79.2,80.75,30.44958676074586
2024-12-23T13:20:00+05:30,81.15,87.65,79.1,86.2,34.118714284800674
2024-12-23T13:25:00+05:30,86.35,86.95,73.5,79,31.736694009770403
2024-12-23T13:30:00+05:30,78.6,79.75,69.45,71.2,29.346384243217102
2024-12-23T13:35:00+05:30,70.5,82.3,70.5,79.9,35.208072711608
2024-12-23T13:40:00+05:30,80.15,91.75,77.85,90.2,41.40596988149643
2024-12-23T13:45:00+05:30,90.65,94.5,86.3,87.25,40.21930655455556
2024-12-23T13:50:00+05:30,86.75,87.55,78.85,79.5,37.20279818080754
2024-12-23T13:55:00+05:30,79.45,80.8,74.7,75.3,35.64262809304438
2024-12-23T14:00:00+05:30,75.6,76.95,70.65,71.3,34.17278135440891
2024-12-23T14:05:00+05:30,72,79,71.5,78.8,39.232858057704895
2024-12-23T14:10:00+05:30,79.3,86.85,76.75,86.3,43.878695752592144
2024-12-23T14:15:00+05:30,86.9,112.8,84.7,107.3,54.39278167866336
2024-12-23T14:20:00+05:30,106.95,114.2,96.6,101.6,51.56874351926032
2024-12-23T14:25:00+05:30,102.1,109.25,93.5,106.2,53.659749743232254
2024-12-23T14:30:00+05:30,106.75,112.2,101.25,107.8,54.397258824520314
2024-12-23T14:35:00+05:30,107.2,116.35,103.35,115.5,57.872094642583164
2024-12-23T14:40:00+05:30,117.2,121.5,103.6,104.1,51.60284200842119
2024-12-23T14:45:00+05:30,105.4,107.55,95.75,97.45,48.314864679964614
2024-12-23T14:50:00+05:30,99.3,111.85,96.5,105,52.05037865113025
2024-12-23T14:55:00+05:30,105.25,108.75,101.9,104.9,51.99677444819129
2024-12-23T15:00:00+05:30,106.2,113.9,98.8,104.95,52.0233792049503
2024-12-23T15:05:00+05:30,106.3,109.95,102.5,106.6,52.950094332339226
2024-12-23T15:10:00+05:30,107.45,114.8,107.15,112.5,56.207480722822424
2024-12-23T15:15:00+05:30,112.8,112.8,106.1,112.15,55.9599730122674
2024-12-23T15:20:00+05:30,112.25,113.1,106.2,107.8,52.84533781406483
2024-12-23T15:25:00+05:30,108.75,110,105.15,106.15,51.67056927376113
2024-12-24T09:15:00+05:30,106.05,106.95,80.95,92.65,43.207314561561674
2024-12-24T09:20:00+05:30,91.35,101.45,89.75,95.95,45.55488141149405
2024-12-24T09:25:00+05:30,94.95,99.95,89.6,97.25,46.493196428209366
2024-12-24T09:30:00+05:30,96.05,98.25,73.7,75.6,35.51558366844874
2024-12-24T09:35:00+05:30,75.5,83.7,72.65,77.55,36.95936192157874
2024-12-24T09:40:00+05:30,78.55,84.9,76.8,83.9,41.54883367671898
2024-12-24T09:45:00+05:30,84.05,110,82,107.4,54.69424766910057
2024-12-24T09:50:00+05:30,107.25,122.05,102.15,107,54.46969776982395
2024-12-24T09:55:00+05:30,107.6,128,100.25,125.2,62.09509838994122
2024-12-24T10:00:00+05:30,126.35,135,122.55,132.15,64.53756578721146
2024-12-24T10:05:00+05:30,133.15,144.8,123.55,142.65,67.9026206877211
2024-12-24T10:10:00+05:30,143.85,144.9,127.85,132.1,61.57981500737551
2024-12-24T10:15:00+05:30,133.15,168.25,128,160.65,69.78048187183218
2024-12-24T10:20:00+05:30,161.75,167.3,152.45,155.1,66.79571855639098
2024-12-24T10:25:00+05:30,153.55,169.85,148,167,69.78043328679813
2024-12-24T10:30:00+05:30,166.7,173.35,161.05,165.35,68.85621710512487
2024-12-24T10:35:00+05:30,167,167,152.05,161.25,66.49931432061025
2024-12-24T10:40:00+05:30,162.15,163.55,139.85,144.5,57.79552515416859
2024-12-24T10:45:00+05:30,144.8,154.4,133.85,150,59.66247645096087
2024-12-24T10:50:00+05:30,148.25,148.65,136.8,147.05,58.1759855767147
2024-12-24T10:55:00+05:30,147.7,157.25,139.95,144.05,56.63074131247158
2024-12-24T11:00:00+05:30,142.6,161.55,142.6,159.5,62.19932619892735
2024-12-24T11:05:00+05:30,160.1,160.1,147,153.2,58.87943950462212
2024-12-24T11:10:00+05:30,153.95,155.4,142.2,143.9,54.27414258960621
2024-12-24T11:15:00+05:30,143,162.25,142.4,157.8,59.38712436409256
2024-12-24T11:20:00+05:30,157.75,161,150,151.55,56.33674377379111
2024-12-24T11:25:00+05:30,150.45,154.1,145.45,149.1,55.14108355804923
2024-12-24T11:30:00+05:30,149.3,153.35,139,143.65,52.47318937260096
2024-12-24T11:35:00+05:30,143.75,148.05,137.05,147.25,54.0545344211486
2024-12-24T11:40:00+05:30,147.45,151.7,144.55,146,53.39026804667906
2024-12-24T11:45:00+05:30,146.85,153.1,139.3,140.85,50.62970642325892
2024-12-24T11:50:00+05:30,140.55,147.75,136.8,141.95,51.20998486656185
2024-12-24T11:55:00+05:30,142.45,147.5,136.05,141.9,51.180538102421266
2024-12-24T12:00:00+05:30,141.5,141.5,122.35,123.55,41.70290332232881
2024-12-24T12:05:00+05:30,123.55,127.15,118.45,118.45,39.51286156628171
2024-12-24T12:10:00+05:30,119,120.75,112.4,113.5,37.4567983510804
2024-12-24T12:15:00+05:30,112.4,113.7,103.5,108.25,35.355472452281916
2024-12-24T12:20:00+05:30,108.3,108.3,99.05,100.85,32.580977318272275
2024-12-24T12:25:00+05:30,99.95,107.45,95.7,104.9,35.56142325780846
2024-12-24T12:30:00+05:30,103.4,112.85,101.45,110.5,39.54134871603904
2024-12-24T12:35:00+05:30,111.45,119.1,108.85,117.05,43.90538288998997
2024-12-24T12:40:00+05:30,117.65,122.7,114.9,119.3,45.3643048543466
2024-12-24T12:45:00+05:30,119,130.95,115.85,117.8,44.5327633254207
2024-12-24T12:50:00+05:30,116.8,118.2,111.8,112.45,41.603573447579
2024-12-24T12:55:00+05:30,112.85,114.2,108.4,112.25,41.49369541064819
2024-12-24T13:00:00+05:30,111.75,113.3,104.35,105.45,37.834912890477256
2024-12-24T13:05:00+05:30,104.6,108.6,101.8,105.5,37.878288308140085
2024-12-24T13:10:00+05:30,105.4,107.9,102.1,106.5,38.798053640194986
2024-12-24T13:15:00+05:30,107.6,112,102.85,104.3,37.48319931648397
2024-12-24T13:20:00+05:30,105.4,112.1,103.75,110,42.88404763759787
2024-12-24T13:25:00+05:30,109.2,109.2,100.35,101.1,37.44460584647396
2024-12-24T13:30:00+05:30,100.5,103.5,98.55,101.6,37.921001670267394
2024-12-24T13:35:00+05:30,101.95,105.9,99.5,100.4,37.18899746375922
2024-12-24T13:40:00+05:30,100.45,100.45,81,81,27.83446926872115
2024-12-24T13:45:00+05:30,80.4,82.35,73.9,74.9,25.64971428954786
2024-12-24T13:50:00+05:30,75,84,74.8,82.55,32.77595840989608
2024-12-24T13:55:00+05:30,82.35,82.65,78.8,79.55,31.500856435302055
2024-12-24T14:00:00+05:30,79,81.4,75.75,79.4,31.435006135646063
2024-12-24T14:05:00+05:30,79,79,68.15,70.05,27.566665844301284
2024-12-24T14:10:00+05:30,70.2,87,68,83.8,39.38069060652859
2024-12-24T14:15:00+05:30,83,83.45,61.45,63.25,31.19226924439323
2024-12-24T14:20:00+05:30,62.8,67.85,60.3,67.05,33.928105303500885
2024-12-24T14:25:00+05:30,67.05,75.9,66.55,73.65,38.50173226401491
2024-12-24T14:30:00+05:30,72.75,79.2,69.95,70.85,37.321409469515395
2024-12-24T14:35:00+05:30,70.55,72.55,67.5,70.1,36.99426256545669
2024-12-24T14:40:00+05:30,69.55,74.3,67.6,72.35,38.729434850073666
2024-12-24T14:45:00+05:30,71.8,73,69.3,70.15,37.63796075089098
2024-12-24T14:50:00+05:30,70.25,79.15,67,77.35,43.272523717196314
2024-12-24T14:55:00+05:30,77.15,83.4,74.35,79.5,44.87423847509457
2024-12-24T15:00:00+05:30,79.45,81.85,71.3,75.8,42.642797762977864
2024-12-24T15:05:00+05:30,75.6,76.6,71.5,76.2,42.97294839263624
2024-12-24T15:10:00+05:30,77,77.5,72.65,74.05,41.587315421063806
2024-12-24T15:15:00+05:30,75.4,80.2,75.4,78.8,45.749280149915016
2024-12-24T15:20:00+05:30,79.2,81.05,77.8,79.45,46.313001885903
2024-12-24T15:25:00+05:30,79.75,81.6,78,78,45.185042912697305