,Unnamed: 0,trade_id,entry_datetime,trade_type,entry_price,exit_datetime,exit_price,pnl,sl_price,open_pct,close_pct,exit_type,vix_open,vix_close,expiry_date_exit,strike,entry_slippage,exit_slippage,holding period
0,0,1,2019-01-11 12:00:00,C,10775.3,2019-01-15 09:30:00,10802.2,-26.90000000000146,,-0.02041706495411476,-0.245932827856301,exit_rule,15.57,15.73,2019-01-31,10800,10773.14494,10801.1998,3
1,1,2,2019-01-15 09:45:00,P,10821.0,2019-01-17 13:30:00,10876.2,55.20000000000073,,0.6284077257185103,0.5193605027261873,exit_rule,15.72,16.3,2019-01-31,10800,10818.8358,10875.1998,2
2,2,3,2019-01-23 10:30:00,P,10923.3,2019-01-23 14:30:00,10889.5,-33.79999999999927,,0.03204159915043989,-0.3048529290598929,exit_rule,18.06,17.85,2019-01-31,10900,10921.11534,10888.4998,0
3,3,4,2019-01-23 15:00:00,C,10864.8,2019-01-25 09:30:00,10924.5,-59.70000000000073,,0.04602017524482734,-0.5513216994330449,exit_rule,17.83,16.94,2019-01-31,10850,10862.62704,10923.4998,1
4,4,5,2019-01-25 10:45:00,P,10907.3,2019-01-25 14:15:00,10828.0,-79.29999999999927,,-0.4107340955140069,-0.7242855702144436,exit_rule,16.95,17.76,2019-01-31,10900,10905.11854,10826.9998,0
5,5,6,2019-01-31 13:30:00,P,10784.2,2019-02-04 11:00:00,10846.7,62.5,,0.6018063463214669,0.5786242836742608,exit_rule,17.29,16.2,2019-02-14,10800,10782.043160000001,10845.6998,3
6,6,7,2019-02-11 09:15:00,C,10930.9,2019-02-18 09:15:00,10738.7,192.1999999999989,,1.853461288640463,1.848887099872841,exit_rule,15.62,16.39,2019-02-21,10950,10928.713819999999,10737.6998,7
7,7,8,2019-02-21 11:45:00,P,10771.7,2019-02-26 10:15:00,10758.2,-13.5,,-0.08076719552160501,-0.1244000482746591,exit_rule,16.44,17.5,2019-02-28,10750,10769.545660000002,10757.1998,4
8,8,9,2019-02-28 14:45:00,P,10826.3,2019-02-28 15:15:00,10789.5,-36.79999999999927,,0.0,-0.3408366662664035,exit_rule,18.24,18.37,2019-02-28,10850,10824.13474,10788.4998,0
9,9,10,2019-03-01 11:15:00,P,10844.3,2019-03-08 10:00:00,11014.6,170.3000000000011,,1.639571018876286,1.574098835332854,exit_rule,16.45,15.33,2019-03-14,10850,10842.13114,11013.5998,6
10,10,11,2019-03-25 09:30:00,C,11368.5,2019-03-26 13:15:00,11377.7,-9.200000000000728,,-0.03078682323965343,-0.08356423450763073,exit_rule,16.28,16.17,2019-03-28,11350,11366.2263,11376.6998,1
11,11,12,2019-03-26 13:45:00,P,11405.8,2019-03-27 15:15:00,11449.3,43.5,,0.5365691139595709,0.3857686440232163,exit_rule,16.21,16.98,2019-03-28,11400,11403.518839999999,11448.299799999999,1
12,12,13,2019-04-04 14:45:00,C,11579.9,2019-04-05 14:00:00,11645.9,-66.0,,-0.5924058066131863,-0.5682259777718383,exit_rule,18.61,18.47,2019-04-11,11600,11577.58402,11644.8998,0
13,13,14,2019-04-05 14:15:00,P,11637.2,2019-04-08 12:15:00,11626.0,-11.20000000000073,,-0.07733819131749904,-0.09796170900217796,exit_rule,18.47,20.18,2019-04-11,11650,11634.872560000002,11624.9998,2
14,14,15,2019-04-08 13:45:00,C,11598.2,2019-04-09 14:15:00,11636.2,-38.0,,-0.2552120156575895,-0.3259126416167963,exit_rule,20.14,20.38,2019-04-11,11600,11595.880360000001,11635.1998,1
15,15,16,2019-04-09 14:30:00,P,11650.1,2019-04-10 14:15:00,11612.3,-37.80000000000109,,-0.2858344563566071,-0.3278941811658331,exit_rule,20.38,21.11,2019-04-11,11650,11647.769980000001,11611.299799999999,0
16,16,17,2019-04-10 14:30:00,C,11592.9,2019-04-12 09:45:00,11617.1,-24.20000000000073,,-0.2113362489109714,-0.2035728765020001,exit_rule,21.11,21.18,2019-04-18,11600,11590.58142,11616.0998,1
17,17,18,2019-04-12 10:00:00,P,11617.2,2019-04-12 12:30:00,11589.7,-27.5,,-0.2487690665564977,-0.2358571772888601,exit_rule,21.18,21.12,2019-04-18,11600,11614.87656,11588.6998,0
18,18,19,2019-04-12 12:45:00,C,11593.7,2019-04-12 13:45:00,11618.3,-24.59999999999854,,-0.009487911538150415,-0.2139092783149406,exit_rule,21.12,21.17,2019-04-18,11600,11591.38126,11617.299799999999,0
19,19,20,2019-04-12 14:00:00,P,11617.8,2019-04-18 12:00:00,11754.4,136.6000000000004,,1.163731515433221,1.174921241543149,exit_rule,21.17,22.94,2019-04-18,11600,11615.47644,11753.3998,5
20,20,21,2019-04-22 10:00:00,C,11661.4,2019-04-24 14:15:00,11657.7,3.699999999998909,,0.2418234517296286,0.03258613888554782,exit_rule,24.09,23.67,2019-04-25,11650,11659.06772,11656.6998,2
21,21,22,2019-04-24 14:45:00,P,11684.7,2019-04-25 15:15:00,11634.3,-50.40000000000146,,0.2653042012203993,-0.4356123820038294,exit_rule,23.78,23.12,2019-04-25,11700,11682.363060000001,11633.299799999999,1
22,22,23,2019-04-26 09:15:00,C,11683.8,2019-04-26 14:15:00,11735.0,-51.20000000000073,,-0.3312278539516316,-0.4365018230370257,exit_rule,23.13,22.39,2019-05-02,11700,11681.46324,11733.9998,0
23,23,24,2019-04-30 09:30:00,P,11713.2,2019-04-30 10:15:00,11667.8,-45.40000000000146,,-0.4157702421200076,-0.3875968992248186,exit_rule,21.72,22.48,2019-05-02,11700,11710.857360000002,11666.799799999999,0
24,24,25,2019-04-30 10:30:00,C,11663.8,2019-04-30 12:45:00,11713.2,-49.40000000000146,,-0.331795812685409,-0.4175311648005001,exit_rule,22.48,22.13,2019-05-02,11650,11661.46724,11712.1998,0
25,25,26,2019-04-30 13:15:00,P,11706.6,2019-04-30 13:45:00,11689.3,-17.30000000000109,,-0.02477235063980691,-0.1520509797891881,exit_rule,22.31,22.22,2019-05-02,11700,11704.25868,11688.299799999999,0
26,26,27,2019-04-30 14:45:00,P,11705.7,2019-05-03 09:15:00,11722.6,16.89999999999964,,0.1828169182534973,0.1221627070572394,exit_rule,22.01,22.96,2019-05-09,11700,11703.35886,11721.5998,2
27,27,28,2019-05-03 11:45:00,P,11745.2,2019-05-03 15:00:00,11737.7,-7.5,,-0.04597622858700963,-0.06811293123999591,exit_rule,23.84,23.87,2019-05-09,11750,11742.850960000002,11736.6998,0
28,28,29,2019-05-07 09:30:00,C,11639.0,2019-05-14 14:30:00,11259.8,379.2000000000007,,3.351662513961684,3.258011856688725,exit_rule,26.43,26.63,2019-05-16,11650,11636.6722,11258.799799999999,7
29,29,30,2019-05-17 12:15:00,P,11348.5,2019-05-21 14:45:00,11716.6,368.1000000000004,,3.451557474556116,3.236551086046608,exit_rule,28.25,25.19,2019-05-23,11350,11346.230300000001,11715.5998,4
30,30,31,2019-06-06 13:30:00,C,11903.2,2019-06-10 09:30:00,11959.4,-56.19999999999891,,-0.2663149405201871,-0.4755023859130196,exit_rule,15.7,14.88,2019-06-13,11900,11900.819360000001,11958.3998,3
31,31,32,2019-06-10 09:45:00,P,11938.9,2019-06-12 10:15:00,11910.5,-28.39999999999964,,-0.1423916776252419,-0.2403906557555462,exit_rule,14.87,14.46,2019-06-13,11950,11936.51222,11909.4998,2
32,32,33,2019-06-12 10:30:00,C,11901.4,2019-06-13 14:45:00,11900.0,1.399999999999636,,0.05209471154653157,0.01008284739609549,exit_rule,14.46,13.74,2019-06-13,11900,11899.01972,11898.9998,1
33,33,34,2019-06-14 09:15:00,P,11910.1,2019-06-14 11:15:00,11856.2,-53.89999999999964,,-0.4114155212802579,-0.4533966969211005,exit_rule,13.6,13.85,2019-06-20,11900,11907.717980000001,11855.1998,0
34,34,35,2019-06-14 12:30:00,C,11867.8,2019-06-19 09:45:00,11781.8,86.0,,0.6344899644415922,0.727177741451653,exit_rule,13.9,14.14,2019-06-20,11850,11865.42644,11780.799799999999,4
35,35,36,2019-06-20 15:15:00,P,11838.2,2019-06-21 14:15:00,11728.0,-110.2000000000007,,-0.8143129867716499,-0.9283505938402921,exit_rule,13.92,14.61,2019-06-27,11850,11835.83236,11726.9998,0
36,36,37,2019-06-21 14:45:00,C,11744.0,2019-06-25 12:30:00,11732.0,12.0,,0.1473092643051709,0.1038828337874721,exit_rule,14.57,15.28,2019-06-27,11750,11741.6512,11730.9998,3
37,37,38,2019-06-25 14:00:00,P,11766.0,2019-06-28 09:30:00,11839.1,73.10000000000036,,0.8091109977902492,0.6144824069352309,exit_rule,15.22,14.75,2019-07-04,11750,11763.6468,11838.0998,2
38,38,39,2019-06-28 15:00:00,C,11782.2,2019-07-01 10:30:00,11848.0,-65.79999999999927,,-0.5083940180950894,-0.5550746040637541,exit_rule,14.92,14.92,2019-07-04,11800,11779.843560000001,11846.9998,2
39,39,40,2019-07-02 10:15:00,P,11833.2,2019-07-02 11:00:00,11822.5,-10.70000000000073,,0.0591555961193929,-0.0929587939019031,exit_rule,14.71,14.71,2019-07-04,11850,11830.83336,11821.4998,0
40,40,41,2019-07-05 13:30:00,C,11803.8,2019-07-10 10:00:00,11579.7,224.0999999999985,,1.908707365424688,1.901929886985547,exit_rule,13.46,13.6,2019-07-11,11800,11801.43924,11578.6998,4
41,41,42,2019-07-16 14:30:00,P,11656.3,2019-07-18 10:45:00,11666.8,10.5,,0.1406964474147153,0.09608537872224229,exit_rule,11.58,11.82,2019-07-18,11650,11653.96874,11665.799799999999,1
42,42,43,2019-07-18 14:00:00,C,11628.4,2019-07-23 13:30:00,11373.8,254.6000000000004,,2.333081077362314,2.191187093667222,exit_rule,11.66,13.56,2019-07-25,11650,11626.07432,11372.799799999999,4
43,43,44,2019-08-08 15:15:00,P,11020.5,2019-08-13 11:30:00,11068.8,48.29999999999927,,0.6143096955673584,0.4319223265732077,exit_rule,16.01,16.44,2019-08-14,11000,11018.295900000001,11067.799799999999,4
44,44,45,2019-08-13 14:15:00,C,11025.8,2019-08-14 13:15:00,11048.4,-22.60000000000036,,-0.04262729235067503,-0.1995320067478097,exit_rule,16.97,16.67,2019-08-14,11050,11023.59484,11047.3998,0
45,45,46,2019-08-14 13:30:00,P,11045.5,2019-08-16 09:30:00,10943.3,-102.2000000000007,,-0.01629622923361796,-0.9243583359739294,exit_rule,16.68,17.3,2019-08-22,11050,11043.2909,10942.299799999999,1
46,46,47,2019-08-16 11:00:00,C,10998.5,2019-08-16 13:00:00,11045.2,-46.70000000000073,,-0.2273037232349866,-0.4264217847888315,exit_rule,16.79,16.66,2019-08-22,11000,10996.3003,11044.1998,0
47,47,48,2019-08-16 13:15:00,P,11054.8,2019-08-19 15:15:00,11055.3,0.5,,0.03618337735644245,0.008141259905212715,exit_rule,16.66,16.75,2019-08-22,11050,11052.589039999999,11054.299799999999,3
48,48,49,2019-08-20 10:15:00,C,11002.9,2019-08-23 14:00:00,10837.1,165.7999999999993,,1.466886002781082,1.505966608803124,exit_rule,16.84,17.54,2019-08-29,11000,11000.699419999999,10836.0998,3
49,49,50,2019-08-26 12:45:00,P,10973.5,2019-08-28 11:45:00,11062.0,88.5,,0.934068437599672,0.8046657857565889,exit_rule,17.26,16.07,2019-08-29,10950,10971.3053,11060.9998,1
50,50,51,2019-08-29 10:45:00,C,10969.0,2019-08-30 15:00:00,10981.8,-12.79999999999927,,0.1021059349074731,-0.1203391375695207,exit_rule,16.83,16.6,2019-09-05,10950,10966.8062,10980.799799999999,1
51,51,52,2019-08-30 15:15:00,P,11021.3,2019-09-03 10:00:00,10914.8,-106.5,10885.8,-1.118742798036523,-0.9663106893016251,loss reduced,16.61,17.59,2019-09-05,11000,11019.095739999999,10913.799799999999,3
52,52,53,2019-09-06 13:00:00,P,10922.2,2019-09-12 14:00:00,11018.7,96.5,,1.005291974144396,0.8816905019135272,exit_rule,16.67,14.88,2019-09-12,10900,10920.015560000002,11017.6998,6
53,53,54,2019-09-16 09:30:00,P,11011.8,2019-09-16 13:00:00,10981.8,-30.0,,0.003632466989969444,-0.273343140994193,exit_rule,14.12,15.24,2019-09-19,11000,11009.59764,10980.799799999999,0
54,54,55,2019-09-16 13:30:00,C,10979.0,2019-09-20 11:00:00,10902.9,76.10000000000036,,2.176883140541033,0.6512432826304764,exit_rule,15.22,14.74,2019-09-26,11000,10976.8042,10901.8998,3
55,55,56,2019-09-20 11:15:00,P,11054.1,2019-09-20 11:15:00,11054.1,0.0,10902.9,-1.367818275571966,-0.02171140119955163,loss reduced,14.73,15.13,2019-09-26,11050,11051.88918,11053.0998,0
56,56,57,2019-10-01 10:15:00,P,11444.5,2019-10-01 13:30:00,11433.8,-10.70000000000073,,0.2184455415264974,-0.09611603827165888,exit_rule,15.96,16.24,2019-10-03,11450,11442.2111,11432.799799999999,0
57,57,58,2019-10-01 14:00:00,C,11338.6,2019-10-04 10:45:00,11371.4,-32.79999999999927,,-0.1225900904873585,-0.2919231651173898,exit_rule,16.63,17.11,2019-10-10,11350,11336.33228,11370.3998,2
58,58,59,2019-10-09 15:15:00,P,11310.7,2019-10-10 13:45:00,11223.7,-87.0,,-0.7223248782126722,-0.7665308071118563,exit_rule,17.24,17.45,2019-10-10,11300,11308.437860000002,11222.6998,0
59,59,60,2019-10-10 14:30:00,C,11231.2,2019-10-11 09:30:00,11320.2,-89.0,,-0.2359498539782036,-0.7853123441840489,exit_rule,17.31,16.85,2019-10-17,11250,11228.95376,11319.1998,0
60,60,61,2019-10-11 12:45:00,C,11257.6,2019-10-11 13:00:00,11265.3,-7.699999999998909,,0.0,-0.0683982376350102,exit_rule,17.69,17.56,2019-10-17,11250,11255.34848,11264.299799999999,0
61,61,62,2019-10-11 14:15:00,P,11310.8,2019-10-22 14:15:00,11605.5,294.7000000000007,,2.754005021749125,2.59663330622061,exit_rule,17.37,16.97,2019-10-24,11300,11308.537839999999,11604.4998,11
62,62,63,2019-10-25 13:00:00,C,11513.4,2019-10-25 17:15:00,11583.9,-70.5,,-0.6123299807181197,-0.6123299807181197,exit_rule,15.9,15.32,2019-10-31,11500,11511.09732,11582.8998,0
63,63,64,2019-11-11 10:45:00,C,11884.3,2019-11-13 10:00:00,11927.5,-43.20000000000073,,-0.3693949159816015,-0.3592975606472467,exit_rule,16.66,16.47,2019-11-14,11900,11881.923139999999,11926.4998,1
64,64,65,2019-11-13 10:15:00,P,11926.2,2019-11-13 12:15:00,11893.0,-33.20000000000073,,-0.2029145914038061,-0.2783786956448888,exit_rule,16.47,16.42,2019-11-14,11950,11923.814760000001,11891.9998,0
65,65,66,2019-11-13 13:45:00,C,11894.2,2019-11-14 15:15:00,11874.4,19.80000000000109,,0.1589009769467594,0.1673084360444708,exit_rule,16.49,15.67,2019-11-14,11900,11891.821160000001,11873.3998,1
66,66,67,2019-11-15 09:30:00,P,11933.8,2019-11-18 10:30:00,11897.0,-36.79999999999927,,-0.2497109051601273,-0.3092057852486185,exit_rule,15.65,15.93,2019-11-21,11950,11931.41324,11895.9998,3
67,67,68,2019-11-18 11:45:00,C,11881.8,2019-11-19 10:45:00,11922.0,-40.20000000000073,,-0.1683246646131058,-0.3433823158107449,exit_rule,15.64,15.24,2019-11-21,11900,11879.423639999999,11920.9998,0
68,68,69,2019-11-19 11:00:00,P,11913.6,2019-11-21 10:45:00,11975.8,62.19999999999891,,0.5607037335482077,0.5237711522965319,exit_rule,15.24,15.53,2019-11-21,11900,11911.21728,11974.799799999999,1
69,69,70,2019-11-22 10:30:00,C,11923.3,2019-11-25 10:00:00,11984.3,-61.0,,-0.3832831514765269,-0.504893779406714,exit_rule,15.13,14.36,2019-11-28,11900,11920.91534,11983.299799999999,2
70,70,71,2019-11-25 10:30:00,P,11980.1,2019-11-26 15:15:00,12033.2,53.10000000000036,,0.7178571130458009,0.4407308787071834,exit_rule,14.33,14.79,2019-11-28,12000,11977.70398,12032.1998,1
71,71,72,2019-12-02 13:30:00,C,12029.8,2019-12-04 11:00:00,12013.3,16.5,,0.1537847678265641,0.1379906565362562,exit_rule,14.39,14.92,2019-12-05,12050,12027.39404,12012.299799999999,1
72,72,73,2019-12-04 11:45:00,C,11989.5,2019-12-04 15:15:00,12044.2,-54.70000000000073,,-0.2568914466825078,-0.4587347262187748,exit_rule,13.91,13.3,2019-12-05,12000,11987.1021,12043.1998,0
73,73,74,2019-12-05 09:15:00,P,12071.2,2019-12-06 09:15:00,12047.3,-23.90000000000146,,-0.3346808933660403,-0.5252170455298683,exit_rule,13.3,13.14,2019-12-12,12050,12068.78576,12046.299799999999,1
74,74,75,2019-12-06 10:00:00,P,12050.2,2019-12-06 10:30:00,12019.5,-30.70000000000073,,-0.1261389852450642,-0.2564272792152948,exit_rule,13.03,14.13,2019-12-12,12050,12047.789960000002,12018.4998,0
75,75,76,2019-12-06 11:00:00,C,12009.4,2019-12-09 13:15:00,11973.0,36.39999999999964,,0.2972671407397448,0.3014305460722343,exit_rule,13.71,14.59,2019-12-12,12000,12006.99812,11971.9998,3
76,76,77,2019-12-11 15:15:00,C,11913.3,2019-12-12 09:15:00,11944.3,-31.0,,0.0,0.0008393979837538283,exit_rule,13.55,13.14,2019-12-12,11900,11910.91734,11943.299799999999,0
77,77,78,2019-12-12 10:00:00,P,11963.7,2019-12-23 13:15:00,12256.7,293.0,,2.514272340496663,2.449075118901343,exit_rule,12.84,12.22,2019-12-26,11950,11961.307260000001,12255.6998,11
78,78,79,2019-12-26 13:30:00,C,12180.2,2019-12-27 11:30:00,12203.2,-23.0,,-0.2709315117978358,-0.1871890445148624,exit_rule,11.3,11.02,2020-01-02,12200,12177.76396,12202.1998,0
79,79,80,2019-12-27 11:45:00,P,12203.8,2019-12-30 14:15:00,12227.3,23.5,,0.2310755666267943,0.1925629721889903,exit_rule,11.02,11.22,2020-01-02,12200,12201.35924,12226.299799999999,3
80,80,81,2019-12-30 14:30:00,P,12244.6,2019-12-31 10:00:00,12217.5,-27.10000000000036,,-0.2507227675873506,-0.22295542524869,exit_rule,11.22,11.41,2020-01-02,12250,12242.151080000001,12216.4998,0
81,81,82,2019-12-31 15:15:00,C,12164.6,2020-01-02 09:45:00,12213.7,-49.10000000000036,,-0.4899462374430755,-0.4060963780148927,exit_rule,11.68,11.63,2020-01-02,12150,12162.167080000001,12212.6998,1
82,82,83,2020-01-02 10:00:00,P,12211.8,2020-01-03 12:00:00,12224.8,13.0,,0.199806744296512,0.1007222522478348,exit_rule,11.63,12.42,2020-01-09,12200,12209.35764,12223.799799999999,1
83,83,84,2020-01-03 15:00:00,C,12196.9,2020-01-07 10:30:00,12117.8,79.10000000000036,,0.5419409850043894,0.64688568406726,exit_rule,12.67,14.05,2020-01-09,12200,12194.46062,12116.799799999999,3
84,84,85,2020-01-09 09:30:00,P,12161.2,2020-01-15 10:00:00,12300.9,139.6999999999989,,1.184915962240556,1.14955760944643,exit_rule,15.64,14.38,2020-01-16,12150,12158.76776,12299.8998,6
85,85,86,2020-01-20 13:00:00,C,12265.3,2020-01-23 13:00:00,12163.9,101.3999999999996,,0.8487358645935978,0.8275378506844513,exit_rule,15.17,16.12,2020-01-23,12250,12262.84694,12162.8998,3
86,86,87,2020-01-24 10:30:00,P,12234.1,2020-01-27 10:30:00,12213.0,-21.10000000000036,,-0.2582944393130705,-0.1716513678979247,exit_rule,15.55,16.57,2020-01-30,12250,12231.653180000001,12211.9998,3
87,87,88,2020-01-27 10:45:00,C,12199.0,2020-01-29 10:45:00,12152.0,47.0,,0.5139765554553711,0.3869169604065967,exit_rule,16.58,16.71,2020-01-30,12200,12196.5602,12150.9998,2
88,88,89,2020-01-30 09:30:00,C,12084.6,2020-02-04 09:45:00,11829.0,255.6000000000004,,2.064611158002747,2.121708620889393,exit_rule,16.5,14.83,2020-02-06,12100,12082.18308,11827.9998,5
89,89,90,2020-02-04 15:15:00,P,11976.1,2020-02-07 11:30:00,12089.2,113.1000000000004,,1.064620368901395,0.9468858810464144,exit_rule,14.39,13.67,2020-02-13,12000,11973.70478,12088.1998,2
90,90,91,2020-02-10 10:15:00,C,12023.8,2020-02-11 09:30:00,12141.1,-117.3000000000011,,-0.7036045177065517,-0.9655849232355858,exit_rule,14.16,13.73,2020-02-13,12000,12021.39524,12140.0998,0
91,91,92,2020-02-17 10:30:00,C,12093.8,2020-02-19 09:30:00,12108.8,-15.0,,0.02645983892572152,-0.1298185847293715,exit_rule,14.21,13.91,2020-02-20,12100,12091.381239999999,12107.799799999999,1
92,92,93,2020-02-19 12:00:00,P,12079.7,2020-02-20 15:15:00,12084.3,4.599999999998545,,0.05877629411325235,0.04056392128943298,exit_rule,14.11,13.64,2020-02-20,12100,12077.284060000002,12083.299799999999,1
93,93,94,2020-03-26 11:30:00,P,8572.3,2020-03-30 09:45:00,8500.1,-72.19999999999891,8333.6,-2.019877979072124,-0.8270825799377022,loss reduced,73.12,71.46,2020-04-01,8550,8570.58554,8499.0998,3
94,94,95,2020-03-30 10:45:00,C,8554.05,2020-03-31 11:45:00,8528.0,26.04999999999927,,0.6008849609249378,0.2957663329066264,exit_rule,71.94,66.56,2020-04-01,8550,8552.339189999999,8526.9998,1
95,95,96,2020-03-31 12:30:00,P,8556.65,2020-04-01 10:45:00,8343.65,-213.0,8357.6,-2.088434141866255,-2.485785909205108,sl hit,66.43,60.83,2020-04-01,8550,8554.93867,8342.6498,0
96,96,97,2020-04-07 10:00:00,P,8446.0,2020-04-09 09:15:00,8973.05,527.0499999999993,,3.418778119820033,3.627752782382188,exit_rule,51.77,52.43,2020-04-09,8450,8444.3108,8972.049799999999,1
97,97,98,2020-04-21 14:30:00,C,8978.8,2020-04-22 11:15:00,9110.0,-131.2000000000007,9085.95,-1.11707577850048,-1.461776629393683,sl hit,45.42,44.14,2020-04-23,9000,8977.00424,9108.9998,0
98,98,99,2020-05-04 10:15:00,C,9377.2,2020-05-08 09:45:00,9331.85,45.35000000000036,,0.5332082071407243,0.492684383398037,exit_rule,42.9,38.27,2020-05-14,9400,9375.324560000001,9330.8498,3
99,99,100,2020-05-08 10:45:00,P,9341.0,2020-05-08 15:15:00,9245.95,-95.04999999999927,,-0.8419869392998569,-1.025586125682467,exit_rule,38.19,38.43,2020-05-14,9350,9339.131800000001,9244.9498,0
100,100,101,2020-05-11 09:30:00,P,9376.1,2020-05-11 14:30:00,9299.05,-77.05000000000109,,-0.8884290909866692,-0.8127046426552695,exit_rule,38.41,37.44,2020-05-14,9400,9374.22478,9298.049799999999,0
101,101,102,2020-05-11 14:45:00,C,9267.95,2020-05-14 09:30:00,9256.5,11.45000000000073,9584.5,0.5826531217798974,0.1370313823445393,loss reduced,37.44,38.29,2020-05-14,9250,9266.09641,9255.4998,2
102,102,103,2020-05-14 10:00:00,C,9247.85,2020-05-19 10:45:00,9021.15,226.7000000000007,,2.522748530739589,2.451921257373336,exit_rule,37.87,39.42,2020-05-21,9250,9246.00043,9020.1498,5
103,103,104,2020-05-21 09:45:00,P,9118.95,2020-05-22 10:30:00,9045.25,-73.70000000000073,,-0.5587266077783157,-0.796144292928466,exit_rule,34.13,34.03,2020-05-28,9100,9117.12621,9044.2498,1
104,104,105,2020-05-22 14:30:00,C,9031.4,2020-05-26 09:45:00,9142.15,-110.75,,-0.9705029120623562,-1.231259826826414,exit_rule,33.13,31.54,2020-05-28,9050,9029.593719999999,9141.1498,3
105,105,106,2020-05-26 10:45:00,P,9111.6,2020-05-26 14:00:00,9048.85,-62.75,,-0.7007550814346587,-0.6941700689231309,exit_rule,31.26,31.87,2020-05-28,9100,9109.777680000001,9047.8498,0
106,106,107,2020-05-26 15:00:00,C,9040.3,2020-05-27 11:00:00,9109.9,-69.60000000000036,,-0.675309447695332,-0.7698859551121132,exit_rule,31.84,30.54,2020-05-28,9050,9038.49194,9108.8998,0
107,107,108,2020-05-27 11:15:00,P,9103.05,2020-06-04 11:15:00,10051.7,948.6500000000015,,10.6079830386519,10.41573977952446,exit_rule,30.54,29.79,2020-06-04,9100,9101.229389999999,10050.6998,8
108,108,109,2020-06-11 13:45:00,C,9991.35,2020-06-12 15:00:00,9951.9,39.45000000000073,,0.7406406541658535,0.3933402393070115,exit_rule,30.17,31.22,2020-06-18,10000,9989.35173,9950.8998,1
109,109,110,2020-06-15 09:15:00,P,9919.35,2020-06-15 11:15:00,9770.15,-149.2000000000007,9789.9,-1.205724165393905,-1.507155206742377,sl hit,30.72,33.3,2020-06-18,9900,9917.36613,9769.1498,0
110,110,111,2020-06-16 11:45:00,P,9954.25,2020-06-16 14:15:00,9862.7,-91.54999999999927,9728.5,-1.051812040083389,-0.9166938744757264,loss reduced,31.04,33.66,2020-06-18,9950,9952.25915,9861.6998,0
111,111,112,2020-06-17 11:00:00,C,9872.45,2020-06-17 12:00:00,9922.95,-50.5,,-0.2172712953724649,-0.5069663558691031,exit_rule,33.87,33.6,2020-06-18,9850,9870.47551,9921.9498,0
112,112,113,2020-06-17 12:30:00,P,9948.85,2020-06-18 09:15:00,9863.25,-85.60000000000036,,-0.6809832292174473,-0.7237017343713092,exit_rule,33.49,33.48,2020-06-18,9950,9946.86023,9862.2498,0
113,113,114,2020-06-18 09:30:00,C,9889.2,2020-06-18 12:00:00,9942.85,-53.64999999999964,,-0.3357197751081878,-0.545544634550812,exit_rule,33.36,31.89,2020-06-18,9900,9887.222160000001,9941.8498,0
114,114,115,2020-06-18 12:15:00,P,9969.15,2020-06-24 14:15:00,10396.8,427.6499999999996,,4.306786436155543,4.299764774328801,exit_rule,31.89,29.69,2020-06-25,9950,9967.15617,10395.799799999999,6
115,115,116,2020-06-29 09:30:00,P,10302.5,2020-06-29 09:45:00,10264.9,-37.60000000000036,,0.0,-0.3445765590876001,exit_rule,28.74,29.84,2020-07-02,10300,10300.4395,10263.8998,0
116,116,117,2020-06-29 10:15:00,C,10241.5,2020-06-30 14:30:00,10286.8,-45.29999999999927,10394.2,-1.168774105355668,-0.4432944392911159,loss reduced,30.15,29.49,2020-07-02,10250,10239.4517,10285.799799999999,1
117,117,118,2020-07-14 10:45:00,C,10664.3,2020-07-15 10:15:00,10756.3,-92.0,,-0.753917275395492,-0.8580028693866452,exit_rule,26.3,25.96,2020-07-16,10650,10662.16714,10755.299799999999,0
118,118,119,2020-07-15 14:30:00,P,10738.0,2020-07-15 15:15:00,10600.2,-137.7999999999993,,-0.3929968336748066,-1.273048984913399,exit_rule,26.07,26.42,2020-07-16,10750,10735.8524,10599.1998,0
119,119,120,2020-07-16 10:00:00,C,10668.5,2020-07-16 15:15:00,10746.0,-77.5,,-0.471481464123347,-0.72831232131978,exit_rule,25.93,25.46,2020-07-16,10650,10666.3663,10744.9998,0
120,120,121,2020-07-17 09:15:00,P,10752.0,2020-07-22 14:00:00,11125.7,373.7000000000007,,3.304501488095231,3.476562499999993,exit_rule,25.46,25.18,2020-07-23,10750,10749.8496,11124.6998,5
121,121,122,2020-07-30 14:30:00,C,11101.7,2020-08-04 11:00:00,11019.9,81.80000000000109,,0.7548393489285522,0.7359233270580247,exit_rule,24.84,24.4,2020-08-06,11100,11099.47966,11018.8998,4
122,122,123,2020-08-04 15:00:00,P,11099.4,2020-08-12 09:45:00,11281.7,182.3000000000011,,1.514496279078152,1.643332072003889,exit_rule,23.95,21.64,2020-08-13,11100,11097.180119999999,11280.6998,7
123,123,124,2020-08-17 09:30:00,C,11216.3,2020-08-18 09:30:00,11312.2,-95.90000000000146,,-0.387828428269572,-0.8407407077200245,exit_rule,21.67,20.85,2020-08-20,11200,11214.05674,11311.1998,1
124,124,125,2020-08-31 13:30:00,C,11452.0,2020-09-01 13:45:00,11495.7,-43.70000000000073,,-0.5064617534055187,-0.4409710094306672,exit_rule,21.7,21.96,2020-09-03,11450,11449.7096,11494.6998,1
125,125,126,2020-09-01 14:30:00,C,11446.1,2020-09-02 09:45:00,11495.2,-49.10000000000036,,-0.4359563519452009,-0.423725111610068,exit_rule,21.91,21.7,2020-09-03,11450,11443.81078,11494.1998,0
126,126,127,2020-09-02 10:30:00,C,11453.8,2020-09-02 14:15:00,11506.0,-52.20000000000073,,-0.1309609038048508,-0.4382824914002404,exit_rule,21.92,21.69,2020-09-03,11450,11451.50924,11504.9998,0
127,127,128,2020-09-02 14:30:00,P,11533.3,2020-09-04 13:00:00,11424.2,-109.0999999999985,11332.8,-1.160118959881381,-0.9450894366746725,loss reduced,21.69,21.36,2020-09-10,11550,11530.993339999999,11423.1998,1
128,128,129,2020-09-10 09:30:00,C,11350.4,2020-09-10 09:45:00,11352.3,-1.899999999999636,,0.0,-0.02466873414153767,exit_rule,22.23,21.41,2020-09-10,11350,11348.12992,11351.299799999999,0
129,129,130,2020-09-10 11:30:00,P,11400.0,2020-09-14 14:30:00,11409.2,9.200000000000728,,0.3728070175438596,0.07719298245613397,exit_rule,21.32,21.46,2020-09-17,11400,11397.72,11408.1998,4
130,130,131,2020-09-15 13:15:00,P,11479.0,2020-09-17 12:00:00,11513.5,34.5,,0.5035281818973715,0.3075180764874926,exit_rule,20.98,20.59,2020-09-17,11500,11476.7042,11512.4998,1
131,131,132,2020-09-21 13:00:00,C,11470.5,2020-09-25 12:30:00,10999.2,471.2999999999993,,4.315417810906238,4.103570027461756,exit_rule,20.39,21.82,2020-10-01,11450,11468.2059,10998.1998,3
132,132,133,2020-09-28 12:30:00,P,11203.3,2020-09-30 10:15:00,11213.5,10.20000000000073,,-0.07408531414850332,0.08658163219766256,exit_rule,20.06,19.93,2020-10-01,11200,11201.05934,11212.4998,1
133,133,134,2020-09-30 10:30:00,P,11254.2,2020-10-12 14:00:00,11914.5,660.2999999999993,,5.815606617973733,5.85381457589166,exit_rule,19.93,21.75,2020-10-15,11250,11251.94916,11913.4998,12
134,134,135,2020-10-15 14:15:00,C,11709.6,2020-10-19 10:45:00,11890.4,-180.7999999999993,11879.3,-1.444968231194908,-1.54317824690851,sl hit,21.38,22.04,2020-10-22,11700,11707.258080000001,11889.3998,3
135,135,136,2020-10-19 12:00:00,P,11836.2,2020-10-21 14:00:00,11864.5,28.29999999999927,,0.2813402950271141,0.2374072759838338,exit_rule,22.26,23.33,2020-10-22,11850,11833.832760000001,11863.4998,2
136,136,137,2020-10-21 14:45:00,C,11834.0,2020-10-23 09:45:00,11948.5,-114.5,11974.5,-1.032617880682785,-0.9675511238803447,loss reduced,23.38,22.47,2020-10-29,11850,11831.6332,11947.4998,1
137,137,138,2020-10-26 11:45:00,C,11841.7,2020-10-27 12:30:00,11829.0,12.70000000000073,,0.04391261389834844,0.1004923279596802,exit_rule,22.69,22.55,2020-10-29,11850,11839.331660000002,11827.9998,1
138,138,139,2020-10-27 14:45:00,P,11868.8,2020-10-28 12:30:00,11798.8,-70.0,,-0.2434955513615499,-0.5906241574548274,exit_rule,22.16,22.71,2020-10-29,11850,11866.426239999999,11797.799799999999,0
139,139,140,2020-11-03 09:45:00,P,11782.8,2020-11-12 13:45:00,12629.9,847.1000000000004,,7.290287537766915,7.183352004616912,exit_rule,24.89,20.95,2020-11-12,11800,11780.44344,12628.8998,9
140,140,141,2020-11-26 10:00:00,C,12831.8,2020-11-26 14:45:00,12932.5,-100.7000000000007,,-0.6421546470487496,-0.7832104615096869,exit_rule,21.16,19.79,2020-11-26,12850,12829.23364,12931.4998,0
141,141,142,2020-11-27 15:00:00,P,12985.4,2020-12-02 13:15:00,13031.6,46.20000000000073,,0.4782293960909973,0.3627150492091146,exit_rule,20.03,20.38,2020-12-03,13000,12982.80292,13030.5998,4
142,142,143,2020-12-21 14:30:00,C,13422.5,2020-12-21 14:30:00,13422.5,0.0,13584.8,-1.189793257589873,-0.01713540696591002,loss reduced,20.36,21.23,2020-12-24,13400,13419.8155,13421.4998,0
143,143,144,2020-12-23 10:45:00,P,13530.5,2020-12-30 13:15:00,13909.2,378.7000000000007,,2.67691511769706,2.801079043642142,exit_rule,21.81,21.35,2020-12-31,13550,13527.7939,13908.1998,7
144,144,145,2021-01-18 09:45:00,C,14361.6,2021-01-19 10:30:00,14437.5,-75.89999999999964,,-0.354417335115862,-0.5229222370766513,exit_rule,25.11,23.57,2021-01-21,14350,14358.72768,14436.4998,1
145,145,146,2021-01-19 11:30:00,P,14441.8,2021-01-21 15:15:00,14586.7,144.9000000000015,,1.436801506737387,1.001952665180246,exit_rule,23.21,22.37,2021-01-21,14450,14438.91164,14585.6998,2
146,146,147,2021-01-22 11:30:00,C,14501.2,2021-02-01 12:00:00,13874.2,627.0,,4.489283645491407,4.323780100957162,exit_rule,22.29,24.2,2021-02-04,14500,14498.299760000002,13873.1998,10
147,147,148,2021-02-01 13:45:00,P,14186.7,2021-02-10 09:30:00,15094.6,907.8999999999996,,6.571648092932107,6.395426702474848,exit_rule,23.64,24.41,2021-02-11,14200,14183.86266,15093.5998,8
148,148,149,2021-02-18 12:45:00,C,15102.8,2021-02-24 15:45:00,14783.7,319.0999999999985,,1.763249198824055,2.129406467674859,exit_rule,21.74,24.54,2021-02-25,15100,15099.77944,14782.6998,6
149,149,150,2021-03-02 10:15:00,P,14921.0,2021-03-05 09:30:00,14997.9,76.89999999999964,,0.3820119294953421,0.5093492393271228,exit_rule,24.37,25.74,2021-03-10,14900,14918.015800000001,14996.8998,2
150,150,151,2021-03-05 14:45:00,C,14913.5,2021-03-08 10:45:00,14985.0,-71.5,15111.2,-1.04402051832233,-0.476078720622255,loss reduced,26.14,24.8,2021-03-10,14900,14910.5173,14983.9998,2
151,151,152,2021-03-08 11:30:00,P,15021.5,2021-03-08 12:45:00,14980.7,-40.79999999999927,,-0.08121692241121545,-0.27294211629997,exit_rule,24.74,24.89,2021-03-10,15000,15018.4957,14979.6998,0
152,152,153,2021-03-08 14:00:00,C,14966.5,2021-03-09 09:30:00,15092.8,-126.2999999999993,,-0.5572445127451283,-0.8438846757758945,exit_rule,25.0,23.33,2021-03-10,14950,14963.5067,15091.799799999999,0
153,153,154,2021-03-09 12:30:00,P,15026.2,2021-03-09 13:30:00,14962.6,-63.60000000000036,,-0.3533827581158268,-0.4272537301513405,exit_rule,23.07,23.41,2021-03-10,15050,15023.19476,14961.5998,0
154,154,155,2021-03-09 13:45:00,C,14950.4,2021-03-09 15:15:00,15114.5,-164.1000000000004,,-0.4735659246575415,-1.092278467465761,exit_rule,23.4,22.42,2021-03-10,14950,14947.40992,15113.4998,0
155,155,156,2021-03-12 14:45:00,C,15019.8,2021-03-16 10:00:00,14986.0,33.79999999999927,,0.4094595134422563,0.2230389219563509,exit_rule,22.31,20.45,2021-03-18,15000,15016.79604,14984.9998,3
156,156,157,2021-03-16 10:45:00,P,15046.8,2021-03-16 14:30:00,14930.3,-116.5,,-0.8859026503974219,-0.7782385623521184,exit_rule,20.37,20.23,2021-03-18,15050,15043.79064,14929.299799999999,0
157,157,158,2021-03-16 15:15:00,C,14900.5,2021-03-19 14:30:00,14688.2,212.2999999999993,,1.518069863427407,1.416059863762961,exit_rule,20.11,20.43,2021-03-25,14900,14897.519900000001,14687.1998,2
158,158,159,2021-03-23 14:30:00,P,14853.8,2021-03-24 10:15:00,14668.8,-185.0,,-0.9223229072695204,-1.245472539013586,exit_rule,21.15,21.24,2021-03-25,14850,14850.82924,14667.799799999999,0
159,159,160,2021-03-30 09:45:00,P,14688.5,2021-03-31 12:30:00,14730.5,42.0,,0.3145317765598987,0.2838955645573117,exit_rule,20.37,20.61,2021-04-01,14700,14685.5623,14729.4998,1
160,160,161,2021-04-01 11:00:00,P,14713.8,2021-04-01 11:30:00,14713.8,0.0,,0.09514877190120839,0.001359268170022208,exit_rule,20.1,20.13,2021-04-01,14700,14710.85724,14712.799799999999,0
161,161,162,2021-04-01 12:45:00,P,14746.0,2021-04-05 10:15:00,14574.5,-171.5,,-0.5425200054252001,-1.154211311542118,exit_rule,20.25,22.51,2021-04-08,14750,14743.0508,14573.4998,3
162,162,163,2021-04-05 14:00:00,C,14617.8,2021-04-06 09:45:00,14729.5,-111.7000000000007,,-0.5842192395572621,-0.7661891666324618,exit_rule,21.81,21.12,2021-04-08,14600,14614.87644,14728.4998,0
163,163,164,2021-04-06 10:00:00,P,14722.9,2021-04-06 13:45:00,14638.8,-84.10000000000036,,-0.4863172336971681,-0.5664644872952994,exit_rule,21.11,21.3,2021-04-08,14700,14719.95542,14637.799799999999,0
164,164,165,2021-04-06 14:00:00,C,14638.0,2021-04-07 09:30:00,14748.5,-110.5,,-0.5362754474655007,-0.755567700505536,exit_rule,21.3,21.09,2021-04-08,14650,14635.072400000001,14747.4998,0
165,165,166,2021-04-16 09:45:00,P,14637.8,2021-04-20 09:30:00,14506.0,-131.7999999999993,14203.2,-0.7589938378718014,-0.9092896473513681,loss reduced,20.66,21.74,2021-04-22,14650,14634.87244,14504.9998,3
166,166,167,2021-04-26 09:45:00,P,14512.2,2021-04-30 09:45:00,14832.2,320.0,,2.018301842587613,2.200217747825962,exit_rule,23.09,23.09,2021-05-06,14500,14509.29756,14831.1998,4
167,167,168,2021-05-03 09:15:00,C,14481.0,2021-05-03 09:15:00,14481.0,0.0,14632.1,-1.035149506249566,-0.9426144603273255,loss reduced,23.0,23.28,2021-05-06,14500,14478.1038,14479.9998,0
168,168,169,2021-05-03 14:30:00,C,14610.7,2021-05-04 09:30:00,14668.0,-57.29999999999927,,-0.5235888766451984,-0.399022634096924,exit_rule,23.31,22.83,2021-05-06,14600,14607.77786,14666.9998,0
169,169,170,2021-05-04 11:00:00,P,14660.5,2021-05-04 13:45:00,14604.6,-55.89999999999964,,-0.3662903720882693,-0.3799324716073853,exit_rule,22.49,22.72,2021-05-06,14650,14657.5679,14603.5998,0
170,170,171,2021-05-04 14:00:00,C,14616.5,2021-05-05 13:45:00,14601.2,15.29999999999927,,0.05268019019601634,0.1033079054493235,exit_rule,22.72,22.27,2021-05-06,14600,14613.5767,14600.1998,0
171,171,172,2021-05-05 14:15:00,C,14552.5,2021-05-05 14:30:00,14595.8,-43.29999999999927,,0.0,-0.2934203745061036,exit_rule,22.24,22.09,2021-05-06,14550,14549.5895,14594.799799999999,0
172,172,173,2021-05-06 09:30:00,P,14652.3,2021-05-11 10:00:00,14840.5,188.2000000000007,,1.171829678617014,1.28102755198843,exit_rule,21.96,20.0,2021-05-12,14650,14649.36954,14839.4998,5
173,173,174,2021-05-12 10:30:00,C,14718.4,2021-05-17 09:45:00,14768.2,-49.80000000000109,,-0.1005544080878431,-0.3437873681921973,exit_rule,20.11,19.85,2021-05-20,14700,14715.45632,14767.1998,4
174,174,175,2021-05-17 10:00:00,P,14774.5,2021-05-19 14:00:00,15040.5,266.0,,1.79430775999188,1.798368811127285,exit_rule,19.85,19.48,2021-05-20,14750,14771.545100000001,15039.4998,2
175,175,176,2021-06-09 13:15:00,P,15660.3,2021-06-09 13:30:00,15672.3,12.0,,0.0,0.08812091722381495,exit_rule,14.95,14.98,2021-06-10,15650,15657.16794,15671.299799999999,0
176,176,177,2021-06-09 15:00:00,C,15608.0,2021-06-10 13:30:00,15729.5,-121.5,,-0.6317273193234262,-0.7771655561250594,exit_rule,15.34,15.06,2021-06-10,15600,15604.8784,15728.4998,0
177,177,178,2021-06-17 09:30:00,C,15709.5,2021-06-18 15:15:00,15683.2,26.29999999999927,,0.3341926859543589,0.1667780642286561,exit_rule,14.87,14.79,2021-06-24,15700,15706.3581,15682.1998,1
178,178,179,2021-06-21 14:30:00,P,15720.1,2021-06-23 10:15:00,15752.6,32.5,,0.4192085292078271,0.2124668418139811,exit_rule,15.37,15.08,2021-06-24,15700,15716.95598,15751.5998,1
179,179,180,2021-06-23 15:00:00,C,15689.0,2021-06-24 12:30:00,15759.9,-70.89999999999964,,-0.478041940212888,-0.4557333163362866,exit_rule,15.33,15.16,2021-06-24,15700,15685.8622,15758.8998,0
180,180,181,2021-06-24 12:45:00,P,15780.3,2021-06-28 13:45:00,15829.9,49.60000000000036,,0.3732501916947172,0.3136822493868938,exit_rule,15.16,13.39,2021-07-01,15800,15777.14394,15828.8998,4
181,181,182,2021-06-29 10:30:00,C,15767.3,2021-06-30 10:45:00,15824.8,-57.5,,-0.2429077901733404,-0.3627761252719282,exit_rule,13.33,12.73,2021-07-01,15750,15764.14654,15823.799799999999,1
182,182,183,2021-06-30 11:00:00,P,15826.0,2021-06-30 14:30:00,15762.5,-63.5,,-0.2426386958170077,-0.3999747251358478,exit_rule,12.73,12.77,2021-07-01,15850,15822.8348,15761.4998,0
183,183,184,2021-06-30 14:45:00,C,15739.0,2021-07-02 15:00:00,15695.8,43.20000000000073,,0.2541457525891099,0.272571319651818,exit_rule,12.77,12.14,2021-07-08,15750,15735.852200000001,15694.799799999999,2
184,184,185,2021-07-05 09:30:00,P,15805.9,2021-07-07 09:15:00,15819.6,13.70000000000073,,0.001898025420894042,0.07465566655490097,exit_rule,12.09,12.27,2021-07-08,15800,15802.73882,15818.5998,1
185,185,186,2021-07-07 15:00:00,P,15842.2,2021-07-08 11:15:00,15833.5,-8.700000000000728,,-0.04544823319993894,-0.05554784057770443,exit_rule,12.21,12.62,2021-07-08,15850,15839.031560000001,15832.4998,0
186,186,187,2021-07-08 12:30:00,C,15790.8,2021-07-12 09:45:00,15756.2,34.59999999999854,,0.1165235453555212,0.2184816475416065,exit_rule,12.91,12.82,2021-07-15,15800,15787.64184,15755.1998,3
187,187,188,2021-07-12 10:30:00,P,15775.4,2021-07-12 14:00:00,15701.7,-73.69999999999891,,-0.3302610393397338,-0.4665491841728283,exit_rule,12.73,13.12,2021-07-15,15800,15772.24492,15700.6998,0
188,188,189,2021-07-13 11:45:00,P,15775.1,2021-07-16 12:45:00,15916.0,140.8999999999996,,0.7892184518640136,0.8881084747481813,exit_rule,12.61,12.06,2021-07-22,15800,15771.94498,15914.9998,3
189,189,190,2021-07-19 09:30:00,C,15826.0,2021-07-22 09:45:00,15765.5,60.5,,0.4347276633388049,0.3810185770251439,exit_rule,11.71,12.39,2021-07-22,15850,15822.8348,15764.4998,3
190,190,191,2021-07-22 10:45:00,P,15801.2,2021-07-26 14:15:00,15852.1,50.89999999999964,,0.2759284105004591,0.319595980052148,exit_rule,12.31,12.38,2021-07-29,15800,15798.039760000001,15851.0998,4
191,191,192,2021-07-27 10:15:00,P,15868.0,2021-07-27 11:30:00,15834.3,-33.70000000000073,,-0.1128056465843184,-0.2136375094529849,exit_rule,12.39,12.58,2021-07-29,15850,15864.8264,15833.299799999999,0
192,192,193,2021-07-27 12:45:00,C,15772.2,2021-07-29 09:30:00,15747.3,24.90000000000146,,0.06023256108849748,0.1578727127477552,exit_rule,12.71,13.17,2021-07-29,15750,15769.04556,15746.299799999999,1
193,193,194,2021-07-29 11:00:00,P,15795.2,2021-08-06 11:45:00,16241.3,446.0999999999985,,3.049027552674221,2.830606766612632,exit_rule,13.06,12.74,2021-08-12,15800,15792.04096,16240.299799999999,8
194,194,195,2021-08-23 13:00:00,P,16487.2,2021-08-26 12:45:00,16630.2,143.0,,0.9267795623271341,0.8697656363724453,exit_rule,13.77,13.85,2021-08-26,16500,16483.902560000002,16629.199800000002,2
195,195,196,2021-09-20 15:15:00,C,17417.4,2021-09-21 14:30:00,17508.1,-90.69999999999709,,-0.3766348593934717,-0.5161505161505037,exit_rule,17.23,16.87,2021-09-23,17400,17413.916520000002,17507.0998,0
196,196,197,2021-09-21 14:45:00,P,17531.2,2021-09-27 11:45:00,17811.4,280.2000000000007,,1.730628821757768,1.598863740074834,exit_rule,16.87,17.72,2021-09-30,17550,17527.693760000002,17810.399800000003,5
197,197,198,2021-09-28 13:15:00,C,17619.2,2021-09-29 14:15:00,17736.8,-117.5999999999985,,-0.542022339266255,-0.667453686887024,exit_rule,18.53,18.43,2021-09-30,17600,17615.676160000003,17735.7998,1
198,198,199,2021-09-29 14:30:00,P,17758.8,2021-09-30 13:00:00,17678.2,-80.59999999999854,,-0.5918192670675865,-0.458364303894395,exit_rule,18.43,18.6,2021-09-30,17750,17755.24824,17677.199800000002,0
199,199,200,2021-09-30 13:30:00,C,17640.8,2021-10-04 09:45:00,17652.6,-11.79999999999927,,0.1173416171602236,-0.06632352274273688,exit_rule,18.64,17.28,2021-10-07,17650,17637.27184,17651.5998,3
200,200,201,2021-10-04 10:00:00,P,17705.1,2021-10-06 14:15:00,17761.2,56.10000000000218,,0.2999135842215078,0.3196818995656742,exit_rule,17.28,16.69,2021-10-07,17700,17701.558979999998,17760.199800000002,2
201,201,202,2021-10-06 15:00:00,C,17648.1,2021-10-07 10:45:00,17816.8,-168.7000000000007,,-0.8527830191352044,-0.9547770014902455,exit_rule,17.26,16.61,2021-10-07,17650,17644.570379999997,17815.7998,0
202,202,203,2021-10-21 11:00:00,C,18143.2,2021-10-22 10:00:00,18259.8,-116.5999999999985,,-0.9094316327880417,-0.6432161911900918,exit_rule,18.31,17.62,2021-10-28,18150,18139.57136,18258.7998,0
203,203,204,2021-10-22 10:15:00,P,18278.4,2021-10-22 12:15:00,18145.6,-132.8000000000029,,-0.5372461484593877,-0.7145045518207401,exit_rule,17.62,17.56,2021-10-28,18300,18274.74432,18144.5998,0
204,204,205,2021-10-22 12:30:00,C,18160.1,2021-10-25 12:45:00,18144.6,15.5,,0.06222432695854799,0.08369997962564683,exit_rule,17.56,18.02,2021-10-28,18150,18156.467979999998,18143.5998,3
205,205,206,2021-10-25 15:00:00,C,18133.6,2021-10-26 09:15:00,18154.5,-20.90000000000146,,0.0700357347685903,-0.01599241187630396,exit_rule,17.8,17.66,2021-10-28,18150,18129.97328,18153.4998,0
206,206,207,2021-10-26 09:45:00,P,18223.8,2021-10-27 15:15:00,18227.2,3.400000000001455,,0.1410243747187784,0.01975438712015158,exit_rule,17.51,16.83,2021-10-28,18200,18220.15524,18226.199800000002,1
207,207,208,2021-10-28 09:30:00,C,18130.3,2021-11-01 13:30:00,17820.1,310.2000000000007,,1.762794879290462,1.708190156809323,exit_rule,16.83,17.48,2021-11-03,18150,18126.67394,17819.0998,4
208,208,209,2021-11-04 18:30:00,C,17927.2,2021-11-08 09:15:00,18040.2,-113.0,,0.01729215940025315,0.04629836226515726,exit_rule,16.13,15.63,2021-11-11,17950,17923.61456,18039.199800000002,3
209,209,210,2021-11-08 13:00:00,P,18012.8,2021-11-10 09:30:00,17945.3,-67.5,,-0.2187333451767511,-0.3825057736720433,exit_rule,16.26,16.51,2021-11-11,18000,18009.19744,17944.2998,1
210,210,211,2021-11-10 09:45:00,C,17932.0,2021-11-10 14:15:00,18049.9,-117.9000000000015,,-0.5760651349542676,-0.6569261655141606,exit_rule,16.51,16.32,2021-11-11,17950,17928.4136,18048.899800000003,0
211,211,212,2021-11-10 14:30:00,P,18043.7,2021-11-11 09:45:00,17926.5,-117.2000000000007,,-0.6013179115148223,-0.657293127241099,exit_rule,16.32,16.73,2021-11-11,18050,18040.09126,17925.4998,0
212,212,213,2021-11-11 10:00:00,C,17922.6,2021-11-12 10:00:00,17978.7,-56.10000000000218,,-0.1657125640253129,-0.3130126209367067,exit_rule,16.73,15.27,2021-11-18,17900,17919.01548,17977.699800000002,1
213,213,214,2021-11-12 12:45:00,P,17983.6,2021-11-16 10:00:00,18062.6,79.0,,0.3442024956071168,0.4376209435263281,exit_rule,15.36,15.13,2021-11-18,18000,17980.003279999997,18061.5998,3
214,214,215,2021-11-16 14:15:00,P,18068.8,2021-11-16 14:30:00,17993.0,-75.79999999999927,,0.0,-0.4172938988753975,exit_rule,15.24,15.39,2021-11-18,18050,18065.18624,17991.9998,0
215,215,216,2021-11-17 09:15:00,C,17939.3,2021-11-23 14:00:00,17508.6,430.7000000000007,,2.373002291059298,2.400316623279607,exit_rule,15.19,18.03,2021-11-25,17950,17935.71214,17507.5998,6
216,216,217,2021-12-02 14:45:00,P,17359.2,2021-12-03 13:30:00,17277.2,-82.0,,-0.3997880086640021,-0.4717959352965658,exit_rule,18.74,18.17,2021-12-09,17350,17355.728160000002,17276.199800000002,0
217,217,218,2021-12-03 13:45:00,C,17265.6,2021-12-07 11:15:00,17167.5,98.09999999999854,,0.6880733944954087,0.5658650727457899,exit_rule,18.16,18.6,2021-12-09,17250,17262.14688,17166.4998,3
218,218,219,2021-12-14 09:45:00,C,17310.9,2021-12-16 11:00:00,17285.0,25.90000000000146,,0.2200925428487379,0.1519273983444125,exit_rule,17.03,16.32,2021-12-16,17300,17307.437820000003,17283.9998,2
219,219,220,2021-12-16 11:30:00,C,17242.2,2021-12-21 10:15:00,16810.7,431.5,,2.405145515073487,2.507800628690083,exit_rule,16.16,18.21,2021-12-23,17250,17238.75156,16809.699800000002,4
220,220,221,2021-12-23 09:30:00,P,17053.8,2021-12-24 10:30:00,16943.4,-110.3999999999978,,-0.639740116572251,-0.639740116572251,exit_rule,16.58,16.22,2021-12-30,17050,17050.38924,16942.399800000003,1
221,221,222,2021-12-24 11:15:00,C,16968.1,2021-12-24 14:30:00,17037.6,-69.5,,-0.4313977404659375,-0.401930681690942,exit_rule,16.19,15.86,2021-12-30,16950,16964.70638,17036.5998,0
222,222,223,2021-12-24 14:45:00,P,17056.1,2021-12-27 09:30:00,16939.0,-117.0999999999985,,-0.6935934944096205,-0.6994564994342158,exit_rule,15.86,17.05,2021-12-30,17050,17052.68878,16937.9998,2
223,223,224,2021-12-27 10:00:00,C,16957.2,2021-12-27 11:45:00,17003.3,-46.09999999999854,,-0.2742198004387517,-0.2724506404359253,exit_rule,17.1,17.13,2021-12-30,16950,16953.80856,17002.2998,0
224,224,225,2021-12-27 12:30:00,P,17045.5,2021-12-30 15:00:00,17204.5,159.0,,1.007890645624941,0.9304508521310524,exit_rule,17.07,16.55,2021-12-30,17050,17042.0909,17203.4998,3
225,225,226,2022-01-19 09:45:00,C,17964.8,2022-01-25 14:45:00,17229.2,735.5999999999985,,4.224372105450647,4.0885509440684,exit_rule,18.08,21.63,2022-01-27,17950,17961.20704,17228.199800000002,6
226,226,227,2022-02-01 09:30:00,P,17514.4,2022-02-01 13:30:00,17440.6,-73.80000000000291,17244.6,-1.352030329329026,-0.4173708491298713,loss reduced,21.95,20.16,2022-02-03,17500,17510.89712,17439.5998,0
227,227,228,2022-02-01 14:00:00,P,17500.3,2022-02-03 11:45:00,17669.6,169.2999999999993,,1.090838442769561,0.973697593755544,exit_rule,20.28,18.48,2022-02-03,17500,17496.79994,17668.5998,1
228,228,229,2022-02-04 12:15:00,C,17517.8,2022-02-09 09:15:00,17370.1,147.7000000000007,,1.354622155750147,1.584103026635765,exit_rule,19.02,19.75,2022-02-10,17500,17514.29644,17369.0998,4
229,229,230,2022-02-09 14:15:00,P,17438.5,2022-02-11 10:00:00,17352.8,-85.70000000000073,,-0.1880895719241865,-0.4862803566820499,exit_rule,18.95,19.21,2022-02-17,17450,17435.012300000002,17351.7998,1
230,230,231,2022-02-11 12:45:00,C,17402.8,2022-02-15 12:45:00,17076.8,326.0,,2.068632633829039,1.881306456432286,exit_rule,18.9,21.79,2022-02-17,17400,17399.31944,17075.7998,4
231,231,232,2022-02-15 14:45:00,P,17315.2,2022-02-17 15:15:00,17284.2,-31.0,,0.04389207170577611,-0.1796109776381571,exit_rule,21.42,22.1,2022-02-17,17300,17311.736960000002,17283.199800000002,2
232,232,233,2022-02-18 09:15:00,C,17236.1,2022-02-18 13:00:00,17362.4,-126.3000000000029,,-0.7223211747437066,-0.7333445501012495,exit_rule,22.09,21.76,2022-02-24,17250,17232.65278,17361.399800000003,0
233,233,234,2022-02-18 13:15:00,P,17360.8,2022-02-18 14:30:00,17277.9,-82.89999999999782,,-0.307013501681946,-0.4757845260586986,exit_rule,21.76,22.25,2022-02-24,17350,17357.327839999998,17276.899800000003,0
234,234,235,2022-02-18 14:45:00,C,17261.2,2022-02-21 13:00:00,17310.3,-49.09999999999854,,-0.2016082311774342,-0.2867703288299771,exit_rule,22.26,22.49,2022-02-24,17250,17257.747760000002,17309.2998,2
235,235,236,2022-02-21 13:15:00,P,17345.1,2022-02-21 14:45:00,17194.7,-150.3999999999978,,-0.4842866285002682,-0.8624914240909453,exit_rule,22.48,23.03,2022-02-24,17350,17341.630979999998,17193.699800000002,0
236,236,237,2022-02-21 15:00:00,C,17224.7,2022-02-23 09:30:00,17216.0,8.700000000000728,,0.1753296138684605,0.05050886227336748,exit_rule,23.04,25.01,2022-02-24,17200,17221.25506,17214.9998,1
237,237,238,2022-03-03 09:30:00,C,16688.6,2022-03-03 09:45:00,16657.2,31.39999999999782,,0.0,0.183358699950856,exit_rule,29.23,27.61,2022-03-03,16700,16685.26228,16656.199800000002,0
238,238,239,2022-03-09 14:15:00,P,16339.8,2022-03-15 13:30:00,16715.0,375.2000000000007,,2.428426296527493,2.298681746410618,exit_rule,27.43,26.73,2022-03-17,16350,16336.53204,16713.9998,5
239,239,240,2022-03-28 10:00:00,C,17077.6,2022-03-28 13:15:00,17216.7,-139.1000000000022,,-0.6974047875579835,-0.8186161989975344,exit_rule,23.89,23.2,2022-03-31,17100,17074.18448,17215.699800000002,0
240,240,241,2022-04-07 15:00:00,C,17642.2,2022-04-08 13:15:00,17728.8,-86.59999999999854,,-0.4126469487932303,-0.4920021312534676,exit_rule,19.12,17.9,2022-04-13,17650,17638.671560000003,17727.7998,0
241,241,242,2022-04-11 10:15:00,P,17708.3,2022-04-11 10:45:00,17685.2,-23.09999999999854,,0.06211776398637927,-0.1264943557540691,exit_rule,18.94,18.81,2022-04-13,17700,17704.75834,17684.199800000002,0
242,242,243,2022-04-11 14:00:00,P,17721.8,2022-04-11 15:00:00,17694.3,-27.5,,-0.1060840320960584,-0.1579974946111569,exit_rule,18.28,18.36,2022-04-13,17700,17718.25564,17693.2998,0
243,243,244,2022-04-21 14:30:00,P,17405.4,2022-04-22 10:45:00,17242.8,-162.6000000000022,17215.8,-1.031863674491837,-0.9330437680260232,loss reduced,17.91,18.21,2022-04-28,17400,17401.91892,17241.7998,0
244,244,245,2022-04-22 11:15:00,C,17296.8,2022-04-26 10:00:00,17161.2,135.5999999999985,,0.7093797696683822,0.7822256139863979,exit_rule,18.11,19.7,2022-04-28,17300,17293.34064,17160.199800000002,3
245,245,246,2022-04-28 09:30:00,C,17125.7,2022-04-28 09:45:00,17110.1,15.60000000000218,,0.0,0.09225900255171626,exit_rule,20.61,20.46,2022-04-28,17150,17122.27486,17109.0998,0
246,246,247,2022-04-28 13:00:00,P,17221.2,2022-04-29 15:15:00,17072.1,-149.1000000000022,,0.3222771932269528,-0.8710194411539265,exit_rule,19.59,19.54,2022-05-05,17200,17217.75576,17071.0998,1
247,247,248,2022-05-04 09:30:00,C,17068.3,2022-05-10 12:15:00,16386.7,681.5999999999985,,4.177334591025469,3.995125466508075,exit_rule,20.28,21.98,2022-05-12,17050,17064.88634,16385.699800000002,6
248,248,249,2022-05-17 14:30:00,P,16220.8,2022-05-19 11:30:00,15885.8,-335.0,15904.7,-1.806939238508573,-2.066482540935089,sl hit,23.23,24.21,2022-05-19,16200,16217.555839999999,15884.799799999999,1
249,249,250,2022-05-20 09:30:00,C,16112.7,2022-05-20 10:15:00,16160.5,-47.79999999999927,,-0.3425869034984758,-0.2966603983193336,exit_rule,24.56,23.2,2022-05-26,16100,16109.477460000002,16159.4998,0
250,250,251,2022-05-20 10:30:00,P,16160.7,2022-05-24 09:15:00,16225.5,64.79999999999927,,0.3056798282252603,0.1918233739875129,exit_rule,23.2,23.83,2022-05-26,16150,16157.46786,16224.4998,3
251,251,252,2022-05-24 10:15:00,C,16148.8,2022-05-26 13:45:00,16142.0,6.799999999999272,,0.1244674526899742,0.04025066878034281,exit_rule,25.55,23.44,2022-05-26,16150,16145.57024,16140.9998,2
252,252,253,2022-05-26 15:00:00,P,16183.2,2022-06-01 09:45:00,16571.9,388.7000000000007,,2.704038756241031,2.40496317168422,exit_rule,23.1,20.28,2022-06-02,16200,16179.963360000002,16570.899800000003,5
253,253,254,2022-06-06 09:45:00,C,16480.9,2022-06-08 12:00:00,16465.1,15.80000000000291,,0.2742568670400325,0.09768883980851885,exit_rule,20.47,19.83,2022-06-09,16500,16477.60382,16464.0998,2
254,254,255,2022-06-09 12:45:00,C,16398.3,2022-06-09 14:30:00,16414.2,-15.90000000000146,,0.0554935572589753,-0.09452199313343457,exit_rule,19.36,19.36,2022-06-09,16400,16395.02034,16413.199800000002,0
255,255,256,2022-06-09 15:15:00,P,16477.7,2022-06-10 11:30:00,16247.7,-230.0,16263.2,-1.232574934608594,-1.387936423165859,sl hit,19.3,19.23,2022-06-16,16500,16474.40446,16246.6998,0
256,256,257,2022-06-23 10:00:00,C,15562.0,2022-06-23 10:15:00,15593.5,-31.5,,0.0,-0.199203187250996,exit_rule,21.09,21.14,2022-06-23,15550,15558.8876,15592.4998,0
257,257,258,2022-06-23 14:00:00,C,15571.3,2022-06-23 14:45:00,15585.3,-14.0,,0.3493606827946262,-0.08926679211113688,exit_rule,21.0,20.79,2022-06-23,15550,15568.185739999999,15584.299799999999,0
258,258,259,2022-06-24 09:30:00,P,15704.2,2022-06-28 10:00:00,15717.5,13.29999999999927,,0.2661708332802643,0.08023331338112444,exit_rule,20.88,21.58,2022-06-30,15700,15701.05916,15716.4998,4
259,259,260,2022-06-30 09:30:00,P,15850.5,2022-06-30 11:45:00,15788.6,-61.89999999999964,,-0.2744392921358947,-0.3905239582347537,exit_rule,21.9,21.85,2022-06-30,15850,15847.3299,15787.5998,0
260,260,261,2022-06-30 15:15:00,P,15779.0,2022-07-01 09:15:00,15703.7,-75.29999999999927,,0.0,-0.2731478547436489,exit_rule,21.74,22.06,2022-07-07,15800,15775.8442,15702.6998,0
261,261,262,2022-07-01 09:30:00,C,15689.8,2022-07-04 09:15:00,15710.5,-20.70000000000073,,-0.3626559930655678,-0.4729187115195906,exit_rule,21.84,21.31,2022-07-07,15700,15686.66204,15709.4998,2
262,262,263,2022-07-04 11:15:00,P,15734.3,2022-07-05 15:00:00,15818.6,84.30000000000109,,0.8211359895260719,0.5376788290549969,exit_rule,21.73,20.83,2022-07-07,15750,15731.15314,15817.5998,1
263,263,264,2022-07-13 13:15:00,C,16001.9,2022-07-15 14:15:00,15993.7,8.199999999998909,,0.1774789243777279,0.0606178016360489,exit_rule,18.48,17.77,2022-07-21,16000,15998.69962,15992.6998,2
264,264,265,2022-07-15 15:15:00,P,16052.9,2022-07-25 10:45:00,16602.2,549.3000000000011,,3.416828112054531,3.424926337297317,exit_rule,17.66,17.65,2022-07-28,16050,16049.68942,16601.199800000002,9
265,265,266,2022-08-22 09:30:00,C,17622.8,2022-08-23 14:15:00,17573.7,49.09999999999854,,0.3291190957169122,0.2808861247928819,exit_rule,18.29,18.95,2022-08-25,17600,17619.27544,17572.699800000002,1
266,266,267,2022-08-25 09:30:00,P,17694.4,2022-08-25 15:15:00,17498.6,-195.8000000000029,,-0.7070033456913044,-1.104869337191428,exit_rule,18.43,19.63,2022-08-25,17700,17690.86112,17497.5998,0
267,267,268,2022-08-26 10:45:00,C,17599.2,2022-08-30 10:15:00,17481.8,117.4000000000015,,0.7079867266694064,0.6727578526296732,exit_rule,18.4,18.81,2022-09-01,17600,17595.68016,17480.7998,3
268,268,269,2022-08-30 12:15:00,P,17581.9,2022-09-01 13:15:00,17551.8,-30.10000000000218,,-0.1023780137527798,-0.1683549559490281,exit_rule,18.68,20.59,2022-09-01,17600,17578.38362,17550.7998,2
269,269,270,2022-09-01 13:45:00,C,17550.1,2022-09-02 13:30:00,17586.1,-36.0,,-0.2051270363131834,-0.2051270363131834,exit_rule,20.52,19.47,2022-09-08,17550,17546.58998,17585.0998,0
270,270,271,2022-09-02 13:45:00,P,17579.6,2022-09-05 09:15:00,17546.4,-33.19999999999709,,-0.1598443650594925,-0.2946597192200009,exit_rule,19.47,19.67,2022-09-08,17600,17576.08408,17545.399800000003,2
271,271,272,2022-09-05 09:45:00,P,17638.8,2022-09-07 09:30:00,17569.6,-69.20000000000073,,-0.6769167970610123,-0.3906161416876308,exit_rule,19.97,19.58,2022-09-08,17650,17635.27224,17568.5998,1
272,272,273,2022-09-07 09:45:00,C,17577.4,2022-09-07 14:30:00,17635.7,-58.29999999999927,,-0.289007475508319,-0.3282624278903427,exit_rule,19.58,19.44,2022-09-08,17600,17573.884520000003,17634.699800000002,0
273,273,274,2022-09-08 09:15:00,P,17748.2,2022-09-14 09:45:00,17925.9,177.7000000000007,,0.9499554884438902,1.001791730992435,exit_rule,19.42,18.3,2022-09-15,17750,17744.65036,17924.899800000003,6
274,274,275,2022-09-16 09:30:00,C,17785.1,2022-09-20 09:30:00,17811.5,-26.40000000000146,,0.08265345710733756,-0.1473143249124308,exit_rule,18.39,19.12,2022-09-22,17800,17781.54298,17810.4998,4
275,275,276,2022-09-20 09:45:00,P,17822.6,2022-09-21 10:45:00,17795.8,-26.79999999999927,,-0.1088505605242659,-0.1475654506076514,exit_rule,19.12,19.29,2022-09-22,17800,17819.03548,17794.7998,1
276,276,277,2022-09-21 11:45:00,C,17748.2,2022-09-30 11:15:00,16940.9,807.2999999999993,,4.595395589411896,4.545813096539363,exit_rule,19.24,20.37,2022-10-06,17750,17744.65036,16939.899800000003,8
277,277,278,2022-10-04 09:45:00,P,17181.1,2022-10-07 09:45:00,17258.7,77.60000000000218,,0.4953117087963064,0.4452567064972557,exit_rule,19.85,19.29,2022-10-13,17200,17177.66378,17257.699800000002,3
278,278,279,2022-10-10 11:45:00,C,17168.3,2022-10-10 15:15:00,17253.4,-85.10000000000218,,-0.3617131573889213,-0.494516055753927,exit_rule,19.71,19.62,2022-10-13,17150,17164.86634,17252.399800000003,0
279,279,280,2022-10-11 09:15:00,P,17256.1,2022-10-11 09:45:00,17187.3,-68.79999999999927,,-0.3703038345860178,-0.4004381059451357,exit_rule,19.62,19.88,2022-10-13,17250,17252.64878,17186.2998,0
280,280,281,2022-10-11 10:00:00,C,17152.1,2022-10-12 14:45:00,17119.6,32.5,,0.3381510135785122,0.1918132473574537,exit_rule,19.88,20.2,2022-10-13,17150,17148.669579999998,17118.5998,1
281,281,282,2022-10-14 14:30:00,P,17230.8,2022-10-17 09:45:00,17139.0,-91.79999999999927,,-0.6169185412168865,-0.5368293985189313,exit_rule,18.15,18.86,2022-10-20,17250,17227.35384,17137.9998,2
282,282,283,2022-10-17 10:45:00,P,17275.9,2022-10-20 09:30:00,17445.8,169.8999999999978,,0.8520540174462521,0.984029775583327,exit_rule,18.68,17.56,2022-10-20,17300,17272.44482,17444.7998,2
283,283,284,2022-11-10 12:30:00,C,17993.4,2022-11-11 11:45:00,18321.1,-327.6999999999971,18315.2,-1.766203163382125,-1.822334856113896,sl hit,15.83,14.7,2022-11-17,18000,17989.801320000002,18320.0998,0
284,284,285,2022-11-18 11:15:00,C,18225.2,2022-11-22 10:45:00,18209.3,15.90000000000146,,0.06529420801967306,0.08230362355419968,exit_rule,14.86,14.47,2022-11-24,18250,18221.55496,18208.2998,3
285,285,286,2022-11-23 09:15:00,P,18325.2,2022-12-02 09:45:00,18713.2,388.0,,2.19970314102983,2.116757252308285,exit_rule,13.87,13.98,2022-12-08,18350,18321.53496,18712.199800000002,9
286,286,287,2022-12-06 13:00:00,C,18590.1,2022-12-07 10:00:00,18648.6,-58.5,,-0.2754154092769847,-0.3146836219278003,exit_rule,14.06,13.92,2022-12-08,18600,18586.38198,18647.5998,0
287,287,288,2022-12-07 10:15:00,P,18662.8,2022-12-07 11:00:00,18580.4,-82.39999999999782,,-0.1896821484450233,-0.4399125533146074,exit_rule,13.92,14.19,2022-12-08,18650,18659.06744,18579.399800000003,0
288,288,289,2022-12-07 11:15:00,C,18584.8,2022-12-08 14:45:00,18601.5,-16.70000000000073,,-0.05703585725970785,-0.08878223064009298,exit_rule,14.2,13.52,2022-12-08,18600,18581.08304,18600.4998,1
289,289,290,2022-12-09 09:15:00,P,18662.4,2022-12-09 11:00:00,18556.3,-106.1000000000022,,-0.4988640260631118,-0.5679869684499314,exit_rule,13.42,13.28,2022-12-15,18650,18658.667520000003,18555.2998,0
290,290,291,2022-12-09 11:15:00,C,18554.3,2022-12-13 09:45:00,18526.1,28.20000000000073,,0.1088696420775816,0.1519863320092956,exit_rule,13.28,13.33,2022-12-15,18550,18550.58914,18525.0998,3
291,291,292,2022-12-13 11:45:00,P,18589.4,2022-12-15 09:45:00,18587.5,-1.900000000001455,,0.122650542782442,-0.01183470149655571,exit_rule,13.12,12.82,2022-12-15,18600,18585.68212,18586.4998,1
292,292,293,2022-12-15 10:15:00,C,18565.1,2022-12-19 12:30:00,18380.6,184.5,,1.02180973978054,0.9894910342524259,exit_rule,12.95,13.89,2022-12-22,18550,18561.38698,18379.5998,4
293,293,294,2022-12-29 14:00:00,C,18091.7,2022-12-29 14:45:00,18127.2,-35.5,,0.09341300154215168,-0.1923533996252385,exit_rule,15.25,15.08,2022-12-29,18100,18088.08166,18126.199800000002,0
294,294,295,2022-12-29 15:15:00,P,18195.9,2023-01-02 09:15:00,18131.7,-64.20000000000073,,-0.5385828675690677,-0.4330645914739194,exit_rule,15.0,14.73,2023-01-05,18200,18192.260820000003,18130.699800000002,3
295,295,296,2023-01-02 11:30:00,P,18183.8,2023-01-02 14:30:00,18147.5,-36.29999999999927,,-0.07644166785819145,-0.2007281206348508,exit_rule,15.0,14.94,2023-01-05,18200,18180.163239999998,18146.4998,0
296,296,297,2023-01-02 15:15:00,P,18192.1,2023-01-04 10:00:00,18127.6,-64.5,,-0.1605092320292714,-0.3507016782009734,exit_rule,14.75,14.85,2023-01-05,18200,18188.46158,18126.5998,1
297,297,298,2023-01-04 10:15:00,C,18129.7,2023-01-09 10:00:00,18051.4,78.29999999999927,,0.5675769593539962,0.4379553991516763,exit_rule,14.85,14.79,2023-01-12,18150,18126.074060000003,18050.399800000003,4
298,298,299,2023-01-09 10:45:00,P,18083.3,2023-01-10 10:30:00,17991.4,-91.89999999999782,,-0.5142866622795619,-0.5098626909911395,exit_rule,14.84,15.12,2023-01-12,18100,18079.68334,17990.399800000003,0
299,299,300,2023-01-13 13:30:00,P,17967.2,2023-01-16 13:00:00,17889.9,-77.29999999999927,,-0.3973908010151913,-0.4307849859744504,exit_rule,14.67,15.22,2023-01-19,17950,17963.60656,17888.899800000003,2
300,300,301,2023-01-16 13:15:00,C,17920.8,2023-01-17 10:00:00,18005.4,-84.60000000000218,,-0.2377126021159891,-0.4709611178072489,exit_rule,15.23,14.97,2023-01-19,17900,17917.21584,18004.399800000003,0
301,301,302,2023-01-17 10:15:00,P,18005.2,2023-01-19 14:30:00,18095.8,90.59999999999854,,0.7020194166129663,0.504854153244606,exit_rule,14.97,14.07,2023-01-19,18000,18001.59896,18094.7998,2
302,302,303,2023-01-23 09:15:00,C,18118.4,2023-01-23 10:15:00,18148.3,-29.89999999999782,,-0.2020045920169471,-0.1672333097845244,exit_rule,13.77,13.66,2023-01-25,18100,18114.77632,18147.2998,0
303,303,304,2023-01-23 12:45:00,P,18099.2,2023-01-24 13:45:00,18097.4,-1.799999999999272,,0.1281824611032572,-0.01105021216407355,exit_rule,13.66,13.71,2023-01-25,18100,18095.58016,18096.399800000003,1
304,304,305,2023-01-25 09:45:00,C,18017.0,2023-01-31 09:30:00,17615.8,401.2000000000007,,1.58516956208025,2.236221346506086,exit_rule,13.92,18.15,2023-02-02,18000,18013.3966,17614.7998,5
305,305,306,2023-02-01 12:45:00,P,17903.4,2023-02-01 14:30:00,17602.3,-301.1000000000022,17646.4,-1.200330663449409,-1.674542265714908,sl hit,15.35,16.58,2023-02-02,17900,17899.819320000002,17601.2998,0
306,306,307,2023-02-03 09:30:00,C,17686.1,2023-02-03 09:45:00,17658.8,27.29999999999927,,0.0,0.152662260193033,exit_rule,15.73,15.25,2023-02-09,17700,17682.56278,17657.7998,0
307,307,308,2023-02-03 14:30:00,P,17797.6,2023-02-07 12:15:00,17723.1,-74.5,,-0.3697127702611548,-0.414100777632923,exit_rule,14.64,14.36,2023-02-09,17800,17794.04048,17722.0998,3
308,308,309,2023-02-07 12:30:00,C,17709.3,2023-02-08 09:30:00,17808.9,-99.60000000000218,,-0.2315167736725901,-0.565239732795775,exit_rule,14.36,13.93,2023-02-09,17700,17705.758139999998,17807.899800000003,0
309,309,310,2023-02-09 09:30:00,P,17815.2,2023-02-09 13:15:00,17831.4,16.20000000000073,,0.1262966455610939,0.08981094795455566,exit_rule,13.6,13.46,2023-02-09,17800,17811.63696,17830.399800000003,0
310,310,311,2023-02-10 09:30:00,P,17860.7,2023-02-10 10:15:00,17828.9,-31.79999999999927,,-0.2060389570397536,-0.1758049796480623,exit_rule,13.04,12.89,2023-02-16,17850,17857.12786,17827.899800000003,0
311,311,312,2023-02-13 10:15:00,C,17746.2,2023-02-14 10:00:00,17833.2,-87.0,,-0.3826171236658992,-0.4868647935896012,exit_rule,13.53,13.41,2023-02-16,17750,17742.65076,17832.199800000002,0
312,312,313,2023-02-14 10:15:00,P,17836.4,2023-02-17 09:45:00,18004.2,167.7999999999993,,0.8701307438720653,0.9357269404139726,exit_rule,13.4,12.84,2023-02-23,17850,17832.832720000002,18003.199800000002,2
313,313,314,2023-02-20 13:00:00,C,17887.8,2023-02-28 10:00:00,17403.8,484.0,,2.60848175851697,2.709109001665932,exit_rule,13.31,13.83,2023-03-02,17900,17884.22244,17402.7998,7
314,314,315,2023-03-03 09:30:00,C,17467.3,2023-03-03 09:45:00,17463.5,3.799999999999272,,0.0,0.02518992631945302,exit_rule,12.97,12.24,2023-03-09,17450,17463.80654,17462.4998,0
315,315,316,2023-03-03 10:30:00,P,17520.5,2023-03-08 10:15:00,17697.6,177.0999999999985,,0.9588767443851488,1.008532861505098,exit_rule,12.24,12.76,2023-03-09,17500,17516.9959,17696.5998,4
316,316,317,2023-03-10 09:15:00,C,17443.8,2023-03-15 11:30:00,17146.1,297.7000000000007,,1.891789632992811,1.708343365551084,exit_rule,12.76,15.38,2023-03-16,17450,17440.31124,17145.0998,5
317,317,318,2023-03-22 09:30:00,P,17171.4,2023-03-23 09:45:00,17080.4,-91.0,,-0.6557415236963915,-0.5305333286744364,exit_rule,15.08,14.57,2023-03-23,17150,17167.96572,17079.399800000003,1
318,318,319,2023-03-23 10:30:00,P,17169.0,2023-03-23 14:45:00,17091.9,-77.09999999999854,,-0.3646106354476006,-0.4461529500844461,exit_rule,14.39,14.43,2023-03-23,17150,17165.5662,17090.899800000003,0
319,319,320,2023-03-23 15:00:00,C,17094.7,2023-03-27 14:30:00,17083.7,11.0,,0.3188122634500752,0.06434742932019866,exit_rule,14.43,15.17,2023-03-29,17100,17091.28106,17082.699800000002,3
320,320,321,2023-03-28 09:30:00,C,17006.2,2023-03-29 10:00:00,17025.1,-18.89999999999782,,-0.0552739589090909,-0.1087838552998318,exit_rule,15.45,14.27,2023-03-29,17000,17002.79876,17024.0998,1
321,321,322,2023-03-31 09:15:00,P,17210.3,2023-04-13 12:15:00,17745.6,535.2999999999993,,3.245149706861588,3.116157184941572,exit_rule,13.6,12.38,2023-04-13,17200,17206.857939999998,17744.5998,13
322,322,323,2023-04-19 14:00:00,C,17598.0,2023-04-21 09:30:00,17660.5,-62.5,,-0.2375269917035986,-0.3568587339470353,exit_rule,12.27,11.73,2023-04-27,17600,17594.4804,17659.4998,1
323,323,324,2023-04-21 10:15:00,C,17616.8,2023-04-21 15:00:00,17630.0,-13.20000000000073,,0.0022705599200639,-0.06300803778212946,exit_rule,11.83,11.54,2023-04-27,17600,17613.27664,17628.9998,0
324,324,325,2023-04-21 15:15:00,P,17631.6,2023-05-03 10:30:00,18089.8,458.2000000000007,,2.564146192064261,2.595907348170335,exit_rule,11.55,11.91,2023-05-04,17650,17628.073679999998,18088.7998,11
325,325,326,2023-05-17 09:45:00,C,18260.4,2023-05-18 10:45:00,18234.2,26.20000000000073,,0.1385511817923096,0.1434798799588219,exit_rule,13.29,12.74,2023-05-18,18250,18256.74792,18233.199800000002,1
326,326,327,2023-05-18 13:00:00,C,18186.2,2023-05-19 14:45:00,18182.9,3.299999999999272,,0.09897614674863357,0.01979522934973872,exit_rule,12.95,12.46,2023-05-25,18200,18182.56276,18181.899800000003,1
327,327,328,2023-05-22 09:45:00,P,18282.7,2023-05-24 09:30:00,18302.7,20.0,,0.06618278481842695,0.112674823740468,exit_rule,12.61,12.58,2023-05-25,18300,18279.04346,18301.699800000002,1
328,328,329,2023-05-24 15:00:00,C,18265.1,2023-05-26 09:15:00,18368.3,-103.2000000000007,,-0.3454675857236051,-0.387624486041702,exit_rule,13.23,12.36,2023-06-01,18250,18261.44698,18367.2998,1
329,329,330,2023-06-02 14:15:00,P,18540.9,2023-06-06 10:30:00,18566.3,25.39999999999782,,0.2141212131018294,0.1359157322459918,exit_rule,11.1,11.39,2023-06-08,18550,18537.191820000004,18565.2998,3
330,330,331,2023-06-09 14:15:00,C,18573.8,2023-06-12 14:15:00,18620.6,-46.79999999999927,,-0.2099731880390658,-0.2525062184367305,exit_rule,11.04,11.21,2023-06-15,18550,18570.08524,18619.5998,3
331,331,332,2023-06-12 15:00:00,P,18620.7,2023-06-15 12:30:00,18730.0,109.2999999999993,,0.5687219062655959,0.5853700451647897,exit_rule,11.31,11.24,2023-06-15,18600,18616.975860000002,18728.9998,2
332,332,333,2023-06-20 09:45:00,C,18689.4,2023-06-20 14:15:00,18752.0,-62.59999999999854,,-0.2675313279184992,-0.3376245358331382,exit_rule,11.42,11.28,2023-06-22,18700,18685.66212,18750.9998,0
333,333,334,2023-06-20 14:30:00,P,18762.9,2023-06-22 12:45:00,18813.8,50.89999999999782,,0.3379008575433318,0.2696811260519352,exit_rule,11.29,11.58,2023-06-22,18750,18759.14742,18812.7998,1
334,334,335,2023-06-23 09:30:00,C,18677.4,2023-06-27 09:30:00,18741.4,-64.0,,-0.3908466917236874,-0.3415893004379585,exit_rule,11.55,11.38,2023-06-29,18700,18673.664520000002,18740.399800000003,4
335,335,336,2023-06-27 11:45:00,P,18735.7,2023-07-05 14:45:00,19345.5,609.7999999999993,,3.439423133376376,3.25688391680055,exit_rule,11.1,11.95,2023-07-06,18750,18731.95286,19344.4998,8
336,336,337,2023-07-13 14:30:00,P,19471.9,2023-07-13 14:45:00,19414.8,-57.10000000000218,,0.0,-0.2875939173886472,exit_rule,10.88,10.9,2023-07-13,19450,19468.005620000004,19413.7998,0
337,337,338,2023-07-25 09:15:00,C,19729.3,2023-07-26 09:30:00,19753.3,-24.0,,-0.02027441419614482,-0.1246876473063017,exit_rule,11.66,10.32,2023-07-27,19750,19725.35414,19752.2998,1
338,338,339,2023-07-26 09:45:00,P,19762.8,2023-07-27 11:45:00,19735.8,-27.0,,-0.1280182970024454,-0.139150322828749,exit_rule,10.33,10.74,2023-07-27,19750,19758.84744,19734.7998,1
339,339,340,2023-07-27 13:45:00,C,19700.6,2023-07-31 10:15:00,19673.2,27.39999999999782,,0.21725226642843,0.1406048546744622,exit_rule,10.8,10.66,2023-08-03,19700,19696.65988,19672.199800000002,3
340,340,341,2023-07-31 11:15:00,P,19692.9,2023-08-02 09:30:00,19628.8,-64.10000000000218,,-0.190423959904331,-0.3280370082618719,exit_rule,10.61,10.66,2023-08-03,19700,19688.961420000003,19627.7998,1
341,341,342,2023-08-07 13:45:00,P,19614.2,2023-08-08 13:00:00,19562.3,-51.90000000000146,,-0.2544075210816727,-0.2671533888713353,exit_rule,11.11,11.43,2023-08-10,19600,19610.27716,19561.2998,0
342,342,343,2023-08-08 15:15:00,C,19566.5,2023-08-09 15:00:00,19596.8,-30.29999999999927,,-0.03628651010655225,-0.1584340582117394,exit_rule,11.3,11.2,2023-08-10,19550,19562.5867,19595.7998,0
343,343,344,2023-08-09 15:15:00,P,19638.6,2023-08-10 14:00:00,19513.9,-124.6999999999971,,-0.4755939832778193,-0.6354831810821508,exit_rule,11.2,11.7,2023-08-10,19650,19634.67228,19512.899800000003,0
344,344,345,2023-08-10 14:15:00,C,19543.6,2023-08-14 14:45:00,19433.2,110.3999999999978,,0.6268036595100186,0.5659141611576094,exit_rule,11.69,12.14,2023-08-17,19550,19539.69128,19432.199800000002,4
345,345,346,2023-08-18 14:30:00,C,19363.8,2023-08-18 15:00:00,19339.2,24.59999999999854,,0.08004627190943928,0.1368533035871058,exit_rule,12.1,12.15,2023-08-24,19350,19359.92724,19338.199800000002,0
346,346,347,2023-08-22 09:45:00,P,19440.8,2023-08-23 09:15:00,19439.2,-1.599999999998545,,-0.257705444220395,-0.2607917369655607,exit_rule,11.97,11.73,2023-08-24,19450,19436.91184,19438.199800000002,0
347,347,348,2023-08-23 10:00:00,C,19383.6,2023-08-23 11:45:00,19428.8,-45.20000000000073,,-0.1960420148991932,-0.2342186178006225,exit_rule,11.72,11.6,2023-08-24,19400,19379.72328,19427.7998,0
348,348,349,2023-08-23 12:00:00,P,19422.2,2023-08-24 13:15:00,19430.2,8.0,,0.1251145596276388,0.04118997847823624,exit_rule,11.6,11.89,2023-08-24,19400,19418.315560000003,19429.199800000002,1
349,349,350,2023-08-24 15:00:00,C,19398.2,2023-08-28 12:30:00,19325.3,72.90000000000146,,0.4263282160200468,0.3897268818756492,exit_rule,11.91,12.3,2023-08-31,19400,19394.32036,19324.2998,3
350,350,351,2023-08-29 15:00:00,C,19315.8,2023-08-29 15:15:00,19342.2,-26.40000000000146,,0.0,-0.132533987719909,exit_rule,12.26,12.21,2023-08-31,19300,19311.93684,19341.199800000002,0
351,351,352,2023-08-30 09:30:00,P,19433.4,2023-08-30 15:15:00,19345.7,-87.70000000000073,,-0.3113196867249169,-0.45745983718753,exit_rule,12.23,11.87,2023-08-31,19450,19429.513320000002,19344.699800000002,0
352,352,353,2023-08-31 09:15:00,C,19375.6,2023-09-01 11:45:00,19329.7,45.89999999999782,,0.1775428889943941,0.2363797766262685,exit_rule,11.86,11.55,2023-09-07,19400,19371.724879999998,19328.699800000002,1
353,353,354,2023-09-01 13:00:00,P,19379.4,2023-09-06 12:45:00,19511.5,132.0999999999985,,0.8509035367451923,0.6821676625695174,exit_rule,11.49,10.73,2023-09-07,19400,19375.524120000002,19510.4998,4
354,354,355,2023-09-20 10:30:00,C,19959.1,2023-09-26 11:30:00,19688.2,270.8999999999978,,1.361283825422976,1.355271530279422,exit_rule,11.23,11.09,2023-09-28,19950,19955.10818,19687.199800000002,6
355,355,356,2023-09-29 11:45:00,C,19665.8,2023-09-29 12:00:00,19663.8,2.0,,0.0,0.01016993969225763,exit_rule,11.74,11.61,2023-10-05,19650,19661.86684,19662.7998,0
356,356,357,2023-10-06 09:30:00,P,19612.5,2023-10-09 10:00:00,19572.1,-40.40000000000146,,-0.3171446781389457,-0.2100701083492708,exit_rule,10.94,11.28,2023-10-12,19600,19608.5775,19571.0998,3
357,357,358,2023-10-09 10:15:00,C,19573.9,2023-10-10 10:15:00,19618.2,-44.29999999999927,,-0.1205687165051346,-0.2237673636832684,exit_rule,11.29,10.91,2023-10-12,19550,19569.985220000002,19617.199800000002,1
358,358,359,2023-10-10 10:30:00,P,19612.3,2023-10-13 09:15:00,19654.6,42.29999999999927,,0.9560326937687065,0.8698622803036982,exit_rule,10.91,10.69,2023-10-19,19600,19608.37754,19653.5998,2
359,359,360,2023-10-13 11:15:00,C,19678.3,2023-10-13 14:30:00,19801.9,-123.6000000000022,,-0.5152884141414729,-0.6123496440241281,exit_rule,10.55,10.54,2023-10-19,19700,19674.36434,19800.899800000003,0
360,360,361,2023-10-13 15:15:00,P,19755.6,2023-10-16 09:45:00,19715.5,-40.09999999999854,,-0.1807082548745525,-0.2039927919172249,exit_rule,10.63,10.97,2023-10-19,19750,19751.64888,19714.4998,2
361,361,362,2023-10-16 10:45:00,P,19764.3,2023-10-17 09:15:00,19843.2,78.90000000000146,,-0.1694975283718624,-0.1689915656005921,exit_rule,10.96,11.09,2023-10-19,19750,19760.347139999998,19842.199800000002,0
362,362,363,2023-10-17 14:15:00,P,19781.6,2023-10-18 11:00:00,19767.9,-13.69999999999709,,0.03437537914022582,-0.06672867715451272,exit_rule,10.68,10.71,2023-10-19,19800,19777.643679999997,19766.899800000003,0
363,363,364,2023-10-18 12:00:00,C,19697.3,2023-10-27 10:45:00,19000.2,697.0999999999985,,3.582724535850095,3.537540678164009,exit_rule,10.86,11.01,2023-11-02,19700,19693.36054,18999.199800000002,8
364,364,365,2023-11-02 09:30:00,C,19159.8,2023-11-02 09:45:00,19163.2,-3.400000000001455,,0.0,-0.02766208415536317,exit_rule,12.05,11.45,2023-11-02,19150,19155.96804,19162.199800000002,0
365,365,366,2023-11-03 14:45:00,P,19237.1,2023-11-09 14:00:00,19417.1,180.0,,0.955445467352163,0.9408902589267614,exit_rule,10.71,10.94,2023-11-09,19250,19233.25258,19416.0998,5
366,366,367,2023-12-21 10:45:00,C,21149.7,2023-12-22 09:30:00,21256.2,-106.5,,-0.6907899402828339,-0.5002435022718963,exit_rule,14.36,13.67,2023-12-28,21150,21145.47006,21255.199800000002,0
367,367,368,2023-12-22 09:45:00,P,21270.9,2023-12-29 14:15:00,21692.9,422.0,,2.093470422031974,1.980640217386191,exit_rule,13.66,14.51,2024-01-04,21250,21266.64582,21691.899800000003,7
368,368,369,2024-01-03 12:45:00,C,21548.1,2024-01-04 10:30:00,21637.0,-88.90000000000146,,-0.386112928750102,-0.4107090648363429,exit_rule,14.53,13.74,2024-01-04,21550,21543.79038,21635.9998,0
369,369,370,2024-01-04 10:45:00,P,21637.7,2024-01-05 14:30:00,21641.9,4.200000000000728,,0.05499660315097176,0.02541859809499161,exit_rule,13.73,12.95,2024-01-11,21650,21633.372460000002,21640.899800000003,1
370,370,371,2024-01-08 09:45:00,P,21669.4,2024-01-08 11:00:00,21634.9,-34.5,,0.04153322196276777,-0.1596721644346506,exit_rule,13.1,13.24,2024-01-11,21650,21665.066120000003,21633.899800000003,0
371,371,372,2024-01-08 12:15:00,C,21585.8,2024-01-09 10:45:00,21707.6,-121.7999999999993,,-0.463730785979682,-0.5651863725226769,exit_rule,13.45,13.15,2024-01-11,21600,21581.48284,21706.5998,0
372,372,373,2024-01-09 11:00:00,P,21680.2,2024-01-09 14:45:00,21556.5,-123.7000000000007,,-0.5479654246732008,-0.5765629468362837,exit_rule,13.14,13.45,2024-01-11,21700,21675.863960000002,21555.4998,0
373,373,374,2024-01-09 15:00:00,C,21576.0,2024-01-11 09:15:00,21688.0,-112.0,,-0.1483129403040415,-0.2289581015943708,exit_rule,13.46,12.83,2024-01-11,21600,21571.6848,21686.9998,1
374,374,375,2024-01-11 10:00:00,P,21674.7,2024-01-16 13:45:00,22012.1,337.3999999999978,,1.622629148269645,1.560805916575543,exit_rule,13.05,13.69,2024-01-18,21650,21670.36506,22011.0998,5
375,375,376,2024-01-17 10:15:00,C,21790.6,2024-01-19 10:00:00,21639.4,151.1999999999971,,0.6989252246381434,0.6883702146797243,exit_rule,13.8,13.81,2024-01-25,21800,21786.241879999998,21638.399800000003,1
376,376,377,2024-01-20 14:45:00,C,21593.3,2024-01-23 09:45:00,21723.4,-130.1000000000022,,-0.5598958936336802,-0.5974075291872942,exit_rule,13.77,13.41,2024-01-25,21600,21588.98134,21722.399800000003,2
377,377,378,2024-01-23 10:45:00,C,21539.4,2024-01-24 15:00:00,21435.8,103.6000000000022,,0.5106920341327985,0.4800505120848373,exit_rule,13.37,14.49,2024-01-25,21550,21535.09212,21434.7998,1
378,378,379,2024-01-29 09:45:00,P,21539.3,2024-01-30 14:30:00,21615.8,76.5,,0.6119047508507671,0.3588788865004864,exit_rule,15.17,15.98,2024-02-01,21550,21534.99214,21614.7998,1
379,379,380,2024-01-30 15:15:00,C,21527.6,2024-01-31 12:00:00,21717.2,-189.6000000000022,,-0.8082647392184916,-0.8788717739088461,exit_rule,16.08,15.97,2024-02-01,21550,21523.29448,21716.199800000002,0
380,380,381,2024-02-01 11:30:00,P,21747.2,2024-02-01 15:15:00,21681.2,-66.0,,-0.1209351088875776,-0.3025676868746288,exit_rule,15.66,14.46,2024-02-01,21750,21742.850560000003,21680.199800000002,0
381,381,382,2024-02-08 10:45:00,P,21877.4,2024-02-08 11:00:00,21830.7,-46.70000000000073,,0.0,-0.2162048506678257,exit_rule,15.34,15.61,2024-02-08,21900,21873.024520000003,21829.699800000002,0
382,382,383,2024-02-08 11:30:00,C,21763.2,2024-02-09 15:15:00,21783.9,-20.70000000000073,,0.004135421261585866,-0.09006028525216211,exit_rule,15.87,15.45,2024-02-15,21750,21758.84736,21782.899800000003,1
383,383,384,2024-02-12 10:15:00,C,21690.0,2024-02-13 11:00:00,21728.7,-38.70000000000073,,-0.1152604887044721,-0.1761180267404367,exit_rule,16.12,16.1,2024-02-15,21700,21685.662,21727.699800000002,1
384,384,385,2024-02-14 12:45:00,C,21661.2,2024-02-14 14:15:00,21718.7,-57.5,,0.01061806363451366,-0.2663749007441911,exit_rule,15.58,15.65,2024-02-15,21650,21656.86776,21717.699800000002,0
385,385,386,2024-02-14 14:45:00,P,21814.4,2024-02-20 11:15:00,22098.55,284.1499999999978,,1.292036452985177,1.306247249523237,exit_rule,15.55,16.28,2024-02-22,21800,21810.03712,22097.5498,5
386,386,387,2024-02-22 10:15:00,C,21935.75,2024-02-22 14:45:00,22107.45,-171.7000000000007,,-0.6737859430381877,-0.7822846266938607,exit_rule,15.98,15.34,2024-02-22,21950,21931.36285,22106.449800000002,0
387,387,388,2024-02-26 10:00:00,P,22113.7,2024-02-26 10:15:00,22149.2,35.5,,0.0,0.156690196574964,exit_rule,15.6,15.77,2024-02-29,22100,22109.277260000003,22148.199800000002,0
388,388,389,2024-02-27 12:45:00,P,22161.35,2024-02-28 11:15:00,22062.7,-98.64999999999782,,-0.4399551471367945,-0.448077396007009,exit_rule,15.66,16.21,2024-02-29,22150,22156.917729999997,22061.699800000002,0
389,389,390,2024-02-28 11:30:00,C,22055.85,2024-03-01 09:15:00,22048.3,7.549999999999272,,0.2711298816413753,0.06256843422493023,exit_rule,16.2,15.48,2024-03-07,22050,22051.43883,22047.2998,1
390,390,391,2024-03-01 09:45:00,P,22162.45,2024-03-05 10:15:00,22332.25,169.7999999999993,,0.8329404014447795,0.7702217038278742,exit_rule,15.31,14.83,2024-03-07,22150,22158.01751,22331.2498,4
391,391,392,2024-03-13 10:45:00,C,22312.3,2024-03-14 12:30:00,22200.9,111.3999999999978,,0.6151315642044971,0.4979316341210837,exit_rule,13.86,13.78,2024-03-14,22300,22307.83754,22199.899800000003,1
392,392,393,2024-03-21 10:30:00,P,22047.6,2024-03-26 10:45:00,22025.9,-21.69999999999709,,-0.01043197445526621,-0.0977430650048045,exit_rule,12.93,12.8,2024-03-28,22050,22043.190479999997,22024.899800000003,5
393,393,394,2024-03-26 15:00:00,C,22004.6,2024-03-27 09:45:00,22113.1,-108.5,,-0.4451341992128952,-0.493305945120579,exit_rule,12.79,12.93,2024-03-28,22000,22000.19908,22112.0998,0
394,394,395,2024-03-27 10:00:00,P,22133.1,2024-04-02 11:00:00,22400.85,267.75,,1.317935580646185,1.209274796571657,exit_rule,12.92,11.93,2024-04-04,22150,22128.67338,22399.8498,6
395,395,396,2024-04-12 15:00:00,C,22545.85,2024-04-18 11:15:00,22283.7,262.1499999999978,,1.56148470782871,1.165846486160418,exit_rule,11.58,12.11,2024-04-18,22550,22541.340829999997,22282.699800000002,5
396,396,397,2024-04-22 15:00:00,P,22309.3,2024-04-25 09:30:00,22342.0,32.70000000000073,,0.03406651037908936,0.1358177979586956,exit_rule,12.72,10.53,2024-04-25,22300,22304.83814,22340.9998,2
397,397,398,2024-05-03 10:30:00,P,22642.5,2024-05-03 10:45:00,22615.25,-27.25,,0.0,-0.1139450149055947,exit_rule,13.95,14.2,2024-05-09,22650,22637.9715,22614.2498,0
398,398,399,2024-05-03 11:45:00,C,22509.3,2024-05-08 13:15:00,22336.7,172.5999999999985,,0.7645728654378349,0.7663499087044022,exit_rule,14.85,16.92,2024-05-09,22500,22504.79814,22335.699800000002,5
399,399,400,2024-05-14 13:45:00,P,22241.4,2024-05-16 11:15:00,22146.75,-94.65000000000146,,-0.3488989002490949,-0.4239841017202285,exit_rule,20.39,20.68,2024-05-16,22250,22236.95172,22145.7498,1
400,400,401,2024-05-16 11:30:00,C,22139.75,2024-05-16 15:00:00,22361.25,-221.5,,-0.4681624679592202,-0.997752910489059,exit_rule,20.67,20.19,2024-05-16,22150,22135.32205,22360.2498,0
401,401,402,2024-05-29 11:45:00,C,22722.6,2024-05-31 14:15:00,22607.8,114.7999999999993,,0.532949574432497,0.5149058646457711,exit_rule,24.62,23.35,2024-06-06,22700,22718.05548,22606.7998,2
402,402,403,2024-05-31 14:30:00,C,22523.8,2024-06-04 09:30:00,22479.7,44.09999999999854,23338.7,-2.911142879975851,0.1895772471785433,loss reduced,23.35,25.2,2024-06-06,22500,22519.29524,22478.699800000002,3
403,403,404,2024-06-04 10:45:00,C,22552.35,2024-06-05 12:00:00,22269.9,282.4499999999971,,0.8826131201404699,1.259292268876636,exit_rule,24.33,19.42,2024-06-06,22550,22547.839529999997,22268.899800000003,1
404,404,405,2024-06-05 15:15:00,P,22635.65,2024-06-12 15:15:00,23326.0,690.3499999999985,,3.251508129874777,3.046521747773969,exit_rule,18.91,14.41,2024-06-13,22650,22631.122870000003,23324.9998,7
405,405,406,2024-06-24 09:45:00,C,23386.4,2024-06-24 12:15:00,23534.7,-148.2999999999993,,-0.6369086306571216,-0.6339154380323606,exit_rule,13.55,13.99,2024-06-27,23400,23381.72272,23533.699800000002,0
406,406,407,2024-06-24 15:00:00,P,23513.75,2024-07-01 09:30:00,24042.85,529.0999999999985,,2.03795651480517,2.249534846632293,exit_rule,14.22,14.04,2024-07-04,23500,23509.04725,24041.8498,6
407,407,408,2024-07-11 10:15:00,P,24286.05,2024-07-11 10:30:00,24246.95,-39.09999999999854,,0.0,-0.161615412963409,exit_rule,14.21,14.28,2024-07-11,24300,24281.19279,24245.949800000002,0
408,408,409,2024-07-11 14:00:00,P,24314.1,2024-07-18 09:15:00,24543.8,229.7000000000007,,1.190667143756092,1.180385044069079,exit_rule,14.07,14.15,2024-07-18,24300,24309.23718,24542.7998,6
409,409,410,2024-07-22 09:30:00,C,24468.25,2024-07-25 13:30:00,24392.15,76.09999999999854,,0.3533150102684121,0.3104022559847996,exit_rule,14.83,12.84,2024-07-25,24450,24463.356350000002,24391.149800000003,3
410,410,411,2024-07-26 09:45:00,P,24526.4,2024-08-02 09:30:00,24836.0,309.5999999999985,,1.070683019114091,1.266390501663508,exit_rule,12.29,13.3,2024-08-08,24550,24521.494720000002,24834.9998,6
411,411,412,2024-08-02 10:00:00,C,24739.25,2024-08-06 12:15:00,24235.5,503.75,,2.052002384874244,2.036035853956772,exit_rule,13.9,17.94,2024-08-08,24750,24734.30215,24234.4998,4
412,412,413,2024-08-12 10:45:00,C,24352.65,2024-08-12 11:00:00,24400.75,-48.09999999999854,,0.0,-0.1956665906995658,exit_rule,16.02,15.89,2024-08-14,24350,24347.77947,24399.7498,0
413,413,414,2024-08-12 11:30:00,P,24452.0,2024-08-13 09:45:00,24340.15,-111.8499999999985,,-0.5310404056927799,-0.4586536888598129,exit_rule,15.83,15.76,2024-08-14,24450,24447.1096,24339.149800000003,0
414,414,415,2024-08-13 10:00:00,C,24314.35,2024-08-16 09:30:00,24385.3,-70.95000000000073,,-0.08431235052551272,-0.2932424679253318,exit_rule,15.76,15.02,2024-08-22,24300,24309.487129999998,24384.2998,2
415,415,416,2024-08-16 09:45:00,P,24337.75,2024-08-28 09:45:00,24991.45,653.7000000000007,,2.772647430432145,2.688005259319373,exit_rule,15.01,13.75,2024-08-29,24350,24332.88245,24990.449800000002,12
416,416,417,2024-09-05 10:15:00,P,25207.3,2024-09-05 13:15:00,25172.35,-34.95000000000073,,-0.08350755535102637,-0.1368651144708081,exit_rule,14.09,14.19,2024-09-05,25200,25202.25854,25171.3498,0
417,417,418,2024-09-06 10:00:00,C,24993.65,2024-09-09 15:00:00,24924.85,68.80000000000291,,0.3656928859930481,0.2764702234367616,exit_rule,14.38,14.29,2024-09-12,25000,24988.651270000002,24923.8498,3
418,418,419,2024-09-10 12:45:00,P,25072.55,2024-09-11 14:15:00,24937.35,-135.2000000000007,,-0.2779932635491832,-0.5384374545070206,exit_rule,13.57,13.73,2024-09-12,25050,25067.53549,24936.3498,1
419,419,420,2024-09-11 14:30:00,C,24950.35,2024-09-12 14:15:00,25204.55,-254.2000000000007,,-0.2422811704044261,-1.019424577210349,exit_rule,13.75,13.09,2024-09-12,24950,24945.35993,25203.5498,0
420,420,421,2024-09-30 13:45:00,C,25858.85,2024-10-08 12:00:00,24935.55,923.2999999999993,,3.469991898324942,3.569377601865512,exit_rule,13.15,14.78,2024-10-10,25850,25853.678229999998,24934.5498,7
421,421,422,2024-10-15 09:30:00,P,25176.85,2024-10-15 11:15:00,25072.65,-104.1999999999971,,-0.3934169683657776,-0.4144680529931209,exit_rule,13.0,13.1,2024-10-17,25200,25171.81463,25071.649800000003,0
422,422,423,2024-10-15 12:00:00,C,25082.5,2024-10-18 12:45:00,24851.05,231.4500000000007,,0.9668095285557659,0.9247483305093223,exit_rule,13.13,13.05,2024-10-24,25100,25077.483500000002,24850.0498,3
423,423,424,2024-10-21 14:15:00,C,24820.3,2024-10-21 14:30:00,24836.7,-16.40000000000146,,0.0,-0.06547060269215119,exit_rule,13.7,13.69,2024-10-24,24800,24815.33594,24835.699800000002,0
424,424,425,2024-11-01 18:15:00,C,24348.15,2024-11-04 09:15:00,24315.75,32.40000000000146,,0.1805065271899538,0.1954973991863948,exit_rule,15.55,15.9,2024-11-07,24350,24343.28037,24314.7498,2
425,425,426,2024-11-06 09:45:00,P,24346.75,2024-11-07 10:30:00,24194.55,-152.2000000000007,,-0.5105404212061129,-0.6226703769496896,exit_rule,15.2,15.16,2024-11-07,24350,24341.88065,24193.5498,1
426,426,427,2024-11-07 10:45:00,C,24204.6,2024-11-11 10:45:00,24237.65,-33.05000000000291,,-0.08345521099295476,-0.1439808961932946,exit_rule,15.15,14.45,2024-11-14,24200,24199.75908,24236.649800000003,4
427,427,428,2024-11-11 11:15:00,P,24309.35,2024-11-11 14:15:00,24107.45,-201.8999999999978,,-0.637614744943818,-0.8303389436574757,exit_rule,14.46,14.5,2024-11-14,24300,24304.488129999998,24106.449800000002,0
428,428,429,2024-11-11 14:45:00,C,24190.55,2024-11-19 09:30:00,23664.1,526.4500000000007,,2.732471977693769,2.177296506280348,exit_rule,14.38,14.7,2024-11-21,24200,24185.71189,23663.0998,7
429,429,430,2024-11-22 14:00:00,P,23798.1,2024-11-26 13:30:00,24157.75,359.6500000000015,,1.529743971157374,1.516927821968981,exit_rule,16.03,15.41,2024-11-28,23800,23793.340379999998,24156.7498,3
430,430,431,2024-11-28 10:45:00,P,24125.85,2024-11-28 11:00:00,24114.05,-11.79999999999927,,0.0,-0.04932468700583738,exit_rule,14.3,15.14,2024-11-28,24150,24121.02483,24113.0498,0
431,431,432,2024-11-28 14:30:00,C,23973.45,2024-11-29 11:45:00,24102.95,-129.5,,-0.6626080101111794,-0.5414322928072482,exit_rule,15.13,14.91,2024-12-05,23950,23968.655310000002,24101.949800000002,0
432,432,433,2024-11-29 12:00:00,P,24081.6,2024-12-05 10:00:00,24424.35,342.75,,1.624684406351738,1.423701082984528,exit_rule,14.92,15.18,2024-12-05,24100,24076.78368,24423.3498,5
433,433,434,2024-12-13 09:30:00,C,24418.7,2024-12-13 13:15:00,24642.65,-223.9500000000007,,-0.8876393911223776,-0.9068869350129233,exit_rule,13.19,13.77,2024-12-19,24400,24413.81626,24641.649800000003,0
434,434,435,2024-12-13 13:30:00,P,24664.85,2024-12-17 09:45:00,24564.8,-100.0499999999993,,-0.2975894846309539,-0.4042189593692931,exit_rule,13.75,14.35,2024-12-19,24650,24659.91703,24563.7998,3
435,435,436,2024-12-17 10:15:00,C,24518.5,2024-12-24 10:15:00,23804.95,713.5499999999993,,2.939209168586991,2.910659298081047,exit_rule,14.48,13.16,2024-12-26,24500,24513.5963,23803.949800000002,7
436,436,437,2024-12-30 11:45:00,C,23874.55,2024-12-30 12:00:00,23894.65,-20.10000000000218,,0.0,-0.0896351973126256,exit_rule,13.41,13.7,2025-01-02,23850,23869.77509,23893.649800000003,0
437,437,438,2025-01-02 10:15:00,P,23833.0,2025-01-03 15:15:00,24008.15,175.1500000000015,,0.8385431964083354,0.7344857970041508,exit_rule,14.44,13.52,2025-01-09,23850,23828.2334,24007.149800000003,1
438,438,439,2025-01-06 11:00:00,C,23831.05,2025-01-08 15:00:00,23680.45,150.5999999999985,,0.5725723373498052,0.6426489810562179,exit_rule,14.57,14.53,2025-01-09,23850,23826.28379,23679.449800000002,2
