,Index,Strike,Option Type,Expiry,Signal Generated At,Trade Type,Entry Time,Entry Price,Initial SL,Final SL,Exit Time,Exit Price,Points Captured,Slippages,After Costs,PnL,Remarks,Qty,ROI%,Trade Year,Trade Month
0,nifty,8550,C,2017-01-25,2017-01-25 13:30:00,BUY,2017-01-25 13:35:00,10.95,7.25,7.25,2017-01-25 14:00:00,7.25,-3.6999999999999993,0.27299999999999996,-3.9729999999999994,-26844.594594594597,Initial SL Hit,6756.7567567567585,-1.0737837837837838,2017,1
1,nifty,8550,C,2017-01-25,2017-01-25 14:10:00,BUY,2017-01-25 14:15:00,10.55,6.0,21.0125,2017-01-25 14:45:00,20.75,10.2,0.4695,9.7305,53464.2857142857,TSL Hit,5494.5054945054935,2.1385714285714283,2017,1
2,nifty,8550,C,2017-01-25,2017-01-25 14:50:00,BUY,2017-01-25 14:55:00,21.5,15.5,43.137499999999996,2017-01-25 15:20:00,42.6,21.1,0.9614999999999999,20.1385,83910.41666666667,TSL Hit,4166.666666666667,3.3564166666666666,2017,1
3,nifty,9000,C,2017-02-23,2017-02-23 13:40:00,BUY,2017-02-23 13:45:00,8.35,6.4,7.675000000000001,2017-02-23 14:00:00,6.75,-1.5999999999999996,0.22649999999999998,-1.8264999999999996,-23416.66666666667,TSL Hit,12820.512820512826,-0.9366666666666669,2017,2
4,nifty,9350,C,2017-04-27,2017-04-27 13:35:00,BUY,2017-04-27 13:40:00,16.9,13.5,13.5,2017-04-27 13:55:00,13.5,-3.3999999999999986,0.45599999999999996,-3.8559999999999985,-28352.941176470587,Initial SL Hit,7352.941176470591,-1.1341176470588235,2017,4
5,nifty,9350,C,2017-04-27,2017-04-27 14:00:00,BUY,2017-04-27 14:05:00,16.95,12.15,12.15,2017-04-27 14:15:00,12.15,-4.799999999999999,0.4365,-5.236499999999999,-27273.4375,Initial SL Hit,5208.333333333335,-1.0909375000000001,2017,4
6,nifty,9450,C,2017-05-25,2017-05-25 13:50:00,BUY,2017-05-25 13:55:00,4.1,2.9,16.7375,2017-05-25 14:15:00,16.35,12.250000000000002,0.30675,11.943250000000003,248817.70833333346,TSL Hit,20833.33333333334,9.952708333333337,2017,5
7,nifty,9450,C,2017-05-25,2017-05-25 14:25:00,BUY,2017-05-25 14:30:00,22.35,16.1,21.4875,2017-05-25 14:40:00,19.5,-2.8500000000000014,0.62775,-3.4777500000000012,-13911.000000000005,TSL Hit,4000.0,-0.5564400000000003,2017,5
8,nifty,9450,C,2017-05-25,2017-05-25 14:45:00,BUY,2017-05-25 14:50:00,21.0,16.0,56.8375,2017-05-25 15:15:00,50.95,29.950000000000003,1.07925,28.87075,144353.75,TSL Hit,5000.0,5.774150000000001,2017,5
9,nifty,9500,P,2017-06-29,2017-06-29 13:35:00,BUY,2017-06-29 13:40:00,19.3,12.0,12.0,2017-06-29 13:45:00,12.0,-7.300000000000001,0.4695,-7.769500000000001,-26607.876712328765,Initial SL Hit,3424.657534246575,-1.0643150684931506,2017,6
10,nifty,9500,P,2017-06-29,2017-06-29 13:50:00,BUY,2017-06-29 13:55:00,12.5,7.7,7.7,2017-06-29 14:00:00,7.7,-4.8,0.303,-5.103,-26578.125000000004,Initial SL Hit,5208.333333333334,-1.063125,2017,6
11,nifty,9500,P,2017-06-29,2017-06-29 14:05:00,BUY,2017-06-29 14:10:00,8.15,4.25,4.25,2017-06-29 14:20:00,4.25,-3.9000000000000004,0.186,-4.086,-26192.30769230769,Initial SL Hit,6410.256410256409,-1.0476923076923077,2017,6
12,nifty,10050,P,2017-07-27,2017-07-27 14:55:00,BUY,2017-07-27 15:00:00,12.4,3.3,3.3,2017-07-27 15:20:00,24.0,11.6,0.5459999999999999,11.054,30368.131868131863,EOD Exit,2747.2527472527468,1.2147252747252746,2017,7
13,nifty,9900,C,2017-08-31,2017-08-31 14:25:00,BUY,2017-08-31 14:30:00,9.55,6.55,6.55,2017-08-31 14:55:00,6.55,-3.000000000000001,0.24150000000000002,-3.2415000000000007,-27012.499999999996,Initial SL Hit,8333.33333333333,-1.0804999999999998,2017,8
14,nifty,10300,C,2017-10-26,2017-10-26 13:30:00,BUY,2017-10-26 13:35:00,29.1,22.3,37.0125,2017-10-26 14:05:00,35.25,6.149999999999999,0.9652499999999998,5.184749999999998,19061.580882352933,TSL Hit,3676.4705882352937,0.7624632352941173,2017,10
15,nifty,10300,C,2017-10-26,2017-10-26 14:55:00,BUY,2017-10-26 15:00:00,19.45,13.15,39.7125,2017-10-26 15:15:00,35.75,16.3,0.828,15.472000000000001,61396.825396825414,TSL Hit,3968.253968253969,2.4558730158730167,2017,10
16,nifty,10250,C,2017-11-30,2017-11-30 14:20:00,BUY,2017-11-30 14:25:00,55.45,42.1,42.1,2017-11-30 14:30:00,42.1,-13.350000000000001,1.4632500000000002,-14.813250000000002,-27740.16853932584,Initial SL Hit,1872.6591760299623,-1.1096067415730337,2017,11
17,nifty,10500,C,2017-12-28,2017-12-28 14:05:00,BUY,2017-12-28 14:10:00,29.55,22.7,25.712500000000002,2017-12-28 14:15:00,22.7,-6.850000000000001,0.78375,-7.633750000000001,-27860.401459854013,Initial SL hit,3649.6350364963496,-1.1144160583941605,2017,12
18,nifty,10500,C,2017-12-28,2017-12-28 14:30:00,BUY,2017-12-28 14:35:00,26.0,15.2,15.2,2017-12-28 15:00:00,15.2,-10.8,0.618,-11.418000000000001,-26430.55555555556,Initial SL Hit,2314.814814814815,-1.0572222222222225,2017,12
19,nifty,11050,P,2018-01-25,2018-01-25 13:30:00,BUY,2018-01-25 13:35:00,40.0,26.9,36.85,2018-01-25 13:40:00,34.6,-5.399999999999999,1.1189999999999998,-6.518999999999998,-12440.839694656483,TSL Hit,1908.3969465648852,-0.49763358778625927,2018,1
20,nifty,10350,C,2018-02-22,2018-02-22 13:45:00,BUY,2018-02-22 13:50:00,33.4,21.15,35.4,2018-02-22 14:05:00,26.0,-7.399999999999999,0.8909999999999999,-8.290999999999999,-16920.408163265303,TSL Hit,2040.8163265306123,-0.6768163265306122,2018,2
21,nifty,10700,C,2018-05-31,2018-05-31 13:35:00,BUY,2018-05-31 13:40:00,5.4,3.05,3.05,2018-05-31 14:00:00,3.05,-2.3500000000000005,0.12674999999999997,-2.4767500000000005,-26348.404255319147,Initial SL Hit,10638.297872340423,-1.0539361702127659,2018,5
22,nifty,10600,P,2018-06-28,2018-06-28 13:30:00,BUY,2018-06-28 13:35:00,12.7,10.35,36.462500000000006,2018-06-28 14:40:00,31.0,18.3,0.6555,17.6445,187707.44680851066,TSL Hit,10638.297872340427,7.508297872340426,2018,6
23,nifty,10600,P,2018-06-28,2018-06-28 14:45:00,BUY,2018-06-28 14:50:00,35.85,25.9,25.9,2018-06-28 14:50:00,25.9,-9.950000000000003,0.92625,-10.876250000000002,-27327.261306532662,Initial SL Hit,2512.562814070351,-1.0930904522613065,2018,6
24,nifty,10600,P,2018-06-28,2018-06-28 14:55:00,BUY,2018-06-28 15:00:00,28.35,19.2,19.2,2018-06-28 15:00:00,19.2,-9.150000000000002,0.7132499999999999,-9.863250000000003,-26948.77049180328,Initial SL Hit,2732.2404371584694,-1.077950819672131,2018,6
25,nifty,11150,P,2018-07-26,2018-07-26 14:40:00,BUY,2018-07-26 14:45:00,17.75,12.75,12.75,2018-07-26 14:55:00,12.75,-5.0,0.45749999999999996,-5.4575,-27287.499999999996,Initial SL Hit,5000.0,-1.0915,2018,7
26,nifty,10950,P,2018-09-27,2018-09-27 13:40:00,BUY,2018-09-27 13:45:00,13.95,10.85,10.85,2018-09-27 13:45:00,10.85,-3.0999999999999996,0.37199999999999994,-3.4719999999999995,-28000.0,Initial SL Hit,8064.516129032259,-1.1199999999999999,2018,9
27,nifty,10950,P,2018-09-27,2018-09-27 13:50:00,BUY,2018-09-27 13:55:00,15.2,9.0,9.0,2018-09-27 14:00:00,9.0,-6.199999999999999,0.363,-6.562999999999999,-26463.709677419356,Initial SL Hit,4032.2580645161297,-1.0585483870967742,2018,9
28,nifty,10950,P,2018-09-27,2018-09-27 14:05:00,BUY,2018-09-27 14:10:00,8.15,5.3,7.950000000000001,2018-09-27 14:20:00,6.55,-1.6000000000000005,0.22049999999999997,-1.8205000000000005,-15969.298245614038,TSL Hit,8771.929824561403,-0.6387719298245614,2018,9
29,nifty,10150,C,2018-10-25,2018-10-25 14:35:00,BUY,2018-10-25 14:40:00,19.25,11.4,11.4,2018-10-25 15:00:00,11.4,-7.85,0.45974999999999994,-8.30975,-26464.17197452229,Initial SL Hit,3184.7133757961783,-1.0585668789808915,2018,10
30,nifty,10850,C,2018-11-29,2018-11-29 13:40:00,BUY,2018-11-29 13:45:00,7.1,5.1,27.4875,2018-11-29 14:25:00,26.3,19.200000000000003,0.501,18.699,233737.50000000003,TSL Hit,12500.0,9.3495,2018,11
31,nifty,10850,C,2018-11-29,2018-11-29 14:45:00,BUY,2018-11-29 14:50:00,22.45,17.15,17.15,2018-11-29 15:00:00,17.15,-5.300000000000001,0.5939999999999999,-5.894,-27801.886792452824,Initial SL Hit,4716.981132075471,-1.112075471698113,2018,11
32,nifty,10800,C,2019-01-31,2019-01-31 13:35:00,BUY,2019-01-31 13:40:00,16.95,7.3,7.3,2019-01-31 14:40:00,7.3,-9.649999999999999,0.36374999999999996,-10.013749999999998,-25942.357512953367,Initial SL Hit,2590.673575129534,-1.0376943005181347,2019,1
33,nifty,10800,C,2019-01-31,2019-01-31 14:50:00,BUY,2019-01-31 14:55:00,11.5,6.1,29.125,2019-01-31 15:10:00,25.0,13.5,0.5475,12.9525,59965.27777777778,TSL Hit,4629.62962962963,2.3986111111111112,2019,1
34,nifty,10750,P,2019-02-14,2019-02-14 13:30:00,BUY,2019-02-14 13:35:00,21.0,13.85,22.9,2019-02-14 13:50:00,13.85,-7.15,0.52275,-7.672750000000001,-26827.797202797206,Initial SL hit,3496.5034965034965,-1.0731118881118882,2019,2
35,nifty,10800,C,2019-02-21,2019-02-21 13:35:00,BUY,2019-02-21 13:40:00,13.8,10.25,10.25,2019-02-21 13:50:00,10.25,-3.5500000000000007,0.36075,-3.9107500000000006,-27540.49295774648,Initial SL Hit,7042.25352112676,-1.1016197183098593,2019,2
36,nifty,10800,C,2019-02-21,2019-02-21 14:00:00,BUY,2019-02-21 14:05:00,11.3,7.65,7.65,2019-02-21 14:35:00,7.65,-3.6500000000000004,0.28425000000000006,-3.9342500000000005,-26946.91780821918,Initial SL Hit,6849.31506849315,-1.0778767123287671,2019,2
37,nifty,11500,C,2019-03-28,2019-03-28 13:30:00,BUY,2019-03-28 13:35:00,32.35,19.6,53.8375,2019-03-28 14:05:00,51.9,19.549999999999997,1.26375,18.286249999999995,35855.392156862734,TSL Hit,1960.7843137254902,1.4342156862745095,2019,3
38,nifty,11500,C,2019-03-28,2019-03-28 14:10:00,BUY,2019-03-28 14:15:00,56.95,44.15,44.15,2019-03-28 14:25:00,44.15,-12.800000000000004,1.5165,-14.316500000000005,-27961.9140625,Initial SL Hit,1953.1249999999993,-1.1184765625000002,2019,3
39,nifty,11500,C,2019-03-28,2019-03-28 14:40:00,BUY,2019-03-28 14:45:00,41.9,29.3,42.0625,2019-03-28 14:55:00,41.35,-0.5499999999999972,1.24875,-1.7987499999999972,-3568.948412698408,TSL Hit,1984.1269841269846,-0.14275793650793633,2019,3
40,nifty,11500,C,2019-03-28,2019-03-28 15:05:00,BUY,2019-03-28 15:10:00,60.25,36.4,61.112500000000004,2019-03-28 15:20:00,66.75,6.5,1.905,4.595,4816.5618448637315,EOD Exit,1048.2180293501049,0.19266247379454926,2019,3
41,nifty,11650,P,2019-04-04,2019-04-04 14:25:00,BUY,2019-04-04 14:30:00,64.8,31.75,69.77499999999999,2019-04-04 14:45:00,61.15,-3.6499999999999986,1.8892499999999997,-5.539249999999998,-4190.052950075642,TSL Hit,756.4296520423601,-0.16760211800302569,2019,4
42,nifty,11650,P,2019-04-04,2019-04-04 15:05:00,BUY,2019-04-04 15:10:00,54.4,41.3,51.2125,2019-04-04 15:20:00,51.8,-2.6000000000000014,1.5929999999999997,-4.193000000000001,-8001.908396946566,EOD Exit,1908.3969465648852,-0.32007633587786266,2019,4
43,nifty,11550,P,2019-04-11,2019-04-11 13:35:00,BUY,2019-04-11 13:40:00,11.7,4.15,4.15,2019-04-11 14:20:00,4.15,-7.549999999999999,0.23775,-7.787749999999999,-25787.25165562914,Initial SL Hit,3311.258278145696,-1.0314900662251656,2019,4
44,nifty,11750,P,2019-04-25,2019-04-25 13:55:00,BUY,2019-04-25 14:00:00,35.0,24.4,24.4,2019-04-25 14:05:00,24.4,-10.600000000000001,0.8909999999999999,-11.491000000000001,-27101.41509433962,Initial SL Hit,2358.4905660377353,-1.0840566037735848,2019,4
45,nifty,11750,P,2019-04-25,2019-04-25 14:35:00,BUY,2019-04-25 14:40:00,25.0,16.35,108.67500000000001,2019-04-25 15:20:00,105.95,80.95,1.9642499999999998,78.98575,228282.5144508671,TSL Hit,2890.173410404625,9.131300578034685,2019,4
46,nifty,11300,P,2019-05-09,2019-05-09 13:45:00,BUY,2019-05-09 13:50:00,34.2,18.95,31.500000000000004,2019-05-09 13:55:00,28.45,-5.7500000000000036,0.9397500000000001,-6.689750000000004,-10966.803278688527,TSL Hit,1639.3442622950815,-0.4386721311475411,2019,5
47,nifty,11300,P,2019-05-09,2019-05-09 14:00:00,BUY,2019-05-09 14:05:00,32.8,25.95,25.95,2019-05-09 14:10:00,25.95,-6.849999999999998,0.88125,-7.7312499999999975,-28216.24087591241,Initial SL Hit,3649.6350364963514,-1.1286496350364963,2019,5
48,nifty,11200,C,2019-05-16,2019-05-16 13:55:00,BUY,2019-05-16 14:00:00,27.9,12.35,39.0125,2019-05-16 14:20:00,36.4,8.5,0.9644999999999999,7.5355,12114.951768488747,TSL Hit,1607.7170418006433,0.48459807073954986,2019,5
49,nifty,11200,C,2019-05-16,2019-05-16 14:25:00,BUY,2019-05-16 14:30:00,52.0,29.05,49.1875,2019-05-16 14:40:00,36.3,-15.700000000000003,1.3245,-17.024500000000003,-18545.206971677562,TSL Hit,1089.3246187363834,-0.7418082788671024,2019,5
50,nifty,11200,C,2019-05-16,2019-05-16 15:05:00,BUY,2019-05-16 15:10:00,27.0,5.1,40.650000000000006,2019-05-16 15:20:00,52.0,25.0,1.185,23.815,27186.073059360737,EOD Exit,1141.5525114155253,1.0874429223744295,2019,5
51,nifty,11850,P,2019-05-23,2019-05-23 13:45:00,BUY,2019-05-23 13:50:00,58.75,38.5,86.4,2019-05-23 14:05:00,86.2,27.450000000000003,2.17425,25.275750000000002,31204.62962962963,TSL Hit,1234.567901234568,1.2481851851851853,2019,5
52,nifty,11850,P,2019-05-23,2019-05-23 14:15:00,BUY,2019-05-23 14:20:00,65.0,46.6,187.2875,2019-05-23 15:20:00,183.7,118.69999999999999,3.7304999999999997,114.96949999999998,156208.5597826087,TSL Hit,1358.6956521739132,6.248342391304348,2019,5
53,nifty,11950,C,2019-05-30,2019-05-30 13:30:00,BUY,2019-05-30 13:35:00,22.0,16.25,21.012500000000003,2019-05-30 13:45:00,17.6,-4.399999999999999,0.594,-4.993999999999999,-21713.043478260865,TSL Hit,4347.826086956522,-0.8685217391304345,2019,5
54,nifty,11950,C,2019-05-30,2019-05-30 13:50:00,BUY,2019-05-30 13:55:00,19.6,15.5,15.5,2019-05-30 13:55:00,15.5,-4.100000000000001,0.5265,-4.626500000000002,-28210.365853658535,Initial SL Hit,6097.560975609754,-1.1284146341463415,2019,5
55,nifty,11950,C,2019-05-30,2019-05-30 14:25:00,BUY,2019-05-30 14:30:00,19.6,10.3,10.3,2019-05-30 14:45:00,10.3,-9.3,0.4485,-9.7485,-26205.645161290322,Initial SL Hit,2688.1720430107525,-1.0482258064516128,2019,5
56,nifty,11900,P,2019-06-06,2019-06-06 13:30:00,BUY,2019-06-06 13:35:00,19.7,8.2,23.4875,2019-06-06 13:50:00,22.2,2.5,0.6285,1.8715000000000002,4068.478260869566,TSL Hit,2173.913043478261,0.16273913043478264,2019,6
57,nifty,11900,P,2019-06-06,2019-06-06 13:55:00,BUY,2019-06-06 14:00:00,23.25,16.25,41.975,2019-06-06 14:30:00,39.7,16.450000000000003,0.94425,15.505750000000003,55377.67857142858,TSL Hit,3571.4285714285716,2.215107142857143,2019,6
58,nifty,11900,P,2019-06-06,2019-06-06 14:50:00,BUY,2019-06-06 14:55:00,33.65,22.05,37.9375,2019-06-06 15:05:00,37.75,4.100000000000001,1.071,3.0290000000000017,6528.017241379315,TSL Hit,2155.1724137931037,0.2611206896551726,2019,6
59,nifty,11850,C,2019-06-13,2019-06-13 14:00:00,BUY,2019-06-13 14:05:00,34.2,13.8,42.6125,2019-06-13 14:25:00,39.55,5.349999999999994,1.10625,4.243749999999994,5200.674019607835,TSL Hit,1225.4901960784312,0.2080269607843134,2019,6
60,nifty,11850,C,2019-06-13,2019-06-13 14:35:00,BUY,2019-06-13 14:40:00,41.6,24.4,55.175,2019-06-13 15:20:00,54.9,13.299999999999997,1.4475,11.852499999999997,17227.47093023255,TSL Hit,1453.488372093023,0.689098837209302,2019,6
61,nifty,11750,C,2019-06-20,2019-06-20 13:30:00,BUY,2019-06-20 13:35:00,15.85,11.35,24.6,2019-06-20 14:10:00,24.1,8.250000000000002,0.5992500000000001,7.650750000000002,42504.16666666668,TSL Hit,5555.555555555556,1.7001666666666673,2019,6
62,nifty,11750,C,2019-06-20,2019-06-20 14:25:00,BUY,2019-06-20 14:30:00,22.45,13.4,23.5875,2019-06-20 14:40:00,22.7,0.25,0.6772499999999999,-0.4272499999999999,-1180.2486187845302,TSL Hit,2762.4309392265195,-0.04720994475138121,2019,6
63,nifty,11750,C,2019-06-20,2019-06-20 14:45:00,BUY,2019-06-20 14:50:00,41.0,21.15,69.2375,2019-06-20 15:20:00,71.45,30.450000000000003,1.68675,28.763250000000003,36225.755667506295,EOD Exit,1259.4458438287152,1.4490302267002517,2019,6
64,nifty,11900,P,2019-06-27,2019-06-27 14:25:00,BUY,2019-06-27 14:30:00,41.05,30.2,30.2,2019-06-27 14:35:00,30.2,-10.849999999999998,1.0687499999999999,-11.918749999999998,-27462.557603686637,Initial SL Hit,2304.1474654377885,-1.0985023041474655,2019,6
65,nifty,11600,C,2019-07-11,2019-07-11 14:35:00,BUY,2019-07-11 14:40:00,7.1,4.25,4.25,2019-07-11 14:40:00,4.25,-2.8499999999999996,0.17024999999999998,-3.0202499999999994,-26493.421052631576,Initial SL Hit,8771.929824561405,-1.059736842105263,2019,7
66,nifty,11600,C,2019-07-11,2019-07-11 14:45:00,BUY,2019-07-11 14:50:00,8.45,4.15,4.15,2019-07-11 14:55:00,4.15,-4.299999999999999,0.189,-4.488999999999999,-26098.837209302324,Initial SL Hit,5813.953488372094,-1.0439534883720931,2019,7
67,nifty,11650,P,2019-07-18,2019-07-18 14:15:00,BUY,2019-07-18 14:20:00,17.55,13.75,13.75,2019-07-18 14:25:00,13.75,-3.8000000000000007,0.4695,-4.269500000000001,-28088.815789473683,Initial SL Hit,6578.947368421052,-1.1235526315789475,2019,7
68,nifty,11650,P,2019-07-18,2019-07-18 15:05:00,BUY,2019-07-18 15:10:00,35.45,14.15,40.7875,2019-07-18 15:20:00,40.0,4.549999999999997,1.13175,3.418249999999997,4012.03051643192,TSL Hit,1173.7089201877932,0.16048122065727682,2019,7
69,nifty,11250,P,2019-07-25,2019-07-25 13:50:00,BUY,2019-07-25 13:55:00,11.95,6.8,6.8,2019-07-25 14:00:00,6.8,-5.1499999999999995,0.28125,-5.4312499999999995,-26365.291262135925,Initial SL Hit,4854.368932038836,-1.054611650485437,2019,7
70,nifty,11250,P,2019-07-25,2019-07-25 14:10:00,BUY,2019-07-25 14:15:00,12.9,6.8,6.8,2019-07-25 14:20:00,6.8,-6.1000000000000005,0.2955,-6.3955,-26211.065573770487,Initial SL Hit,4098.360655737704,-1.0484426229508195,2019,7
71,nifty,11000,P,2019-08-01,2019-08-01 13:30:00,BUY,2019-08-01 13:35:00,26.65,20.55,39.45,2019-08-01 14:05:00,34.2,7.550000000000004,0.91275,6.637250000000004,27201.844262295108,TSL Hit,4098.360655737706,1.0880737704918044,2019,8
72,nifty,11000,P,2019-08-01,2019-08-01 14:10:00,BUY,2019-08-01 14:15:00,39.55,32.55,79.7375,2019-08-01 14:50:00,76.0,36.45,1.73325,34.716750000000005,123988.39285714288,TSL Hit,3571.4285714285716,4.959535714285716,2019,8
73,nifty,10900,C,2019-08-08,2019-08-08 14:35:00,BUY,2019-08-08 14:40:00,88.85,13.95,116.31249999999999,2019-08-08 15:20:00,120.05,31.200000000000003,3.1334999999999997,28.066500000000005,9367.99065420561,EOD Exit,333.77837116154876,0.37471962616822446,2019,8
74,nifty,11050,C,2019-08-14,2019-08-14 13:30:00,BUY,2019-08-14 13:35:00,26.45,15.25,15.25,2019-08-14 14:30:00,15.25,-11.2,0.6255000000000001,-11.8255,-26396.20535714286,Initial SL Hit,2232.1428571428573,-1.0558482142857144,2019,8
75,nifty,10850,P,2019-08-22,2019-08-22 13:50:00,BUY,2019-08-22 13:55:00,39.45,26.65,54.400000000000006,2019-08-22 14:10:00,52.85,13.399999999999999,1.3845,12.0155,23467.77343749999,TSL Hit,1953.1249999999993,0.9387109374999996,2019,8
76,nifty,10850,P,2019-08-22,2019-08-22 14:20:00,BUY,2019-08-22 14:25:00,49.0,35.1,97.8125,2019-08-22 15:20:00,104.05,55.05,2.29575,52.75425,94881.74460431655,EOD Exit,1798.5611510791368,3.795269784172662,2019,8
77,nifty,10850,P,2019-09-05,2019-09-05 13:40:00,BUY,2019-09-05 13:45:00,36.25,25.15,25.15,2019-09-05 13:45:00,25.15,-11.100000000000001,0.9209999999999999,-12.021,-27074.32432432432,Initial SL Hit,2252.2522522522518,-1.0829729729729727,2019,9
78,nifty,10850,P,2019-09-05,2019-09-05 13:55:00,BUY,2019-09-05 14:00:00,32.5,23.1,23.1,2019-09-05 14:25:00,23.1,-9.399999999999999,0.834,-10.233999999999998,-27218.085106382976,Initial SL Hit,2659.5744680851067,-1.088723404255319,2019,9
79,nifty,10850,P,2019-09-05,2019-09-05 14:30:00,BUY,2019-09-05 14:35:00,25.0,15.1,15.1,2019-09-05 14:40:00,15.1,-9.9,0.6015,-10.5015,-26518.939393939392,Initial SL Hit,2525.252525252525,-1.0607575757575756,2019,9
80,nifty,10850,P,2019-09-05,2019-09-05 14:45:00,BUY,2019-09-05 14:50:00,23.95,13.3,13.3,2019-09-05 14:55:00,13.3,-10.649999999999999,0.55875,-11.208749999999998,-26311.61971830986,Initial SL Hit,2347.4178403755873,-1.0524647887323944,2019,9
81,nifty,10850,P,2019-09-05,2019-09-05 14:55:00,BUY,2019-09-05 15:00:00,17.35,12.8,12.8,2019-09-05 15:00:00,12.8,-4.550000000000001,0.45225000000000004,-5.002250000000001,-27484.89010989011,Initial SL Hit,5494.5054945054935,-1.0993956043956044,2019,9
82,nifty,11050,P,2019-09-12,2019-09-12 13:30:00,BUY,2019-09-12 13:35:00,27.45,19.45,43.275000000000006,2019-09-12 14:35:00,34.95,7.5000000000000036,0.936,6.564000000000004,20512.50000000001,TSL Hit,3125.0,0.8205000000000005,2019,9
83,nifty,11050,P,2019-09-12,2019-09-12 14:40:00,BUY,2019-09-12 14:45:00,42.15,31.85,65.625,2019-09-12 15:20:00,67.8,25.65,1.6492499999999997,24.00075,58254.247572815555,EOD Exit,2427.1844660194183,2.330169902912622,2019,9
84,nifty,10700,P,2019-09-19,2019-09-19 13:30:00,BUY,2019-09-19 13:35:00,12.3,8.3,16.45,2019-09-19 14:05:00,14.9,2.5999999999999996,0.40800000000000003,2.1919999999999997,13699.999999999998,TSL Hit,6250.0,0.5479999999999999,2019,9
85,nifty,10700,P,2019-09-19,2019-09-19 14:15:00,BUY,2019-09-19 14:20:00,15.85,11.1,20.537499999999998,2019-09-19 14:55:00,11.1,-4.75,0.40425,-5.15425,-27127.63157894737,Initial SL hit,5263.1578947368425,-1.0851052631578948,2019,9
86,nifty,11550,C,2019-09-26,2019-09-26 14:40:00,BUY,2019-09-26 14:45:00,57.8,43.5,43.5,2019-09-26 14:50:00,43.5,-14.299999999999997,1.5194999999999999,-15.819499999999998,-27656.46853146853,Initial SL Hit,1748.2517482517485,-1.1062587412587412,2019,9
87,nifty,11250,P,2019-10-10,2019-10-10 13:30:00,BUY,2019-10-10 13:35:00,42.6,26.6,26.6,2019-10-10 13:55:00,26.6,-16.0,1.038,-17.038,-26621.875,Initial SL Hit,1562.5,-1.064875,2019,10
88,nifty,11250,P,2019-10-10,2019-10-10 14:00:00,BUY,2019-10-10 14:05:00,34.85,26.15,26.15,2019-10-10 14:10:00,26.15,-8.700000000000003,0.9149999999999999,-9.615000000000002,-27629.310344827583,Initial SL Hit,2873.5632183908037,-1.1051724137931034,2019,10
89,nifty,11250,P,2019-10-10,2019-10-10 14:40:00,BUY,2019-10-10 14:45:00,39.0,27.1,27.1,2019-10-10 14:50:00,27.1,-11.899999999999999,0.9914999999999998,-12.891499999999999,-27082.983193277312,Initial SL Hit,2100.840336134454,-1.0833193277310926,2019,10
90,nifty,11600,P,2019-10-24,2019-10-24 13:35:00,BUY,2019-10-24 13:40:00,41.55,29.35,46.1625,2019-10-24 13:55:00,42.65,1.1000000000000014,1.2629999999999997,-0.16299999999999826,-334.01639344261946,TSL Hit,2049.180327868853,-0.013360655737704778,2019,10
91,nifty,11600,P,2019-10-24,2019-10-24 14:10:00,BUY,2019-10-24 14:15:00,45.0,32.45,32.45,2019-10-24 14:35:00,32.45,-12.549999999999997,1.16175,-13.711749999999997,-27314.243027888446,Initial SL Hit,1992.0318725099605,-1.0925697211155379,2019,10
92,nifty,11950,P,2019-10-31,2019-10-31 14:55:00,BUY,2019-10-31 15:00:00,75.45,51.9,66.4375,2019-10-31 15:20:00,72.7,-2.75,2.22225,-4.97225,-5278.397027600848,EOD Exit,1061.5711252653925,-0.2111358811040339,2019,10
93,nifty,12150,C,2019-11-28,2019-11-28 13:30:00,BUY,2019-11-28 13:35:00,8.85,7.05,7.05,2019-11-28 13:45:00,7.05,-1.7999999999999998,0.23849999999999996,-2.0385,-28312.500000000004,Initial SL Hit,13888.88888888889,-1.1325000000000003,2019,11
94,nifty,11950,C,2019-12-12,2019-12-12 14:10:00,BUY,2019-12-12 14:15:00,29.75,21.4,43.962500000000006,2019-12-12 15:00:00,36.95,7.200000000000003,1.0005,6.199500000000003,18561.37724550899,TSL Hit,2994.0119760479038,0.7424550898203596,2019,12
95,nifty,12250,C,2019-12-19,2019-12-19 13:30:00,BUY,2019-12-19 13:35:00,7.55,6.35,6.35,2019-12-19 14:00:00,6.35,-1.2000000000000002,0.20849999999999996,-1.4085,-29343.749999999996,Initial SL Hit,20833.33333333333,-1.1737499999999998,2019,12
96,nifty,12250,C,2019-12-19,2019-12-19 14:05:00,BUY,2019-12-19 14:10:00,8.6,5.35,5.35,2019-12-19 14:45:00,5.35,-3.25,0.20925,-3.45925,-26609.615384615383,Initial SL Hit,7692.307692307692,-1.0643846153846153,2019,12
97,nifty,12200,P,2019-12-26,2019-12-26 13:30:00,BUY,2019-12-26 13:35:00,21.85,17.35,22.9,2019-12-26 13:55:00,22.9,1.0499999999999972,0.67125,0.37874999999999714,2104.166666666651,TSL Hit,5555.555555555556,0.08416666666666604,2019,12
98,nifty,12200,P,2019-12-26,2019-12-26 14:00:00,BUY,2019-12-26 14:05:00,24.5,20.85,26.375,2019-12-26 14:25:00,25.35,0.8500000000000014,0.74775,0.1022500000000014,700.3424657534345,TSL Hit,6849.315068493153,0.02801369863013738,2019,12
99,nifty,12200,P,2019-12-26,2019-12-26 14:35:00,BUY,2019-12-26 14:40:00,20.2,11.75,69.4125,2019-12-26 15:20:00,71.85,51.64999999999999,1.38075,50.26924999999999,148725.5917159763,EOD Exit,2958.579881656805,5.949023668639052,2019,12
100,nifty,12250,C,2020-01-02,2020-01-02 13:45:00,BUY,2020-01-02 13:50:00,17.8,12.85,30.950000000000003,2020-01-02 15:20:00,30.85,13.05,0.72975,12.320250000000001,62223.48484848484,TSL Hit,5050.505050505049,2.488939393939394,2020,1
101,nifty,12200,C,2020-01-09,2020-01-09 13:55:00,BUY,2020-01-09 14:00:00,14.55,10.85,10.85,2020-01-09 14:15:00,10.85,-3.700000000000001,0.38099999999999995,-4.081000000000001,-27574.324324324327,Initial SL Hit,6756.756756756755,-1.102972972972973,2020,1
102,nifty,12200,C,2020-01-09,2020-01-09 14:20:00,BUY,2020-01-09 14:25:00,14.2,10.5,12.925,2020-01-09 14:40:00,10.5,-3.6999999999999993,0.3705,-4.070499999999999,-27503.37837837838,Initial SL hit,6756.7567567567585,-1.1001351351351352,2020,1
103,nifty,12150,C,2020-01-23,2020-01-23 13:30:00,BUY,2020-01-23 13:35:00,34.2,27.05,27.05,2020-01-23 13:45:00,27.05,-7.150000000000002,0.91875,-8.068750000000001,-28212.412587412586,Initial SL Hit,3496.5034965034956,-1.1284965034965033,2020,1
104,nifty,12150,C,2020-01-23,2020-01-23 14:15:00,BUY,2020-01-23 14:20:00,27.8,20.8,20.8,2020-01-23 14:30:00,20.8,-7.0,0.729,-7.729,-27603.57142857143,Initial SL Hit,3571.4285714285716,-1.104142857142857,2020,1
105,nifty,12150,C,2020-01-23,2020-01-23 14:35:00,BUY,2020-01-23 14:40:00,28.0,17.45,17.45,2020-01-23 14:45:00,17.45,-10.55,0.68175,-11.23175,-26615.521327014216,Initial SL Hit,2369.6682464454975,-1.0646208530805688,2020,1
106,nifty,12150,C,2020-01-23,2020-01-23 14:55:00,BUY,2020-01-23 15:00:00,22.2,13.15,31.4,2020-01-23 15:15:00,29.65,7.449999999999999,0.7777499999999999,6.672249999999999,18431.62983425414,TSL Hit,2762.4309392265195,0.7372651933701657,2020,1
107,nifty,12050,P,2020-01-30,2020-01-30 13:45:00,BUY,2020-01-30 13:50:00,33.55,24.7,39.8,2020-01-30 14:15:00,37.5,3.950000000000003,1.06575,2.884250000000003,8147.598870056508,TSL Hit,2824.8587570621476,0.3259039548022603,2020,1
108,nifty,12050,P,2020-01-30,2020-01-30 14:30:00,BUY,2020-01-30 14:35:00,36.6,28.2,28.2,2020-01-30 14:35:00,28.2,-8.400000000000002,0.972,-9.372000000000002,-27892.857142857138,Initial SL Hit,2976.1904761904752,-1.1157142857142854,2020,1
109,nifty,12150,P,2020-02-13,2020-02-13 13:35:00,BUY,2020-02-13 13:40:00,17.7,14.8,14.8,2020-02-13 13:50:00,14.8,-2.8999999999999986,0.4875,-3.3874999999999984,-29202.586206896554,Initial SL Hit,8620.689655172418,-1.168103448275862,2020,2
110,nifty,12100,C,2020-02-20,2020-02-20 13:40:00,BUY,2020-02-20 13:45:00,34.6,27.1,27.1,2020-02-20 13:50:00,27.1,-7.5,0.9255,-8.4255,-28085.0,Initial SL Hit,3333.3333333333335,-1.1234,2020,2
111,nifty,11600,C,2020-02-27,2020-02-27 14:45:00,BUY,2020-02-27 14:50:00,24.9,12.8,12.8,2020-02-27 15:20:00,33.85,8.950000000000003,0.88125,8.068750000000003,16670.971074380173,EOD Exit,2066.1157024793392,0.6668388429752069,2020,2
112,nifty,11350,P,2020-03-05,2020-03-05 14:35:00,BUY,2020-03-05 14:40:00,93.6,47.05,47.05,2020-03-05 14:45:00,47.05,-46.55,2.1097499999999996,-48.659749999999995,-26133.055853920516,Initial SL Hit,537.0569280343717,-1.0453222341568207,2020,3
113,nifty,11350,P,2020-03-05,2020-03-05 14:50:00,BUY,2020-03-05 14:55:00,67.95,42.25,77.27499999999999,2020-03-05 15:20:00,80.2,12.25,2.22225,10.027750000000001,9754.620622568093,EOD Exit,972.7626459143968,0.3901848249027237,2020,3
114,nifty,9800,P,2020-03-12,2020-03-12 13:45:00,BUY,2020-03-12 13:50:00,54.45,36.4,241.6125,2020-03-12 14:45:00,236.0,181.55,4.35675,177.19325,245420.01385041545,TSL Hit,1385.041551246537,9.816800554016618,2020,3
115,nifty,9800,P,2020-03-12,2020-03-12 14:50:00,BUY,2020-03-12 14:55:00,245.35,212.15,212.15,2020-03-12 15:10:00,212.15,-33.19999999999999,6.8625,-40.062499999999986,-30167.54518072289,Initial SL Hit,753.0120481927713,-1.2067018072289155,2020,3
116,nifty,8300,C,2020-03-19,2020-03-19 13:40:00,BUY,2020-03-19 13:45:00,90.8,63.5,200.5,2020-03-19 14:05:00,196.7,105.89999999999999,4.3125,101.58749999999999,93028.84615384616,TSL Hit,915.7509157509159,3.7211538461538463,2020,3
117,nifty,8300,C,2020-03-19,2020-03-19 14:40:00,BUY,2020-03-19 14:45:00,108.05,75.6,75.6,2020-03-19 14:55:00,75.6,-32.45,2.7547499999999996,-35.204750000000004,-27122.303543913717,Initial SL Hit,770.4160246533128,-1.0848921417565487,2020,3
118,nifty,8550,P,2020-03-26,2020-03-26 13:55:00,BUY,2020-03-26 14:00:00,167.0,109.8,167.79999999999998,2020-03-26 14:10:00,109.8,-57.2,4.152,-61.352000000000004,-26814.685314685317,Initial SL hit,437.06293706293707,-1.0725874125874126,2020,3
119,nifty,8250,P,2020-04-01,2020-04-01 13:30:00,BUY,2020-04-01 13:35:00,60.0,50.15,58.962500000000006,2020-04-01 13:40:00,55.6,-4.399999999999999,1.7339999999999998,-6.133999999999999,-15568.52791878172,TSL Hit,2538.0710659898473,-0.6227411167512689,2020,4
120,nifty,8250,P,2020-04-01,2020-04-01 13:45:00,BUY,2020-04-01 13:50:00,61.35,50.4,74.225,2020-04-01 14:10:00,67.9,6.550000000000004,1.93875,4.6112500000000045,10527.968036529688,TSL Hit,2283.1050228310496,0.4211187214611875,2020,4
121,nifty,8250,P,2020-04-01,2020-04-01 14:20:00,BUY,2020-04-01 14:25:00,58.4,45.45,45.45,2020-04-01 14:30:00,45.45,-12.949999999999996,1.55775,-14.507749999999996,-28007.239382239386,Initial SL Hit,1930.5019305019312,-1.1202895752895754,2020,4
122,nifty,9000,C,2020-04-16,2020-04-16 13:30:00,BUY,2020-04-16 13:35:00,49.1,37.25,37.25,2020-04-16 13:45:00,37.25,-11.850000000000001,1.2952499999999998,-13.14525,-27732.594936708858,Initial SL Hit,2109.7046413502107,-1.1093037974683544,2020,4
123,nifty,9000,C,2020-04-16,2020-04-16 14:00:00,BUY,2020-04-16 14:05:00,39.8,27.0,27.0,2020-04-16 14:10:00,27.0,-12.799999999999997,1.002,-13.801999999999998,-26957.031250000004,Initial SL Hit,1953.1250000000005,-1.07828125,2020,4
124,nifty,9250,C,2020-04-23,2020-04-23 14:00:00,BUY,2020-04-23 14:05:00,49.2,29.5,29.5,2020-04-23 15:20:00,62.0,12.799999999999997,1.668,11.131999999999998,14126.903553299488,EOD Exit,1269.0355329949236,0.5650761421319794,2020,4
125,nifty,9200,P,2020-05-14,2020-05-14 13:30:00,BUY,2020-05-14 13:35:00,26.3,17.85,53.4375,2020-05-14 14:20:00,52.8,26.499999999999996,1.1864999999999999,25.313499999999998,74892.01183431952,TSL Hit,2958.579881656805,2.9956804733727807,2020,5
126,nifty,9200,P,2020-05-14,2020-05-14 14:25:00,BUY,2020-05-14 14:30:00,70.3,48.45,48.45,2020-05-14 14:35:00,48.45,-21.849999999999994,1.78125,-23.631249999999994,-27038.043478260868,Initial SL Hit,1144.1647597254007,-1.0815217391304346,2020,5
127,nifty,9200,P,2020-05-14,2020-05-14 14:45:00,BUY,2020-05-14 14:50:00,51.15,32.25,54.8875,2020-05-14 15:20:00,56.1,4.950000000000003,1.60875,3.341250000000003,4419.642857142862,EOD Exit,1322.751322751323,0.1767857142857145,2020,5
128,nifty,9150,C,2020-05-21,2020-05-21 13:30:00,BUY,2020-05-21 13:35:00,26.4,18.4,18.4,2020-05-21 13:35:00,18.4,-8.0,0.6719999999999999,-8.672,-27100.000000000004,Initial SL Hit,3125.0,-1.084,2020,5
129,nifty,9150,C,2020-05-21,2020-05-21 13:40:00,BUY,2020-05-21 13:45:00,18.55,12.35,12.35,2020-05-21 14:00:00,12.35,-6.200000000000001,0.46349999999999997,-6.663500000000001,-26868.951612903224,Initial SL Hit,4032.2580645161283,-1.0747580645161288,2020,5
130,nifty,9150,P,2020-05-21,2020-05-21 14:30:00,BUY,2020-05-21 14:35:00,48.05,33.0,33.0,2020-05-21 14:35:00,33.0,-15.049999999999997,1.2157499999999999,-16.265749999999997,-27019.51827242525,Initial SL Hit,1661.1295681063127,-1.08078073089701,2020,5
131,nifty,9450,C,2020-05-28,2020-05-28 14:30:00,BUY,2020-05-28 14:35:00,16.0,12.25,36.725,2020-05-28 15:20:00,39.15,23.15,0.8272499999999999,22.32275,148818.33333333334,EOD Exit,6666.666666666667,5.952733333333334,2020,5
132,nifty,10000,P,2020-06-11,2020-06-11 13:30:00,BUY,2020-06-11 13:35:00,49.85,29.05,29.05,2020-06-11 13:45:00,29.05,-20.8,1.1835,-21.9835,-26422.47596153846,Initial SL Hit,1201.923076923077,-1.0568990384615384,2020,6
133,nifty,10000,P,2020-06-11,2020-06-11 13:50:00,BUY,2020-06-11 13:55:00,37.4,27.0,68.0125,2020-06-11 14:30:00,67.2,29.800000000000004,1.569,28.231000000000005,67862.9807692308,TSL Hit,2403.8461538461543,2.714519230769232,2020,6
134,nifty,10000,P,2020-06-11,2020-06-11 14:35:00,BUY,2020-06-11 14:40:00,83.1,64.25,77.15,2020-06-11 14:45:00,76.1,-7.0,2.388,-9.388,-12450.928381962867,TSL Hit,1326.2599469496024,-0.4980371352785147,2020,6
135,nifty,10000,P,2020-06-11,2020-06-11 14:55:00,BUY,2020-06-11 15:00:00,83.5,71.65,97.3875,2020-06-11 15:20:00,96.7,13.200000000000003,2.703,10.497000000000003,22145.569620253184,TSL Hit,2109.704641350212,0.8858227848101273,2020,6
136,nifty,10000,C,2020-06-18,2020-06-18 13:30:00,BUY,2020-06-18 13:35:00,20.0,10.75,75.85,2020-06-18 14:30:00,75.3,55.3,1.4295,53.8705,145595.94594594595,TSL Hit,2702.7027027027025,5.8238378378378375,2020,6
137,nifty,10000,C,2020-06-18,2020-06-18 14:35:00,BUY,2020-06-18 14:40:00,75.5,61.65,61.65,2020-06-18 14:40:00,61.65,-13.850000000000001,2.05725,-15.907250000000001,-28713.4476534296,Initial SL Hit,1805.0541516245485,-1.148537906137184,2020,6
138,nifty,10000,C,2020-06-18,2020-06-18 14:45:00,BUY,2020-06-18 14:50:00,78.05,48.45,86.75,2020-06-18 15:20:00,90.8,12.75,2.5327499999999996,10.21725,8629.434121621623,EOD Exit,844.5945945945948,0.34517736486486494,2020,6
139,nifty,10250,C,2020-06-25,2020-06-25 14:05:00,BUY,2020-06-25 14:10:00,81.6,60.15,60.15,2020-06-25 14:45:00,60.15,-21.449999999999996,2.1262499999999998,-23.576249999999995,-27478.146853146853,Initial SL Hit,1165.5011655011658,-1.099125874125874,2020,6
140,nifty,10550,C,2020-07-02,2020-07-02 13:35:00,BUY,2020-07-02 13:40:00,30.2,24.0,41.037499999999994,2020-07-02 14:00:00,35.65,5.449999999999999,0.9877499999999999,4.462249999999999,17992.943548387095,TSL Hit,4032.2580645161297,0.7197177419354838,2020,7
141,nifty,10550,C,2020-07-02,2020-07-02 14:05:00,BUY,2020-07-02 14:10:00,44.5,33.15,41.6125,2020-07-02 14:20:00,37.15,-7.350000000000001,1.22475,-8.574750000000002,-18887.114537444937,TSL Hit,2202.643171806167,-0.7554845814977975,2020,7
142,nifty,10800,C,2020-07-09,2020-07-09 14:45:00,BUY,2020-07-09 14:50:00,19.4,13.0,13.0,2020-07-09 14:55:00,13.0,-6.399999999999999,0.486,-6.885999999999998,-26898.4375,Initial SL Hit,3906.250000000001,-1.0759375,2020,7
143,nifty,10650,C,2020-07-16,2020-07-16 14:55:00,BUY,2020-07-16 15:00:00,61.7,15.2,88.4625,2020-07-16 15:20:00,87.0,25.299999999999997,2.2304999999999997,23.069499999999998,12402.95698924731,TSL Hit,537.6344086021505,0.4961182795698924,2020,7
144,nifty,11200,C,2020-07-23,2020-07-23 13:50:00,BUY,2020-07-23 13:55:00,27.25,18.6,31.5,2020-07-23 14:10:00,29.2,1.9499999999999993,0.84675,1.1032499999999992,3188.5838150289,TSL Hit,2890.173410404625,0.127543352601156,2020,7
145,nifty,11200,P,2020-07-30,2020-07-30 13:30:00,BUY,2020-07-30 13:35:00,37.7,27.1,27.1,2020-07-30 13:40:00,27.1,-10.600000000000001,0.9720000000000001,-11.572000000000001,-27292.452830188675,Initial SL Hit,2358.4905660377353,-1.091698113207547,2020,7
146,nifty,11200,P,2020-07-30,2020-07-30 13:45:00,BUY,2020-07-30 13:50:00,33.25,26.25,97.5375,2020-07-30 14:30:00,80.05,46.8,1.6994999999999998,45.1005,161073.2142857143,TSL Hit,3571.4285714285716,6.442928571428571,2020,7
147,nifty,11200,P,2020-07-30,2020-07-30 14:35:00,BUY,2020-07-30 14:40:00,90.05,75.8,75.8,2020-07-30 14:45:00,75.8,-14.25,2.4877499999999997,-16.73775,-29364.473684210523,Initial SL Hit,1754.3859649122808,-1.174578947368421,2020,7
148,nifty,11200,P,2020-07-30,2020-07-30 14:50:00,BUY,2020-07-30 14:55:00,79.45,51.6,91.975,2020-07-30 15:20:00,97.3,17.849999999999994,2.65125,15.198749999999993,13643.402154398556,EOD Exit,897.6660682226211,0.5457360861759422,2020,7
149,nifty,11300,P,2020-08-13,2020-08-13 13:30:00,BUY,2020-08-13 13:35:00,23.2,18.95,18.95,2020-08-13 13:40:00,18.95,-4.25,0.63225,-4.88225,-28719.11764705882,Initial SL Hit,5882.35294117647,-1.1487647058823527,2020,8
150,nifty,11300,P,2020-08-13,2020-08-13 14:30:00,BUY,2020-08-13 14:35:00,20.2,10.8,10.8,2020-08-13 14:50:00,10.8,-9.399999999999999,0.46499999999999997,-9.864999999999998,-26236.702127659573,Initial SL Hit,2659.5744680851067,-1.049468085106383,2020,8
151,nifty,11350,P,2020-08-20,2020-08-20 14:15:00,BUY,2020-08-20 14:20:00,51.65,43.1,43.1,2020-08-20 14:20:00,43.1,-8.549999999999997,1.42125,-9.971249999999998,-29155.701754385966,Initial SL Hit,2923.9766081871353,-1.1662280701754386,2020,8
152,nifty,11350,P,2020-08-20,2020-08-20 14:25:00,BUY,2020-08-20 14:30:00,47.65,33.45,33.45,2020-08-20 14:40:00,33.45,-14.199999999999996,1.2165,-15.416499999999996,-27141.725352112677,Initial SL Hit,1760.5633802816906,-1.0856690140845071,2020,8
153,nifty,11400,C,2020-09-10,2020-09-10 14:50:00,BUY,2020-09-10 14:55:00,19.8,14.1,46.9375,2020-09-10 15:20:00,50.4,30.599999999999998,1.053,29.546999999999997,129592.10526315786,EOD Exit,4385.964912280701,5.183684210526315,2020,9
154,nifty,11550,P,2020-09-17,2020-09-17 13:35:00,BUY,2020-09-17 13:40:00,28.55,23.5,23.5,2020-09-17 14:00:00,23.5,-5.050000000000001,0.7807499999999999,-5.830750000000001,-28865.09900990099,Initial SL Hit,4950.49504950495,-1.1546039603960396,2020,9
155,nifty,11550,P,2020-09-17,2020-09-17 14:55:00,BUY,2020-09-17 15:00:00,37.5,10.55,10.55,2020-09-17 15:20:00,33.15,-4.350000000000001,1.05975,-5.409750000000002,-5018.320964749538,EOD Exit,927.643784786642,-0.20073283858998153,2020,9
156,nifty,10950,P,2020-09-24,2020-09-24 13:30:00,BUY,2020-09-24 13:35:00,44.5,21.55,46.7,2020-09-24 13:45:00,42.15,-2.3500000000000014,1.29975,-3.6497500000000014,-3975.762527233117,TSL Hit,1089.3246187363834,-0.15903050108932468,2020,9
157,nifty,10950,P,2020-09-24,2020-09-24 13:50:00,BUY,2020-09-24 13:55:00,54.5,36.2,54.4625,2020-09-24 14:10:00,50.5,-4.0,1.575,-5.575,-7616.120218579236,TSL Hit,1366.1202185792351,-0.30464480874316946,2020,9
158,nifty,10950,P,2020-09-24,2020-09-24 14:15:00,BUY,2020-09-24 14:20:00,55.8,39.65,90.14999999999999,2020-09-24 14:45:00,88.6,32.8,2.1659999999999995,30.633999999999997,47421.05263157895,TSL Hit,1547.9876160990714,1.8968421052631579,2020,9
159,nifty,10950,P,2020-09-24,2020-09-24 14:50:00,BUY,2020-09-24 14:55:00,102.5,76.85,145.075,2020-09-24 15:20:00,147.85,45.349999999999994,3.7552499999999998,41.59475,40540.69200779726,EOD Exit,974.6588693957112,1.6216276803118903,2020,9
160,nifty,11400,C,2020-10-01,2020-10-01 13:30:00,BUY,2020-10-01 13:35:00,18.5,13.1,25.4375,2020-10-01 14:25:00,19.85,1.3500000000000014,0.57525,0.7747500000000014,3586.805555555562,TSL Hit,4629.62962962963,0.14347222222222247,2020,10
161,nifty,11900,C,2020-10-08,2020-10-08 13:35:00,BUY,2020-10-08 13:40:00,16.3,14.0,14.0,2020-10-08 13:50:00,14.0,-2.3000000000000007,0.4545,-2.7545000000000006,-29940.217391304344,Initial SL Hit,10869.5652173913,-1.1976086956521736,2020,10
162,nifty,11900,P,2020-10-08,2020-10-08 14:30:00,BUY,2020-10-08 14:35:00,91.9,38.85,38.85,2020-10-08 15:20:00,64.25,-27.650000000000006,2.34225,-29.992250000000006,-14133.95381715363,EOD Exit,471.253534401508,-0.5653581526861452,2020,10
163,nifty,11850,P,2020-10-15,2020-10-15 13:30:00,BUY,2020-10-15 13:35:00,33.05,17.4,116.52499999999999,2020-10-15 14:20:00,115.85,82.8,2.2334999999999994,80.56649999999999,128700.47923322683,TSL Hit,1597.444089456869,5.148019169329073,2020,10
164,nifty,11850,P,2020-10-15,2020-10-15 14:25:00,BUY,2020-10-15 14:30:00,117.3,96.1,169.55,2020-10-15 15:20:00,169.85,52.55,4.30725,48.24275,56890.03537735848,EOD Exit,1179.2452830188677,2.2756014150943393,2020,10
165,nifty,12900,P,2020-11-19,2020-11-19 14:00:00,BUY,2020-11-19 14:05:00,28.55,18.05,110.9375,2020-11-19 14:30:00,103.8,75.25,1.9852499999999997,73.26475,174439.88095238095,TSL Hit,2380.9523809523807,6.977595238095239,2020,11
166,nifty,12900,P,2020-11-19,2020-11-19 14:45:00,BUY,2020-11-19 14:50:00,83.55,64.9,125.55,2020-11-19 15:20:00,130.45,46.89999999999999,3.21,43.68999999999999,58565.683646112615,EOD Exit,1340.4825737265421,2.342627345844505,2020,11
167,nifty,12900,C,2020-11-26,2020-11-26 13:35:00,BUY,2020-11-26 13:40:00,39.05,21.55,21.55,2020-11-26 13:45:00,21.55,-17.499999999999996,0.9089999999999999,-18.408999999999995,-26298.571428571428,Initial SL Hit,1428.571428571429,-1.051942857142857,2020,11
168,nifty,12900,C,2020-11-26,2020-11-26 14:05:00,BUY,2020-11-26 14:10:00,42.0,11.2,86.625,2020-11-26 15:20:00,89.5,47.5,1.9725,45.5275,36954.13961038961,EOD Exit,811.6883116883116,1.4781655844155845,2020,11
169,nifty,13450,C,2020-12-10,2020-12-10 14:45:00,BUY,2020-12-10 14:50:00,54.5,17.35,17.35,2020-12-10 15:20:00,29.3,-25.2,1.257,-26.457,-17804.172274562585,EOD Exit,672.9475100942127,-0.7121668909825034,2020,12
170,nifty,13750,C,2020-12-17,2020-12-17 13:55:00,BUY,2020-12-17 14:00:00,23.8,19.4,25.8875,2020-12-17 14:15:00,23.95,0.14999999999999858,0.7162499999999999,-0.5662500000000014,-3217.329545454552,TSL Hit,5681.818181818179,-0.12869318181818207,2020,12
171,nifty,13700,C,2020-12-24,2020-12-24 13:30:00,BUY,2020-12-24 13:35:00,39.95,22.8,35.575,2020-12-24 14:25:00,35.35,-4.600000000000001,1.1295000000000002,-5.729500000000002,-8352.040816326531,TSL Hit,1457.7259475218657,-0.33408163265306123,2020,12
172,nifty,13700,C,2020-12-24,2020-12-24 14:35:00,BUY,2020-12-24 14:40:00,62.4,28.75,62.449999999999996,2020-12-24 14:50:00,60.3,-2.1000000000000014,1.8404999999999998,-3.940500000000001,-2927.5631500742948,TSL Hit,742.9420505200594,-0.11710252600297179,2020,12
173,nifty,13700,C,2020-12-24,2020-12-24 14:55:00,BUY,2020-12-24 15:00:00,61.0,42.2,42.2,2020-12-24 15:20:00,48.45,-12.549999999999997,1.64175,-14.191749999999997,-18872.007978723403,EOD Exit,1329.7872340425533,-0.7548803191489362,2020,12
174,nifty,14600,C,2021-01-14,2021-01-14 13:30:00,BUY,2021-01-14 13:35:00,12.4,9.45,9.45,2021-01-14 13:35:00,9.45,-2.950000000000001,0.32775,-3.277750000000001,-27777.542372881355,Initial SL Hit,8474.576271186437,-1.1111016949152543,2021,1
175,nifty,14600,C,2021-01-14,2021-01-14 13:40:00,BUY,2021-01-14 13:45:00,17.4,8.6,17.275,2021-01-14 13:55:00,16.05,-1.3499999999999979,0.50175,-1.8517499999999978,-5260.653409090904,TSL Hit,2840.9090909090914,-0.21042613636363616,2021,1
176,nifty,14600,C,2021-01-14,2021-01-14 14:10:00,BUY,2021-01-14 14:15:00,14.15,10.0,10.0,2021-01-14 14:40:00,10.0,-4.15,0.36224999999999996,-4.51225,-27182.228915662647,Initial SL Hit,6024.096385542168,-1.0872891566265057,2021,1
177,nifty,14750,P,2021-01-21,2021-01-21 14:40:00,BUY,2021-01-21 14:45:00,70.2,35.55,164.5875,2021-01-21 15:15:00,150.5,80.3,3.3104999999999998,76.98949999999999,55547.97979797979,TSL Hit,721.5007215007214,2.2219191919191914,2021,1
178,nifty,13800,P,2021-01-28,2021-01-28 14:40:00,BUY,2021-01-28 14:45:00,44.95,24.45,24.45,2021-01-28 15:00:00,24.45,-20.500000000000004,1.0410000000000001,-21.541000000000004,-26269.51219512195,Initial SL Hit,1219.512195121951,-1.050780487804878,2021,1
179,nifty,14850,C,2021-02-04,2021-02-04 13:55:00,BUY,2021-02-04 14:00:00,23.65,16.25,53.3125,2021-02-04 14:25:00,50.4,26.75,1.11075,25.63925,86619.08783783785,TSL Hit,3378.3783783783792,3.4647635135135144,2021,2
180,nifty,14850,C,2021-02-04,2021-02-04 14:40:00,BUY,2021-02-04 14:45:00,43.1,25.25,25.25,2021-02-04 15:20:00,44.8,1.6999999999999957,1.3185,0.38149999999999573,534.3137254901901,EOD Exit,1400.5602240896358,0.021372549019607605,2021,2
181,nifty,15100,P,2021-02-18,2021-02-18 13:35:00,BUY,2021-02-18 13:40:00,29.8,23.0,23.0,2021-02-18 14:05:00,23.0,-6.800000000000001,0.7919999999999999,-7.5920000000000005,-27911.764705882353,Initial SL Hit,3676.4705882352937,-1.116470588235294,2021,2
182,nifty,15150,C,2021-03-04,2021-03-04 13:30:00,BUY,2021-03-04 13:35:00,50.55,29.25,29.25,2021-03-04 13:45:00,29.25,-21.299999999999997,1.1969999999999998,-22.496999999999996,-26404.92957746479,Initial SL Hit,1173.7089201877936,-1.0561971830985917,2021,3
183,nifty,15150,C,2021-03-04,2021-03-04 14:00:00,BUY,2021-03-04 14:05:00,24.55,14.25,31.112500000000004,2021-03-04 14:25:00,29.9,5.349999999999998,0.81675,4.533249999999998,11003.033980582519,TSL Hit,2427.1844660194174,0.44012135922330076,2021,3
184,nifty,14650,P,2021-03-18,2021-03-18 13:50:00,BUY,2021-03-18 13:55:00,56.5,38.9,139.8625,2021-03-18 14:25:00,134.35,77.85,2.8627499999999997,74.98724999999999,106515.98011363634,TSL Hit,1420.4545454545453,4.260639204545454,2021,3
185,nifty,14650,P,2021-03-18,2021-03-18 14:35:00,BUY,2021-03-18 14:40:00,119.8,90.85,122.275,2021-03-18 14:50:00,121.1,1.2999999999999972,3.6134999999999997,-2.3135000000000026,-1997.8411053540608,TSL Hit,863.5578583765111,-0.07991364421416243,2021,3
186,nifty,14650,P,2021-03-18,2021-03-18 14:55:00,BUY,2021-03-18 15:00:00,130.0,107.8,107.8,2021-03-18 15:10:00,107.8,-22.200000000000003,3.567,-25.767000000000003,-29016.89189189189,Initial SL Hit,1126.1261261261259,-1.1606756756756755,2021,3
187,nifty,14800,C,2021-04-01,2021-04-01 13:35:00,BUY,2021-04-01 13:40:00,49.0,41.1,41.1,2021-04-01 13:50:00,41.1,-7.899999999999999,1.3515,-9.251499999999998,-29276.89873417721,Initial SL Hit,3164.556962025317,-1.1710759493670886,2021,4
188,nifty,14800,C,2021-04-01,2021-04-01 13:55:00,BUY,2021-04-01 14:00:00,41.3,31.9,57.0125,2021-04-01 14:25:00,52.6,11.300000000000004,1.4085,9.891500000000004,26307.180851063844,TSL Hit,2659.5744680851067,1.0522872340425538,2021,4
189,nifty,14800,C,2021-04-01,2021-04-01 14:45:00,BUY,2021-04-01 14:50:00,60.85,44.5,65.825,2021-04-01 15:20:00,66.8,5.949999999999996,1.91475,4.035249999999996,6170.107033639138,EOD Exit,1529.051987767584,0.2468042813455655,2021,4
190,nifty,14950,P,2021-04-08,2021-04-08 14:40:00,BUY,2021-04-08 14:45:00,72.95,37.9,37.9,2021-04-08 15:20:00,75.35,2.3999999999999915,2.2245,0.17549999999999155,125.17831669043618,EOD Exit,713.2667617689015,0.005007132667617447,2021,4
191,nifty,14450,C,2021-04-15,2021-04-15 14:15:00,BUY,2021-04-15 14:20:00,82.7,62.7,62.7,2021-04-15 14:20:00,62.7,-20.0,2.181,-22.181,-27726.25,Initial SL Hit,1250.0,-1.1090499999999999,2021,4
192,nifty,14450,C,2021-04-15,2021-04-15 14:25:00,BUY,2021-04-15 14:30:00,58.5,41.85,41.85,2021-04-15 14:35:00,41.85,-16.65,1.5052499999999998,-18.15525,-27260.135135135137,Initial SL Hit,1501.5015015015017,-1.0904054054054055,2021,4
193,nifty,14450,C,2021-04-15,2021-04-15 14:40:00,BUY,2021-04-15 14:45:00,55.3,31.3,126.51249999999999,2021-04-15 15:20:00,131.1,75.8,2.7959999999999994,73.00399999999999,76045.83333333333,EOD Exit,1041.6666666666667,3.0418333333333334,2021,4
194,nifty,14350,C,2021-04-22,2021-04-22 13:30:00,BUY,2021-04-22 13:35:00,35.3,19.85,47.64999999999999,2021-04-22 13:55:00,44.65,9.350000000000001,1.1992499999999997,8.150750000000002,13188.915857605185,TSL Hit,1618.1229773462787,0.5275566343042074,2021,4
195,nifty,14350,C,2021-04-22,2021-04-22 14:05:00,BUY,2021-04-22 14:10:00,56.4,37.8,37.8,2021-04-22 14:25:00,37.8,-18.6,1.4129999999999998,-20.013,-26899.1935483871,Initial SL Hit,1344.0860215053763,-1.075967741935484,2021,4
196,nifty,14350,C,2021-04-22,2021-04-22 14:30:00,BUY,2021-04-22 14:35:00,65.95,25.85,55.525,2021-04-22 14:40:00,55.4,-10.550000000000004,1.82025,-12.370250000000004,-7712.125935162097,TSL Hit,623.4413965087282,-0.3084850374064839,2021,4
197,nifty,14350,C,2021-04-22,2021-04-22 14:55:00,BUY,2021-04-22 15:00:00,67.75,44.65,44.65,2021-04-22 15:20:00,55.85,-11.899999999999999,1.8539999999999999,-13.753999999999998,-14885.281385281382,EOD Exit,1082.2510822510822,-0.5954112554112553,2021,4
198,nifty,14700,C,2021-05-06,2021-05-06 14:15:00,BUY,2021-05-06 14:20:00,23.1,16.9,16.9,2021-05-06 14:20:00,16.9,-6.200000000000003,0.6,-6.8000000000000025,-27419.354838709674,Initial SL Hit,4032.258064516127,-1.096774193548387,2021,5
199,nifty,15000,P,2021-05-20,2021-05-20 14:15:00,BUY,2021-05-20 14:20:00,53.0,25.0,95.4625,2021-05-20 15:10:00,94.3,41.3,2.2095000000000002,39.0905,34902.232142857145,TSL Hit,892.8571428571429,1.3960892857142857,2021,5
200,nifty,15350,C,2021-05-27,2021-05-27 13:50:00,BUY,2021-05-27 13:55:00,24.65,19.55,19.55,2021-05-27 14:05:00,19.55,-5.099999999999998,0.663,-5.762999999999998,-28250.0,Initial SL Hit,4901.960784313727,-1.13,2021,5
201,nifty,15700,P,2021-06-17,2021-06-17 14:15:00,BUY,2021-06-17 14:20:00,68.5,20.6,20.6,2021-06-17 15:00:00,20.6,-47.9,1.3364999999999998,-49.2365,-25697.546972860127,Initial SL Hit,521.9206680584551,-1.0279018789144052,2021,6
202,nifty,15800,C,2021-06-24,2021-06-24 13:30:00,BUY,2021-06-24 13:35:00,26.0,20.05,27.425,2021-06-24 13:50:00,20.05,-5.949999999999999,0.69075,-6.640749999999999,-27902.310924369747,Initial SL hit,4201.680672268908,-1.1160924369747898,2021,6
203,nifty,15800,C,2021-06-24,2021-06-24 13:55:00,BUY,2021-06-24 14:00:00,28.45,18.2,29.4375,2021-06-24 14:10:00,29.2,0.75,0.8647499999999999,-0.11474999999999991,-279.8780487804876,TSL Hit,2439.0243902439024,-0.011195121951219503,2021,6
204,nifty,15750,P,2021-07-08,2021-07-08 13:30:00,BUY,2021-07-08 13:35:00,21.75,15.2,15.2,2021-07-08 13:40:00,15.2,-6.550000000000001,0.55425,-7.10425,-27115.458015267173,Initial SL Hit,3816.7938931297704,-1.084618320610687,2021,7
205,nifty,15750,P,2021-07-08,2021-07-08 13:45:00,BUY,2021-07-08 13:50:00,17.0,12.8,40.0625,2021-07-08 14:05:00,38.15,21.15,0.8272499999999999,20.32275,120968.75000000001,TSL Hit,5952.380952380953,4.838750000000001,2021,7
206,nifty,15750,P,2021-07-08,2021-07-08 14:15:00,BUY,2021-07-08 14:20:00,42.85,31.9,50.9625,2021-07-08 14:40:00,46.1,3.25,1.33425,1.91575,4373.858447488584,TSL Hit,2283.1050228310496,0.17495433789954334,2021,7
207,nifty,15750,P,2021-07-08,2021-07-08 14:50:00,BUY,2021-07-08 14:55:00,41.95,30.45,30.45,2021-07-08 15:00:00,30.45,-11.500000000000004,1.086,-12.586000000000004,-27360.86956521739,Initial SL Hit,2173.91304347826,-1.0944347826086955,2021,7
208,nifty,15900,C,2021-07-15,2021-07-15 13:30:00,BUY,2021-07-15 13:35:00,33.95,26.85,46.099999999999994,2021-07-15 14:00:00,45.25,11.299999999999997,1.188,10.111999999999997,35605.63380281688,TSL Hit,3521.12676056338,1.4242253521126753,2021,7
209,nifty,15900,C,2021-07-15,2021-07-15 14:05:00,BUY,2021-07-15 14:10:00,49.1,36.4,36.4,2021-07-15 14:40:00,36.4,-12.700000000000003,1.2825,-13.982500000000003,-27524.6062992126,Initial SL Hit,1968.5039370078737,-1.100984251968504,2021,7
210,nifty,15800,P,2021-07-22,2021-07-22 14:40:00,BUY,2021-07-22 14:45:00,28.6,17.55,17.55,2021-07-22 14:55:00,17.55,-11.05,0.69225,-11.74225,-26566.176470588234,Initial SL Hit,2262.443438914027,-1.0626470588235295,2021,7
211,nifty,15800,C,2021-07-29,2021-07-29 13:30:00,BUY,2021-07-29 13:35:00,21.6,17.35,17.35,2021-07-29 13:45:00,17.35,-4.25,0.58425,-4.83425,-28436.76470588235,Initial SL Hit,5882.35294117647,-1.137470588235294,2021,7
212,nifty,16350,C,2021-08-05,2021-08-05 13:55:00,BUY,2021-08-05 14:00:00,7.45,2.4,2.4,2021-08-05 14:30:00,2.4,-5.050000000000001,0.14775,-5.197750000000001,-25731.435643564357,Initial SL Hit,4950.49504950495,-1.0292574257425742,2021,8
213,nifty,16350,C,2021-08-12,2021-08-12 13:35:00,BUY,2021-08-12 13:40:00,29.15,19.5,19.5,2021-08-12 13:45:00,19.5,-9.649999999999999,0.7297499999999999,-10.379749999999998,-26890.544041450776,Initial SL Hit,2590.673575129534,-1.075621761658031,2021,8
214,nifty,16350,C,2021-08-12,2021-08-12 13:50:00,BUY,2021-08-12 13:55:00,23.4,17.6,17.6,2021-08-12 14:10:00,17.6,-5.799999999999997,0.615,-6.414999999999997,-27650.86206896552,Initial SL Hit,4310.344827586209,-1.106034482758621,2021,8
215,nifty,16600,P,2021-08-18,2021-08-18 13:45:00,BUY,2021-08-18 13:50:00,36.8,18.95,18.95,2021-08-18 15:05:00,18.95,-17.849999999999998,0.8362499999999999,-18.686249999999998,-26171.218487394955,Initial SL Hit,1400.560224089636,-1.0468487394957982,2021,8
216,nifty,16650,P,2021-08-26,2021-08-26 14:40:00,BUY,2021-08-26 14:45:00,41.95,21.5,21.5,2021-08-26 15:05:00,21.5,-20.450000000000003,0.95175,-21.401750000000003,-26163.508557457215,Initial SL Hit,1222.4938875305622,-1.0465403422982886,2021,8
217,nifty,17200,C,2021-09-02,2021-09-02 13:40:00,BUY,2021-09-02 13:45:00,9.7,7.55,30.612499999999997,2021-09-02 14:35:00,28.7,19.0,0.576,18.424,214232.55813953493,TSL Hit,11627.906976744189,8.569302325581397,2021,9
218,nifty,17200,C,2021-09-02,2021-09-02 14:40:00,BUY,2021-09-02 14:45:00,37.7,25.85,25.85,2021-09-02 15:20:00,32.85,-4.850000000000001,1.0582500000000001,-5.908250000000002,-12464.662447257386,EOD Exit,2109.7046413502107,-0.4985864978902954,2021,9
219,nifty,17600,C,2021-09-16,2021-09-16 13:50:00,BUY,2021-09-16 13:55:00,13.8,10.0,34.0375,2021-09-16 14:45:00,33.9,20.099999999999998,0.7155,19.3845,127529.60526315786,TSL Hit,6578.947368421052,5.1011842105263145,2021,9
220,nifty,17600,C,2021-09-16,2021-09-16 14:50:00,BUY,2021-09-16 14:55:00,34.95,25.3,25.3,2021-09-16 15:20:00,29.5,-5.450000000000003,0.96675,-6.416750000000003,-16623.70466321244,EOD Exit,2590.673575129533,-0.6649481865284976,2021,9
221,nifty,17800,C,2021-09-23,2021-09-23 14:15:00,BUY,2021-09-23 14:20:00,9.85,7.7,24.3,2021-09-23 14:50:00,23.9,14.049999999999999,0.50625,13.54375,157485.4651162791,TSL Hit,11627.906976744189,6.299418604651165,2021,9
222,nifty,17800,C,2021-09-23,2021-09-23 15:00:00,BUY,2021-09-23 15:05:00,19.75,7.25,25.1625,2021-09-23 15:20:00,23.6,3.8500000000000014,0.65025,3.1997500000000016,6399.500000000004,TSL Hit,2000.0,0.25598000000000015,2021,9
223,nifty,17650,P,2021-09-30,2021-09-30 13:30:00,BUY,2021-09-30 13:35:00,53.55,34.6,34.6,2021-09-30 13:50:00,34.6,-18.949999999999996,1.32225,-20.272249999999996,-26744.39313984169,Initial SL Hit,1319.2612137203168,-1.0697757255936675,2021,9
224,nifty,17650,P,2021-09-30,2021-09-30 14:20:00,BUY,2021-09-30 14:25:00,45.65,19.85,19.85,2021-09-30 14:50:00,19.85,-25.799999999999997,0.9824999999999999,-26.7825,-25952.03488372093,Initial SL Hit,968.9922480620156,-1.0380813953488373,2021,9
225,nifty,18250,C,2021-10-14,2021-10-14 13:55:00,BUY,2021-10-14 14:00:00,54.5,47.65,59.89999999999999,2021-10-14 14:25:00,54.2,-0.29999999999999716,1.6305,-1.9304999999999972,-7045.620437956192,TSL Hit,3649.6350364963496,-0.28182481751824767,2021,10
226,nifty,18250,C,2021-10-14,2021-10-14 14:30:00,BUY,2021-10-14 14:35:00,61.4,48.15,87.29999999999998,2021-10-14 15:20:00,87.3,25.9,2.2304999999999997,23.6695,44659.43396226415,EOD Exit,1886.7924528301887,1.7863773584905658,2021,10
227,nifty,18100,P,2021-10-21,2021-10-21 13:30:00,BUY,2021-10-21 13:35:00,35.0,12.35,28.424999999999997,2021-10-21 13:45:00,25.65,-9.350000000000001,0.90975,-10.259750000000002,-11324.227373068437,TSL Hit,1103.7527593818986,-0.4529690949227375,2021,10
228,nifty,18100,P,2021-10-21,2021-10-21 13:55:00,BUY,2021-10-21 14:00:00,33.6,18.1,18.1,2021-10-21 14:25:00,18.1,-15.5,0.7755,-16.2755,-26250.806451612905,Initial SL Hit,1612.9032258064517,-1.050032258064516,2021,10
229,nifty,18000,P,2021-10-28,2021-10-28 13:30:00,BUY,2021-10-28 13:35:00,50.0,23.95,43.975,2021-10-28 13:45:00,38.3,-11.700000000000003,1.3245,-13.024500000000003,-12499.520153550866,TSL Hit,959.6928982725527,-0.4999808061420346,2021,10
230,nifty,18000,P,2021-10-28,2021-10-28 13:50:00,BUY,2021-10-28 13:55:00,60.0,34.35,102.225,2021-10-28 14:55:00,84.4,24.400000000000006,2.166,22.234000000000005,21670.565302144256,TSL Hit,974.6588693957116,0.8668226120857702,2021,10
231,nifty,18000,P,2021-10-28,2021-10-28 15:05:00,BUY,2021-10-28 15:10:00,116.75,63.15,132.5375,2021-10-28 15:20:00,148.6,31.849999999999994,3.9802500000000003,27.869749999999993,12998.950559701489,EOD Exit,466.4179104477612,0.5199580223880595,2021,10
232,nifty,17800,P,2021-11-03,2021-11-03 14:15:00,BUY,2021-11-03 14:20:00,23.9,3.85,3.85,2021-11-03 15:00:00,3.85,-20.049999999999997,0.41625,-20.46625,-25519.01496259352,Initial SL Hit,1246.8827930174566,-1.0207605985037407,2021,11
233,nifty,17900,P,2021-11-11,2021-11-11 13:30:00,BUY,2021-11-11 13:35:00,52.75,33.3,82.05,2021-11-11 14:20:00,69.0,16.25,1.82625,14.42375,18539.52442159383,TSL Hit,1285.3470437017993,0.7415809768637532,2021,11
234,nifty,17500,C,2021-11-25,2021-11-25 13:40:00,BUY,2021-11-25 13:45:00,37.6,19.15,19.15,2021-11-25 15:05:00,19.15,-18.450000000000003,0.85125,-19.301250000000003,-26153.455284552845,Initial SL Hit,1355.0135501355012,-1.0461382113821138,2021,11
235,nifty,17300,C,2021-12-02,2021-12-02 13:30:00,BUY,2021-12-02 13:35:00,46.95,31.45,31.45,2021-12-02 13:40:00,31.45,-15.500000000000004,1.176,-16.676000000000002,-26896.774193548383,Initial SL Hit,1612.9032258064512,-1.0758709677419354,2021,12
236,nifty,17300,C,2021-12-02,2021-12-02 13:45:00,BUY,2021-12-02 13:50:00,47.9,31.45,31.45,2021-12-02 14:00:00,31.45,-16.45,1.1902499999999998,-17.640249999999998,-26808.8905775076,Initial SL Hit,1519.756838905775,-1.072355623100304,2021,12
237,nifty,17300,C,2021-12-02,2021-12-02 14:30:00,BUY,2021-12-02 14:35:00,49.05,28.7,94.2125,2021-12-02 15:20:00,101.8,52.75,2.26275,50.48725,62023.648648648654,EOD Exit,1228.5012285012285,2.480945945945946,2021,12
238,nifty,17250,P,2021-12-16,2021-12-16 14:40:00,BUY,2021-12-16 14:45:00,64.6,20.45,20.45,2021-12-16 14:55:00,20.45,-44.14999999999999,1.27575,-45.425749999999994,-25722.395243488114,Initial SL Hit,566.2514156285392,-1.0288958097395247,2021,12
239,nifty,17700,C,2022-01-06,2022-01-06 14:40:00,BUY,2022-01-06 14:45:00,79.95,61.7,61.7,2022-01-06 14:45:00,61.7,-18.25,2.12475,-20.37475,-27910.616438356163,Initial SL Hit,1369.86301369863,-1.1164246575342465,2022,1
240,nifty,17700,C,2022-01-06,2022-01-06 14:55:00,BUY,2022-01-06 15:00:00,70.75,51.6,51.6,2022-01-06 15:00:00,51.6,-19.15,1.8352499999999998,-20.985249999999997,-27395.887728459526,Initial SL Hit,1305.4830287206266,-1.095835509138381,2022,1
241,nifty,17750,P,2022-01-20,2022-01-20 13:30:00,BUY,2022-01-20 13:35:00,51.75,13.15,69.2625,2022-01-20 14:50:00,61.8,10.049999999999997,1.70325,8.346749999999997,5405.926165803106,TSL Hit,647.6683937823834,0.21623704663212429,2022,1
242,nifty,17000,C,2022-01-27,2022-01-27 14:10:00,BUY,2022-01-27 14:15:00,90.0,67.3,149.4875,2022-01-27 14:45:00,126.2,36.2,3.243,32.957,36296.25550660793,TSL Hit,1101.3215859030836,1.4518502202643173,2022,1
243,nifty,17000,C,2022-01-27,2022-01-27 14:55:00,BUY,2022-01-27 15:00:00,110.3,85.3,85.3,2022-01-27 15:00:00,85.3,-25.0,2.9339999999999997,-27.934,-27934.0,Initial SL Hit,1000.0,-1.1173600000000001,2022,1
244,nifty,17000,C,2022-01-27,2022-01-27 15:05:00,BUY,2022-01-27 15:10:00,116.35,46.05,108.38749999999999,2022-01-27 15:20:00,108.5,-7.849999999999994,3.37275,-11.222749999999994,-3991.0206258890453,EOD Exit,355.6187766714083,-0.15964082503556182,2022,1
245,nifty,17650,P,2022-02-03,2022-02-03 13:30:00,BUY,2022-02-03 13:35:00,33.95,24.35,59.712500000000006,2022-02-03 13:55:00,59.1,25.15,1.39575,23.75425,61860.02604166665,TSL Hit,2604.166666666666,2.474401041666666,2022,2
246,nifty,17650,P,2022-02-03,2022-02-03 14:10:00,BUY,2022-02-03 14:15:00,46.1,33.6,33.6,2022-02-03 14:30:00,33.6,-12.5,1.1955,-13.6955,-27391.0,Initial SL Hit,2000.0,-1.09564,2022,2
247,nifty,17650,P,2022-02-03,2022-02-03 14:35:00,BUY,2022-02-03 14:40:00,46.3,27.0,77.55,2022-02-03 15:20:00,89.45,43.150000000000006,2.03625,41.11375,53256.152849740945,EOD Exit,1295.336787564767,2.130246113989638,2022,2
248,nifty,17600,C,2022-02-10,2022-02-10 13:30:00,BUY,2022-02-10 13:35:00,36.0,20.2,36.325,2022-02-10 13:55:00,29.3,-6.699999999999999,0.9794999999999999,-7.679499999999999,-12151.107594936708,TSL Hit,1582.2784810126582,-0.4860443037974683,2022,2
249,nifty,17600,C,2022-02-10,2022-02-10 14:00:00,BUY,2022-02-10 14:05:00,33.05,24.65,24.65,2022-02-10 14:40:00,24.65,-8.399999999999999,0.8654999999999999,-9.2655,-27575.89285714286,Initial SL Hit,2976.1904761904766,-1.1030357142857143,2022,2
250,nifty,16450,P,2022-02-24,2022-02-24 13:25:00,BUY,2022-02-24 13:30:00,57.4,24.4,194.9375,2022-02-24 15:20:00,206.05,148.65,3.9517499999999997,144.69825,109619.88636363637,EOD Exit,757.5757575757576,4.384795454545454,2022,2
251,nifty,16500,P,2022-03-03,2022-03-03 15:05:00,BUY,2022-03-03 15:10:00,39.4,17.55,17.55,2022-03-03 15:10:00,17.55,-21.849999999999998,0.8542500000000001,-22.70425,-25977.402745995423,Initial SL Hit,1144.1647597254005,-1.0390961098398168,2022,3
252,nifty,16650,P,2022-03-10,2022-03-10 13:50:00,BUY,2022-03-10 13:55:00,143.65,40.3,150.9875,2022-03-10 14:10:00,127.45,-16.200000000000003,4.0665000000000004,-20.266500000000004,-4902.394775036285,TSL Hit,241.89646831156264,-0.19609579100145139,2022,3
253,nifty,16650,P,2022-03-10,2022-03-10 14:15:00,BUY,2022-03-10 14:20:00,160.2,124.5,124.5,2022-03-10 14:30:00,124.5,-35.69999999999999,4.270499999999999,-39.97049999999999,-27990.546218487394,Initial SL Hit,700.2801120448181,-1.1196218487394958,2022,3
254,nifty,16650,P,2022-03-10,2022-03-10 14:40:00,BUY,2022-03-10 14:45:00,76.15,48.4,48.4,2022-03-10 15:00:00,48.4,-27.750000000000007,1.8682500000000002,-29.618250000000007,-26683.108108108107,Initial SL Hit,900.9009009009006,-1.0673243243243242,2022,3
255,nifty,17300,C,2022-03-17,2022-03-17 13:35:00,BUY,2022-03-17 13:40:00,39.95,35.35,35.35,2022-03-17 13:45:00,35.35,-4.600000000000001,1.1295000000000002,-5.729500000000002,-31138.586956521736,Initial SL Hit,5434.78260869565,-1.2455434782608694,2022,3
256,nifty,17300,C,2022-03-17,2022-03-17 13:50:00,BUY,2022-03-17 13:55:00,45.85,27.5,46.5125,2022-03-17 14:10:00,39.2,-6.649999999999999,1.2757500000000002,-7.925749999999999,-10798.02452316076,TSL Hit,1362.3978201634877,-0.4319209809264304,2022,3
257,nifty,17300,C,2022-03-17,2022-03-17 14:15:00,BUY,2022-03-17 14:20:00,41.5,33.15,33.15,2022-03-17 14:35:00,33.15,-8.350000000000001,1.11975,-9.469750000000001,-28352.54491017964,Initial SL Hit,2994.0119760479038,-1.1341017964071856,2022,3
258,nifty,17500,P,2022-03-31,2022-03-31 13:40:00,BUY,2022-03-31 13:45:00,36.0,24.45,24.45,2022-03-31 14:25:00,24.45,-11.55,0.9067500000000001,-12.456750000000001,-26962.66233766234,Initial SL Hit,2164.5021645021643,-1.0785064935064936,2022,3
259,nifty,17500,P,2022-03-31,2022-03-31 14:40:00,BUY,2022-03-31 14:45:00,63.0,24.1,24.1,2022-03-31 15:20:00,33.95,-29.049999999999997,1.45425,-30.50425,-19604.27377892031,EOD Exit,642.6735218508998,-0.7841709511568123,2022,3
260,nifty,17750,P,2022-04-07,2022-04-07 14:05:00,BUY,2022-04-07 14:10:00,73.8,57.95,90.3625,2022-04-07 14:20:00,89.1,15.299999999999997,2.4435,12.856499999999997,20278.391167192432,TSL Hit,1577.2870662460573,0.8111356466876973,2022,4
261,nifty,17750,P,2022-04-07,2022-04-07 14:35:00,BUY,2022-04-07 14:40:00,95.75,79.75,111.35,2022-04-07 15:20:00,110.75,15.0,3.0974999999999997,11.9025,18597.65625,TSL Hit,1562.5,0.74390625,2022,4
262,nifty,17500,P,2022-04-13,2022-04-13 13:35:00,BUY,2022-04-13 13:40:00,30.5,21.25,21.25,2022-04-13 14:00:00,21.25,-9.25,0.77625,-10.02625,-27097.97297297297,Initial SL Hit,2702.7027027027025,-1.0839189189189187,2022,4
263,nifty,17350,C,2022-04-21,2022-04-21 13:35:00,BUY,2022-04-21 13:40:00,35.4,28.35,28.35,2022-04-21 13:55:00,28.35,-7.049999999999997,0.9562499999999999,-8.006249999999998,-28390.957446808516,Initial SL Hit,3546.0992907801433,-1.1356382978723407,2022,4
264,nifty,17350,C,2022-04-21,2022-04-21 14:00:00,BUY,2022-04-21 14:05:00,33.8,25.45,49.2125,2022-04-21 14:30:00,46.15,12.350000000000001,1.1992499999999997,11.150750000000002,33385.47904191619,TSL Hit,2994.011976047905,1.3354191616766475,2022,4
265,nifty,17350,C,2022-04-21,2022-04-21 14:45:00,BUY,2022-04-21 14:50:00,48.6,37.6,37.6,2022-04-21 15:05:00,37.6,-11.0,1.293,-12.293,-27938.63636363636,Initial SL Hit,2272.7272727272725,-1.1175454545454544,2022,4
266,nifty,17250,C,2022-04-28,2022-04-28 13:30:00,BUY,2022-04-28 13:35:00,23.75,14.95,25.974999999999998,2022-04-28 13:50:00,24.9,1.1499999999999986,0.7297499999999999,0.4202499999999987,1193.8920454545416,TSL Hit,2840.9090909090905,0.04775568181818166,2022,4
267,nifty,17250,C,2022-04-28,2022-04-28 13:55:00,BUY,2022-04-28 14:00:00,42.85,22.85,44.8,2022-04-28 14:15:00,39.05,-3.8000000000000043,1.2285000000000001,-5.028500000000005,-6285.6250000000055,TSL Hit,1250.0,-0.25142500000000023,2022,4
268,nifty,17250,C,2022-04-28,2022-04-28 14:20:00,BUY,2022-04-28 14:25:00,50.4,31.25,31.25,2022-04-28 15:00:00,31.25,-19.15,1.22475,-20.37475,-26598.890339425587,Initial SL Hit,1305.4830287206266,-1.0639556135770234,2022,4
269,nifty,16850,P,2022-05-05,2022-05-05 13:50:00,BUY,2022-05-05 13:55:00,88.45,58.4,149.05,2022-05-05 14:25:00,132.0,43.55,3.3067499999999996,40.243249999999996,33480.24126455906,TSL Hit,831.9467554076538,1.3392096505823623,2022,5
270,nifty,16850,P,2022-05-05,2022-05-05 14:40:00,BUY,2022-05-05 14:45:00,151.4,118.5,118.5,2022-05-05 14:45:00,118.5,-32.900000000000006,4.0485,-36.9485,-28076.367781155015,Initial SL Hit,759.8784194528874,-1.1230547112462006,2022,5
271,nifty,16850,P,2022-05-05,2022-05-05 14:55:00,BUY,2022-05-05 15:00:00,134.05,106.2,167.4875,2022-05-05 15:15:00,162.95,28.899999999999977,4.455,24.44499999999998,21943.44703770195,TSL Hit,897.6660682226209,0.877737881508078,2022,5
272,nifty,15850,P,2022-05-12,2022-05-12 14:00:00,BUY,2022-05-12 14:05:00,64.45,42.1,91.7,2022-05-12 14:40:00,80.0,15.549999999999997,2.16675,13.383249999999997,14970.078299776282,TSL Hit,1118.5682326621923,0.5988031319910513,2022,5
273,nifty,15850,P,2022-05-19,2022-05-19 13:30:00,BUY,2022-05-19 13:35:00,49.8,36.85,36.85,2022-05-19 13:55:00,36.85,-12.949999999999996,1.29975,-14.249749999999995,-27509.169884169885,Initial SL Hit,1930.5019305019312,-1.1003667953667953,2022,5
274,nifty,15850,P,2022-05-19,2022-05-19 14:00:00,BUY,2022-05-19 14:05:00,44.6,36.8,36.8,2022-05-19 15:00:00,36.8,-7.800000000000004,1.221,-9.021000000000004,-28913.461538461535,Initial SL Hit,3205.1282051282033,-1.1565384615384615,2022,5
275,nifty,15850,P,2022-05-19,2022-05-19 15:05:00,BUY,2022-05-19 15:10:00,54.9,30.4,30.4,2022-05-19 15:20:00,39.7,-15.199999999999996,1.4189999999999998,-16.618999999999996,-16958.16326530612,EOD Exit,1020.4081632653061,-0.6783265306122448,2022,5
276,nifty,16150,C,2022-05-26,2022-05-26 13:30:00,BUY,2022-05-26 13:35:00,37.75,26.9,26.9,2022-05-26 13:35:00,26.9,-10.850000000000001,0.96975,-11.81975,-27234.44700460829,Initial SL Hit,2304.1474654377876,-1.0893778801843315,2022,5
277,nifty,16150,C,2022-05-26,2022-05-26 14:35:00,BUY,2022-05-26 14:40:00,9.7,3.1,3.1,2022-05-26 15:00:00,3.1,-6.6,0.19199999999999998,-6.792,-25727.272727272728,Initial SL Hit,3787.878787878788,-1.0290909090909093,2022,5
278,nifty,16150,C,2022-05-26,2022-05-26 15:05:00,BUY,2022-05-26 15:10:00,8.75,1.4,13.599999999999998,2022-05-26 15:20:00,20.0,11.25,0.43124999999999997,10.81875,36798.4693877551,EOD Exit,3401.360544217687,1.4719387755102042,2022,5
279,nifty,16550,C,2022-06-02,2022-06-02 13:35:00,BUY,2022-06-02 13:40:00,61.8,37.1,73.6875,2022-06-02 15:00:00,58.6,-3.1999999999999957,1.806,-5.005999999999996,-5066.801619433195,TSL Hit,1012.1457489878544,-0.20267206477732777,2022,6
280,nifty,16550,C,2022-06-02,2022-06-02 15:05:00,BUY,2022-06-02 15:10:00,75.4,43.6,75.4875,2022-06-02 15:20:00,78.95,3.549999999999997,2.3152500000000003,1.234749999999997,970.7154088050288,EOD Exit,786.1635220125785,0.038828616352201153,2022,6
281,nifty,16350,C,2022-06-09,2022-06-09 13:55:00,BUY,2022-06-09 14:00:00,39.7,29.5,29.5,2022-06-09 14:00:00,29.5,-10.200000000000003,1.038,-11.238000000000003,-27544.11764705882,Initial SL Hit,2450.980392156862,-1.1017647058823528,2022,6
282,nifty,16350,C,2022-06-09,2022-06-09 14:05:00,BUY,2022-06-09 14:10:00,45.4,28.75,124.36250000000001,2022-06-09 15:20:00,128.35,82.94999999999999,2.6062499999999997,80.34374999999999,120636.26126126126,EOD Exit,1501.5015015015017,4.82545045045045,2022,6
283,nifty,15400,P,2022-06-16,2022-06-16 13:35:00,BUY,2022-06-16 13:40:00,32.6,14.5,14.5,2022-06-16 13:55:00,14.5,-18.1,0.7065,-18.8065,-25975.828729281766,Initial SL Hit,1381.2154696132595,-1.0390331491712705,2022,6
284,nifty,15400,P,2022-06-16,2022-06-16 14:00:00,BUY,2022-06-16 14:05:00,19.55,13.65,32.1375,2022-06-16 14:25:00,21.45,1.8999999999999986,0.615,1.2849999999999986,5444.915254237282,TSL Hit,4237.28813559322,0.21779661016949128,2022,6
285,nifty,15400,P,2022-06-16,2022-06-16 14:30:00,BUY,2022-06-16 14:35:00,34.3,15.6,15.6,2022-06-16 14:55:00,15.6,-18.699999999999996,0.7484999999999999,-19.448499999999996,-26000.668449197863,Initial SL Hit,1336.8983957219255,-1.0400267379679144,2022,6
286,nifty,15400,P,2022-06-16,2022-06-16 15:00:00,BUY,2022-06-16 15:05:00,37.5,13.4,35.7875,2022-06-16 15:20:00,39.4,1.8999999999999986,1.1535,0.7464999999999986,774.3775933609944,EOD Exit,1037.344398340249,0.030975103734439773,2022,6
287,nifty,15950,P,2022-07-14,2022-07-14 13:30:00,BUY,2022-07-14 13:35:00,48.85,30.95,76.7625,2022-07-14 14:30:00,65.85,16.999999999999993,1.7204999999999997,15.279499999999993,21340.08379888267,TSL Hit,1396.6480446927374,0.8536033519553069,2022,7
288,nifty,15950,P,2022-07-14,2022-07-14 14:40:00,BUY,2022-07-14 14:45:00,57.05,43.25,43.25,2022-07-14 15:00:00,43.25,-13.799999999999997,1.5045,-15.304499999999997,-27725.54347826087,Initial SL Hit,1811.5942028985512,-1.109021739130435,2022,7
289,nifty,16900,C,2022-07-28,2022-07-28 13:35:00,BUY,2022-07-28 13:40:00,32.55,24.85,33.9375,2022-07-28 14:00:00,27.55,-4.9999999999999964,0.9014999999999999,-5.901499999999996,-19160.714285714283,TSL Hit,3246.7532467532487,-0.7664285714285712,2022,7
290,nifty,16900,C,2022-07-28,2022-07-28 14:05:00,BUY,2022-07-28 14:10:00,32.05,22.6,22.6,2022-07-28 14:30:00,22.6,-9.449999999999996,0.81975,-10.269749999999995,-27168.650793650795,Initial SL Hit,2645.502645502647,-1.0867460317460318,2022,7
291,nifty,17350,P,2022-08-04,2022-08-04 13:30:00,BUY,2022-08-04 13:35:00,65.7,40.2,40.2,2022-08-04 13:45:00,40.2,-25.5,1.5885,-27.0885,-26557.35294117647,Initial SL Hit,980.3921568627451,-1.0622941176470586,2022,8
292,nifty,17350,P,2022-08-04,2022-08-04 13:50:00,BUY,2022-08-04 13:55:00,49.4,36.5,74.8625,2022-08-04 14:15:00,58.3,8.899999999999999,1.6154999999999997,7.284499999999999,14117.248062015504,TSL Hit,1937.9844961240312,0.5646899224806202,2022,8
293,nifty,17900,C,2022-08-18,2022-08-18 14:55:00,BUY,2022-08-18 15:00:00,57.6,33.3,56.949999999999996,2022-08-18 15:20:00,56.8,-0.8000000000000043,1.716,-2.5160000000000045,-2588.4773662551484,TSL Hit,1028.8065843621398,-0.10353909465020594,2022,8
294,nifty,17700,P,2022-08-25,2022-08-25 14:45:00,BUY,2022-08-25 14:50:00,65.65,41.1,175.58750000000003,2022-08-25 15:20:00,180.75,115.1,3.6959999999999997,111.404,113446.02851323827,EOD Exit,1018.3299389002035,4.537841140529531,2022,8
295,nifty,17550,P,2022-09-01,2022-09-01 13:35:00,BUY,2022-09-01 13:40:00,44.8,32.8,82.5,2022-09-01 14:10:00,57.45,12.650000000000006,1.53375,11.116250000000006,23158.854166666682,TSL Hit,2083.3333333333335,0.9263541666666674,2022,9
296,nifty,17900,P,2022-09-15,2022-09-15 13:30:00,BUY,2022-09-15 13:35:00,34.35,17.75,37.4375,2022-09-15 13:50:00,24.6,-9.75,0.88425,-10.63425,-16015.436746987949,TSL Hit,1506.024096385542,-0.640617469879518,2022,9
297,nifty,16800,P,2022-09-29,2022-09-29 13:40:00,BUY,2022-09-29 13:45:00,25.75,16.6,16.6,2022-09-29 13:50:00,16.6,-9.149999999999999,0.63525,-9.785249999999998,-26735.655737704914,Initial SL Hit,2732.2404371584703,-1.0694262295081964,2022,9
298,nifty,16800,P,2022-09-29,2022-09-29 13:55:00,BUY,2022-09-29 14:00:00,28.1,14.2,14.2,2022-09-29 14:25:00,14.2,-13.900000000000002,0.6345,-14.534500000000001,-26141.18705035971,Initial SL Hit,1798.5611510791364,-1.0456474820143884,2022,9
299,nifty,17400,P,2022-10-06,2022-10-06 14:05:00,BUY,2022-10-06 14:10:00,49.9,35.0,65.775,2022-10-06 15:20:00,66.65,16.750000000000007,1.74825,15.001750000000007,25170.721476510083,EOD Exit,1677.8523489932888,1.0068288590604033,2022,10
300,nifty,17000,C,2022-10-13,2022-10-13 14:40:00,BUY,2022-10-13 14:45:00,80.55,54.15,54.15,2022-10-13 14:50:00,54.15,-26.4,2.0204999999999997,-28.420499999999997,-26913.352272727272,Initial SL Hit,946.969696969697,-1.0765340909090908,2022,10
301,nifty,17000,P,2022-10-13,2022-10-13 13:45:00,BUY,2022-10-13 13:50:00,37.35,30.4,30.4,2022-10-13 13:55:00,30.4,-6.950000000000003,1.0162499999999999,-7.966250000000002,-28655.57553956834,Initial SL Hit,3597.122302158272,-1.1462230215827336,2022,10
302,nifty,17500,C,2022-10-20,2022-10-20 15:05:00,BUY,2022-10-20 15:10:00,49.95,21.8,58.887499999999996,2022-10-20 15:20:00,63.9,13.949999999999996,1.7077499999999999,12.242249999999995,10872.335701598575,EOD Exit,888.0994671403197,0.434893428063943,2022,10
303,nifty,17700,P,2022-10-27,2022-10-27 13:30:00,BUY,2022-10-27 13:35:00,24.8,17.65,17.65,2022-10-27 13:45:00,17.65,-7.150000000000002,0.63675,-7.786750000000002,-27226.398601398603,Initial SL Hit,3496.5034965034956,-1.089055944055944,2022,10
304,nifty,17700,P,2022-10-27,2022-10-27 14:35:00,BUY,2022-10-27 14:40:00,45.0,23.45,23.45,2022-10-27 15:00:00,23.45,-21.55,1.02675,-22.57675,-26191.125290023203,Initial SL Hit,1160.092807424594,-1.0476450116009282,2022,10
305,nifty,18050,P,2022-11-03,2022-11-03 14:10:00,BUY,2022-11-03 14:15:00,39.45,27.7,27.7,2022-11-03 14:30:00,27.7,-11.750000000000004,1.00725,-12.757250000000003,-27143.085106382976,Initial SL Hit,2127.6595744680844,-1.085723404255319,2022,11
306,nifty,18350,C,2022-11-24,2022-11-24 13:35:00,BUY,2022-11-24 13:40:00,34.8,29.75,51.4875,2022-11-24 14:25:00,49.55,14.75,1.2652499999999998,13.48475,66756.18811881192,TSL Hit,4950.495049504953,2.6702475247524764,2022,11
307,nifty,18350,C,2022-11-24,2022-11-24 14:30:00,BUY,2022-11-24 14:35:00,51.7,45.1,45.1,2022-11-24 14:40:00,45.1,-6.600000000000001,1.4520000000000002,-8.052000000000001,-30500.0,Initial SL Hit,3787.878787878787,-1.22,2022,11
308,nifty,18350,C,2022-11-24,2022-11-24 14:45:00,BUY,2022-11-24 14:50:00,46.5,37.45,123.45,2022-11-24 15:20:00,134.2,87.69999999999999,2.7104999999999997,84.98949999999999,234777.62430939233,EOD Exit,2762.4309392265204,9.391104972375693,2022,11
309,nifty,18800,P,2022-12-01,2022-12-01 13:40:00,BUY,2022-12-01 13:45:00,25.95,17.1,27.0875,2022-12-01 14:00:00,17.1,-8.849999999999998,0.6457499999999999,-9.495749999999997,-26824.15254237288,Initial SL hit,2824.8587570621476,-1.0729661016949152,2022,12
310,nifty,18500,P,2022-12-15,2022-12-15 13:35:00,BUY,2022-12-15 13:40:00,13.55,11.85,11.85,2022-12-15 13:40:00,11.85,-1.700000000000001,0.38099999999999995,-2.081000000000001,-30602.941176470584,Initial SL Hit,14705.882352941167,-1.2241176470588233,2022,12
311,nifty,18500,P,2022-12-15,2022-12-15 13:45:00,BUY,2022-12-15 13:50:00,19.45,11.4,18.8,2022-12-15 14:00:00,18.05,-1.3999999999999986,0.5625,-1.9624999999999986,-6094.720496894406,TSL Hit,3105.5900621118017,-0.24378881987577625,2022,12
312,nifty,18500,P,2022-12-15,2022-12-15 14:20:00,BUY,2022-12-15 14:25:00,9.9,7.2,67.725,2022-12-15 14:55:00,59.85,49.95,1.04625,48.90375,452812.5,TSL Hit,9259.25925925926,18.1125,2022,12
313,nifty,18500,P,2022-12-15,2022-12-15 15:05:00,BUY,2022-12-15 15:10:00,70.7,43.05,79.175,2022-12-15 15:20:00,86.25,15.549999999999997,2.35425,13.195749999999997,11931.057866184443,EOD Exit,904.1591320072331,0.4772423146473777,2022,12
314,nifty,18050,C,2022-12-29,2022-12-29 13:35:00,BUY,2022-12-29 13:40:00,26.75,20.0,51.925000000000004,2022-12-29 14:10:00,47.95,21.200000000000003,1.1205,20.079500000000003,74368.51851851854,TSL Hit,3703.703703703704,2.974740740740742,2022,12
315,nifty,18050,C,2022-12-29,2022-12-29 14:15:00,BUY,2022-12-29 14:20:00,51.75,37.65,37.65,2022-12-29 14:25:00,37.65,-14.100000000000001,1.341,-15.441,-27377.659574468085,Initial SL Hit,1773.0496453900707,-1.0951063829787233,2022,12
316,nifty,18050,C,2022-12-29,2022-12-29 14:30:00,BUY,2022-12-29 14:35:00,50.7,33.8,139.3875,2022-12-29 15:20:00,141.3,90.60000000000001,2.88,87.72000000000001,129763.31360946743,EOD Exit,1479.2899408284018,5.190532544378697,2022,12
317,nifty,17900,P,2023-01-05,2023-01-05 13:35:00,BUY,2023-01-05 13:40:00,34.0,25.8,25.8,2023-01-05 13:40:00,25.8,-8.2,0.8969999999999999,-9.097,-27734.756097560978,Initial SL Hit,3048.7804878048782,-1.109390243902439,2023,1
318,nifty,17900,P,2023-01-05,2023-01-05 13:45:00,BUY,2023-01-05 13:50:00,28.15,21.0,21.0,2023-01-05 13:50:00,21.0,-7.149999999999999,0.73725,-7.887249999999998,-27577.7972027972,Initial SL Hit,3496.503496503497,-1.103111888111888,2023,1
319,nifty,17900,P,2023-01-05,2023-01-05 14:00:00,BUY,2023-01-05 14:05:00,15.65,11.2,11.2,2023-01-05 14:10:00,11.2,-4.450000000000001,0.40275,-4.852750000000001,-27262.640449438204,Initial SL Hit,5617.977528089887,-1.090505617977528,2023,1
320,nifty,17800,P,2023-01-12,2023-01-12 13:30:00,BUY,2023-01-12 13:35:00,44.4,20.05,42.2875,2023-01-12 13:45:00,36.7,-7.699999999999996,1.2165,-8.916499999999996,-9154.517453798764,TSL Hit,1026.6940451745381,-0.36618069815195053,2023,1
321,nifty,18100,C,2023-01-19,2023-01-19 13:50:00,BUY,2023-01-19 13:55:00,35.7,29.65,29.65,2023-01-19 14:15:00,29.65,-6.050000000000004,0.9802499999999998,-7.030250000000004,-29050.619834710742,Initial SL Hit,4132.231404958675,-1.1620247933884296,2023,1
322,nifty,17900,P,2023-01-25,2023-01-25 13:45:00,BUY,2023-01-25 13:50:00,16.55,10.55,10.55,2023-01-25 14:00:00,10.55,-6.0,0.40650000000000003,-6.4065,-26693.750000000004,Initial SL Hit,4166.666666666667,-1.0677500000000002,2023,1
323,nifty,17850,C,2023-02-09,2023-02-09 13:55:00,BUY,2023-02-09 14:00:00,59.7,29.4,29.4,2023-02-09 15:00:00,29.4,-30.300000000000004,1.3364999999999998,-31.636500000000005,-26102.72277227723,Initial SL Hit,825.082508250825,-1.044108910891089,2023,2
324,nifty,18100,P,2023-02-16,2023-02-16 14:00:00,BUY,2023-02-16 14:05:00,41.3,23.5,23.5,2023-02-16 14:15:00,23.5,-17.799999999999997,0.972,-18.772,-26365.168539325845,Initial SL Hit,1404.494382022472,-1.0546067415730338,2023,2
325,nifty,18100,P,2023-02-16,2023-02-16 14:45:00,BUY,2023-02-16 14:50:00,32.85,24.35,24.35,2023-02-16 14:50:00,24.35,-8.5,0.858,-9.358,-27523.529411764706,Initial SL Hit,2941.176470588235,-1.1009411764705883,2023,2
326,nifty,18100,P,2023-02-16,2023-02-16 14:55:00,BUY,2023-02-16 15:00:00,43.2,22.2,22.2,2023-02-16 15:00:00,22.2,-21.000000000000004,0.9810000000000001,-21.981000000000005,-26167.857142857145,Initial SL Hit,1190.4761904761904,-1.0467142857142857,2023,2
327,nifty,18100,P,2023-02-16,2023-02-16 15:05:00,BUY,2023-02-16 15:10:00,51.25,20.8,57.137499999999996,2023-02-16 15:20:00,59.9,8.649999999999999,1.6672500000000001,6.9827499999999985,5732.963875205253,EOD Exit,821.0180623973728,0.22931855500821016,2023,2
328,nifty,17550,C,2023-02-23,2023-02-23 13:30:00,BUY,2023-02-23 13:35:00,30.7,26.0,26.0,2023-02-23 13:35:00,26.0,-4.699999999999999,0.8505,-5.5504999999999995,-29523.936170212768,Initial SL Hit,5319.148936170213,-1.1809574468085107,2023,2
329,nifty,17350,P,2023-03-02,2023-03-02 13:40:00,BUY,2023-03-02 13:45:00,44.5,19.15,19.15,2023-03-02 14:20:00,19.15,-25.35,0.95475,-26.304750000000002,-25941.568047337278,Initial SL Hit,986.1932938856015,-1.037662721893491,2023,3
330,nifty,17350,P,2023-03-02,2023-03-02 14:25:00,BUY,2023-03-02 14:30:00,26.8,16.85,26.862499999999997,2023-03-02 14:50:00,24.7,-2.1000000000000014,0.7725,-2.8725000000000014,-7217.336683417089,TSL Hit,2512.562814070352,-0.28869346733668355,2023,3
331,nifty,17350,P,2023-03-02,2023-03-02 14:55:00,BUY,2023-03-02 15:00:00,27.7,20.1,20.1,2023-03-02 15:00:00,20.1,-7.599999999999998,0.717,-8.316999999999998,-27358.55263157895,Initial SL Hit,3289.473684210527,-1.094342105263158,2023,3
332,nifty,17650,P,2023-03-09,2023-03-09 13:30:00,BUY,2023-03-09 13:35:00,20.65,11.8,31.725,2023-03-09 14:00:00,29.1,8.450000000000003,0.74625,7.703750000000003,21762.00564971753,TSL Hit,2824.8587570621476,0.870480225988701,2023,3
333,nifty,17650,P,2023-03-09,2023-03-09 14:10:00,BUY,2023-03-09 14:15:00,29.25,22.55,22.55,2023-03-09 14:25:00,22.55,-6.699999999999999,0.7769999999999999,-7.476999999999999,-27899.253731343284,Initial SL Hit,3731.34328358209,-1.1159701492537315,2023,3
334,nifty,17650,P,2023-03-09,2023-03-09 14:40:00,BUY,2023-03-09 14:45:00,34.85,27.25,55.787499999999994,2023-03-09 15:20:00,59.05,24.199999999999996,1.4085,22.791499999999996,74972.03947368418,EOD Exit,3289.473684210526,2.9988815789473673,2023,3
335,nifty,16950,C,2023-03-16,2023-03-16 13:30:00,BUY,2023-03-16 13:35:00,68.6,38.15,38.15,2023-03-16 13:40:00,38.15,-30.449999999999996,1.6012499999999998,-32.051249999999996,-26314.655172413793,Initial SL Hit,821.0180623973729,-1.0525862068965517,2023,3
336,nifty,16950,C,2023-03-16,2023-03-16 13:50:00,BUY,2023-03-16 13:55:00,32.9,22.8,97.9625,2023-03-16 14:30:00,95.5,62.6,1.926,60.674,150183.16831683172,TSL Hit,2475.247524752476,6.007326732673269,2023,3
337,nifty,17200,P,2023-03-23,2023-03-23 14:20:00,BUY,2023-03-23 14:25:00,80.6,51.8,110.425,2023-03-23 14:55:00,104.4,23.80000000000001,2.775,21.025000000000013,18250.86805555557,TSL Hit,868.0555555555557,0.7300347222222228,2023,3
338,nifty,17200,P,2023-03-23,2023-03-23 15:00:00,BUY,2023-03-23 15:05:00,108.25,85.6,125.45,2023-03-23 15:20:00,124.15,15.900000000000006,3.4859999999999998,12.414000000000005,13701.986754966889,TSL Hit,1103.7527593818982,0.5480794701986755,2023,3
339,nifty,17750,C,2023-04-13,2023-04-13 14:40:00,BUY,2023-04-13 14:45:00,54.6,43.8,78.25,2023-04-13 15:20:00,79.2,24.6,2.007,22.593,52298.61111111109,EOD Exit,2314.814814814814,2.0919444444444437,2023,4
340,nifty,17600,P,2023-04-20,2023-04-20 13:35:00,BUY,2023-04-20 13:40:00,26.2,19.9,19.9,2023-04-20 13:45:00,19.9,-6.300000000000001,0.6914999999999999,-6.9915,-27744.04761904762,Initial SL Hit,3968.2539682539677,-1.1097619047619047,2023,4
341,nifty,17850,C,2023-04-27,2023-04-27 13:40:00,BUY,2023-04-27 13:45:00,39.4,35.35,35.35,2023-04-27 13:50:00,35.35,-4.049999999999997,1.1212499999999999,-5.171249999999997,-31921.296296296303,Initial SL Hit,6172.839506172844,-1.2768518518518521,2023,4
342,nifty,17850,C,2023-04-27,2023-04-27 13:55:00,BUY,2023-04-27 14:00:00,47.9,33.4,45.9875,2023-04-27 14:10:00,44.05,-3.8500000000000014,1.3792499999999999,-5.229250000000001,-9015.94827586207,TSL Hit,1724.1379310344828,-0.36063793103448283,2023,4
343,nifty,17850,C,2023-04-27,2023-04-27 14:20:00,BUY,2023-04-27 14:25:00,32.2,21.6,63.675,2023-04-27 15:20:00,67.0,34.8,1.488,33.312,78566.03773584904,EOD Exit,2358.4905660377353,3.142641509433961,2023,4
344,nifty,18200,C,2023-05-04,2023-05-04 13:35:00,BUY,2023-05-04 13:40:00,13.15,11.65,11.65,2023-05-04 13:55:00,11.65,-1.5,0.372,-1.8719999999999999,-31200.0,Initial SL Hit,16666.666666666668,-1.248,2023,5
345,nifty,18200,C,2023-05-04,2023-05-04 14:00:00,BUY,2023-05-04 14:05:00,12.0,7.75,58.6375,2023-05-04 15:20:00,54.4,42.4,0.996,41.403999999999996,243552.94117647054,TSL Hit,5882.35294117647,9.742117647058821,2023,5
346,nifty,18200,P,2023-05-18,2023-05-18 13:35:00,BUY,2023-05-18 13:40:00,22.05,16.65,16.65,2023-05-18 13:40:00,16.65,-5.400000000000002,0.5805,-5.980500000000002,-27687.499999999996,Initial SL Hit,4629.629629629628,-1.1074999999999997,2023,5
347,nifty,18200,P,2023-05-18,2023-05-18 13:40:00,BUY,2023-05-18 13:45:00,23.1,12.75,47.025,2023-05-18 14:50:00,44.15,21.049999999999997,1.00875,20.041249999999998,48408.81642512076,TSL Hit,2415.4589371980674,1.9363526570048306,2023,5
348,nifty,18200,P,2023-05-18,2023-05-18 14:55:00,BUY,2023-05-18 15:00:00,50.45,30.15,72.0875,2023-05-18 15:15:00,70.2,19.75,1.80975,17.94025,22093.903940886696,TSL Hit,1231.5270935960589,0.8837561576354678,2023,5
349,nifty,18200,C,2023-05-25,2023-05-25 14:55:00,BUY,2023-05-25 15:00:00,107.05,59.45,123.19999999999999,2023-05-25 15:20:00,121.15,14.100000000000009,3.4229999999999996,10.677000000000008,5607.668067226896,TSL Hit,525.2100840336135,0.22430672268907584,2023,5
350,nifty,18200,P,2023-05-25,2023-05-25 13:35:00,BUY,2023-05-25 13:40:00,17.35,11.85,11.85,2023-05-25 13:45:00,11.85,-5.500000000000002,0.438,-5.9380000000000015,-26990.90909090909,Initial SL Hit,4545.454545454544,-1.0796363636363635,2023,5
351,nifty,18200,P,2023-05-25,2023-05-25 13:50:00,BUY,2023-05-25 13:55:00,15.65,11.4,11.4,2023-05-25 13:55:00,11.4,-4.25,0.40575,-4.65575,-27386.764705882353,Initial SL Hit,5882.35294117647,-1.0954705882352942,2023,5
352,nifty,18550,P,2023-06-01,2023-06-01 13:45:00,BUY,2023-06-01 13:50:00,36.35,20.45,60.6875,2023-06-01 15:20:00,60.95,24.6,1.4595,23.140500000000003,36384.43396226415,EOD Exit,1572.327044025157,1.455377358490566,2023,6
353,nifty,18700,P,2023-06-08,2023-06-08 13:30:00,BUY,2023-06-08 13:35:00,30.9,25.6,25.6,2023-06-08 13:40:00,25.6,-5.299999999999997,0.8474999999999999,-6.147499999999997,-28997.641509433965,Initial SL Hit,4716.981132075474,-1.1599056603773588,2023,6
354,nifty,18700,P,2023-06-08,2023-06-08 14:15:00,BUY,2023-06-08 14:20:00,30.15,10.9,27.35,2023-06-08 14:30:00,25.4,-4.75,0.8332499999999999,-5.58325,-7250.9740259740265,TSL Hit,1298.7012987012988,-0.29003896103896104,2023,6
355,nifty,18700,P,2023-06-08,2023-06-08 14:35:00,BUY,2023-06-08 14:40:00,26.85,18.95,68.95,2023-06-08 15:20:00,66.75,39.9,1.404,38.495999999999995,121822.78481012653,TSL Hit,3164.5569620253154,4.8729113924050615,2023,6
356,nifty,18750,P,2023-06-15,2023-06-15 13:35:00,BUY,2023-06-15 13:40:00,26.7,19.15,58.8,2023-06-15 14:25:00,57.3,30.599999999999998,1.26,29.339999999999996,97152.31788079468,TSL Hit,3311.258278145695,3.8860927152317872,2023,6
357,nifty,18750,P,2023-06-15,2023-06-15 14:30:00,BUY,2023-06-15 14:35:00,60.1,52.4,69.5125,2023-06-15 15:00:00,54.7,-5.399999999999999,1.7220000000000002,-7.121999999999999,-23123.37662337661,TSL Hit,3246.7532467532455,-0.9249350649350644,2023,6
358,nifty,18800,P,2023-06-22,2023-06-22 14:25:00,BUY,2023-06-22 14:30:00,40.15,7.0,29.525,2023-06-22 15:20:00,28.2,-11.95,1.0252499999999998,-12.975249999999999,-9785.25641025641,TSL Hit,754.1478129713424,-0.3914102564102564,2023,6
359,nifty,19450,C,2023-07-06,2023-07-06 13:35:00,BUY,2023-07-06 13:40:00,30.25,26.35,26.35,2023-07-06 13:40:00,26.35,-3.8999999999999986,0.849,-4.748999999999999,-30442.3076923077,Initial SL Hit,6410.256410256413,-1.217692307692308,2023,7
360,nifty,19450,C,2023-07-06,2023-07-06 14:50:00,BUY,2023-07-06 14:55:00,53.7,33.65,33.65,2023-07-06 15:00:00,33.65,-20.050000000000004,1.31025,-21.360250000000004,-26633.728179551123,Initial SL Hit,1246.8827930174562,-1.065349127182045,2023,7
361,nifty,19450,C,2023-07-06,2023-07-06 15:05:00,BUY,2023-07-06 15:10:00,48.9,31.4,49.9875,2023-07-06 15:20:00,47.3,-1.6000000000000014,1.4429999999999998,-3.043000000000001,-4347.142857142859,TSL Hit,1428.5714285714287,-0.17388571428571437,2023,7
362,nifty,19550,P,2023-07-13,2023-07-13 13:50:00,BUY,2023-07-13 13:55:00,62.4,40.7,101.4125,2023-07-13 14:20:00,94.0,31.6,2.346,29.254,33702.76497695853,TSL Hit,1152.0737327188942,1.3481105990783413,2023,7
363,nifty,19550,P,2023-07-13,2023-07-13 14:25:00,BUY,2023-07-13 14:30:00,97.4,79.35,154.0125,2023-07-13 15:05:00,149.95,52.54999999999998,3.71025,48.83974999999998,67645.08310249301,TSL Hit,1385.0415512465365,2.7058033240997204,2023,7
364,nifty,19900,C,2023-07-20,2023-07-20 13:40:00,BUY,2023-07-20 13:45:00,30.8,22.5,73.275,2023-07-20 14:40:00,61.8,30.999999999999996,1.3889999999999998,29.610999999999997,89189.75903614456,TSL Hit,3012.048192771084,3.5675903614457827,2023,7
365,nifty,19900,C,2023-07-20,2023-07-20 14:50:00,BUY,2023-07-20 14:55:00,72.15,48.9,80.75,2023-07-20 15:15:00,80.7,8.549999999999997,2.2927500000000003,6.257249999999997,6728.225806451608,TSL Hit,1075.2688172043008,0.26912903225806434,2023,7
366,nifty,19700,P,2023-07-27,2023-07-27 13:40:00,BUY,2023-07-27 13:45:00,37.7,26.3,26.3,2023-07-27 13:55:00,26.3,-11.400000000000002,0.96,-12.360000000000003,-27105.26315789474,Initial SL Hit,2192.9824561403507,-1.0842105263157895,2023,7
367,nifty,19700,P,2023-07-27,2023-07-27 14:00:00,BUY,2023-07-27 14:05:00,36.15,24.0,24.0,2023-07-27 14:15:00,24.0,-12.149999999999999,0.90225,-13.052249999999999,-26856.48148148148,Initial SL Hit,2057.61316872428,-1.0742592592592592,2023,7
368,nifty,19700,P,2023-07-27,2023-07-27 14:20:00,BUY,2023-07-27 14:25:00,49.15,20.35,72.94999999999999,2023-07-27 14:45:00,72.15,23.000000000000007,1.8195000000000001,21.180500000000006,18385.850694444453,TSL Hit,868.0555555555557,0.7354340277777781,2023,7
369,nifty,19700,P,2023-07-27,2023-07-27 14:50:00,BUY,2023-07-27 14:55:00,94.0,64.9,64.9,2023-07-27 15:00:00,64.9,-29.099999999999994,2.3835,-31.483499999999996,-27047.680412371137,Initial SL Hit,859.1065292096222,-1.0819072164948456,2023,7
370,nifty,19350,P,2023-08-03,2023-08-03 13:35:00,BUY,2023-08-03 13:40:00,40.6,28.4,28.4,2023-08-03 14:25:00,28.4,-12.200000000000003,1.035,-13.235000000000003,-27120.901639344265,Initial SL Hit,2049.180327868852,-1.0848360655737708,2023,8
371,nifty,19350,P,2023-08-03,2023-08-03 14:35:00,BUY,2023-08-03 14:40:00,24.7,11.85,11.85,2023-08-03 14:40:00,11.85,-12.85,0.5482499999999999,-13.398249999999999,-26066.634241245134,Initial SL Hit,1945.5252918287938,-1.0426653696498054,2023,8
372,nifty,19350,P,2023-08-03,2023-08-03 14:45:00,BUY,2023-08-03 14:50:00,49.75,10.05,10.05,2023-08-03 14:55:00,10.05,-39.7,0.8969999999999999,-40.597,-25564.861460957174,Initial SL Hit,629.7229219143576,-1.022594458438287,2023,8
373,nifty,19550,P,2023-08-10,2023-08-10 13:55:00,BUY,2023-08-10 14:00:00,57.65,29.1,29.1,2023-08-10 14:05:00,29.1,-28.549999999999997,1.30125,-29.851249999999997,-26139.448336252186,Initial SL Hit,875.6567425569177,-1.0455779334500874,2023,8
374,nifty,19350,P,2023-08-17,2023-08-17 13:35:00,BUY,2023-08-17 13:40:00,22.75,15.65,15.65,2023-08-17 13:40:00,15.65,-7.1,0.576,-7.675999999999999,-27028.169014084506,Initial SL Hit,3521.1267605633807,-1.0811267605633803,2023,8
375,nifty,19400,P,2023-08-24,2023-08-24 13:30:00,BUY,2023-08-24 13:35:00,13.75,8.65,8.65,2023-08-24 13:45:00,8.65,-5.1,0.33599999999999997,-5.436,-26647.058823529413,Initial SL Hit,4901.9607843137255,-1.0658823529411765,2023,8
376,nifty,19400,P,2023-08-24,2023-08-24 13:50:00,BUY,2023-08-24 13:55:00,10.35,7.45,7.45,2023-08-24 14:05:00,7.45,-2.8999999999999995,0.267,-3.1669999999999994,-27301.724137931033,Initial SL Hit,8620.689655172415,-1.0920689655172413,2023,8
377,nifty,19400,P,2023-08-24,2023-08-24 14:10:00,BUY,2023-08-24 14:15:00,6.85,3.7,3.7,2023-08-24 14:25:00,3.7,-3.1499999999999995,0.15825,-3.3082499999999992,-26255.95238095238,Initial SL Hit,7936.507936507938,-1.0502380952380952,2023,8
378,nifty,19400,P,2023-08-24,2023-08-24 14:30:00,BUY,2023-08-24 14:35:00,6.5,3.5,7.925,2023-08-24 14:55:00,5.7,-0.7999999999999998,0.183,-0.9829999999999999,-8191.666666666666,TSL Hit,8333.333333333334,-0.32766666666666666,2023,8
379,nifty,19300,P,2023-08-31,2023-08-31 13:40:00,BUY,2023-08-31 13:45:00,22.55,15.75,44.525,2023-08-31 15:10:00,39.2,16.650000000000002,0.92625,15.723750000000003,57807.904411764706,TSL Hit,3676.4705882352937,2.312316176470588,2023,8
380,nifty,19650,C,2023-09-07,2023-09-07 13:30:00,BUY,2023-09-07 13:35:00,13.9,8.5,25.549999999999997,2023-09-07 13:55:00,23.2,9.299999999999999,0.5565,8.7435,40479.166666666664,TSL Hit,4629.62962962963,1.6191666666666666,2023,9
381,nifty,19650,C,2023-09-07,2023-09-07 14:00:00,BUY,2023-09-07 14:05:00,36.0,19.35,35.5375,2023-09-07 14:20:00,34.1,-1.8999999999999986,1.0514999999999999,-2.9514999999999985,-4431.68168168168,TSL Hit,1501.5015015015017,-0.1772672672672672,2023,9
382,nifty,19650,C,2023-09-07,2023-09-07 14:25:00,BUY,2023-09-07 14:30:00,49.55,29.55,86.14999999999999,2023-09-07 14:45:00,84.45,34.900000000000006,2.01,32.89000000000001,41112.500000000015,TSL Hit,1250.0000000000002,1.6445000000000005,2023,9
383,nifty,20100,P,2023-09-14,2023-09-14 13:35:00,BUY,2023-09-14 13:40:00,44.65,35.65,56.5625,2023-09-14 14:10:00,47.35,2.700000000000003,1.38,1.320000000000003,3666.6666666666747,TSL Hit,2777.777777777778,0.146666666666667,2023,9
384,nifty,19750,P,2023-09-21,2023-09-21 13:30:00,BUY,2023-09-21 13:35:00,28.4,13.95,23.7375,2023-09-21 13:40:00,22.3,-6.099999999999998,0.7605000000000001,-6.860499999999998,-11869.377162629755,TSL Hit,1730.1038062283737,-0.4747750865051902,2023,9
385,nifty,19550,P,2023-09-28,2023-09-28 13:40:00,BUY,2023-09-28 13:45:00,15.35,8.7,21.675,2023-09-28 14:10:00,21.05,5.700000000000001,0.5459999999999999,5.154000000000001,19375.93984962406,TSL Hit,3759.398496240601,0.7750375939849624,2023,9
386,nifty,19550,P,2023-09-28,2023-09-28 14:20:00,BUY,2023-09-28 14:25:00,18.7,9.05,9.05,2023-09-28 14:50:00,9.05,-9.649999999999999,0.41625,-10.066249999999998,-26078.36787564767,Initial SL Hit,2590.673575129534,-1.0431347150259067,2023,9
387,nifty,19550,P,2023-09-28,2023-09-28 14:55:00,BUY,2023-09-28 15:00:00,19.25,7.0,29.3,2023-09-28 15:15:00,23.3,4.050000000000001,0.63825,3.4117500000000005,6962.755102040817,TSL Hit,2040.8163265306123,0.27851020408163274,2023,9
388,nifty,19650,C,2023-10-19,2023-10-19 13:35:00,BUY,2023-10-19 13:40:00,12.5,7.5,13.0875,2023-10-19 13:50:00,12.95,0.4499999999999993,0.38175,0.06824999999999931,341.24999999999653,TSL Hit,5000.0,0.01364999999999986,2023,10
389,nifty,19650,C,2023-10-19,2023-10-19 13:55:00,BUY,2023-10-19 14:00:00,24.35,10.8,23.1125,2023-10-19 14:10:00,17.5,-6.850000000000001,0.62775,-7.477750000000001,-13796.58671586716,TSL Hit,1845.0184501845017,-0.5518634686346865,2023,10
390,nifty,19450,P,2023-11-09,2023-11-09 14:45:00,BUY,2023-11-09 14:50:00,51.35,37.1,53.9375,2023-11-09 15:15:00,53.4,2.049999999999997,1.57125,0.4787499999999971,839.9122807017494,TSL Hit,1754.3859649122808,0.03359649122806998,2023,11
391,nifty,19800,C,2023-11-16,2023-11-16 13:35:00,BUY,2023-11-16 13:40:00,14.05,10.25,64.925,2023-11-16 14:50:00,59.95,45.900000000000006,1.1099999999999999,44.790000000000006,294671.05263157893,TSL Hit,6578.947368421052,11.786842105263156,2023,11
392,nifty,19800,P,2023-11-23,2023-11-23 13:25:00,BUY,2023-11-23 13:30:00,13.0,10.05,10.05,2023-11-23 13:30:00,10.05,-2.9499999999999993,0.34575,-3.295749999999999,-27930.08474576271,Initial SL Hit,8474.576271186443,-1.1172033898305085,2023,11
393,nifty,20050,C,2023-11-30,2023-11-30 15:00:00,BUY,2023-11-30 15:05:00,86.3,47.15,47.15,2023-11-30 15:20:00,85.45,-0.8499999999999943,2.57625,-3.4262499999999942,-2187.899106002551,EOD Exit,638.5696040868455,-0.08751596424010204,2023,11
394,nifty,20900,C,2023-12-07,2023-12-07 14:00:00,BUY,2023-12-07 14:05:00,22.45,18.3,18.3,2023-12-07 14:10:00,18.3,-4.149999999999999,0.61125,-4.761249999999999,-28682.22891566265,Initial SL Hit,6024.0963855421705,-1.147289156626506,2023,12
395,nifty,20900,C,2023-12-07,2023-12-07 14:15:00,BUY,2023-12-07 14:20:00,17.0,10.95,15.6375,2023-12-07 14:35:00,14.5,-2.5,0.4725,-2.9725,-12283.05785123967,TSL Hit,4132.231404958678,-0.4913223140495868,2023,12
396,nifty,21200,C,2023-12-14,2023-12-14 13:35:00,BUY,2023-12-14 13:40:00,23.0,15.45,15.45,2023-12-14 13:45:00,15.45,-7.550000000000001,0.57675,-8.126750000000001,-26909.76821192053,Initial SL Hit,3311.258278145695,-1.0763907284768213,2023,12
397,nifty,21200,C,2023-12-14,2023-12-14 14:20:00,BUY,2023-12-14 14:25:00,13.35,9.2,9.2,2023-12-14 14:30:00,9.2,-4.15,0.33824999999999994,-4.488250000000001,-27037.650602409638,Initial SL Hit,6024.096385542168,-1.0815060240963854,2023,12
398,nifty,21250,C,2023-12-21,2023-12-21 13:45:00,BUY,2023-12-21 13:50:00,16.0,8.5,8.5,2023-12-21 14:00:00,8.5,-7.5,0.3675,-7.8675,-26225.0,Initial SL Hit,3333.3333333333335,-1.049,2023,12
399,nifty,21250,C,2023-12-21,2023-12-21 14:25:00,BUY,2023-12-21 14:30:00,21.65,7.35,7.35,2023-12-21 14:55:00,7.35,-14.299999999999999,0.435,-14.735,-25760.48951048951,Initial SL Hit,1748.2517482517485,-1.0304195804195804,2023,12
400,nifty,21450,C,2024-01-18,2024-01-18 13:40:00,BUY,2024-01-18 13:45:00,16.15,11.6,11.6,2024-01-18 14:05:00,11.6,-4.549999999999999,0.41625,-4.966249999999999,-27287.087912087914,Initial SL Hit,5494.505494505496,-1.0914835164835166,2024,1
401,nifty,21800,P,2024-02-08,2024-02-08 13:30:00,BUY,2024-02-08 13:35:00,39.65,33.3,33.3,2024-02-08 13:35:00,33.3,-6.350000000000001,1.0942499999999997,-7.444250000000001,-29308.07086614173,Initial SL Hit,3937.0078740157473,-1.172322834645669,2024,2
402,nifty,21800,P,2024-02-08,2024-02-08 13:45:00,BUY,2024-02-08 13:50:00,39.35,31.25,86.225,2024-02-08 14:15:00,81.85,42.49999999999999,1.8179999999999998,40.681999999999995,125561.7283950617,TSL Hit,3086.4197530864194,5.022469135802468,2024,2
403,nifty,21800,P,2024-02-08,2024-02-08 14:20:00,BUY,2024-02-08 14:25:00,97.75,73.75,114.06249999999999,2024-02-08 14:45:00,108.75,11.0,3.0974999999999997,7.9025,8231.770833333334,TSL Hit,1041.6666666666667,0.32927083333333335,2024,2
404,nifty,21800,P,2024-02-08,2024-02-08 14:45:00,BUY,2024-02-08 14:50:00,118.9,105.5,105.5,2024-02-08 15:05:00,105.5,-13.400000000000006,3.366,-16.766000000000005,-31279.850746268654,Initial SL Hit,1865.671641791044,-1.251194029850746,2024,2
405,nifty,21850,C,2024-02-15,2024-02-15 13:45:00,BUY,2024-02-15 13:50:00,117.05,37.35,58.4,2024-02-15 15:20:00,61.15,-55.9,2.6729999999999996,-58.573,-18372.96110414053,EOD Exit,313.67628607277294,-0.7349184441656211,2024,2
406,nifty,21950,C,2024-02-22,2024-02-22 13:50:00,BUY,2024-02-22 13:55:00,112.95,39.6,122.18750000000001,2024-02-22 14:10:00,102.4,-10.549999999999997,3.2302500000000003,-13.780249999999997,-4696.745057941376,TSL Hit,340.83162917518746,-0.18786980231765504,2024,2
407,nifty,21950,C,2024-02-22,2024-02-22 14:20:00,BUY,2024-02-22 14:25:00,108.35,90.0,263.6,2024-02-22 15:20:00,269.0,160.65,5.6602500000000004,154.98975000000002,211157.69754768402,EOD Exit,1362.3978201634882,8.44630790190736,2024,2
