,Trade Type,Signal Generated At,Entry Time,Entry Price,Initial SL,Exit Time,Exit Price,Remarks,Points Captured,Points w CS,Qty,Leverage,PnL,PnL w CS,ROI%,ROI% w CS,Trade Year,DD%,Prof Loss Remark,Max High,Max Unrealised Profit,Value At Risk,Max nR,Booked nR,Booked nR w CS
0,LONG,2015-03-03 13:00:00+05:30,2015-03-03 17:00:00+05:30,26533,26135.005,2015-03-06 21:00:00+05:30,26135.005,Initial SL Hit,-397.994999999999,-413.795401499999,251.25943793263798,10,-100000.0,-103970.00000000001,-10.0,-10.397000000000002,2015,0.0,Lossy,26627.0,23618.38716566797,100000.0,0.2361838716566797,-1.0,-1.0397000000000003
1,LONG,2015-03-11 21:00:00+05:30,2015-03-12 09:00:00+05:30,25750,25363.75,2015-04-09 09:00:00+05:30,26506.0,Trailing SL Hit,756.0,740.3232,258.8996763754045,10,195728.15533980582,191669.43689320388,19.57281553398058,19.16694368932039,2015,0.0,Profitable,27095.0,348220.0647249191,99999.99999999999,3.4822006472491913,1.957281553398058,1.916694368932039
2,LONG,2015-04-23 09:00:00+05:30,2015-04-23 13:00:00+05:30,26755,26353.675,2015-04-24 17:00:00+05:30,26674.0,Trailing SL Hit,-81.0,-97.0287,249.17460910733152,10,-20183.143337693855,-24177.08839469254,-2.0183143337693856,-2.417708839469254,2015,-2.4177088394692543,Lossy,26959.0,50831.62025789563,100000.0,0.5083162025789563,-0.20183143337693857,-0.2417708839469254
3,LONG,2015-06-04 21:00:00+05:30,2015-06-05 09:00:00+05:30,26868,26464.98,2015-06-11 13:00:00+05:30,26853.0,Trailing SL Hit,-15.0,-31.1163,248.12664383901517,10,-3721.8996575852275,-7720.783087687948,-0.37218996575852276,-0.7720783087687948,2015,-3.1897871482380493,Lossy,27072.0,50617.835343159095,100000.0,0.5061783534315909,-0.03721899657585227,-0.07720783087687948
4,LONG,2015-06-11 21:00:00+05:30,2015-06-12 09:00:00+05:30,26906,26502.41,2015-06-15 13:00:00+05:30,26862.0,Trailing SL Hit,-44.0,-60.130399999999995,247.776208528457,10,-10902.153175252108,-14898.88252929953,-1.0902153175252107,-1.4898882529299529,2015,-4.679675401168002,Lossy,26975.0,17096.558388463534,100000.0,0.17096558388463534,-0.10902153175252108,-0.14898882529299529
5,LONG,2015-06-17 13:00:00+05:30,2015-06-17 17:00:00+05:30,26892,26488.62,2015-06-22 13:00:00+05:30,26915.0,Trailing SL Hit,23.0,6.857900000000001,247.90520105111742,10,5701.8196241757005,1700.1090782884582,0.57018196241757,0.17001090782884581,2015,-4.509664493339157,Profitable,27245.0,87510.53597104445,100000.0,0.8751053597104445,0.057018196241757,0.01700109078288458
6,LONG,2015-07-10 09:00:00+05:30,2015-07-10 13:00:00+05:30,26135,25742.975,2015-07-16 13:00:00+05:30,25742.975,Initial SL Hit,-392.02500000000146,-407.5883925000015,255.0857725910328,10,-100000.0,-103969.99999999999,-10.0,-10.396999999999998,2015,-14.906664493339155,Lossy,26158.0,5866.9727695937545,100000.0,0.05866972769593754,-1.0,-1.0396999999999998
7,LONG,2015-07-30 13:00:00+05:30,2015-07-30 17:00:00+05:30,24640,24270.4,2015-08-27 21:00:00+05:30,26291.0,Trailing SL Hit,1651.0,1635.7207,270.5627705627716,10,446699.13419913594,442565.1244588762,44.66991341991359,44.256512445887616,2015,0.0,Profitable,27833.0,863906.9264069297,100000.0,8.639069264069297,4.466991341991359,4.425651244588762
8,LONG,2015-09-03 21:00:00+05:30,2015-09-04 09:00:00+05:30,26430,26033.55,2015-09-07 13:00:00+05:30,26600.0,RSI Overbought,170.0,154.091,252.23861773237437,10,42880.56501450364,38867.7008449993,4.288056501450365,3.88677008449993,2015,0.0,Profitable,26683.0,63816.370286290716,100000.0,0.6381637028629071,0.42880565014503647,0.388677008449993
9,LONG,2015-09-22 21:00:00+05:30,2015-09-23 09:00:00+05:30,26280,25885.8,2015-09-30 09:00:00+05:30,26291.0,Trailing SL Hit,11.0,-4.771299999999998,253.67833587011623,10,2790.4616945712787,-1210.375443937085,0.27904616945712785,-0.12103754439370851,2015,-0.12103754439370817,Profitable,27100.0,208016.2354134953,100000.0,2.080162354134953,0.027904616945712786,-0.01210375443937085
10,LONG,2015-10-01 13:00:00+05:30,2015-10-01 17:00:00+05:30,26054,25663.19,2015-10-22 21:00:00+05:30,26855.0,Trailing SL Hit,801.0,785.1273,255.87881579283965,10,204958.93145006456,200897.44377062956,20.495893145006455,20.089744377062953,2015,0.0,Profitable,27368.0,336224.7639517913,100000.0,3.362247639517913,2.0495893145006456,2.0089744377062955
11,LONG,2015-10-22 21:00:00+05:30,2015-10-23 09:00:00+05:30,26923,26519.155,2015-10-23 17:00:00+05:30,26767.0,Trailing SL Hit,-156.0,-172.107,247.61975510406148,10,-38628.68179623359,-42617.09319169471,-3.8628681796233595,-4.261709319169471,2015,-4.261709319169469,Lossy,27095.0,42590.597877898574,100000.0,0.4259059787789857,-0.38628681796233594,-0.4261709319169471
12,LONG,2015-11-17 13:00:00+05:30,2015-11-17 17:00:00+05:30,25300,24920.5,2015-11-25 17:00:00+05:30,25190.0,RSI Overbought,-110.0,-125.14699999999999,263.5046113306983,10,-28985.507246376816,-32976.811594202896,-2.8985507246376816,-3.2976811594202897,2015,-7.559390478589762,Lossy,25491.0,50329.380764163376,100000.00000000001,0.5032938076416337,-0.2898550724637682,-0.329768115942029
13,LONG,2015-12-08 13:00:00+05:30,2015-12-08 17:00:00+05:30,25490,25107.65,2015-12-11 13:00:00+05:30,25312.0,Trailing SL Hit,-178.0,-193.2406,261.54047338825785,10,-46554.204263109896,-50540.23800183098,-4.65542042631099,-5.0540238001830975,2015,-12.613414278772858,Lossy,25747.0,67215.90166078227,100000.00000000001,0.6721590166078226,-0.46554204263109905,-0.5054023800183097
14,LONG,2015-12-17 21:00:00+05:30,2015-12-18 09:00:00+05:30,24905,24531.425,2016-02-11 09:00:00+05:30,28640.749999999996,Target Hit,3735.7499999999964,3719.6862749999964,267.6838653550152,10,999999.9999999971,995699.9999999971,99.9999999999997,99.56999999999971,2015,0.0,Profitable,28710.0,1018537.1076758328,100000.0,10.185371076758328,9.99999999999997,9.95699999999997
15,LONG,2016-03-02 13:00:00+05:30,2016-03-02 17:00:00+05:30,29240,28801.399999999998,2016-03-09 17:00:00+05:30,29381.0,Trailing SL Hit,141.0,123.4137,227.99817601459074,10,32147.742818057293,28138.0984952119,3.2147742818057297,2.81380984952119,2016,0.0,Profitable,30161.0,209986.32010943806,100000.0,2.0998632010943807,0.32147742818057295,0.281380984952119
16,LONG,2016-03-23 21:00:00+05:30,2016-03-24 17:00:00+05:30,28647,28217.295,2016-04-05 17:00:00+05:30,28740.0,RSI Overbought,93.0,75.7839,232.71779476617584,10,21642.754913254354,17636.262086780393,2.1642754913254354,1.7636262086780392,2016,0.0,Profitable,28947.0,69815.33842985275,100000.0,0.6981533842985276,0.21642754913254353,0.1763626208678039
17,LONG,2016-05-09 21:00:00+05:30,2016-05-10 09:00:00+05:30,29860,29412.1,2016-05-10 13:00:00+05:30,29781.0,Trailing SL Hit,-79.0,-96.8923,223.26412145568133,10,-17637.865594998824,-21632.574235320313,-1.7637865594998825,-2.1632574235320314,2016,-2.1632574235320305,Lossy,29864.0,893.0564858227253,100000.0,0.008930564858227253,-0.17637865594998825,-0.21632574235320315
18,LONG,2016-06-03 13:00:00+05:30,2016-06-03 17:00:00+05:30,28890,28456.649999999998,2016-06-22 21:00:00+05:30,30091.0,Trailing SL Hit,1201.0,1183.3057,230.76035537094612,10,277143.18680050626,273060.0438444661,27.714318680050628,27.30600438444661,2016,0.0,Profitable,31245.0,543440.6368985781,100000.0,5.4344063689857816,2.7714318680050627,2.730600438444661
19,LONG,2016-06-30 13:00:00+05:30,2016-06-30 17:00:00+05:30,31258,30789.13,2016-07-12 13:00:00+05:30,31421.0,Trailing SL Hit,163.0,144.1963,213.27873397743556,10,34764.433638322,30754.004308230495,3.4764433638322,3.0754004308230494,2016,0.0,Profitable,32455.0,255294.64457099038,100000.0,2.5529464457099036,0.34764433638322,0.3075400430823049
20,LONG,2016-08-25 21:00:00+05:30,2016-08-26 09:00:00+05:30,30945,30480.825,2016-09-14 21:00:00+05:30,31015.0,Trailing SL Hit,70.0,51.412000000000006,215.43598858189296,10,15080.519200732508,11075.995044972282,1.5080519200732507,1.1075995044972282,2016,0.0,Profitable,31466.0,112242.15005116623,100000.0,1.1224215005116622,0.15080519200732506,0.11075995044972282
21,LONG,2016-09-16 13:00:00+05:30,2016-09-16 17:00:00+05:30,30906,30442.41,2016-09-27 17:00:00+05:30,31006.0,Trailing SL Hit,100.0,81.4264,215.70784529433328,10,21570.784529433327,17564.313294074498,2.157078452943333,1.7564313294074498,2016,0.0,Profitable,31380.0,102245.51866951397,100000.0,1.0224551866951397,0.2157078452943333,0.175643132940745
22,LONG,2016-10-14 21:00:00+05:30,2016-10-17 09:00:00+05:30,29690,29244.649999999998,2016-10-18 21:00:00+05:30,29776.0,RSI Overbought,86.0,68.1602,224.54249466711465,10,19310.65454137186,15304.861345009469,1.931065454137186,1.5304861345009468,2016,0.0,Profitable,29840.0,33681.3742000672,100000.0,0.336813742000672,0.1931065454137186,0.15304861345009468
23,LONG,2016-11-14 17:00:00+05:30,2016-11-14 21:00:00+05:30,29475,29032.875,2016-11-17 09:00:00+05:30,29330.0,RSI Overbought,-145.0,-162.6415,226.18037885213457,10,-32796.15493355951,-36786.316087079445,-3.2796154933559514,-3.6786316087079443,2016,-3.6786316087079456,Lossy,29698.0,50438.22448402601,100000.0,0.5043822448402601,-0.3279615493355951,-0.3678631608707944
24,LONG,2016-11-24 17:00:00+05:30,2016-11-24 21:00:00+05:30,28739,28307.915,2016-11-30 17:00:00+05:30,28307.915,Initial SL Hit,-431.0849999999991,-448.19907449999914,231.9728127863419,10,-100000.0,-103970.00000000001,-10.0,-10.397000000000002,2016,-14.075631608707937,Lossy,28872.0,30852.384100583473,100000.0,0.30852384100583474,-1.0,-1.0397000000000003
25,LONG,2016-12-07 09:00:00+05:30,2016-12-07 13:00:00+05:30,27880,27461.8,2016-12-12 17:00:00+05:30,27424.0,Gap Outside Initial SL,-456.0,-472.5912,239.1200382592057,10,-109038.7374461978,-113006.02582496393,-10.903873744619782,-11.300602582496394,2016,-25.376234191204333,Lossy,28025.0,34672.40554758483,100000.0,0.3467240554758483,-1.090387374461978,-1.1300602582496393
26,LONG,2016-12-16 09:00:00+05:30,2016-12-16 13:00:00+05:30,27144,26736.84,2016-12-20 09:00:00+05:30,27111.0,RSI Overbought,-33.0,-49.2765,245.60369387955603,10,-8104.921898025349,-12102.490421455943,-0.8104921898025349,-1.2102490421455943,2016,-26.586483233349924,Lossy,27280.0,33402.10236761962,100000.0,0.3340210236761962,-0.0810492189802535,-0.12102490421455943
27,LONG,2016-12-22 13:00:00+05:30,2016-12-22 17:00:00+05:30,26949,26544.765,2016-12-27 17:00:00+05:30,27186.0,RSI Overbought,237.0,220.7595,247.38085519561605,10,58629.262681361004,54611.6739025566,5.862926268136101,5.4611673902556594,2016,-21.125315843094256,Profitable,27419.0,116269.00194193954,100000.0,1.1626900194193954,0.58629262681361,0.5461167390255659
28,LONG,2017-01-27 13:00:00+05:30,2017-01-27 17:00:00+05:30,28168,27745.48,2017-02-21 13:00:00+05:30,29134.0,Trailing SL Hit,966.0,948.8094,236.67518697339747,10,228628.23061630197,224559.64214711706,22.8628230616302,22.455964214711706,2017,0.0,Profitable,29485.0,311701.22124396445,100000.0,3.1170122124396444,2.2862823061630198,2.245596421471171
29,LONG,2017-05-02 13:00:00+05:30,2017-05-02 17:00:00+05:30,28630,28200.55,2017-05-04 09:00:00+05:30,28200.55,Initial SL Hit,-429.4500000000007,-446.49916500000074,232.85597857724957,10,-100000.0,-103970.0,-10.0,-10.397,2017,-10.396999999999991,Lossy,28634.0,931.4239143089983,100000.0,0.009314239143089983,-1.0,-1.0397
30,LONG,2017-05-04 21:00:00+05:30,2017-05-05 09:00:00+05:30,28155,27732.675,2017-06-09 17:00:00+05:30,28964.0,Trailing SL Hit,809.0,791.8643,236.7844669389684,10,191558.63375362544,187501.16616349935,19.155863375362546,18.750116616349935,2017,0.0,Profitable,29585.0,338601.7877227248,100000.0,3.386017877227248,1.9155863375362547,1.8750116616349934
31,LONG,2017-06-15 21:00:00+05:30,2017-06-16 09:00:00+05:30,28785,28353.225,2017-06-26 17:00:00+05:30,28353.225,Initial SL Hit,-431.77500000000146,-448.91646750000143,231.60210757917818,10,-100000.0,-103969.99999999997,-10.0,-10.396999999999997,2017,-10.396999999999991,Lossy,28820.0,8106.073765271236,100000.0,0.08106073765271236,-1.0,-1.0396999999999996
32,LONG,2017-07-10 13:00:00+05:30,2017-07-10 17:00:00+05:30,27734,27317.989999999998,2017-07-12 21:00:00+05:30,27842.0,RSI Overbought,108.0,91.3272,240.3788370471852,10,25960.914401096,21953.126126775693,2.5960914401096002,2.1953126126775695,2017,-8.201687387322409,Profitable,27977.0,58412.057402466,100000.0,0.58412057402466,0.25960914401096,0.21953126126775696
33,LONG,2017-07-26 13:00:00+05:30,2017-07-26 17:00:00+05:30,28350,27924.75,2017-08-03 09:00:00+05:30,28377.0,Trailing SL Hit,27.0,9.981900000000003,235.15579071134627,10,6349.206349206349,2347.301587301588,0.6349206349206349,0.2347301587301588,2017,-7.966957228592236,Profitable,28814.0,109112.28689006467,100000.0,1.0911228689006467,0.06349206349206349,0.023473015873015878
34,LONG,2017-09-07 09:00:00+05:30,2017-09-07 13:00:00+05:30,30120,29668.2,2017-09-13 17:00:00+05:30,29842.0,Trailing SL Hit,-278.0,-295.9886,221.33687472332926,10,-61531.651173085535,-65513.19167773362,-6.1531651173085535,-6.551319167773363,2017,-14.518276396365593,Lossy,30474.0,78353.25365205856,100000.0,0.7835325365205855,-0.6153165117308553,-0.6551319167773363
35,LONG,2017-09-19 09:00:00+05:30,2017-09-19 13:00:00+05:30,29608,29163.88,2017-09-20 17:00:00+05:30,29711.0,RSI Overbought,103.0,85.2043,225.1643699900933,10,23191.93010897961,19184.972529946906,2.319193010897961,1.9184972529946906,2017,-12.59977914337091,Profitable,29784.0,39628.92911825642,100000.0,0.3962892911825642,0.2319193010897961,0.19184972529946906
36,LONG,2017-10-03 13:00:00+05:30,2017-10-03 17:00:00+05:30,29532,29089.02,2017-10-17 17:00:00+05:30,29615.0,Trailing SL Hit,83.0,65.2559,225.74382590636168,10,18736.73755022802,14731.116528962946,1.873673755022802,1.4731116528962946,2017,-11.126667490474603,Profitable,29955.0,95489.63835839099,100000.0,0.9548963835839099,0.1873673755022802,0.14731116528962945
37,LONG,2017-10-25 21:00:00+05:30,2017-10-26 09:00:00+05:30,29465,29023.024999999998,2017-11-17 09:00:00+05:30,29410.0,Trailing SL Hit,-55.0,-72.6625,226.2571412410193,10,-12444.14276825606,-16440.409525425563,-1.2444142768256061,-1.6440409525425561,2017,-12.770708443017156,Lossy,29745.0,63351.9995474854,100000.0,0.633519995474854,-0.12444142768256061,-0.16440409525425562
38,LONG,2017-12-12 13:00:00+05:30,2017-12-12 17:00:00+05:30,28197,27774.045,2017-12-14 17:00:00+05:30,28235.0,RSI Overbought,38.0,21.070400000000003,236.43177170148027,10,8984.407324656251,4981.71200245887,0.8984407324656252,0.498171200245887,2017,-12.272537242771278,Profitable,28429.0,54852.17103474342,100000.0,0.5485217103474342,0.08984407324656252,0.0498171200245887
39,LONG,2018-01-11 17:00:00+05:30,2018-01-11 21:00:00+05:30,29385,28944.225,2018-02-07 17:00:00+05:30,30070.0,Trailing SL Hit,685.0,667.1635,226.87312120696424,10,155408.0880267705,151361.46560036248,15.54080880267705,15.136146560036247,2018,0.0,Profitable,30714.0,301514.3780840555,100000.0,3.015143780840555,1.554080880267705,1.5136146560036248
40,LONG,2018-02-08 13:00:00+05:30,2018-02-08 17:00:00+05:30,29886,29437.71,2018-02-27 17:00:00+05:30,30442.0,Trailing SL Hit,556.0,537.9016,223.069887795846,10,124026.85761449038,119989.64955720604,12.402685761449037,11.998964955720604,2018,0.0,Profitable,30839.0,212585.60306944125,100000.0,2.1258560306944125,1.2402685761449037,1.1998964955720604
41,LONG,2018-03-01 21:00:00+05:30,2018-03-02 17:00:00+05:30,30261,29807.085,2018-03-07 21:00:00+05:30,30493.0,Trailing SL Hit,232.0,213.7738,220.30556381701376,10,51110.89080554719,47095.55753830553,5.111089080554719,4.7095557538305535,2018,0.0,Profitable,30687.0,93850.17018604786,100000.0,0.9385017018604787,0.5111089080554719,0.4709555753830553
42,LONG,2018-04-06 13:00:00+05:30,2018-04-06 17:00:00+05:30,30596,30137.06,2018-04-26 17:00:00+05:30,31232.0,Trailing SL Hit,636.0,617.4516,217.89340654551856,10,138580.2065629498,134538.6325009809,13.85802065629498,13.453863250098088,2018,0.0,Profitable,31620.0,223122.848302611,100000.0,2.23122848302611,1.385802065629498,1.3453863250098088
43,LONG,2018-04-27 13:00:00+05:30,2018-04-27 17:00:00+05:30,31240,30771.399999999998,2018-05-08 09:00:00+05:30,31195.0,Trailing SL Hit,-45.0,-63.7305,213.4016218523251,10,-9603.072983354628,-13600.192061459604,-0.9603072983354628,-1.3600192061459604,2018,-1.3600192061459495,Lossy,31310.0,14938.113529662756,100000.0,0.14938113529662755,-0.09603072983354628,-0.13600192061459604
44,LONG,2018-06-29 17:00:00+05:30,2018-06-29 21:00:00+05:30,30448,29991.28,2018-07-06 17:00:00+05:30,30565.0,Trailing SL Hit,117.0,98.6961,218.95253109125886,10,25617.446137677285,21609.760903835995,2.5617446137677287,2.1609760903835995,2018,0.0,Profitable,30737.0,63277.28148537381,100000.0,0.632772814853738,0.25617446137677286,0.21609760903835995
45,LONG,2018-07-18 13:00:00+05:30,2018-07-18 17:00:00+05:30,29696,29250.56,2018-08-14 09:00:00+05:30,29694.0,Trailing SL Hit,-2.0,-19.817,224.49712643678228,10,-448.99425287356456,-4448.859554597714,-0.04489942528735646,-0.4448859554597714,2018,-0.4448859554597675,Lossy,29988.0,65553.16091954043,100000.0,0.6555316091954043,-0.004489942528735646,-0.04448859554597714
46,LONG,2018-11-23 21:00:00+05:30,2018-11-26 09:00:00+05:30,30519,30061.215,2018-12-18 13:00:00+05:30,31224.0,Trailing SL Hit,705.0,686.4771,218.4431556298263,10,154002.42471902753,149956.22399161183,15.400242471902754,14.995622399161183,2018,0.0,Profitable,32118.0,349290.60585209227,100000.0,3.492906058520923,1.5400242471902754,1.4995622399161184
47,LONG,2018-12-19 13:00:00+05:30,2018-12-19 17:00:00+05:30,31234,30765.489999999998,2018-12-31 09:00:00+05:30,31384.0,Trailing SL Hit,150.0,131.2146,213.44261595270018,10,32016.39239290503,28006.78747518717,3.2016392392905026,2.800678747518717,2018,0.0,Profitable,31768.0,113978.35691874189,100000.0,1.139783569187419,0.32016392392905024,0.2800678747518717
48,LONG,2018-12-31 13:00:00+05:30,2018-12-31 17:00:00+05:30,31470,30997.95,2019-01-24 13:00:00+05:30,32006.0,Trailing SL Hit,536.0,516.9572000000001,211.8419658934438,10,113547.29371888588,109513.22953077023,11.354729371888586,10.951322953077025,2018,0.0,Profitable,32390.0,194894.6086219683,100000.0,1.948946086219683,1.1354729371888586,1.0951322953077025
49,LONG,2019-02-07 13:00:00+05:30,2019-02-07 17:00:00+05:30,33150,32652.75,2019-02-12 09:00:00+05:30,32960.0,Trailing SL Hit,-190.0,-209.833,201.10608345902463,10,-38210.15585721468,-42198.69281045751,-3.8210155857214683,-4.219869281045751,2019,-4.21986928104576,Lossy,33258.0,21719.45701357466,100000.0,0.2171945701357466,-0.38210155857214684,-0.4219869281045751
50,LONG,2019-03-12 09:00:00+05:30,2019-03-12 13:00:00+05:30,31984,31504.239999999998,2019-03-13 21:00:00+05:30,32221.0,RSI Overbought,237.0,217.7385,208.43755210938716,10,49399.69984992476,45384.87993996979,4.939969984992476,4.538487993996979,2019,0.0,Profitable,32319.0,69826.5799566447,100000.0,0.698265799566447,0.49399699849924755,0.4538487993996979
51,LONG,2019-03-18 13:00:00+05:30,2019-03-18 17:00:00+05:30,31699,31223.515,2019-03-20 09:00:00+05:30,31781.0,RSI Overbought,82.0,62.956,210.31157660073373,10,17245.549281260166,13240.375616475794,1.7245549281260166,1.3240375616475795,2019,0.0,Profitable,32006.0,64565.65401642526,100000.0,0.6456565401642526,0.17245549281260167,0.13240375616475794
52,LONG,2019-05-20 17:00:00+05:30,2019-05-20 21:00:00+05:30,31536,31062.96,2019-07-01 09:00:00+05:30,33693.0,Trailing SL Hit,2157.0,2137.4313,211.39861322509685,10,455986.8087265339,451850.012683916,45.59868087265339,45.1850012683916,2019,0.0,Profitable,34893.0,709665.1445966501,100000.0,7.0966514459665015,4.559868087265339,4.51850012683916
53,LONG,2019-07-01 13:00:00+05:30,2019-07-01 17:00:00+05:30,33817,33309.745,2019-07-25 17:00:00+05:30,34905.0,Trailing SL Hit,1088.0,1067.3834,197.13950577126005,10,214487.78227913094,210423.43594444715,21.448778227913092,21.042343594444713,2019,0.0,Profitable,35409.0,313846.093187846,100000.0,3.13846093187846,2.144877822791309,2.1042343594444715
54,LONG,2019-07-26 21:00:00+05:30,2019-07-29 09:00:00+05:30,34798,34276.03,2019-09-06 09:00:00+05:30,38553.0,Trailing SL Hit,3755.0,3732.9947,191.58189167959802,10,719390.0032568906,715174.1862559136,71.93900032568907,71.51741862559135,2019,0.0,Profitable,39885.0,974577.0829741152,100000.0,9.74577082974115,7.193900032568907,7.151741862559135
55,LONG,2019-09-12 13:00:00+05:30,2019-09-12 17:00:00+05:30,37950,37380.75,2019-09-24 09:00:00+05:30,37863.0,RSI Overbought,-87.0,-109.7439,175.66974088713218,10,-15283.2674571805,-19278.682476943344,-1.52832674571805,-1.9278682476943345,2019,-1.9278682476943345,Lossy,38228.0,48836.18796662275,99999.99999999999,0.4883618796662275,-0.152832674571805,-0.19278682476943346
56,LONG,2019-10-10 21:00:00+05:30,2019-10-11 09:00:00+05:30,38180,37607.3,2019-10-11 17:00:00+05:30,37756.0,Trailing SL Hit,-424.0,-446.7808,174.61148943600577,10,-74035.27152086644,-78013.0609394102,-7.403527152086644,-7.801306093941021,2019,-9.729174341635371,Lossy,38350.0,29683.953204120982,100000.0,0.29683953204120983,-0.7403527152086644,-0.7801306093941021
57,LONG,2019-10-28 21:00:00+05:30,2019-10-29 09:00:00+05:30,37964,37394.54,2019-11-05 17:00:00+05:30,38020.0,Trailing SL Hit,56.0,33.204800000000006,175.6049590840448,10,9833.877708706508,5830.927545393892,0.9833877708706508,0.5830927545393891,2019,-9.146081587095978,Profitable,38603.0,112211.56885470463,100000.0,1.1221156885470462,0.09833877708706508,0.058309275453938915
58,LONG,2019-11-06 09:00:00+05:30,2019-11-06 13:00:00+05:30,38049,37478.265,2019-11-08 17:00:00+05:30,37478.265,Initial SL Hit,-570.7350000000006,-593.3931795000005,175.21266437138058,10,-100000.0,-103969.99999999999,-10.0,-10.396999999999998,2019,-19.54308158709597,Lossy,38286.0,41525.4014560172,100000.0,0.415254014560172,-1.0,-1.0396999999999998
59,LONG,2019-12-09 13:00:00+05:30,2019-12-09 17:00:00+05:30,37675,37109.875,2019-12-12 17:00:00+05:30,37493.0,RSI Overbought,-182.0,-204.5504,176.95200176952002,10,-32205.264322052644,-36195.602742756026,-3.2205264322052645,-3.6195602742756026,2019,-23.162641861371583,Lossy,38068.0,69542.13669542137,100000.0,0.6954213669542137,-0.32205264322052646,-0.3619560274275603
60,LONG,2020-01-01 13:00:00+05:30,2020-01-02 09:00:00+05:30,39110,38523.35,2020-01-13 21:00:00+05:30,39548.0,Trailing SL Hit,438.0,414.4026,170.45938805079646,10,74661.21196624885,70638.813602659,7.4661211966248855,7.063881360265899,2020,-16.098760501105687,Profitable,41293.0,372112.8441148887,100000.0,3.721128441148887,0.7466121196624885,0.7063881360265899
61,LONG,2020-01-14 13:00:00+05:30,2020-01-14 17:00:00+05:30,39484,38891.74,2020-01-15 17:00:00+05:30,39549.0,RSI Overbought,65.0,41.2901,168.84476412386394,10,10974.909668051156,6971.617195150755,1.0974909668051156,0.6971617195150754,2020,-15.401598781590621,Profitable,39708.0,37821.22716374552,100000.0,0.3782122716374552,0.10974909668051155,0.06971617195150755
62,LONG,2020-02-12 09:00:00+05:30,2020-02-12 13:00:00+05:30,40438,39831.43,2020-02-28 21:00:00+05:30,41300.0,Trailing SL Hit,862.0,837.4786,164.8614339647527,10,142110.55607761684,138067.92291079354,14.211055607761685,13.806792291079354,2020,-1.594806490511246,Profitable,43788.0,552285.8037819215,100000.0,5.522858037819215,1.4211055607761685,1.3806792291079355
63,LONG,2020-03-13 13:00:00+05:30,2020-03-13 17:00:00+05:30,41960,41330.6,2020-03-13 21:00:00+05:30,41330.6,Initial SL Hit,-629.4000000000015,-654.3871800000014,158.88147442008224,10,-100000.0,-103969.99999999999,-10.0,-10.396999999999998,2020,-11.991806490511237,Lossy,42039.0,12551.636479186496,100000.0,0.12551636479186495,-1.0,-1.0396999999999998
64,LONG,2020-05-19 13:00:00+05:30,2020-05-19 17:00:00+05:30,46778,46076.33,2020-05-26 17:00:00+05:30,46357.0,Trailing SL Hit,-421.0,-448.9405,142.51713768580709,10,-59999.71496572479,-63981.71505123507,-5.999971496572479,-6.398171505123507,2020,-18.38997799563475,Lossy,47354.0,82089.87130702488,100000.00000000001,0.8208987130702486,-0.5999971496572478,-0.6398171505123507
65,LONG,2020-05-27 13:00:00+05:30,2020-05-27 17:00:00+05:30,46185,45492.225,2020-05-28 21:00:00+05:30,46302.0,RSI Overbought,117.0,89.2539,144.34701021255066,10,16888.600194868428,12883.533614809976,1.6888600194868426,1.2883533614809977,2020,-17.10162463415378,Profitable,46860.0,97434.23189347169,99999.99999999999,0.974342318934717,0.16888600194868425,0.12883533614809978
66,LONG,2020-06-03 21:00:00+05:30,2020-06-04 09:00:00+05:30,46039,45348.415,2020-06-05 09:00:00+05:30,46364.0,RSI Overbought,325.0,297.2791,144.80476697292895,10,47061.54926620191,43047.430801422044,4.706154926620191,4.304743080142205,2020,-12.796881554011577,Profitable,46750.0,102956.18931775248,100000.00000000001,1.0295618931775246,0.4706154926620191,0.4304743080142205
67,LONG,2020-06-25 21:00:00+05:30,2020-06-26 09:00:00+05:30,47998,47278.03,2020-07-06 09:00:00+05:30,48040.0,Trailing SL Hit,42.0,13.188600000000001,138.8946761670623,10,5833.576399016617,1831.826326096918,0.5833576399016617,0.18318263260969178,2020,-12.613698921401863,Profitable,48982.0,136672.3613483893,100000.0,1.366723613483893,0.05833576399016617,0.018318263260969178
68,LONG,2020-07-06 13:00:00+05:30,2020-07-06 17:00:00+05:30,48072,47350.92,2020-08-05 13:00:00+05:30,55282.799999999996,Target Hit,7210.799999999996,7179.7935599999955,138.6808675875073,10,999999.999999997,995699.999999997,99.9999999999997,99.56999999999971,2020,0.0,Profitable,55339.0,1007793.8647584155,100000.0,10.077938647584155,9.99999999999997,9.95699999999997
69,LONG,2020-09-03 13:00:00+05:30,2020-09-03 17:00:00+05:30,50870,50106.95,2020-09-08 13:00:00+05:30,50865.0,RSI Overbought,-5.0,-35.5205,131.0530109429259,10,-655.2650547146295,-4655.0684751982,-0.06552650547146295,-0.46550684751981997,2020,-0.465506847519805,Lossy,51200.0,43247.49361116555,100000.0,0.4324749361116555,-0.006552650547146295,-0.046550684751982
70,LONG,2020-09-17 13:00:00+05:30,2020-09-17 17:00:00+05:30,51490,50717.65,2020-09-21 13:00:00+05:30,51151.0,Trailing SL Hit,-339.0,-369.7923,129.47497896031615,10,-43892.017867547176,-47878.85026218692,-4.389201786754718,-4.787885026218692,2020,-5.253391873738508,Lossy,51849.0,46481.517446753496,99999.99999999999,0.464815174467535,-0.43892017867547184,-0.4787885026218692
71,LONG,2020-09-28 13:00:00+05:30,2020-09-28 17:00:00+05:30,49565,48821.525,2020-09-30 09:00:00+05:30,50272.0,RSI Overbought,707.0,677.0489,134.503513904301,10,95093.98433034081,91065.4561350417,9.50939843303408,9.10654561350417,2020,0.0,Profitable,50690.0,151316.45314233864,99999.99999999999,1.5131645314233866,0.9509398433034081,0.9106545613504171
72,LONG,2020-10-07 21:00:00+05:30,2020-10-08 09:00:00+05:30,50110,49358.35,2020-10-13 17:00:00+05:30,50286.0,Trailing SL Hit,176.0,145.8812,133.0406439167163,10,23415.15332934207,19408.128783343276,2.3415153329342067,1.9408128783343277,2020,0.0,Profitable,51184.0,142885.6515665533,100000.0,1.428856515665533,0.23415153329342067,0.19408128783343276
73,LONG,2020-10-13 21:00:00+05:30,2020-10-14 09:00:00+05:30,50380,49624.3,2020-10-15 13:00:00+05:30,50410.0,Trailing SL Hit,30.0,-0.23699999999999832,132.32764324467433,10,3969.82929734023,-31.361651448987594,0.396982929734023,-0.0031361651448987594,2020,-0.003136165144894676,Profitable,50740.0,47637.95156808276,100000.00000000001,0.47637951568082754,0.0396982929734023,-0.00031361651448987596
74,LONG,2020-11-25 13:00:00+05:30,2020-11-25 17:00:00+05:30,48827,48094.595,2020-11-27 17:00:00+05:30,48094.595,Initial SL Hit,-732.4049999999988,-761.4814784999988,136.5364791338128,10,-100000.00000000001,-103970.00000000001,-10.000000000000002,-10.397000000000002,2020,-10.400136165144886,Lossy,48885.0,7919.115789761143,100000.00000000001,0.07919115789761141,-1.0000000000000002,-1.0397000000000003
75,LONG,2021-02-11 13:00:00+05:30,2021-02-11 17:00:00+05:30,48045,47324.325,2021-02-12 13:00:00+05:30,47324.325,Initial SL Hit,-720.6750000000029,-749.2857975000029,138.75880251153376,10,-100000.0,-103969.99999999997,-10.0,-10.396999999999997,2021,-20.797136165144877,Lossy,48100.0,7631.734138134357,100000.0,0.07631734138134356,-1.0,-1.0396999999999996
76,LONG,2021-02-18 09:00:00+05:30,2021-02-18 13:00:00+05:30,46476,45778.86,2021-02-23 17:00:00+05:30,46809.0,RSI Overbought,333.0,305.0145,143.4432108328314,10,47766.58920733286,43752.25923057065,4.776658920733286,4.375225923057065,2021,-16.42191024208779,Profitable,46985.0,73012.59431391118,100000.0,0.7301259431391117,0.47766589207332866,0.4375225923057065
77,LONG,2021-03-05 13:00:00+05:30,2021-03-05 17:00:00+05:30,44436,43769.46,2021-03-16 09:00:00+05:30,44840.0,RSI Overbought,404.0,377.2172,150.02850541602885,10,60611.51618807566,56593.332733219235,6.061151618807566,5.6593332733219235,2021,-10.76257696876587,Profitable,45167.0,109670.83745911709,100000.0,1.0967083745911708,0.6061151618807565,0.5659333273321924
78,LONG,2021-03-30 21:00:00+05:30,2021-03-31 09:00:00+05:30,44485,43817.725,2021-04-28 09:00:00+05:30,46936.0,Trailing SL Hit,2451.0,2423.5737,149.86324978457125,10,367314.8252219841,363204.63077441754,36.73148252219841,36.32046307744175,2021,0.0,Profitable,48429.0,591060.657150349,100000.0,5.91060657150349,3.6731482522198413,3.632046307744175
79,LONG,2021-04-29 21:00:00+05:30,2021-04-30 09:00:00+05:30,46749,46047.765,2021-06-03 17:00:00+05:30,48620.0,Trailing SL Hit,1871.0,1842.3893,142.60554592968109,10,266814.9764344333,262734.931941503,26.681497643443333,26.2734931941503,2021,0.0,Profitable,49721.0,423823.6825030122,100000.0,4.238236825030122,2.6681497643443333,2.62734931941503
80,LONG,2021-06-04 13:00:00+05:30,2021-06-04 17:00:00+05:30,48715,47984.275,2021-06-07 09:00:00+05:30,48802.0,Trailing SL Hit,87.0,57.7449,136.85038831297712,10,11905.983783229009,7902.4119880940325,1.190598378322901,0.7902411988094032,2021,0.0,Profitable,49176.0,63088.02901228245,100000.0,0.6308802901228245,0.1190598378322901,0.07902411988094032
81,LONG,2021-06-29 21:00:00+05:30,2021-06-30 09:00:00+05:30,46670,45969.95,2021-07-01 17:00:00+05:30,46936.0,RSI Overbought,266.0,237.9182,142.84693950432052,10,37997.28590814926,33985.88672237683,3.799728590814926,3.398588672237683,2021,0.0,Profitable,47210.0,77137.34733233308,100000.0,0.7713734733233308,0.3799728590814926,0.3398588672237683
82,LONG,2021-09-07 21:00:00+05:30,2021-09-08 09:00:00+05:30,47019,46313.715,2021-09-15 13:00:00+05:30,47109.0,Trailing SL Hit,90.0,61.7616,141.78665362229384,10,12760.798826006445,8756.970586358664,1.2760798826006445,0.8756970586358663,2021,0.0,Profitable,47320.0,42677.782740310446,100000.0,0.42677782740310444,0.12760798826006445,0.08756970586358663
83,LONG,2021-09-16 21:00:00+05:30,2021-09-17 09:00:00+05:30,46106,45414.409999999996,2021-10-29 17:00:00+05:30,47530.0,Trailing SL Hit,1424.0,1395.9092,144.594340577509,10,205902.3409823728,201840.57028007813,20.59023409823728,20.184057028007814,2021,0.0,Profitable,48299.0,317095.3888864772,100000.0,3.1709538888647724,2.0590234098237277,2.0184057028007816
84,LONG,2021-10-29 21:00:00+05:30,2021-11-01 09:00:00+05:30,47660,46945.1,2021-11-02 17:00:00+05:30,47655.0,Trailing SL Hit,-5.0,-33.5945,139.8797034550284,10,-699.398517275142,-4699.188697719951,-0.06993985172751421,-0.4699188697719951,2021,-0.4699188697719592,Lossy,47951.0,40704.99370541326,100000.0,0.4070499370541326,-0.006993985172751421,-0.04699188697719951
85,LONG,2021-11-18 21:00:00+05:30,2021-11-19 17:00:00+05:30,49140,48402.9,2021-11-22 17:00:00+05:30,48402.9,Initial SL Hit,-737.0999999999985,-766.3628699999986,135.66680233346926,10,-100000.0,-103970.0,-10.0,-10.397,2021,-10.866918869772007,Lossy,49308.0,22792.022792022835,100000.0,0.22792022792022834,-1.0,-1.0397
86,LONG,2021-12-10 13:00:00+05:30,2021-12-10 17:00:00+05:30,47981,47261.284999999996,2021-12-21 09:00:00+05:30,48000.0,Trailing SL Hit,19.0,-9.794299999999996,138.94388751102795,10,2639.9338627095312,-1360.8581174492606,0.2639933862709531,-0.13608581174492607,2021,-11.003004681516927,Profitable,48785.0,111710.88555886647,100000.00000000001,1.1171088555886646,0.026399338627095308,-0.013608581174492606
87,LONG,2022-01-06 21:00:00+05:30,2022-01-07 09:00:00+05:30,47504,46791.44,2022-01-13 13:00:00+05:30,47829.0,RSI Overbought,325.0,296.4001,140.3390591669478,10,45610.194229258035,41596.511170989244,4.561019422925804,4.1596511170989245,2022,-6.843353564417953,Profitable,47917.0,57960.031435949444,100000.0,0.5796003143594944,0.4561019422925804,0.4159651117098925
88,LONG,2022-01-18 13:00:00+05:30,2022-01-18 17:00:00+05:30,47929,47210.065,2022-01-27 21:00:00+05:30,47914.0,Trailing SL Hit,-15.0,-43.7529,139.09463303358484,10,-2086.419495503773,-6085.793569655134,-0.2086419495503773,-0.6085793569655135,2022,-7.451932921383445,Lossy,48912.0,136730.0242720139,100000.0,1.3673002427201388,-0.02086419495503773,-0.060857935696551346
89,LONG,2022-01-28 21:00:00+05:30,2022-01-31 09:00:00+05:30,47678,46962.83,2022-03-08 17:00:00+05:30,54829.7,Target Hit,7151.699999999997,7120.947689999997,139.82689430485092,10,1000000.000000002,995700.000000002,100.0000000000002,99.57000000000019,2022,0.0,Profitable,55362.0,1074429.8558384746,99999.99999999999,10.744298558384747,10.00000000000002,9.957000000000019
90,LONG,2022-04-04 13:00:00+05:30,2022-04-04 17:00:00+05:30,51598,50824.03,2022-04-21 13:00:00+05:30,52300.0,Trailing SL Hit,702.0,670.8306,129.2039743142497,10,90701.1899686033,86673.97961161273,9.070118996860328,8.667397961161273,2022,0.0,Profitable,53663.0,266806.20695892564,100000.0,2.6680620695892565,0.9070118996860328,0.8667397961161273
91,LONG,2022-04-26 09:00:00+05:30,2022-04-26 13:00:00+05:30,51595,50821.075,2022-04-29 17:00:00+05:30,51600.0,RSI Overbought,5.0,-25.958499999999997,129.21148690118503,10,646.0574345059251,-3354.1363827244113,0.06460574345059251,-0.3354136382724411,2022,-0.3354136382724846,Profitable,51879.0,36696.062279936545,100000.0,0.3669606227993654,0.006460574345059251,-0.03354136382724411
92,LONG,2022-05-02 21:00:00+05:30,2022-05-03 17:00:00+05:30,50822,50059.67,2022-05-13 09:00:00+05:30,50059.67,Initial SL Hit,-762.3300000000017,-792.5945010000017,131.17678695578002,10,-100000.00000000001,-103970.0,-10.000000000000002,-10.397,2022,-10.732413638272533,Lossy,51557.0,96414.93841249832,100000.00000000001,0.9641493841249831,-1.0000000000000002,-1.0397
93,LONG,2022-05-13 21:00:00+05:30,2022-05-16 09:00:00+05:30,49950,49200.75,2022-06-01 09:00:00+05:30,50570.0,Trailing SL Hit,620.0,589.844,133.4668001334668,10,82749.4160827494,78724.59125792459,8.27494160827494,7.872459125792459,2022,-2.8599545124800443,Profitable,51246.0,172972.97297297296,100000.0,1.7297297297297296,0.8274941608274939,0.7872459125792459
94,LONG,2022-07-15 13:00:00+05:30,2022-07-15 17:00:00+05:30,50140,49387.9,2022-08-17 13:00:00+05:30,51725.0,Trailing SL Hit,1585.0,1554.4405,132.96104241457277,10,210743.25222709784,206680.0292514297,21.07432522270978,20.66800292514297,2022,0.0,Profitable,52620.0,329743.3851881405,99999.99999999999,3.2974338518814053,2.107432522270978,2.066800292514297
95,LONG,2022-09-01 21:00:00+05:30,2022-09-02 09:00:00+05:30,50081,49329.784999999996,2022-09-05 13:00:00+05:30,50482.0,RSI Overbought,401.0,370.8311,133.1176826873791,10,53380.19075763902,49364.17670041175,5.338019075763903,4.936417670041175,2022,0.0,Profitable,50587.0,67357.54743981383,100000.0,0.6735754743981384,0.5338019075763902,0.4936417670041175
96,LONG,2022-10-31 09:00:00+05:30,2022-10-31 13:00:00+05:30,50361,49605.585,2022-11-03 09:00:00+05:30,50230.0,Trailing SL Hit,-131.0,-161.1773,132.3775672974456,10,-17341.461315965375,-21336.25887757058,-1.7341461315965376,-2.1336258877570584,2022,-2.1336258877570344,Lossy,50833.0,62482.21176439433,99999.99999999999,0.6248221176439434,-0.17341461315965376,-0.21336258877570585
97,LONG,2022-11-17 21:00:00+05:30,2022-11-18 09:00:00+05:30,52885,52091.725,2022-11-23 17:00:00+05:30,52091.725,Initial SL Hit,-793.2750000000015,-824.7680175000014,126.05968926286573,10,-100000.0,-103969.99999999999,-10.0,-10.396999999999998,2022,-12.530625887757083,Lossy,52990.0,13236.267372600902,100000.0,0.13236267372600902,-1.0,-1.0396999999999998
98,LONG,2023-02-10 13:00:00+05:30,2023-02-10 17:00:00+05:30,56864,56011.04,2023-02-16 09:00:00+05:30,56011.04,Initial SL Hit,-852.9599999999991,-886.8225119999992,117.23879197148764,10,-100000.0,-103970.0,-10.0,-10.397,2023,-22.92762588775713,Lossy,56999.0,15827.236916150832,100000.0,0.15827236916150833,-1.0,-1.0397
99,LONG,2023-02-27 13:00:00+05:30,2023-02-27 17:00:00+05:30,55429,54597.565,2023-03-01 21:00:00+05:30,55823.0,RSI Overbought,394.0,360.6244,120.27398413586182,10,47387.94974952956,43373.73336460468,4.738794974952956,4.337373336460469,2023,-18.590252551296658,Profitable,56020.0,71081.92462429433,100000.0,0.7108192462429433,0.4738794974952956,0.4337373336460469
100,LONG,2023-03-08 13:00:00+05:30,2023-03-08 17:00:00+05:30,55034,54208.49,2023-04-19 09:00:00+05:30,60201.0,Trailing SL Hit,5167.0,5132.4295,121.13723637508905,10,625916.1003500851,621728.3255199802,62.59161003500851,62.17283255199802,2023,0.0,Profitable,61371.0,767646.6669089393,100000.0,7.676466669089392,6.259161003500851,6.217283255199802
101,LONG,2023-04-21 21:00:00+05:30,2023-04-24 09:00:00+05:30,59870,58971.95,2023-05-12 13:00:00+05:30,60611.0,Trailing SL Hit,741.0,704.8557,111.35237458938776,10,82512.10957073633,78487.35593786513,8.251210957073633,7.848735593786513,2023,0.0,Profitable,61845.0,219920.93981404084,100000.0,2.1992093981404084,0.8251210957073634,0.7848735593786513
102,LONG,2023-05-16 13:00:00+05:30,2023-05-16 17:00:00+05:30,60859,59946.115,2023-05-18 13:00:00+05:30,59946.115,Initial SL Hit,-912.885000000002,-949.126534500002,109.54282302809202,10,-100000.0,-103969.99999999999,-10.0,-10.396999999999998,2023,-10.397000000000048,Lossy,60962.0,11282.910771893477,100000.0,0.11282910771893477,-1.0,-1.0396999999999998
103,LONG,2023-05-18 21:00:00+05:30,2023-05-19 09:00:00+05:30,59791,58894.135,2023-05-22 09:00:00+05:30,60276.0,RSI Overbought,485.0,448.9799,111.4995010397331,10,54077.25800427055,50061.03482686926,5.407725800427055,5.0061034826869255,2023,-5.390896517313081,Profitable,60490.0,77938.15122677344,100000.0,0.7793815122677343,0.5407725800427056,0.5006103482686926
104,LONG,2023-06-08 09:00:00+05:30,2023-06-08 13:00:00+05:30,59545,58651.825,2023-06-12 09:00:00+05:30,59790.0,Trailing SL Hit,245.0,209.1995,111.96014218938022,10,27430.234836398155,23422.005765947248,2.7430234836398153,2.342200576594725,2023,-3.048695940718403,Profitable,60116.0,63929.241190136105,100000.0,0.6392924119013611,0.27430234836398154,0.23422005765947249
105,LONG,2023-06-27 21:00:00+05:30,2023-06-28 09:00:00+05:30,58197,57324.045,2023-07-24 17:00:00+05:30,59131.0,Trailing SL Hit,934.0,898.8016,114.5534420445496,10,106992.91486960932,102960.81699514845,10.699291486960933,10.296081699514845,2023,0.0,Profitable,59984.0,204707.00093361014,100000.0,2.0470700093361014,1.0699291486960933,1.0296081699514845
106,LONG,2023-08-10 13:00:00+05:30,2023-08-10 17:00:00+05:30,59050,58164.25,2023-08-22 17:00:00+05:30,58551.0,RSI Overbought,-499.0,-534.2803,112.89867344058707,10,-56336.43804685295,-60319.53711543889,-5.633643804685295,-6.031953711543888,2023,-6.031953711543906,Lossy,59146.0,10838.27265029636,100000.0,0.1083827265029636,-0.5633643804685294,-0.6031953711543888
107,LONG,2023-09-21 21:00:00+05:30,2023-09-22 09:00:00+05:30,58854,57971.19,2023-09-25 13:00:00+05:30,58892.0,RSI Overbought,38.0,2.6762000000000015,113.27465706097604,10,4304.43696831709,303.14563722658426,0.430443696831709,0.030314563722658425,2023,-6.001639147821265,Profitable,58996.0,16085.001302658598,100000.0,0.160850013026586,0.0430443696831709,0.0030314563722658424
108,LONG,2023-09-28 13:00:00+05:30,2023-09-28 17:00:00+05:30,57580,56716.299999999996,2023-10-03 09:00:00+05:30,56716.299999999996,Initial SL Hit,-863.7000000000044,-897.9888900000044,115.78094245687102,10,-100000.0,-103969.99999999999,-10.0,-10.396999999999998,2023,-16.398639147821314,Lossy,58235.0,75836.51730925051,100000.0,0.7583651730925052,-1.0,-1.0396999999999998
109,LONG,2023-10-03 13:00:00+05:30,2023-10-03 17:00:00+05:30,56974,56119.39,2023-10-10 13:00:00+05:30,57570.0,RSI Overbought,596.0,561.6368,117.0124384222042,10,69739.4132996337,65718.49147564381,6.97394132996337,6.5718491475643805,2023,-9.826790000256892,Profitable,57744.0,90099.57758509723,100000.0,0.9009957758509722,0.697394132996337,0.657184914756438
110,LONG,2023-11-13 09:00:00+05:30,2023-11-13 13:00:00+05:30,59724,58828.14,2023-12-08 21:00:00+05:30,61770.0,Trailing SL Hit,2046.0,2009.5518,111.62458419842379,10,228383.89926997508,224315.3841001941,22.838389926997507,22.43153841001941,2023,0.0,Profitable,64063.0,484339.0708369608,100000.0,4.843390708369608,2.2838389926997507,2.243153841001941
111,LONG,2023-12-18 17:00:00+05:30,2023-12-18 21:00:00+05:30,62200,61267.0,2024-01-03 17:00:00+05:30,62585.0,Trailing SL Hit,385.0,347.5645,107.18113612004288,10,41264.73740621651,37252.35798499465,4.126473740621651,3.7252357984994644,2023,0.0,Profitable,63821.0,173740.6216505895,100000.0,1.7374062165058952,0.4126473740621651,0.37252357984994644
112,LONG,2024-05-14 09:00:00+05:30,2024-05-14 13:00:00+05:30,72096,71014.56,2024-05-23 09:00:00+05:30,72320.0,Trailing SL Hit,224.0,180.67520000000002,92.46930019233595,10,20713.123243083253,16706.909306110338,2.0713123243083253,1.6706909306110338,2024,0.0,Profitable,74442.0,216932.97825122013,100000.0,2.1693297825122015,0.20713123243083253,0.16706909306110337
113,LONG,2024-05-24 13:00:00+05:30,2024-05-24 17:00:00+05:30,71665,70590.025,2024-06-07 13:00:00+05:30,72029.0,Trailing SL Hit,364.0,320.8918,93.02541919579475,10,33861.25258726929,29851.09421149313,3.3861252587269295,2.9851094211493128,2024,0.0,Profitable,73516.0,172190.0509314161,100000.0,1.721900509314161,0.33861252587269297,0.2985109421149313
114,LONG,2024-06-10 13:00:00+05:30,2024-06-10 17:00:00+05:30,71188,70120.18,2024-06-13 09:00:00+05:30,71500.0,RSI Overbought,312.0,269.1936,93.64874229739033,10,29218.407596785783,25209.642074506773,2.9218407596785783,2.5209642074506773,2024,0.0,Profitable,72172.0,92150.36242063208,100000.0,0.9215036242063208,0.29218407596785784,0.2520964207450677
