,index,Trade No.,Entry_Date,Exit_Date,Trade_Type,Entry_Price,Previous MA Value,Initial SL,Exit_Price,Exit Remark,PnL,Slippage,PnL w cs,Qty,Profit_Loss INR,ROI%,Trade Year
0,0,0,2018-01-04 13:15:00+05:30,2018-01-04 14:15:00+05:30,Long,33935.6,33884.39518518519,33831.33703703704,33915.0,Trailing SL Hit,-20.599999999998545,6.7850600000000005,-27.385059999998546,23.977833824731796,-656.6344179602748,-0.26265376718410993,2018
1,1,1,2018-01-04 14:45:00+05:30,2018-01-12 12:15:00+05:30,Long,33969.66,33899.263703703706,33850.31444444444,34361.16,Trailing SL Hit,391.5,6.833082000000001,384.666918,20.947575201793686,8057.839192447205,3.223135676978882,2018
2,2,2,2018-01-12 14:15:00+05:30,2018-01-31 09:15:00+05:30,Long,34582.33,34525.375555555554,34470.12962962963,35996.8,Trailing SL Hit,1414.4700000000012,7.057913000000001,1407.412087000001,22.281566377610762,31359.345837142217,12.543738334856886,2018
3,3,3,2018-02-01 09:15:00+05:30,2018-02-01 11:45:00+05:30,Long,36109.63,36052.03259259259,35968.902962962966,35968.902962962966,Initial SL Hit,-140.72703703703155,7.207853296296296,-147.93489033332784,17.764887633796615,-2628.046703889594,-1.0512186815558375,2018
4,4,4,2018-02-01 13:15:00+05:30,2018-02-01 14:45:00+05:30,Long,36198.55,36051.13333333333,35929.36037037037,35929.36037037037,Initial SL Hit,-269.1896296296327,7.212791037037038,-276.40242066666974,9.287133399008166,-2566.9861525401334,-1.0267944610160533,2018
5,5,5,2018-02-15 09:45:00+05:30,2018-02-15 13:15:00+05:30,Long,34390.48,34304.474444444444,34229.72925925926,34338.74,Trailing SL Hit,-51.74000000000524,6.872922000000001,-58.61292200000524,15.55202786923338,-911.5497964412838,-0.36461991857651355,2018
6,6,6,2018-02-16 09:15:00+05:30,2018-02-16 10:15:00+05:30,Long,34409.53,34369.90666666667,34289.37259259259,34321.78,Trailing SL Hit,-87.75,6.873131,-94.623131,20.806041457963858,-1968.732786468345,-0.7874931145873381,2018
7,7,7,2018-02-23 09:15:00+05:30,2018-02-28 09:15:00+05:30,Long,33918.01,33800.79851851852,33744.903333333335,34167.76,Trailing SL Hit,249.75,6.8085770000000005,242.941423,14.441962566433036,3508.5509368019734,1.4034203747207892,2018
8,8,8,2018-03-12 09:15:00+05:30,2018-03-14 11:15:00+05:30,Long,33577.97,33355.52481481481,33286.18148148148,33632.95,Trailing SL Hit,54.979999999995925,6.7210920000000005,48.25890799999593,8.567849114465083,413.47504217281704,0.16539001686912683,2018
9,9,9,2018-03-21 09:45:00+05:30,2018-03-21 11:15:00+05:30,Long,33310.49,33071.55666666667,32987.26296296296,33269.85,Trailing SL Hit,-40.63999999999942,6.658034,-47.29803399999942,7.73450149132643,-365.8267145098037,-0.14633068580392147,2018
10,10,10,2018-03-26 14:15:00+05:30,2018-03-28 09:15:00+05:30,Long,32971.03,32733.60814814815,32637.24407407407,33018.32,Trailing SL Hit,47.29000000000087,6.598935000000001,40.691065000000876,7.489830474622198,304.76917868183926,0.1219076714727357,2018
11,11,11,2018-04-02 13:15:00+05:30,2018-04-04 13:15:00+05:30,Long,33191.95,33113.22148148148,33038.42444444445,33038.42444444445,Initial SL Hit,-153.52555555554864,6.623037444444445,-160.14859299999307,16.283933908940977,-2607.8491040217746,-1.0431396416087098,2018
12,12,12,2018-04-05 09:15:00+05:30,2018-04-25 13:45:00+05:30,Long,33360.13,33306.107407407406,33229.13925925926,34468.06,Trailing SL Hit,1107.9300000000003,6.782819000000001,1101.1471810000003,19.085318442073035,21015.74460097604,8.406297840390415,2018
13,13,13,2018-04-26 14:45:00+05:30,2018-05-04 09:45:00+05:30,Long,34725.05,34590.154814814814,34527.984814814816,34989.63,Trailing SL Hit,264.57999999999447,6.971468,257.60853199999445,12.686157616580964,3268.0624403279708,1.3072249761311883,2018
14,14,14,2018-05-07 12:45:00+05:30,2018-05-16 09:15:00+05:30,Long,35141.49,35049.87962962963,34984.415925925925,35281.3,Trailing SL Hit,139.81000000000495,7.0422790000000015,132.76772100000494,15.916057533600675,2113.138686041121,0.8452554744164485,2018
15,15,15,2018-05-25 09:15:00+05:30,2018-05-29 15:15:00+05:30,Long,34800.33,34588.77370370371,34512.97851851852,34947.69,Trailing SL Hit,147.36000000000058,6.974802,140.38519800000057,8.700146549135118,1221.3717959293551,0.4885487183717421,2018
16,16,16,2018-05-31 11:15:00+05:30,2018-06-04 13:45:00+05:30,Long,35037.74,34999.25111111111,34909.614074074074,35064.71,Trailing SL Hit,26.970000000001164,7.010245,19.959755000001163,19.512054113430352,389.4558196508347,0.15578232786033389,2018
17,17,17,2018-06-06 11:15:00+05:30,2018-06-06 14:15:00+05:30,Long,35101.3,35058.86740740741,34969.41259259259,35048.88,Trailing SL Hit,-52.42000000000553,7.0150179999999995,-59.43501800000553,18.95556254493105,-1126.6242010582075,-0.450649680423283,2018
18,18,18,2018-06-06 14:45:00+05:30,2018-06-14 09:45:00+05:30,Long,35170.03,35035.43851851852,34953.40296296296,35550.71,Trailing SL Hit,380.6800000000003,7.072074,373.6079260000003,11.540572378195497,4311.6493110705105,1.724659724428204,2018
19,19,19,2018-06-20 12:45:00+05:30,2018-06-20 13:45:00+05:30,Long,35507.32,35468.63296296296,35401.624074074076,35486.94,Trailing SL Hit,-20.37999999999738,7.099426000000001,-27.479425999997382,23.652756509764682,-649.964172206035,-0.259985668882414,2018
20,20,20,2018-06-20 14:15:00+05:30,2018-06-21 11:15:00+05:30,Long,35511.29,35458.44666666667,35392.34925925926,35499.98,Trailing SL Hit,-11.309999999997672,7.101127000000001,-18.411126999997673,21.01887027464642,-386.9810900229912,-0.15479243600919648,2018
21,21,21,2018-06-21 12:15:00+05:30,2018-06-21 14:15:00+05:30,Long,35534.63,35474.362592592595,35420.42222222222,35461.0,Trailing SL Hit,-73.62999999999738,7.099563000000001,-80.72956299999738,21.889927714594975,-1767.1642985007838,-0.7068657194003136,2018
22,22,22,2018-06-22 14:15:00+05:30,2018-06-25 14:15:00+05:30,Long,35589.92,35524.682222222225,35462.468148148146,35494.63,Trailing SL Hit,-95.29000000000087,7.108454999999999,-102.39845500000087,19.61525049401361,-2008.5713450249973,-0.8034285380099989,2018
23,23,23,2018-06-29 13:15:00+05:30,2018-07-02 09:15:00+05:30,Long,35375.12,35237.55111111111,35153.22666666666,35301.92,Trailing SL Hit,-73.20000000000437,7.067704000000001,-80.26770400000437,11.266674678523842,-904.3501081600962,-0.36174004326403847,2018
24,24,24,2018-07-03 10:45:00+05:30,2018-07-04 09:15:00+05:30,Long,35381.71,35318.76962962963,35243.66444444444,35329.41,Trailing SL Hit,-52.299999999995634,7.071112,-59.371111999995634,18.109963699583293,-1075.208683123815,-0.430083473249526,2018
25,25,25,2018-07-04 10:15:00+05:30,2018-07-16 14:45:00+05:30,Long,35394.84,35336.02814814815,35264.24555555555,36333.66,Trailing SL Hit,938.820000000007,7.17285,931.647150000007,19.143233930318296,17834.739332964473,7.133895733185789,2018
26,26,26,2018-07-17 14:15:00+05:30,2018-07-18 12:15:00+05:30,Long,36530.56,36486.19222222223,36408.514814814815,36408.514814814815,Initial SL Hit,-122.04518518518307,7.293907481481481,-129.33909266666456,20.48421653182524,-2649.4099802137666,-1.0597639920855066,2018
27,27,27,2018-07-20 11:45:00+05:30,2018-08-02 09:15:00+05:30,Long,36545.55,36479.68740740741,36383.51777777778,37294.67,Trailing SL Hit,749.1199999999953,7.384022000000001,741.7359779999954,15.429029891173746,11444.266575920921,4.577706630368369,2018
28,28,28,2018-08-03 13:15:00+05:30,2018-08-13 09:15:00+05:30,Long,37490.89,37416.54666666667,37337.861851851856,37590.87,Trailing SL Hit,99.9800000000032,7.5081760000000015,92.4718240000032,16.33686370941248,1510.6995856488302,0.604279834259532,2018
29,29,29,2018-08-14 12:15:00+05:30,2018-08-16 09:15:00+05:30,Long,37900.99,37806.3562962963,37737.69296296296,37737.69296296296,Initial SL Hit,-163.29703703703854,7.563868296296295,-170.86090533333484,15.309524565549573,-2615.7992274927296,-1.0463196909970918,2018
30,30,30,2018-08-16 09:45:00+05:30,2018-08-16 12:45:00+05:30,Long,37838.79,37792.27481481482,37732.46444444445,37758.8,Trailing SL Hit,-79.98999999999796,7.559759,-87.54975899999796,23.512691628437658,-2058.5304855109866,-0.8234121942043947,2018
31,31,31,2018-08-17 09:15:00+05:30,2018-08-30 12:45:00+05:30,Long,37921.86,37838.20296296296,37778.07777777778,38614.74,Trailing SL Hit,692.8799999999974,7.653660000000001,685.2263399999974,17.387406880776275,11914.309179005098,4.765723671602039,2018
32,32,32,2018-09-03 09:15:00+05:30,2018-09-03 13:45:00+05:30,Long,38773.97,38697.55925925926,38622.728888888894,38622.728888888894,Initial SL Hit,-151.24111111110687,7.739669888888891,-158.98078099999577,16.52989707384135,-2627.9359466488427,-1.0511743786595371,2018
33,33,33,2018-09-07 10:15:00+05:30,2018-09-07 11:45:00+05:30,Long,38279.34,38122.83925925926,38015.75814814815,38271.09,Trailing SL Hit,-8.25,7.655043,-15.905043,9.484719765172459,-150.85487570801786,-0.060341950283207144,2018
34,34,34,2018-09-07 12:45:00+05:30,2018-09-10 09:15:00+05:30,Long,38350.88,38150.73074074074,38057.829629629625,38212.27,Trailing SL Hit,-138.61000000000058,7.656315,-146.2663150000006,8.530956629880276,-1247.7915896774118,-0.4991166358709647,2018
35,35,35,2018-09-14 09:15:00+05:30,2018-09-17 09:15:00+05:30,Long,37908.31,37720.271111111106,37606.45888888888,37763.79,Trailing SL Hit,-144.5199999999968,7.567210000000001,-152.0872099999968,8.282228913445087,-1259.621088027168,-0.5038484352108672,2018
36,36,36,2018-10-01 14:45:00+05:30,2018-10-03 09:15:00+05:30,Long,36524.74,36336.95481481482,36188.857777777775,36258.83,Trailing SL Hit,-265.9099999999962,7.278357000000001,-273.18835699999624,7.44308520843946,-2033.3642191045508,-0.8133456876418202,2018
37,37,37,2018-10-03 11:45:00+05:30,2018-10-03 12:15:00+05:30,Long,36457.13,36341.82074074074,36189.07481481481,36364.56,Trailing SL Hit,-92.56999999999971,7.282169000000001,-99.8521689999997,9.326437756736109,-931.2650390535921,-0.3725060156214368,2018
38,38,38,2018-10-12 09:45:00+05:30,2018-10-15 10:45:00+05:30,Long,34683.64,34425.02185185185,34296.06296296296,34594.35,Trailing SL Hit,-89.29000000000087,6.927798999999999,-96.21779900000087,6.450330543605184,-620.6366077281699,-0.24825464309126796,2018
39,39,39,2018-10-15 11:45:00+05:30,2018-10-17 14:45:00+05:30,Long,34696.63,34535.880370370374,34434.135925925926,34791.44,Trailing SL Hit,94.81000000000495,6.948807000000001,87.86119300000495,9.524024528243421,836.7921572127763,0.3347168628851105,2018
40,40,40,2018-10-29 13:15:00+05:30,2018-10-29 13:45:00+05:30,Long,33876.05,33646.32555555556,33517.60962962963,33810.49,Trailing SL Hit,-65.56000000000495,6.7686540000000015,-72.32865400000495,6.974660798996444,-504.46782769801183,-0.20178713107920473,2018
41,41,41,2018-10-29 14:45:00+05:30,2018-10-30 14:15:00+05:30,Long,34073.05,33656.618888888894,33526.653703703705,33814.85,Trailing SL Hit,-258.20000000000437,6.78879,-264.98879000000437,4.57543364943365,-1212.438626488727,-0.48497545059549085,2018
42,42,42,2018-10-31 12:15:00+05:30,2018-11-12 14:45:00+05:30,Long,34006.62,33971.986296296294,33849.68407407407,34836.41,Trailing SL Hit,829.7900000000009,6.884303,822.9056970000008,15.930068180691498,13108.943859489473,5.243577543795789,2018
43,43,43,2018-11-13 14:45:00+05:30,2018-11-21 09:15:00+05:30,Long,35161.63,35038.96333333333,34945.25925925926,35326.13,Trailing SL Hit,164.5,7.048776,157.451224,11.55424246107109,1819.2296178884153,0.7276918471553661,2018
44,44,44,2018-11-26 13:45:00+05:30,2018-12-05 09:15:00+05:30,Long,35252.7,35196.1225925926,35106.99296296296,35913.0,Trailing SL Hit,660.3000000000029,7.11657,653.1834300000029,17.157716269836495,11207.135964098657,4.482854385639462,2018
45,45,45,2018-12-12 09:15:00+05:30,2018-12-21 10:15:00+05:30,Long,35438.14,35088.10111111111,34940.6037037037,36091.93,Trailing SL Hit,653.7900000000009,7.1530070000000014,646.6369930000009,5.02475903488894,3249.195072870171,1.2996780291480683,2018
46,46,46,2018-12-27 09:15:00+05:30,2018-12-27 15:15:00+05:30,Long,35908.76,35560.862222222226,35447.380740740744,35808.24,Trailing SL Hit,-100.52000000000407,7.1717,-107.69170000000408,5.418535727014986,-583.5313239530019,-0.23341252958120076,2018
47,47,47,2018-12-28 09:15:00+05:30,2019-01-01 09:45:00+05:30,Long,36147.28,35656.89888888889,35565.72703703704,35954.37,Trailing SL Hit,-192.90999999999622,7.210165,-200.1201649999962,4.298834601861067,-860.2834898321297,-0.3441133959328519,2018
48,48,48,2019-01-01 14:15:00+05:30,2019-01-02 12:15:00+05:30,Long,36161.97,36098.74555555556,36022.42518518519,36022.42518518519,Initial SL Hit,-139.54481481481344,7.218439518518519,-146.76325433333196,17.915391577377417,-2629.321170551875,-1.0517284682207502,2019
49,49,49,2019-01-07 09:15:00+05:30,2019-01-08 09:15:00+05:30,Long,35947.4,35715.85037037037,35610.364074074074,35802.19,Trailing SL Hit,-145.20999999999913,7.174959,-152.38495899999913,7.417606871231407,-1130.3317189507097,-0.4521326875802839,2019
50,50,50,2019-01-08 09:45:00+05:30,2019-01-08 11:15:00+05:30,Long,35931.18,35831.53814814815,35738.81185185185,35830.7,Trailing SL Hit,-100.4800000000032,7.176188000000001,-107.6561880000032,12.995914469554972,-1399.0906113663718,-0.5596362445465487,2019
51,51,51,2019-01-08 13:45:00+05:30,2019-01-11 11:15:00+05:30,Long,35982.36,35913.47185185185,35833.287407407406,35978.45,Trailing SL Hit,-3.9100000000034925,7.196081,-11.106081000003492,16.77035299729666,-186.25289878662804,-0.07450115951465121,2019
52,52,52,2019-01-15 09:15:00+05:30,2019-01-22 11:15:00+05:30,Long,36133.82,35951.18481481481,35865.63703703704,36367.66,Trailing SL Hit,233.84000000000378,7.250148000000001,226.5898520000038,9.321994105737847,2112.2692647640465,0.8449077059056186,2019
53,53,53,2019-01-25 09:15:00+05:30,2019-01-25 13:15:00+05:30,Long,36425.88,36303.26259259259,36210.41851851851,36300.0,Trailing SL Hit,-125.87999999999738,7.272588000000001,-133.1525879999974,11.60300199743512,-1544.9697445276254,-0.6179878978110501,2019
54,54,54,2019-01-31 10:15:00+05:30,2019-02-08 12:45:00+05:30,Long,35922.16,35658.94666666666,35565.45481481482,36631.66,Trailing SL Hit,709.5,7.255382000000001,702.244618,7.008588895903219,4921.743831922598,1.968697532769039,2019
55,55,55,2019-02-20 14:45:00+05:30,2019-02-21 09:45:00+05:30,Long,35758.17,35630.36222222222,35542.89037037037,35743.23,Trailing SL Hit,-14.939999999995052,7.1501399999999995,-22.090139999995053,11.61280333072406,-256.52845136810333,-0.10261138054724134,2019
56,56,56,2019-02-21 10:15:00+05:30,2019-02-26 09:15:00+05:30,Long,35761.3,35661.22037037037,35573.816296296296,35865.98,Trailing SL Hit,104.68000000000029,7.162728,97.51727200000029,13.334492281798095,1300.3433108260094,0.5201373243304037,2019
57,57,57,2019-02-26 12:15:00+05:30,2019-02-27 11:45:00+05:30,Long,36103.69,35991.41777777778,35924.724444444444,35924.724444444444,Initial SL Hit,-178.96555555555824,7.202841444444444,-186.16839700000267,13.969168493005894,-2600.61770576585,-1.04024708230634,2019
58,58,58,2019-03-01 09:15:00+05:30,2019-03-05 09:15:00+05:30,Long,36085.69,36048.874444444446,35938.444074074076,35938.444074074076,Initial SL Hit,-147.2459259259267,7.202413407407407,-154.44833933333413,16.978398446539334,-2622.2854446076603,-1.0489141778430642,2019
59,59,59,2019-03-05 10:15:00+05:30,2019-03-25 09:15:00+05:30,Long,36113.18,36030.979999999996,35961.525185185186,37787.84,Trailing SL Hit,1674.6599999999962,7.390102,1667.2698979999961,16.484804673381156,27484.61860633806,10.993847442535223,2019
60,60,60,2019-03-26 13:45:00+05:30,2019-03-27 15:15:00+05:30,Long,38000.46,37937.57481481481,37847.18777777778,38093.34,Trailing SL Hit,92.87999999999738,7.609379999999999,85.27061999999738,16.310848526586717,1390.8361665880932,0.5563344666352373,2019
61,61,61,2019-03-28 09:15:00+05:30,2019-04-04 10:15:00+05:30,Long,38251.26,38178.95444444445,38088.75555555556,38807.32,Trailing SL Hit,556.0599999999977,7.705858000000001,548.3541419999976,15.38419462031822,8435.986841385577,3.3743947365542306,2019
62,62,62,2019-04-05 15:15:00+05:30,2019-04-08 11:45:00+05:30,Long,38924.28,38851.066296296296,38759.24481481482,38759.24481481482,Initial SL Hit,-165.03518518518104,7.768352481481482,-172.80353766666252,15.148284877523693,-2617.6772164185,-1.0470708865673999,2019
63,63,63,2019-04-09 14:45:00+05:30,2019-04-10 13:15:00+05:30,Long,38951.65,38800.04481481481,38707.80222222222,38707.80222222222,Initial SL Hit,-243.84777777778072,7.765945222222223,-251.61372300000295,10.252297653818516,-2579.6187819814722,-1.031847512792589,2019
64,64,64,2019-04-12 13:45:00+05:30,2019-04-22 09:15:00+05:30,Long,38745.35,38649.04962962963,38568.26888888889,38850.66,Trailing SL Hit,105.31000000000495,7.759601000000002,97.55039900000494,14.117824223676568,1377.1993860315843,0.5508797544126337,2019
65,65,65,2019-04-24 13:45:00+05:30,2019-04-25 14:45:00+05:30,Long,38816.63,38737.57962962963,38645.625185185185,38694.43,Trailing SL Hit,-122.19999999999709,7.751106,-129.95110599999708,14.619471403231204,-1899.8164779852243,-0.7599265911940898,2019
66,66,66,2019-04-26 14:45:00+05:30,2019-04-30 09:15:00+05:30,Long,39077.1,39022.23148148148,38925.851481481484,38925.851481481484,Initial SL Hit,-151.24851851851417,7.800295148148149,-159.0488136666623,16.52908752090671,-2628.9317611926444,-1.0515727044770578,2019
67,67,67,2019-04-30 14:45:00+05:30,2019-05-03 14:45:00+05:30,Long,39031.46,38934.39703703704,38830.631481481476,38938.68,Trailing SL Hit,-92.77999999999884,7.797014,-100.57701399999884,12.448431221034054,-1252.0260411959648,-0.5008104164783859,2019
68,68,68,2019-05-16 15:15:00+05:30,2019-05-23 14:45:00+05:30,Long,37470.91,37364.15629629629,37252.54740740741,38743.13,Trailing SL Hit,1272.219999999994,7.621404000000001,1264.598595999994,11.448847397888859,14478.196345188435,5.791278538075374,2019
69,69,69,2019-05-24 14:45:00+05:30,2019-06-06 11:45:00+05:30,Long,39424.15,39382.92888888889,39177.880370370374,39853.12,Trailing SL Hit,428.97000000000116,7.927727000000001,421.04227300000116,10.151475046922476,4274.200128059033,1.709680051223613,2019
70,70,70,2019-06-10 09:15:00+05:30,2019-06-10 11:15:00+05:30,Long,39863.46,39731.28185185185,39603.70259259259,39707.96,Trailing SL Hit,-155.5,7.957142,-163.457142,9.624364613706526,-1573.1711333224027,-0.6292684533289611,2019
71,71,71,2019-06-10 13:15:00+05:30,2019-06-10 13:45:00+05:30,Long,39765.66,39680.23333333334,39558.171851851854,39641.07,Trailing SL Hit,-124.59000000000378,7.940673000000001,-132.5306730000038,12.048880971336065,-1596.846304028108,-0.6387385216112432,2019
72,72,72,2019-06-10 14:45:00+05:30,2019-06-12 09:15:00+05:30,Long,39776.17,39681.15851851852,39568.64407407408,39801.58,Trailing SL Hit,25.410000000003492,7.957775000000001,17.45222500000349,12.046687607082111,210.24150262355064,0.08409660104942027,2019
73,73,73,2019-06-19 09:45:00+05:30,2019-06-19 10:15:00+05:30,Long,39366.88,39171.75518518518,39067.00925925926,39341.03,Trailing SL Hit,-25.849999999998545,7.8707910000000005,-33.72079099999854,8.336925416012749,-281.12771953594176,-0.11245108781437671,2019
74,74,74,2019-06-20 12:15:00+05:30,2019-06-20 12:45:00+05:30,Long,39339.67,39217.20962962963,39108.94777777777,39286.1,Trailing SL Hit,-53.56999999999971,7.862576999999999,-61.43257699999971,10.835540573079511,-665.6551805923281,-0.26626207223693127,2019
75,75,75,2019-06-20 13:15:00+05:30,2019-06-21 13:45:00+05:30,Long,39331.51,39232.34370370371,39121.93037037036,39220.88,Trailing SL Hit,-110.63000000000466,7.855239,-118.48523900000465,11.928640223374279,-1413.3677878115702,-0.5653471151246281,2019
76,76,76,2019-06-25 12:45:00+05:30,2019-06-28 12:15:00+05:30,Long,39268.87,39226.42555555556,39130.47925925926,39447.75,Trailing SL Hit,178.87999999999738,7.871662,171.0083379999974,18.064792388700123,3089.230122706611,1.2356920490826442,2019
77,77,77,2019-07-01 10:45:00+05:30,2019-07-02 10:45:00+05:30,Long,39683.38,39635.77296296296,39544.32,39544.32,Initial SL Hit,-139.05999999999767,7.92277,-146.98276999999769,17.977851287214452,-2642.4343808428043,-1.0569737523371217,2019
78,78,78,2019-07-02 12:45:00+05:30,2019-07-05 12:45:00+05:30,Long,39683.34,39630.138148148144,39563.51111111111,39621.46,Trailing SL Hit,-61.87999999999738,7.930479999999999,-69.81047999999738,20.863082543627602,-1456.4618066502092,-0.5825847226600837,2019
79,79,79,2019-07-12 12:45:00+05:30,2019-07-12 14:15:00+05:30,Long,38936.67,38767.75592592593,38702.828888888886,38836.89,Trailing SL Hit,-99.77999999999884,7.777356,-107.55735599999883,10.691020018340966,-1149.8978461158133,-0.4599591384463253,2019
80,80,80,2019-07-16 09:15:00+05:30,2019-07-18 13:45:00+05:30,Long,39006.57,38879.909259259264,38792.649999999994,39044.95,Trailing SL Hit,38.37999999999738,7.805152,30.57484799999738,11.686611817501568,357.31637995508356,0.1429265519820334,2019
81,81,81,2019-08-06 13:45:00+05:30,2019-08-06 14:45:00+05:30,Long,37160.31,36871.95814814815,36730.45074074074,36995.03,Trailing SL Hit,-165.27999999999884,7.415534,-172.69553399999884,5.815857041925839,-1004.3725375230365,-0.40174901500921456,2019
82,82,82,2019-08-08 14:15:00+05:30,2019-08-13 14:15:00+05:30,Long,37175.95,36966.556296296294,36827.554814814815,37089.69,Trailing SL Hit,-86.25999999999476,7.426564,-93.68656399999476,7.175759328221432,-672.2722355519766,-0.2689088942207907,2019
83,83,83,2019-08-16 12:45:00+05:30,2019-08-20 09:45:00+05:30,Long,37390.77,37328.847037037034,37188.909259259264,37262.6,Trailing SL Hit,-128.16999999999825,7.465337,-135.63533699999826,12.384775716299233,-1679.8132279496413,-0.6719252911798566,2019
84,84,84,2019-08-26 11:15:00+05:30,2019-08-28 13:45:00+05:30,Long,36950.67,36728.415555555555,36560.317407407405,37270.62,Trailing SL Hit,319.95000000000437,7.422129000000001,312.5278710000044,6.4044662375516035,2001.574198113411,0.8006296792453644,2019
85,85,85,2019-08-30 14:45:00+05:30,2019-09-03 09:15:00+05:30,Long,37315.73,37216.40777777778,37075.92925925926,37075.92925925926,Initial SL Hit,-239.80074074074219,7.439165925925927,-247.2399066666681,10.425322258294633,-2577.555702110703,-1.0310222808442813,2019
86,86,86,2019-09-06 11:15:00+05:30,2019-09-12 14:45:00+05:30,Long,36881.27,36739.602222222224,36649.112222222226,37085.87,Trailing SL Hit,204.60000000000582,7.396714,197.20328600000582,10.76853863751694,2123.5912047363663,0.8494364818945466,2019
87,87,87,2019-09-13 14:45:00+05:30,2019-09-16 09:15:00+05:30,Long,37388.17,37261.51925925926,37168.19222222222,37168.19222222222,Initial SL Hit,-219.9777777777781,7.455636222222222,-227.4334140000003,11.364784321648635,-2584.7316976462266,-1.0338926790584906,2019
88,88,88,2019-09-20 10:45:00+05:30,2019-09-30 09:15:00+05:30,Long,37314.6,36402.56111111111,36287.874074074076,38518.24,Trailing SL Hit,1203.6399999999994,7.583284,1196.0567159999994,2.434924391088545,2912.3076709136635,1.1649230683654654,2019
89,89,89,2019-10-01 11:15:00+05:30,2019-10-01 12:15:00+05:30,Long,38830.25,38769.775555555556,38636.31407407407,38636.31407407407,Initial SL Hit,-193.93592592592904,7.746656407407407,-201.68258233333646,12.890855513561927,-2599.8610284610977,-1.0399444113844392,2019
90,90,90,2019-10-09 14:15:00+05:30,2019-10-10 10:45:00+05:30,Long,38063.53,37801.445555555554,37679.03296296296,38017.44,Trailing SL Hit,-46.08999999999651,7.608097000000001,-53.69809699999651,6.502000689693727,-349.14506372921795,-0.13965802549168718,2019
91,91,91,2019-10-11 09:15:00+05:30,2019-10-11 10:15:00+05:30,Long,38266.05,37912.53666666667,37818.765555555554,37983.02,Trailing SL Hit,-283.0300000000061,7.624907000000001,-290.6549070000061,5.589284472222441,-1624.5529584703918,-0.6498211833881568,2019
92,92,92,2019-10-11 13:45:00+05:30,2019-10-24 13:15:00+05:30,Long,38145.44,38057.2725925926,37928.75111111111,38900.91,Trailing SL Hit,755.4700000000012,7.704635000000001,747.7653650000011,11.537278227873824,8627.177065172637,3.4508708260690546,2019
93,93,93,2019-10-25 14:15:00+05:30,2019-11-06 09:45:00+05:30,Long,39142.96,39079.300740740735,38942.76111111111,40076.1,Trailing SL Hit,933.1399999999994,7.921906,925.2180939999994,12.487581793660793,11553.736625799933,4.621494650319973,2019
94,94,94,2019-11-06 11:15:00+05:30,2019-11-08 14:45:00+05:30,Long,40373.66,40291.26222222223,40184.01296296297,40338.5,Trailing SL Hit,-35.16000000000349,8.071216000000002,-43.23121600000349,13.182383648376025,-569.890474897858,-0.2279561899591432,2019
95,95,95,2019-11-15 09:15:00+05:30,2019-11-15 14:45:00+05:30,Long,40491.32,40294.251851851855,40199.979629629626,40344.58,Trailing SL Hit,-146.73999999999796,8.08359,-154.82358999999795,8.581028426722376,-1328.5456269171927,-0.5314182507668771,2019
96,96,96,2019-11-19 12:15:00+05:30,2019-11-19 14:45:00+05:30,Long,40474.32,40428.33074074074,40340.89962962963,40340.89962962963,Initial SL Hit,-133.4203703703679,8.081521962962963,-141.50189233333086,18.737768401182908,-2651.429686871073,-1.0605718747484292,2019
97,97,97,2019-11-19 15:15:00+05:30,2019-11-22 09:15:00+05:30,Long,40538.4,40408.68814814814,40326.06222222222,40510.01,Trailing SL Hit,-28.389999999999418,8.104841,-36.49484099999942,11.773693904889434,-429.6790870416022,-0.17187163481664086,2019
98,98,98,2019-11-25 10:15:00+05:30,2019-11-29 10:15:00+05:30,Long,40645.4,40550.00518518518,40466.91037037037,40852.26,Trailing SL Hit,206.86000000000058,8.149766000000001,198.71023400000058,14.006415976029418,2783.218196098152,1.113287278439261,2019
99,99,99,2019-12-04 14:45:00+05:30,2019-12-05 14:15:00+05:30,Long,40853.68,40709.7374074074,40619.76296296297,40771.83,Trailing SL Hit,-81.84999999999854,8.162551,-90.01255099999855,10.687549875232895,-962.0136282094292,-0.38480545128377164,2019
100,100,100,2019-12-12 09:15:00+05:30,2019-12-24 14:15:00+05:30,Long,40597.86,40384.77333333333,40295.85407407408,41502.85,Trailing SL Hit,904.989999999998,8.210071,896.779928999998,8.27798326253115,7423.529242435856,2.9694116969743423,2019
101,101,101,2019-12-27 13:15:00+05:30,2019-12-27 14:15:00+05:30,Long,41508.67,41440.96481481482,41375.80666666667,41442.6,Trailing SL Hit,-66.06999999999971,8.295126999999999,-74.3651269999997,18.816327554630924,-1399.2785882737226,-0.559711435309489,2019
102,102,102,2019-12-27 14:45:00+05:30,2019-12-30 12:15:00+05:30,Long,41557.52,41431.80888888889,41365.502592592595,41465.93,Trailing SL Hit,-91.58999999999651,8.302345,-99.89234499999651,13.019652924985945,-1300.5636617629098,-0.520225464705164,2019
103,103,103,2019-12-30 12:45:00+05:30,2019-12-31 09:15:00+05:30,Long,41539.25,41484.79666666667,41416.15222222222,41416.15222222222,Initial SL Hit,-123.09777777778072,8.295540222222222,-131.39331800000295,20.309058742823648,-2668.4746136765675,-1.067389845470627,2019
104,104,104,2020-01-02 10:15:00+05:30,2020-01-03 11:45:00+05:30,Long,41463.58,41393.36666666666,41326.37962962963,41443.87,Trailing SL Hit,-19.709999999999127,8.290745000000001,-28.000744999999128,18.22152515515243,-510.2162793804928,-0.2040865117521971,2020
105,105,105,2020-01-09 09:15:00+05:30,2020-01-20 10:15:00+05:30,Long,41251.43,40879.44259259259,40783.27185185185,41739.14,Trailing SL Hit,487.7099999999991,8.299057000000001,479.4109429999991,5.340075805342767,2560.090777530856,1.0240363110123425,2020
106,106,106,2020-01-24 09:15:00+05:30,2020-01-27 09:15:00+05:30,Long,41486.6,41305.694074074076,41221.34666666667,41455.85,Trailing SL Hit,-30.75,8.294245,-39.044245000000004,9.42495224690885,-367.9901446416097,-0.14719605785664386,2020
107,107,107,2020-02-04 10:45:00+05:30,2020-02-10 09:45:00+05:30,Long,40558.17,40228.637777777774,40014.09592592592,40901.69,Trailing SL Hit,343.5200000000041,8.145986,335.3740140000041,4.594962559564277,1541.0310377808046,0.6164124151123218,2020
108,108,108,2020-02-11 09:15:00+05:30,2020-02-14 10:45:00+05:30,Long,41348.63,41098.01,41009.94,41269.56,Trailing SL Hit,-79.06999999999971,8.261819000000001,-87.33181899999971,7.38138120405101,-644.6294472821827,-0.2578517789128731,2020
109,109,109,2020-02-19 09:15:00+05:30,2020-02-20 14:45:00+05:30,Long,41208.65,41015.27222222223,40921.41814814814,41177.62,Trailing SL Hit,-31.029999999998836,8.238627000000001,-39.26862699999884,8.703770086366982,-341.78510101529264,-0.13671404040611704,2020
110,110,110,2020-03-05 11:15:00+05:30,2020-03-05 11:45:00+05:30,Long,38854.94,38518.10444444445,38334.85296296296,38819.44,Trailing SL Hit,-35.5,7.767438000000001,-43.267438,4.806887736027067,-207.9817170915115,-0.0831926868366046,2020
111,111,111,2020-03-25 13:15:00+05:30,2020-03-30 11:45:00+05:30,Long,28398.4,26918.27407407407,26524.13074074074,28991.43,Trailing SL Hit,593.0299999999988,5.738983,587.2910169999989,1.3338531737900012,783.359986963806,0.3133439947855224,2020
112,112,112,2020-03-31 13:45:00+05:30,2020-04-01 09:15:00+05:30,Long,29515.82,29351.888148148148,29047.477777777778,29047.477777777778,Initial SL Hit,-468.3422222222216,5.856329777777778,-474.1985519999994,5.33797697789841,-2531.2609535287584,-1.0125043814115033,2020
113,113,113,2020-04-07 09:15:00+05:30,2020-04-16 09:15:00+05:30,Long,28892.0,28302.956296296295,28040.22407407407,30329.54,Trailing SL Hit,1437.5400000000009,5.922154000000001,1431.6178460000008,2.9350442104622254,4201.861670496704,1.6807446681986817,2020
114,114,114,2020-04-17 09:15:00+05:30,2020-04-21 09:15:00+05:30,Long,31606.03,30909.855185185184,30728.429629629627,30728.429629629627,Initial SL Hit,-877.6003703703718,6.233445962962962,-883.8338163333348,2.8486770110921107,-2517.7570742145776,-1.007102829685831,2020
115,115,115,2020-04-22 12:15:00+05:30,2020-04-24 14:45:00+05:30,Long,31198.92,31096.242222222223,30910.908888888887,31292.89,Trailing SL Hit,93.97000000000116,6.249181,87.72081900000117,8.680220670498828,761.4360663168965,0.3045744265267586,2020
116,116,116,2020-04-27 09:15:00+05:30,2020-05-04 09:15:00+05:30,Long,31945.18,31674.49962962963,31522.54259259259,32177.88,Trailing SL Hit,232.70000000000073,6.412306,226.28769400000073,5.915235982862402,1338.5451100277608,0.5354180440111043,2020
117,117,117,2020-05-08 09:15:00+05:30,2020-05-08 09:45:00+05:30,Long,31903.25,31690.984074074073,31507.802962962964,31834.36,Trailing SL Hit,-68.88999999999942,6.373761,-75.26376099999942,6.321959114251393,-475.81441982678484,-0.19032576793071396,2020
118,118,118,2020-05-08 10:15:00+05:30,2020-05-08 13:45:00+05:30,Long,31956.58,31727.17925925926,31555.63074074074,31797.54,Trailing SL Hit,-159.04000000000087,6.375412000000001,-165.41541200000088,6.2352029396903115,-1031.3986631724895,-0.4125594652689958,2020
119,119,119,2020-05-11 09:15:00+05:30,2020-05-11 11:15:00+05:30,Long,32237.52,31741.444074074072,31615.704444444444,31856.72,Trailing SL Hit,-380.7999999999993,6.4094240000000005,-387.2094239999993,4.020484816862441,-1556.7696101380486,-0.6227078440552194,2020
120,120,120,2020-05-11 11:45:00+05:30,2020-05-11 13:45:00+05:30,Long,31931.72,31833.82259259259,31709.671851851854,31762.74,Trailing SL Hit,-168.97999999999956,6.369446000000001,-175.34944599999957,11.258819408536723,-1974.2277459009574,-0.789691098360383,2020
121,121,121,2020-05-13 09:15:00+05:30,2020-05-14 09:15:00+05:30,Long,32025.12,31590.097407407407,31438.517777777783,31421.67,Gap,-603.4500000000007,6.344678999999999,-609.7946790000008,4.261831792128723,-2598.842349633133,-1.0395369398532532,2020
122,122,122,2020-05-20 14:15:00+05:30,2020-05-22 09:45:00+05:30,Long,30795.47,30477.931111111113,30321.627407407406,30814.02,Trailing SL Hit,18.549999999999272,6.1609490000000005,12.389050999999272,5.276013678553956,65.36480254029873,0.02614592101611949,2020
123,123,123,2020-05-26 09:15:00+05:30,2020-05-26 11:15:00+05:30,Long,31015.93,30919.38333333333,30768.280000000002,30768.280000000002,Initial SL Hit,-247.64999999999782,6.178421000000001,-253.82842099999783,10.094891984655852,-2562.3704926307296,-1.0249481970522918,2020
124,124,124,2020-05-27 10:15:00+05:30,2020-06-09 14:15:00+05:30,Long,30850.58,30796.627777777776,30636.96222222222,33943.05,Trailing SL Hit,3092.470000000001,6.479363000000001,3085.9906370000012,11.703145805592358,36115.79837950385,14.446319351801542,2020
125,125,125,2020-06-12 14:45:00+05:30,2020-06-12 15:15:00+05:30,Long,33787.94,33660.514814814815,33453.42259259259,33720.31,Trailing SL Hit,-67.63000000000466,6.750825000000001,-74.38082500000466,7.473452635471509,-555.8815726248299,-0.22235262904993197,2020
126,126,126,2020-06-16 09:15:00+05:30,2020-06-16 12:15:00+05:30,Long,33857.17,33290.75555555555,33090.73851851852,33607.77,Trailing SL Hit,-249.40000000000146,6.746494,-256.14649400000144,3.26187018723136,-835.516612342441,-0.33420664493697644,2020
127,127,127,2020-06-16 14:45:00+05:30,2020-06-16 15:15:00+05:30,Long,33614.17,33537.02777777778,33332.00962962963,33551.81,Trailing SL Hit,-62.36000000000058,6.716598,-69.07659800000059,8.8602095209844,-612.0331312768171,-0.24481325251072686,2020
128,128,128,2020-06-17 09:15:00+05:30,2020-06-17 10:15:00+05:30,Long,33626.83,33530.63407407407,33317.13,33456.44,Trailing SL Hit,-170.38999999999942,6.708327000000001,-177.09832699999941,8.072328059412222,-1429.5957943170563,-0.5718383177268226,2020
129,129,129,2020-06-17 11:45:00+05:30,2020-06-17 14:45:00+05:30,Long,33697.77,33558.62740740741,33374.07518518519,33504.82,Trailing SL Hit,-192.9499999999971,6.7202589999999995,-199.6702589999971,7.723324210275969,-1542.1181454067507,-0.6168472581627004,2020
130,130,130,2020-06-18 11:45:00+05:30,2020-06-25 09:15:00+05:30,Long,33768.47,33687.712592592594,33489.817777777775,34750.09,Trailing SL Hit,981.6199999999953,6.851856,974.7681439999953,8.971756909249542,8745.382830848312,3.4981531323393247,2020
131,131,131,2020-06-26 14:45:00+05:30,2020-06-29 09:15:00+05:30,Long,35153.73,35032.62222222222,34849.7025925926,34849.7025925926,Initial SL Hit,-304.0274074074041,7.000343259259261,-311.02775066666334,8.222942863338433,-2557.563422644645,-1.023025369057858,2020
132,132,132,2020-06-30 09:15:00+05:30,2020-06-30 14:15:00+05:30,Long,35158.14,35019.6262962963,34888.26925925926,34888.26925925926,Initial SL Hit,-269.8707407407419,7.004640925925926,-276.8753816666678,9.263694141639785,-2564.8888511097903,-1.025955540443916,2020
133,133,133,2020-07-01 09:45:00+05:30,2020-07-14 09:15:00+05:30,Long,35110.29,35026.055185185185,34905.28444444444,36355.61,Trailing SL Hit,1245.3199999999997,7.14659,1238.1734099999996,12.194791469065667,15099.266537491942,6.039706614996777,2020
134,134,134,2020-07-15 10:15:00+05:30,2020-07-15 14:15:00+05:30,Long,36716.06,36512.80962962963,36359.47148148148,36359.47148148148,Initial SL Hit,-356.58851851851796,7.307553148148148,-363.8960716666661,7.010881927400511,-2551.2323922998708,-1.0204929569199483,2020
135,135,135,2020-07-17 09:15:00+05:30,2020-07-29 14:15:00+05:30,Long,36653.58,36485.392222222225,36324.864074074074,37990.67,Trailing SL Hit,1337.0899999999965,7.464425,1329.6255749999966,7.605351012300343,10112.26921280665,4.04490768512266,2020
136,136,136,2020-07-30 10:15:00+05:30,2020-07-30 12:15:00+05:30,Long,38398.38,38347.124074074076,38221.42962962963,38221.42962962963,Initial SL Hit,-176.95037037036673,7.661980962962963,-184.61235133332968,14.128255254664708,-2608.2504228011226,-1.043300169120449,2020
137,137,137,2020-08-04 14:15:00+05:30,2020-08-05 14:45:00+05:30,Long,37680.56,37374.73703703704,37238.944074074076,37665.03,Trailing SL Hit,-15.529999999998836,7.534559,-23.064558999998837,5.661027723939823,-130.56910793943916,-0.05222764317577566,2020
138,138,138,2020-08-05 15:15:00+05:30,2020-08-14 13:15:00+05:30,Long,37733.45,37664.89888888889,37555.04111111111,38224.49,Trailing SL Hit,491.0400000000009,7.595794000000001,483.44420600000086,14.012754720741492,6774.385079841634,2.709754031936654,2020
139,139,139,2020-08-18 09:15:00+05:30,2020-08-20 09:15:00+05:30,Long,38284.79,38176.62148148148,38033.602222222224,38342.95,Trailing SL Hit,58.15999999999622,7.662774,50.49722599999622,9.952713552057137,502.5844255514544,0.20103377022058178,2020
140,140,140,2020-08-21 13:15:00+05:30,2020-08-31 12:45:00+05:30,Long,38515.65,38477.0462962963,38383.77259259259,39038.14,Trailing SL Hit,522.489999999998,7.755379000000001,514.734620999998,18.956999907320974,9757.824162591858,3.903129665036743,2020
141,141,141,2020-09-02 14:15:00+05:30,2020-09-03 11:15:00+05:30,Long,39068.49,38956.73222222222,38758.17518518519,38988.98,Trailing SL Hit,-79.50999999999476,7.805747,-87.31574699999476,8.056334666109805,-703.4448794533309,-0.2813779517813324,2020
142,142,142,2020-09-03 12:45:00+05:30,2020-09-03 14:45:00+05:30,Long,39091.61,39048.11592592593,38915.29703703704,38981.89,Trailing SL Hit,-109.72000000000116,7.8073500000000005,-117.52735000000116,14.179331785860654,-1666.4592895629867,-0.6665837158251947,2020
143,143,143,2020-09-08 12:15:00+05:30,2020-09-08 12:45:00+05:30,Long,38718.33,38507.15148148148,38372.47925925926,38656.14,Trailing SL Hit,-62.19000000000233,7.737447,-69.92744700000233,7.22855181586567,-505.47417399071725,-0.2021896695962869,2020
144,144,144,2020-09-10 09:45:00+05:30,2020-09-14 14:15:00+05:30,Long,38489.29,38409.851481481484,38283.01666666666,38707.19,Trailing SL Hit,217.90000000000146,7.719648000000001,210.18035200000145,12.119840987685961,2547.3524449758806,1.0189409779903522,2020
145,145,145,2020-09-15 15:15:00+05:30,2020-09-18 14:15:00+05:30,Long,39093.17,39031.834814814814,38915.43222222222,38915.43222222222,Initial SL Hit,-177.73777777778014,7.800860222222223,-185.53863800000235,14.065664774574092,-2609.724284839087,-1.043889713935635,2020
146,146,146,2020-09-28 09:15:00+05:30,2020-10-15 12:45:00+05:30,Long,37751.48,37130.47111111111,36959.14888888889,40327.95,Trailing SL Hit,2576.469999999994,7.807943,2568.662056999994,3.1552465439532873,8104.762077933173,3.241904831173269,2020
147,147,147,2020-10-19 09:45:00+05:30,2020-10-21 13:15:00+05:30,Long,40415.96,40249.61481481481,40058.44666666667,40458.69,Trailing SL Hit,42.7300000000032,8.087465,34.6425350000032,6.99274619128433,242.24645467770648,0.09689858187108259,2020
148,148,148,2020-10-23 12:45:00+05:30,2020-10-26 09:15:00+05:30,Long,40764.92,40686.31037037037,40511.78,40511.78,Initial SL Hit,-253.13999999999942,8.12767,-261.26766999999944,9.875957967922911,-2580.2685272971485,-1.0321074109188595,2020
149,149,149,2020-10-27 14:45:00+05:30,2020-10-28 10:15:00+05:30,Long,40508.64,40420.891851851855,40283.26814814815,40283.26814814815,Initial SL Hit,-225.3718518518508,8.079190814814815,-233.45104266666561,11.092778354784901,-2589.620672994755,-1.0358482691979018,2020
150,150,150,2020-11-02 14:15:00+05:30,2020-11-02 14:45:00+05:30,Long,39938.08,39676.34851851851,39510.596666666665,39705.57,Trailing SL Hit,-232.51000000000204,7.964365,-240.47436500000202,5.848181215641882,-1406.3376642364217,-0.5625350656945687,2020
151,151,151,2020-11-03 09:15:00+05:30,2020-11-19 14:45:00+05:30,Long,40148.33,39691.35074074074,39525.194444444445,43610.57,Trailing SL Hit,3462.239999999998,8.37589,3453.864109999998,4.011968146756006,13856.792792543774,5.542717117017509,2020
152,152,152,2020-11-23 12:15:00+05:30,2020-11-25 13:45:00+05:30,Long,44038.82,43930.723703703705,43742.04851851852,43885.92,Trailing SL Hit,-152.90000000000146,8.792474,-161.69247400000145,8.423990025995776,-1362.0957882545936,-0.5448383153018374,2020
153,153,153,2020-11-26 15:15:00+05:30,2020-11-27 14:45:00+05:30,Long,44358.08,44207.71333333333,44016.23777777777,44016.23777777777,Initial SL Hit,-341.8422222222289,8.837431777777779,-350.6796540000067,7.313315434670823,-2564.6309262232726,-1.025852370489309,2020
154,154,154,2020-12-01 09:15:00+05:30,2020-12-02 13:15:00+05:30,Long,44345.4,44124.222592592596,43968.1462962963,44255.23,Trailing SL Hit,-90.16999999999825,8.860063,-99.03006299999825,6.626840175341283,-656.2564000549668,-0.26250256002198674,2020
155,155,155,2020-12-02 14:45:00+05:30,2020-12-21 13:15:00+05:30,Long,44644.03,44530.43407407407,44402.2462962963,46572.29,Trailing SL Hit,1928.260000000002,9.121632000000002,1919.138368000002,10.339820102448833,19843.545476827265,7.937418190730906,2020
156,156,156,2020-12-23 10:15:00+05:30,2020-12-23 10:45:00+05:30,Long,46218.56,46158.03999999999,45838.9774074074,46204.18,Trailing SL Hit,-14.37999999999738,9.242274,-23.622273999997383,6.586181897659447,-155.58059340033418,-0.062232237360133676,2020
157,157,157,2020-12-23 11:45:00+05:30,2021-01-06 13:45:00+05:30,Long,46250.84,46072.10555555555,45757.61148148148,47970.41,Trailing SL Hit,1719.570000000007,9.422125000000001,1710.147875000007,5.068644464251801,8668.131559670766,3.4672526238683066,2020
158,158,158,2021-01-07 09:15:00+05:30,2021-01-07 13:15:00+05:30,Long,48378.72,48324.05333333333,48194.31148148148,48194.31148148148,Initial SL Hit,-184.40851851851767,9.657303148148149,-194.0658216666658,13.556857460188091,-2630.9226822292703,-1.0523690728917083,2021
159,159,159,2021-01-08 09:45:00+05:30,2021-01-15 13:45:00+05:30,Long,48447.2,48371.64592592592,48233.28407407408,48953.54,Trailing SL Hit,506.3400000000038,9.740074,496.5999260000038,11.686834391497282,5803.68109399185,2.3214724375967397,2021
160,160,160,2021-01-19 10:15:00+05:30,2021-01-22 10:15:00+05:30,Long,49114.71,49054.392962962964,48841.91222222223,49512.71,Trailing SL Hit,398.0,9.862742,388.137258,9.164297526047214,3557.005313256149,1.4228021253024596,2021
161,161,161,2021-02-01 12:45:00+05:30,2021-02-17 13:15:00+05:30,Long,47685.81,46942.554814814815,46688.45074074074,51660.7,Trailing SL Hit,3974.8899999999994,9.934651,3964.9553489999994,2.5066193317909837,9938.633727491466,3.975453490996586,2021
162,162,162,2021-02-24 16:15:00+05:30,2021-02-26 09:15:00+05:30,Long,50812.06,50092.48592592593,49884.688148148154,50224.05,Trailing SL Hit,-588.0099999999948,10.103611,-598.1136109999948,2.6957902539394722,-1612.3888432823305,-0.6449555373129322,2021
163,163,163,2021-03-02 09:15:00+05:30,2021-03-02 10:45:00+05:30,Long,50251.81,49867.18925925926,49574.07407407407,49977.67,Trailing SL Hit,-274.1399999999994,10.022948,-284.1629479999994,3.6887523655832366,-1048.206746646104,-0.4192826986584416,2021
164,164,164,2021-03-02 14:45:00+05:30,2021-03-05 13:15:00+05:30,Long,50345.81,49957.54851851851,49747.43518518518,50501.77,Trailing SL Hit,155.95999999999913,10.084757999999999,145.87524199999913,4.177983327680158,609.4643289973047,0.24378573159892192,2021
165,165,165,2021-03-09 09:15:00+05:30,2021-03-09 12:45:00+05:30,Long,50837.1,50699.91185185186,50479.93592592593,50553.45,Trailing SL Hit,-283.65000000000146,10.139054999999999,-293.78905500000144,6.999584172851451,-2056.4012195349947,-0.8225604878139979,2021
166,166,166,2021-03-09 14:45:00+05:30,2021-03-12 13:15:00+05:30,Long,51079.97,50727.448888888895,50548.962592592594,50919.65,Trailing SL Hit,-160.3199999999997,10.199962,-170.5199619999997,4.708032251764641,-802.8134806656797,-0.32112539226627185,2021
167,167,167,2021-03-16 10:15:00+05:30,2021-03-16 11:15:00+05:30,Long,50843.65,50782.416666666664,50514.234814814816,50585.78,Trailing SL Hit,-257.8700000000026,10.142942999999999,-268.0129430000026,7.589206911012883,-2034.0056792565217,-0.8136022717026087,2021
168,168,168,2021-03-23 09:15:00+05:30,2021-03-23 11:15:00+05:30,Long,49965.94,49575.80703703704,49344.142592592594,49791.57,Trailing SL Hit,-174.37000000000262,9.975751,-184.34575100000262,4.02060216111833,-741.180924863592,-0.29647236994543685,2021
169,169,169,2021-03-23 11:45:00+05:30,2021-03-24 09:15:00+05:30,Long,49863.28,49730.439259259256,49508.34814814815,49800.04,Trailing SL Hit,-63.23999999999796,9.966332000000001,-73.20633199999796,7.0436056582589295,-515.6365342955673,-0.20625461371822693,2021
170,170,170,2021-03-30 09:15:00+05:30,2021-03-31 14:45:00+05:30,Long,49594.36,48936.73111111111,48716.34518518518,49527.7,Trailing SL Hit,-66.66000000000349,9.912206,-76.57220600000349,2.847332365943351,-218.0265204754916,-0.08721060819019665,2021
171,171,171,2021-04-01 13:45:00+05:30,2021-04-05 09:15:00+05:30,Long,49948.8,49830.62518518518,49672.818148148144,49672.818148148144,Initial SL Hit,-275.98185185185866,9.962161814814815,-285.94401366667347,9.058566652933209,-2590.242906806806,-1.0360971627227225,2021
172,172,172,2021-04-07 09:15:00+05:30,2021-04-09 13:15:00+05:30,Long,49486.17,49315.0774074074,49053.99703703704,49564.44,Trailing SL Hit,78.27000000000407,9.905061,68.36493900000407,5.784720966485571,395.4720960058306,0.15818883840233225,2021
173,173,173,2021-04-15 14:45:00+05:30,2021-04-16 15:15:00+05:30,Long,48821.94,48307.20185185185,48119.56481481482,48745.61,Trailing SL Hit,-76.33000000000175,9.756755,-86.08675500000174,3.5593512594566707,-306.4129998317941,-0.12256519993271763,2021
174,174,174,2021-04-23 10:45:00+05:30,2021-04-23 12:15:00+05:30,Long,48226.58,47944.334814814814,47762.928888888884,48118.37,Trailing SL Hit,-108.20999999999913,9.634495000000001,-117.84449499999913,5.391985352971267,-635.415790968291,-0.2541663163873164,2021
175,175,175,2021-04-26 09:15:00+05:30,2021-04-30 13:15:00+05:30,Long,48502.38,47953.28703703704,47796.25444444444,49119.54,Trailing SL Hit,617.1600000000035,9.762192,607.3978080000035,3.5404468515986354,2150.4596570015246,0.8601838628006099,2021
176,176,176,2021-05-06 09:15:00+05:30,2021-05-06 09:45:00+05:30,Long,48819.84,48692.91407407408,48507.49444444445,48729.7,Trailing SL Hit,-90.13999999999942,9.754954,-99.89495399999942,8.003955732789011,-799.5547897449899,-0.3198219158979959,2021
177,177,177,2021-05-06 11:45:00+05:30,2021-05-11 10:15:00+05:30,Long,48801.11,48682.61703703703,48502.62111111111,49106.52,Trailing SL Hit,305.4099999999962,9.790763,295.6192369999962,8.375521143537815,2475.9651699299848,0.9903860679719939,2021
178,178,178,2021-05-17 09:15:00+05:30,2021-05-20 14:45:00+05:30,Long,49068.14,48810.4862962963,48664.17925925926,49567.18,Trailing SL Hit,499.0400000000009,9.863532000000001,489.17646800000085,6.188720209334643,3027.3762934425467,1.2109505173770188,2021
179,179,179,2021-05-21 09:45:00+05:30,2021-06-09 12:45:00+05:30,Long,50105.03,50012.968888888885,49882.32666666667,52045.33,Trailing SL Hit,1940.300000000003,10.215036000000001,1930.0849640000029,11.225696367364767,21666.54776908019,8.666619107632076,2021
180,180,180,2021-06-10 14:15:00+05:30,2021-06-14 09:15:00+05:30,Long,52316.89,52263.71074074074,52136.862962962965,52136.862962962965,Initial SL Hit,-180.02703703703446,10.445375296296296,-190.47241233333077,13.886803011070553,-2645.0528691163695,-1.0580211476465478,2021
181,181,181,2021-06-14 13:45:00+05:30,2021-06-16 12:15:00+05:30,Long,52533.01,52446.7262962963,52333.310740740744,52461.09,Trailing SL Hit,-71.92000000000553,10.499410000000001,-82.41941000000553,12.518824602921521,-1031.7941376663453,-0.41271765506653807,2021
182,182,182,2021-06-18 15:15:00+05:30,2021-06-21 09:15:00+05:30,Long,52470.31,52312.85592592592,52140.1437037037,51826.63,Gap,-643.6800000000003,10.429694000000001,-654.1096940000003,7.571941860947777,-4952.880573650344,-1.9811522294601374,2021
183,183,183,2021-06-21 12:45:00+05:30,2021-06-23 12:15:00+05:30,Long,52374.47,52231.05259259259,52049.968888888885,52435.81,Trailing SL Hit,61.33999999999651,10.481028,50.858971999996506,7.704133867029953,391.8243286275012,0.15672973145100047,2021
184,184,184,2021-06-24 12:45:00+05:30,2021-06-29 09:45:00+05:30,Long,52696.41,52642.73666666667,52503.624074074076,52595.02,Trailing SL Hit,-101.3900000000067,10.529143,-111.9191430000067,12.967751603198217,-1451.3396460669073,-0.580535858426763,2021
185,185,185,2021-06-30 10:15:00+05:30,2021-06-30 13:15:00+05:30,Long,52819.44,52752.47185185185,52640.614074074074,52684.27,Trailing SL Hit,-135.17000000000553,10.550371,-145.72037100000554,13.98007580307749,-2037.1818326326522,-0.814872733053061,2021
186,186,186,2021-07-05 09:15:00+05:30,2021-07-08 11:45:00+05:30,Long,52791.92,52429.736666666664,52339.23296296297,52790.52,Trailing SL Hit,-1.4000000000014552,10.558244,-11.958244000001455,5.522579167195139,-66.0403491906443,-0.026416139676257725,2021
187,187,187,2021-07-12 10:15:00+05:30,2021-07-12 10:45:00+05:30,Long,52686.65,52624.62333333333,52493.717037037044,52640.48,Trailing SL Hit,-46.169999999998254,10.532713000000001,-56.702712999998255,12.957868689758284,-734.7463094070274,-0.29389852376281095,2021
188,188,188,2021-07-13 09:15:00+05:30,2021-07-13 10:15:00+05:30,Long,52623.27,52514.892592592594,52396.76074074074,52596.4,Trailing SL Hit,-26.869999999995343,10.521967,-37.39196699999535,11.037076401095716,-412.6979965661984,-0.16507919862647938,2021
189,189,189,2021-07-13 10:45:00+05:30,2021-07-19 09:15:00+05:30,Long,52621.3,52534.1037037037,52429.111851851856,52761.28,Trailing SL Hit,139.97999999999593,10.538258,129.4417419999959,13.008086211814128,1683.7893393433485,0.6735157357373394,2021
190,190,190,2021-07-22 09:15:00+05:30,2021-07-22 14:15:00+05:30,Long,52669.11,52518.140740740746,52373.11518518518,52682.63,Trailing SL Hit,13.519999999996799,10.535174,2.984825999996799,8.446093900543719,25.21012067275727,0.010084048269102908,2021
191,191,191,2021-07-22 14:45:00+05:30,2021-07-27 12:15:00+05:30,Long,52820.33,52533.97,52426.13518518518,52650.23,Trailing SL Hit,-170.09999999999854,10.547056,-180.64705599999854,6.3420418180142875,-1145.6711834531595,-0.4582684733812638,2021
192,192,192,2021-07-29 09:45:00+05:30,2021-07-29 14:45:00+05:30,Long,52657.08,52574.5337037037,52411.62962962963,52639.48,Trailing SL Hit,-17.599999999998545,10.529656000000001,-28.129655999998548,10.185358434080209,-286.5106289873602,-0.11460425159494407,2021
193,193,193,2021-07-29 15:15:00+05:30,2021-07-30 14:45:00+05:30,Long,52700.0,52526.54703703704,52400.695185185185,52540.18,Trailing SL Hit,-159.8199999999997,10.524018,-170.34401799999972,8.352688885231561,-1422.8305858142828,-0.5691322343257131,2021
194,194,194,2021-08-02 09:15:00+05:30,2021-08-11 10:45:00+05:30,Long,52865.17,52746.91407407408,52663.94666666666,54231.24,Trailing SL Hit,1366.0699999999997,10.709641000000001,1355.3603589999998,12.424006493613946,16839.00590140293,6.735602360561171,2021
195,195,195,2021-08-12 09:45:00+05:30,2021-08-20 09:45:00+05:30,Long,54686.83,54587.12148148148,54445.503333333334,55370.29,Trailing SL Hit,683.4599999999991,11.005712,672.4542879999991,10.359402193430713,6966.224426089079,2.7864897704356317,2021
196,196,196,2021-08-23 13:15:00+05:30,2021-08-27 09:15:00+05:30,Long,55643.72,55557.119629629626,55382.49259259259,55766.34,Trailing SL Hit,122.61999999999534,11.141006,111.47899399999534,9.570205610550722,1066.8768938373057,0.42675075753492225,2021
197,197,197,2021-08-27 12:45:00+05:30,2021-09-13 09:45:00+05:30,Long,56118.87,56039.748148148145,55940.010370370364,57994.19,Trailing SL Hit,1875.3199999999997,11.411306,1863.9086939999997,13.977441444873335,26052.67462897533,10.421069851590131,2021
198,198,198,2021-09-14 09:15:00+05:30,2021-09-20 13:45:00+05:30,Long,58409.22,58242.38259259259,58138.125925925924,58721.29,Trailing SL Hit,312.0699999999997,11.713051000000002,300.3569489999997,9.22189099314974,2769.859042713033,1.1079436170852133,2021
199,199,199,2021-09-21 14:45:00+05:30,2021-09-28 11:45:00+05:30,Long,58971.3,58866.54555555555,58657.83666666666,59600.89,Trailing SL Hit,629.5899999999965,11.857219,617.7327809999965,7.975414455704368,4926.674951349833,1.970669980539933,2021
200,200,200,2021-10-04 09:45:00+05:30,2021-10-05 09:15:00+05:30,Long,59397.48,59093.3537037037,58934.04851851851,59250.44,Trailing SL Hit,-147.04000000000087,11.864792000000001,-158.90479200000087,5.394540724786378,-857.2183718077133,-0.3428873487230853,2021
201,201,201,2021-10-05 10:15:00+05:30,2021-10-05 10:45:00+05:30,Long,59268.22,59113.81111111111,59008.05222222222,59257.33,Trailing SL Hit,-10.889999999999418,11.852555,-22.74255499999942,9.609183817280204,-218.5373914695994,-0.08741495658783976,2021
202,202,202,2021-10-05 11:15:00+05:30,2021-10-06 14:15:00+05:30,Long,59267.79,59151.95259259259,59048.270370370374,59278.82,Trailing SL Hit,11.029999999998836,11.854661,-0.8246610000011643,11.388503179501496,-9.391654420524143,-0.003756661768209657,2021
203,203,203,2021-10-07 09:15:00+05:30,2021-10-20 13:45:00+05:30,Long,59772.34,59593.90592592592,59471.8937037037,61245.86,Trailing SL Hit,1473.520000000004,12.10182,1461.418180000004,8.320954629224504,12160.394370103882,4.864157748041554,2021
204,204,204,2021-10-22 09:15:00+05:30,2021-10-22 11:15:00+05:30,Long,61403.27,61321.49370370371,61083.12407407407,61083.12407407407,Initial SL Hit,-320.14592592592817,12.248639407407406,-332.39456533333555,7.808938979215442,-2595.6488777108575,-1.038259551084343,2021
205,205,205,2021-10-25 11:45:00+05:30,2021-10-25 12:15:00+05:30,Long,61106.06,61024.66333333334,60784.36,61042.79,Trailing SL Hit,-63.2699999999968,12.214885,-75.4848849999968,7.77121541809146,-586.6093021448359,-0.23464372085793433,2021
206,206,206,2021-10-26 09:15:00+05:30,2021-10-26 10:15:00+05:30,Long,61282.57,61092.82703703703,60856.96444444445,61027.94,Trailing SL Hit,-254.62999999999738,12.231051,-266.86105099999736,5.873983474526563,-1567.5374035687748,-0.6270149614275099,2021
207,207,207,2021-10-26 13:15:00+05:30,2021-10-27 14:15:00+05:30,Long,61245.13,61062.94296296296,60838.28185185185,61171.06,Trailing SL Hit,-74.06999999999971,12.241619,-86.31161899999971,6.144798769219531,-530.3675302005433,-0.21214701208021733,2021
208,208,208,2021-11-03 09:15:00+05:30,2021-11-03 11:15:00+05:30,Long,60300.66,60000.433703703704,59852.19296296297,60218.42,Trailing SL Hit,-82.24000000000524,12.051908000000001,-94.29190800000524,5.574545715817095,-525.6345517776489,-0.21025382071105955,2021
209,209,209,2021-11-08 11:45:00+05:30,2021-11-10 09:15:00+05:30,Long,60212.34,60111.006666666675,59928.224814814814,60041.3,Trailing SL Hit,-171.0399999999936,12.025364,-183.0653639999936,8.799248087956055,-1610.837554147923,-0.6443350216591691,2021
210,210,210,2021-11-12 12:15:00+05:30,2021-11-16 14:15:00+05:30,Long,60274.78,60139.1762962963,59997.49370370371,60418.35,Trailing SL Hit,143.5699999999997,12.069313000000001,131.50068699999971,9.015952224803291,1185.6039115208087,0.47424156460832345,2021
211,211,211,2021-12-02 09:15:00+05:30,2021-12-03 12:45:00+05:30,Long,57991.01,57691.99962962963,57449.84370370371,58030.35,Trailing SL Hit,39.33999999999651,11.602136,27.737863999996506,4.619652068338014,128.1392807988624,0.051255712319544955,2021
212,212,212,2021-12-07 11:45:00+05:30,2021-12-07 12:15:00+05:30,Long,57723.29,57625.09333333332,57416.21037037037,57676.81,Trailing SL Hit,-46.4800000000032,11.54001,-58.020010000003204,8.141210809115679,-472.35313255702584,-0.18894125302281034,2021
213,213,213,2021-12-07 13:15:00+05:30,2021-12-07 14:45:00+05:30,Long,57828.86,57546.50222222222,57357.514814814815,57618.77,Trailing SL Hit,-210.09000000000378,11.544763000000001,-221.63476300000377,5.303968468496776,-1175.543794474776,-0.4702175177899104,2021
214,214,214,2021-12-08 09:15:00+05:30,2021-12-13 12:45:00+05:30,Long,58427.11,57510.52333333334,57361.58592592593,58367.52,Trailing SL Hit,-59.59000000000378,11.679463,-71.26946300000378,2.346263271594755,-167.21692342319022,-0.0668867693692761,2021
215,215,215,2021-12-22 14:45:00+05:30,2021-12-24 09:45:00+05:30,Long,56896.75,56613.121481481474,56474.71518518519,56924.44,Trailing SL Hit,27.69000000000233,11.382119000000001,16.307881000002325,5.923681914955282,96.60269975095665,0.03864107990038266,2021
216,216,216,2021-12-24 13:45:00+05:30,2021-12-27 09:15:00+05:30,Long,57258.4,57191.86666666666,57044.40185185186,56887.39,Gap,-371.01000000000204,11.414579000000002,-382.42457900000204,11.682344083974618,-4467.615518047158,-1.787046207218863,2021
217,217,217,2021-12-27 12:15:00+05:30,2022-01-18 14:45:00+05:30,Long,57337.9,57235.39518518518,57046.391111111116,60707.62,Trailing SL Hit,3369.720000000001,11.804552000000001,3357.915448000001,8.57606781573279,28797.71060154476,11.519084240617905,2021
218,218,218,2022-01-31 09:15:00+05:30,2022-01-31 09:45:00+05:30,Long,58013.84,57491.14481481481,57233.50518518518,57980.57,Trailing SL Hit,-33.2699999999968,11.599441,-44.8694409999968,3.2037529949157646,-143.75060598393594,-0.05750024239357438,2022
219,219,219,2022-01-31 11:15:00+05:30,2022-01-31 14:45:00+05:30,Long,57998.14,57597.978888888894,57397.68555555556,58019.27,Trailing SL Hit,21.12999999999738,11.601741,9.52825899999738,4.163513190935045,39.67103203313465,0.015868412813253862,2022
220,220,220,2022-02-01 09:15:00+05:30,2022-02-01 12:45:00+05:30,Long,58680.83,57977.70444444444,57810.9537037037,57843.41,Trailing SL Hit,-837.4199999999983,11.652424000000002,-849.0724239999983,2.8739718631767834,-2440.210256375303,-0.9760841025501211,2022
221,221,221,2022-02-01 13:15:00+05:30,2022-02-03 15:15:00+05:30,Long,58502.06,58265.665925925925,57984.852222222224,58668.95,Trailing SL Hit,166.88999999999942,11.717101,155.1728989999994,4.833647341386583,750.0510707065959,0.3000204282826383,2022
222,222,222,2022-02-09 09:15:00+05:30,2022-02-11 09:15:00+05:30,Long,58229.43,57892.892222222225,57615.12111111111,58249.7,Trailing SL Hit,20.2699999999968,11.647913,8.622086999996798,4.069613911206451,35.08856519881927,0.014035426079527707,2022
223,223,223,2022-02-15 13:45:00+05:30,2022-02-17 14:45:00+05:30,Long,57930.83,57246.641851851855,56977.782592592586,57832.09,Trailing SL Hit,-98.74000000000524,11.576292,-110.31629200000523,2.6231643678678855,-289.3777663697228,-0.11575110654788912,2022
224,224,224,2022-02-21 12:45:00+05:30,2022-02-21 13:45:00+05:30,Long,58131.1,57983.31,57780.829629629625,57780.829629629625,Initial SL Hit,-350.2703703703737,11.591192962962962,-361.8615633333367,7.137343639305019,-2582.730327366161,-1.0330921309464645,2022
225,225,225,2022-02-23 11:15:00+05:30,2022-02-23 12:15:00+05:30,Long,57648.81,57473.96407407407,57246.62333333334,57488.27,Trailing SL Hit,-160.54000000000087,11.513708,-172.05370800000088,6.216019095610749,-1069.4891343986415,-0.4277956537594566,2022
226,226,226,2022-03-09 11:45:00+05:30,2022-03-24 12:45:00+05:30,Long,54067.1,53147.30703703704,52908.06777777778,57350.38,Trailing SL Hit,3283.279999999999,11.141748,3272.138251999999,2.156971956488613,7057.9104473176685,2.823164178927067,2022
227,227,227,2022-03-28 12:45:00+05:30,2022-04-07 09:15:00+05:30,Long,57566.73,57416.27333333333,57223.50481481482,59279.66,Trailing SL Hit,1712.9300000000003,11.684639000000002,1701.2453610000002,7.283847770818894,12391.612230335835,4.956644892134334,2022
228,228,228,2022-04-08 13:45:00+05:30,2022-04-11 09:15:00+05:30,Long,59627.01,59361.74925925926,59180.33185185186,59180.33185185186,Initial SL Hit,-446.6781481481448,11.880734185185187,-458.55888233333,5.596871058870004,-2566.4949373191903,-1.0265979749276761,2022
229,229,229,2022-04-21 10:45:00+05:30,2022-04-22 09:15:00+05:30,Long,57756.13,57192.83888888889,56983.57037037038,57420.08,Trailing SL Hit,-336.04999999999563,11.517621,-347.56762099999565,3.2359961666629484,-1124.7274892121463,-0.4498909956848585,2022
230,230,230,2022-04-22 12:15:00+05:30,2022-04-22 12:45:00+05:30,Long,57654.37,57539.35407407408,57411.52148148148,57574.65,Trailing SL Hit,-79.72000000000116,11.522902,-91.24290200000117,10.294483224567607,-939.2985239998782,-0.3757194095999513,2022
231,231,231,2022-04-26 09:15:00+05:30,2022-04-26 09:45:00+05:30,Long,57308.94,57164.60666666666,56946.32222222222,57221.68,Trailing SL Hit,-87.26000000000204,11.453062000000001,-98.71306200000204,6.894311733199195,-680.5586215666336,-0.2722234486266535,2022
232,232,232,2022-04-26 14:45:00+05:30,2022-04-27 09:15:00+05:30,Long,57391.26,57008.11666666666,56819.26111111111,56964.75,Trailing SL Hit,-426.51000000000204,11.435601000000002,-437.94560100000206,4.370637860601888,-1914.1016246146569,-0.7656406498458628,2022
233,233,233,2022-04-28 11:15:00+05:30,2022-04-29 14:45:00+05:30,Long,57202.63,57099.52814814815,56929.20777777778,56964.05,Trailing SL Hit,-238.57999999999447,11.416668,-249.99666799999446,9.143368010403327,-2285.8115368985705,-0.9143246147594282,2022
234,234,234,2022-05-17 10:15:00+05:30,2022-05-19 09:15:00+05:30,Long,53722.25,53341.56481481482,53098.862592592595,53098.862592592595,Initial SL Hit,-623.3874074074047,10.68211125925926,-634.069518666664,4.010347290134088,-2542.8389759414813,-1.0171355903765924,2022
235,235,235,2022-05-20 09:45:00+05:30,2022-05-24 14:15:00+05:30,Long,53915.68,53817.037777777776,53582.382962962954,53977.52,Trailing SL Hit,61.83999999999651,10.78932,51.050679999996504,7.500816755602079,382.9217959288537,0.1531687183715415,2022
236,236,236,2022-05-26 13:15:00+05:30,2022-06-01 14:15:00+05:30,Long,54175.11,54009.066296296296,53812.64592592592,55125.59,Trailing SL Hit,950.4799999999959,10.93007,939.5499299999959,6.897235281555256,6480.296925978742,2.592118770391497,2022
237,237,237,2022-06-02 13:15:00+05:30,2022-06-06 09:15:00+05:30,Long,55743.83,55632.90703703704,55449.48333333334,55449.48333333334,Initial SL Hit,-294.34666666666453,11.119331333333335,-305.46599799999785,8.493386483058586,-2594.4407784471828,-1.0377763113788732,2022
238,238,238,2022-06-09 14:45:00+05:30,2022-06-10 09:15:00+05:30,Long,55314.69,55089.183703703704,54900.54740740741,54672.84,Gap,-641.8500000000058,10.998753,-652.8487530000058,6.036568188627083,-3940.9660143446945,-1.5763864057378778,2022
239,239,239,2022-06-21 09:45:00+05:30,2022-06-22 09:15:00+05:30,Long,52258.67,51542.39555555555,51323.42888888889,51945.89,Trailing SL Hit,-312.77999999999884,10.420456,-323.20045599999884,2.6731074696127206,-863.9495531158343,-0.3455798212463337,2022
240,240,240,2022-06-23 09:45:00+05:30,2022-06-23 11:45:00+05:30,Long,52405.37,52290.51851851852,52121.41888888888,52121.41888888888,Initial SL Hit,-283.95111111112055,10.452678888888888,-294.40379000000945,8.804332514204031,-2592.028860601979,-1.0368115442407917,2022
241,241,241,2022-06-23 14:15:00+05:30,2022-06-30 15:15:00+05:30,Long,52360.43,52251.818148148144,52019.45259259259,52905.77,Trailing SL Hit,545.3399999999965,10.52662,534.8133799999965,7.331864063981625,3921.1790017585236,1.5684716007034094,2022
242,242,242,2022-07-04 11:15:00+05:30,2022-07-05 15:15:00+05:30,Long,53014.33,52917.62333333334,52707.56851851852,53092.09,Trailing SL Hit,77.75999999999476,10.610642,67.14935799999476,8.149654213190148,547.2440483376708,0.21889761933506832,2022
243,243,243,2022-07-06 10:15:00+05:30,2022-07-12 12:45:00+05:30,Long,53479.9,53378.531851851854,53251.13851851852,53989.11,Trailing SL Hit,509.2099999999991,10.746901000000001,498.46309899999915,10.928413226779998,5447.410724173338,2.1789642896693353,2022
244,244,244,2022-07-15 14:45:00+05:30,2022-07-26 09:45:00+05:30,Long,53759.48,53597.84777777778,53453.38481481482,55363.78,Trailing SL Hit,1604.2999999999956,10.912326000000002,1593.3876739999957,8.167394068898906,13013.82503808419,5.205530015233676,2022
245,245,245,2022-07-27 12:45:00+05:30,2022-08-19 11:15:00+05:30,Long,55652.45,55583.65074074074,55449.44925925926,59755.64,Trailing SL Hit,4103.190000000002,11.540809,4091.6491910000022,12.315225998080738,50389.584492029244,20.155833796811695,2022
246,246,246,2022-08-25 09:15:00+05:30,2022-08-25 14:15:00+05:30,Long,59434.27,59004.40962962963,58834.67333333333,59220.25,Trailing SL Hit,-214.0199999999968,11.865452,-225.8854519999968,4.169469476703799,-941.8224973454279,-0.37672899893817113,2022
247,247,247,2022-08-30 11:15:00+05:30,2022-09-01 12:45:00+05:30,Long,58778.93,58514.61888888889,58351.380740740744,58807.9,Trailing SL Hit,28.970000000001164,11.758683000000001,17.211317000001163,5.847279455778581,100.63938030099945,0.04025575212039978,2022
248,248,248,2022-09-05 09:15:00+05:30,2022-09-07 09:15:00+05:30,Long,59169.29,59001.182222222225,58778.76,58778.76,Initial SL Hit,-390.52999999999884,11.794805,-402.32480499999883,6.401556858628037,-2575.50511484393,-1.030202045937572,2022
249,249,249,2022-09-08 09:15:00+05:30,2022-09-15 10:15:00+05:30,Long,59577.32,59189.17888888889,59067.12111111111,60076.33,Trailing SL Hit,499.01000000000204,11.965365,487.044635000002,4.9000498716187,2386.5430012043366,0.9546172004817347,2022
250,250,250,2022-09-20 09:15:00+05:30,2022-09-20 15:15:00+05:30,Long,59786.28,59267.12074074074,59054.09222222222,59649.8,Trailing SL Hit,-136.47999999999593,11.943608000000001,-148.42360799999594,3.414424654270537,-506.78122643097186,-0.20271249057238874,2022
251,251,251,2022-09-21 09:45:00+05:30,2022-09-21 11:15:00+05:30,Long,59683.49,59602.170370370375,59467.03518518518,59539.02,Trailing SL Hit,-144.47000000000116,11.922251,-156.39225100000115,11.549754631879264,-1806.2921253772877,-0.722516850150915,2022
252,252,252,2022-10-04 09:15:00+05:30,2022-10-07 11:45:00+05:30,Long,57809.09,57163.23777777778,56968.008888888886,57895.31,Trailing SL Hit,86.22000000000116,11.57044,74.64956000000116,2.9723649324348442,221.8857343656943,0.08875429374627772,2022
253,253,253,2022-10-14 09:15:00+05:30,2022-11-10 09:15:00+05:30,Long,58198.58,57414.21518518519,57300.79851851852,60562.78,Trailing SL Hit,2364.199999999997,11.876136,2352.3238639999972,2.7846419775495876,6550.379776486039,2.6201519105944158,2022
254,254,254,2022-11-11 09:15:00+05:30,2022-11-18 09:45:00+05:30,Long,61548.77,60931.28444444444,60818.53888888889,61575.15,Trailing SL Hit,26.380000000004657,12.312392000000001,14.067608000004656,3.4235736631325535,48.161492252088756,0.019264596900835502,2022
255,255,255,2022-11-22 14:45:00+05:30,2022-12-02 11:45:00+05:30,Long,61437.46,61318.059629629635,61214.63111111111,62705.17,Trailing SL Hit,1267.7099999999991,12.414263000000002,1255.2957369999992,11.219371116851164,14083.628734804186,5.633451493921675,2022
256,256,256,2022-12-13 10:45:00+05:30,2022-12-15 09:15:00+05:30,Long,62369.83,62225.334814814814,62087.00444444445,62424.37,Trailing SL Hit,54.54000000000087,12.479420000000001,42.06058000000087,8.839370951077154,371.7890690374644,0.14871562761498577,2022
257,257,257,2022-12-27 13:45:00+05:30,2022-12-29 09:15:00+05:30,Long,60908.56,60501.60555555556,60359.070740740746,60531.11,Trailing SL Hit,-377.4499999999971,12.143967,-389.59396699999706,4.549679466656307,-1772.5276719930614,-0.7090110687972245,2022
258,258,258,2022-12-29 14:15:00+05:30,2022-12-30 14:45:00+05:30,Long,60948.84,60869.46333333333,60757.07703703704,60820.16,Trailing SL Hit,-128.67999999999302,12.1769,-140.856899999993,13.036928306551559,-1836.341306783011,-0.7345365227132044,2022
259,259,259,2023-01-02 10:15:00+05:30,2023-01-04 09:45:00+05:30,Long,61114.44,61025.69296296296,60910.02296296297,60910.02296296297,Initial SL Hit,-204.41703703703388,12.202446296296298,-216.61948333333018,12.229900385196755,-2649.234702659417,-1.0596938810637668,2023
260,260,260,2023-01-09 09:45:00+05:30,2023-01-09 13:15:00+05:30,Long,60580.34,60297.44666666666,60123.61703703703,60502.95,Trailing SL Hit,-77.38999999999942,12.108329,-89.49832899999942,5.4737777662445195,-489.8939633962339,-0.19595758535849356,2023
261,261,261,2023-01-09 13:45:00+05:30,2023-01-10 09:15:00+05:30,Long,60584.61,60355.56259259259,60203.86037037037,60419.48,Trailing SL Hit,-165.12999999999738,12.100409,-177.2304089999974,6.565994568220185,-1163.6939028174247,-0.46547756112696986,2023
262,262,262,2023-01-13 12:45:00+05:30,2023-01-16 12:15:00+05:30,Long,60276.29,60001.64740740741,59853.81518518519,60123.0,Trailing SL Hit,-153.29000000000087,12.039929,-165.32992900000087,5.917512505676444,-978.3419224201037,-0.39133676896804154,2023
263,263,263,2023-01-16 12:45:00+05:30,2023-01-16 13:15:00+05:30,Long,60203.24,60128.76851851852,59994.91037037037,60141.36,Trailing SL Hit,-61.87999999999738,12.034460000000001,-73.91445999999738,12.00021333712627,-886.9892886984547,-0.3547957154793819,2023
264,264,264,2023-01-17 09:15:00+05:30,2023-01-20 14:15:00+05:30,Long,60347.47,60181.06592592593,60050.09592592593,60610.93,Trailing SL Hit,263.4599999999991,12.09584,251.36415999999912,8.406919829121724,2113.1983410345183,0.8452793364138074,2023
265,265,265,2023-01-23 09:15:00+05:30,2023-01-25 09:15:00+05:30,Long,60977.23,60906.22555555556,60782.7137037037,60782.7137037037,Initial SL Hit,-194.51629629630042,12.17599437037037,-206.6922906666708,12.85239359170108,-2656.4906720183367,-1.0625962688073345,2023
266,266,266,2023-02-01 09:15:00+05:30,2023-02-01 14:15:00+05:30,Long,59941.15,59436.74185185185,59217.003333333334,59341.22,Trailing SL Hit,-599.9300000000003,11.928237,-611.8582370000003,3.452339305113141,-2112.342240752332,-0.8449368963009328,2023
267,267,267,2023-02-03 09:15:00+05:30,2023-02-07 12:15:00+05:30,Long,60215.13,60015.44703703704,59718.397777777776,60179.65,Trailing SL Hit,-35.479999999995925,12.039478,-47.51947799999593,5.032892750173927,-239.16043631822893,-0.09566417452729158,2023
268,268,268,2023-02-08 09:15:00+05:30,2023-02-13 09:45:00+05:30,Long,60664.3,60503.52407407408,60343.56555555556,60343.56555555556,Initial SL Hit,-320.7344444444461,12.100786555555556,-332.83523100000167,7.794610286806975,-2594.320915364389,-1.0377283661457555,2023
269,269,269,2023-02-14 09:45:00+05:30,2023-02-17 12:15:00+05:30,Long,60725.44,60598.67481481481,60477.18925925926,61018.93,Trailing SL Hit,293.48999999999796,12.174437,281.31556299999795,10.070463405427965,2832.9780825688445,1.1331912330275378,2023
270,270,270,2023-03-03 09:45:00+05:30,2023-03-09 13:15:00+05:30,Long,59543.8,59260.037407407406,59156.193703703706,59921.08,Trailing SL Hit,377.27999999999884,11.946488,365.33351199999885,6.449843627124496,2356.344024148203,0.9425376096592812,2023
271,271,271,2023-03-21 09:45:00+05:30,2023-03-21 11:15:00+05:30,Long,57908.91,57704.11555555555,57497.24555555555,57867.61,Trailing SL Hit,-41.30000000000291,11.577652,-52.87765200000291,6.072907276152502,-321.1210775766776,-0.12844843103067102,2023
272,272,272,2023-03-21 12:45:00+05:30,2023-03-23 09:15:00+05:30,Long,58017.84,57698.98333333334,57526.8262962963,57962.49,Trailing SL Hit,-55.349999999998545,11.598033,-66.94803299999855,5.091507591626448,-340.8664182639506,-0.13634656730558026,2023
273,273,273,2023-03-23 10:15:00+05:30,2023-03-23 14:15:00+05:30,Long,58215.82,58131.25111111111,58020.54,58020.54,Initial SL Hit,-195.27999999999884,11.623636000000001,-206.90363599999884,12.802130274477749,-2648.8073023351094,-1.0595229209340438,2023
274,274,274,2023-03-29 13:45:00+05:30,2023-03-29 14:15:00+05:30,Long,57845.37,57756.22037037037,57614.595555555556,57712.19,Trailing SL Hit,-133.1800000000003,11.555756,-144.7357560000003,10.833088585776276,-1567.9352662773033,-0.6271741065109213,2023
275,275,275,2023-03-29 14:45:00+05:30,2023-04-17 09:15:00+05:30,Long,58014.51,57760.165925925925,57607.008518518516,59660.23,Trailing SL Hit,1645.7200000000012,11.767474000000002,1633.9525260000012,6.134947021324102,10024.2121823687,4.00968487294748,2023
276,276,276,2023-04-24 12:15:00+05:30,2023-05-05 14:45:00+05:30,Long,59767.71,59667.66777777777,59573.17592592593,61081.59,Trailing SL Hit,1313.8799999999974,12.08493,1301.7950699999974,12.851219057120465,16729.653612049435,6.691861444819773,2023
277,277,277,2023-05-08 09:15:00+05:30,2023-05-12 09:15:00+05:30,Long,61506.06,61444.37037037037,61315.66370370371,61619.25,Trailing SL Hit,113.19000000000233,12.312531,100.87746900000232,13.13050751843174,1324.5723651448952,0.529828946057958,2023
278,278,278,2023-05-12 13:45:00+05:30,2023-05-16 14:45:00+05:30,Long,62068.47,61968.64518518518,61859.24407407407,61924.84,Trailing SL Hit,-143.63000000000466,12.399331,-156.02933100000465,11.948806004496063,-1864.3642071303593,-0.7457456828521438,2023
279,279,279,2023-05-19 14:45:00+05:30,2023-05-24 12:45:00+05:30,Long,61729.13,61639.95814814815,61520.07555555556,61852.43,Trailing SL Hit,123.30000000000291,12.358156000000001,110.9418440000029,11.95860727402252,1326.7099426519064,0.5306839770607625,2023
280,280,280,2023-05-26 09:15:00+05:30,2023-05-31 11:45:00+05:30,Long,62087.0,61858.28111111111,61746.59037037037,62454.24,Trailing SL Hit,367.23999999999796,12.454124,354.785875999998,7.344093064347377,2605.580491259994,1.0422321965039976,2023
281,281,281,2023-06-05 09:15:00+05:30,2023-06-06 10:45:00+05:30,Long,62817.75,62648.70259259259,62545.79333333333,62613.97,Trailing SL Hit,-203.77999999999884,12.543172,-216.32317199999883,9.192640984470371,-1988.5812568178226,-0.7954325027271291,2023
282,282,282,2023-06-06 15:15:00+05:30,2023-06-08 14:45:00+05:30,Long,62852.35,62789.07666666666,62712.15740740741,62825.77,Trailing SL Hit,-26.580000000001746,12.567812,-39.14781200000175,17.832611222657018,-698.1077116136983,-0.27924308464547926,2023
283,283,283,2023-06-13 09:15:00+05:30,2023-06-15 13:45:00+05:30,Long,63071.86,62799.98851851852,62707.66888888889,62990.5,Trailing SL Hit,-81.36000000000058,12.606236,-93.96623600000058,6.864527781506655,-645.0338375456147,-0.25801353501824587,2023
284,284,284,2023-06-16 10:15:00+05:30,2023-06-19 13:15:00+05:30,Long,63245.29,63177.56518518519,63090.31037037037,63090.31037037037,Initial SL Hit,-154.97962962963356,12.633560037037038,-167.6131896666706,16.131152242229753,-2703.793880318794,-1.0815175521275175,2023
285,285,285,2023-06-20 14:45:00+05:30,2023-06-22 14:45:00+05:30,Long,63386.18,63222.41962962962,63107.01592592592,63225.64,Trailing SL Hit,-160.54000000000087,12.661182000000002,-173.20118200000087,8.955307047627553,-1551.0697658220301,-0.6204279063288121,2023
286,286,286,2023-06-27 11:45:00+05:30,2023-07-12 14:45:00+05:30,Long,63173.63,63079.088518518525,62983.16407407407,65361.32,Trailing SL Hit,2187.6900000000023,12.853495,2174.8365050000025,13.125707329783749,28546.267454759804,11.418506981903922,2023
287,287,287,2023-07-13 09:15:00+05:30,2023-07-13 14:15:00+05:30,Long,65875.13,65709.78851851852,65607.20777777779,65607.20777777779,Initial SL Hit,-267.9222222222161,13.148233777777781,-281.07045599999384,9.331066229834743,-2622.6870401857946,-1.0490748160743177,2023
288,288,288,2023-07-14 14:45:00+05:30,2023-07-21 12:15:00+05:30,Long,66075.42,65853.80777777778,65718.44407407407,66712.78,Trailing SL Hit,637.3600000000006,13.278820000000001,624.0811800000006,7.0032733818547,4370.611116010476,1.7482444464041902,2023
289,289,289,2023-07-26 09:15:00+05:30,2023-07-27 11:15:00+05:30,Long,66665.97,66561.81962962962,66421.82296296295,66522.24,Trailing SL Hit,-143.72999999999593,13.318821000000003,-157.04882099999594,10.239731066736645,-1608.1376913880208,-0.6432550765552083,2023
290,290,290,2023-07-31 14:15:00+05:30,2023-08-01 12:15:00+05:30,Long,66441.15,66247.4562962963,66104.15222222223,66408.32,Trailing SL Hit,-32.829999999987194,13.284947,-46.1149469999872,7.418446544322969,-342.1012692136919,-0.13684050768547676,2023
291,291,291,2023-08-01 12:45:00+05:30,2023-08-02 09:15:00+05:30,Long,66490.86,66365.08518518519,66260.45925925925,66104.7,Gap,-386.1600000000035,13.259556,-399.41955600000347,10.850659559350355,-4333.965623502912,-1.733586249401165,2023
292,292,292,2023-08-07 09:15:00+05:30,2023-08-07 10:45:00+05:30,Long,65865.54,65600.88481481482,65436.17592592593,65786.76,Trailing SL Hit,-78.77999999999884,13.16523,-91.94522999999883,5.822564464414744,-535.3570288704336,-0.21414281154817347,2023
293,293,293,2023-08-07 12:15:00+05:30,2023-08-08 10:45:00+05:30,Long,65903.69,65632.87925925927,65489.40740740741,65843.79,Trailing SL Hit,-59.90000000000873,13.174748,-73.07474800000873,6.034528229523043,-440.97162967133517,-0.17638865186853406,2023
294,294,294,2023-08-09 14:45:00+05:30,2023-08-10 10:15:00+05:30,Long,66034.78,65812.1274074074,65707.42851851851,65707.42851851851,Initial SL Hit,-327.35148148148437,13.174220851851851,-340.5257023333362,7.6370511252487026,-2600.61219818091,-1.040244879272364,2023
295,295,295,2023-08-16 14:45:00+05:30,2023-08-17 09:15:00+05:30,Long,65556.31,65317.07518518519,65195.52962962963,65349.18,Trailing SL Hit,-207.12999999999738,13.090549,-220.2205489999974,6.929423564351796,-1526.0014615950713,-0.6104005846380285,2023
296,296,296,2023-08-21 12:15:00+05:30,2023-08-21 15:15:00+05:30,Long,65236.86,65084.64481481481,64960.96148148149,65184.78,Trailing SL Hit,-52.080000000001746,13.042164000000001,-65.12216400000175,9.061302733426205,-590.0916426598454,-0.23603665706393817,2023
297,297,297,2023-08-22 09:15:00+05:30,2023-08-22 14:15:00+05:30,Long,65347.16,65105.414814814816,64987.29259259259,65238.02,Trailing SL Hit,-109.1400000000067,13.058518,-122.19851800000669,6.947003114315617,-848.9134851107995,-0.3395653940443198,2023
298,298,298,2023-08-23 12:15:00+05:30,2023-08-24 14:45:00+05:30,Long,65400.93,65303.09888888889,65213.73888888889,65303.77,Trailing SL Hit,-97.16000000000349,13.07047,-110.23047000000349,13.355335011159115,-1472.164855287571,-0.5888659421150284,2023
299,299,299,2023-08-30 09:15:00+05:30,2023-08-30 14:45:00+05:30,Long,65365.04,65100.98259259259,65016.49481481482,65093.66,Trailing SL Hit,-271.3799999999974,13.045870000000003,-284.42586999999736,7.172671166499525,-2040.0932367555233,-0.8160372947022093,2023
300,300,300,2023-09-01 12:45:00+05:30,2023-09-20 09:15:00+05:30,Long,65234.3,65145.24222222222,65010.85962962964,67155.54,Trailing SL Hit,1921.2399999999907,13.238984,1908.0010159999906,11.188667454570151,21347.988871005877,8.53919554840235,2023
301,301,301,2023-09-29 13:45:00+05:30,2023-09-29 14:45:00+05:30,Long,66060.09,65934.33814814815,65799.73222222223,65799.73222222223,Initial SL Hit,-260.3577777777682,13.185982222222224,-273.5437599999904,9.60217137101972,-2626.614060992997,-1.0506456243971989,2023
302,302,302,2023-10-05 09:15:00+05:30,2023-10-05 09:45:00+05:30,Long,65598.27,65368.247407407405,65234.780740740745,65554.24,Trailing SL Hit,-44.029999999998836,13.115251000000002,-57.14525099999884,6.87778231768019,-393.0325968671882,-0.15721303874687528,2023
303,303,303,2023-10-05 10:45:00+05:30,2023-10-05 12:45:00+05:30,Long,65726.3,65355.590000000004,65245.933333333334,65582.24,Trailing SL Hit,-144.05999999999767,13.130854000000001,-157.19085399999767,5.204357782249649,-818.0774443133563,-0.3272309777253425,2023
304,304,304,2023-10-05 13:15:00+05:30,2023-10-09 09:15:00+05:30,Long,65695.52,65390.57222222222,65273.39592592592,65668.55,Trailing SL Hit,-26.970000000001164,13.136407000000002,-40.10640700000117,5.9224293366439165,-237.52736140418784,-0.09501094456167514,2023
305,305,305,2023-10-10 11:45:00+05:30,2023-10-13 09:15:00+05:30,Long,65992.15,65820.75074074074,65723.68481481481,66073.83,Trailing SL Hit,81.68000000000757,13.206598,68.47340200000757,9.312194422064655,637.6376321642613,0.2550550528657045,2023
306,306,306,2023-10-17 09:15:00+05:30,2023-10-18 10:45:00+05:30,Long,66491.21,66263.0662962963,66154.4811111111,66154.4811111111,Initial SL Hit,-336.72888888890157,13.264569111111111,-349.99345800001265,7.424370413388665,-2598.481074454882,-1.0393924297819528,2023
307,307,307,2023-11-02 09:15:00+05:30,2023-11-02 11:15:00+05:30,Long,64178.29,63922.35407407408,63781.96111111111,63895.63,Trailing SL Hit,-282.6600000000035,12.807392,-295.4673920000035,6.307892435014628,-1863.7765267903235,-0.7455106107161295,2023
308,308,308,2023-11-02 13:15:00+05:30,2023-11-10 09:15:00+05:30,Long,63993.3,63910.811481481476,63792.54777777778,64659.53,Trailing SL Hit,666.2299999999959,12.865283000000002,653.364716999996,12.453162273006347,8136.456844257818,3.254582737703127,2023
309,309,309,2023-11-10 15:15:00+05:30,2023-12-13 09:15:00+05:30,Long,64985.26,64901.41407407408,64802.044444444444,69481.56,Trailing SL Hit,4496.299999999996,13.446682000000001,4482.853317999996,13.645129598408476,61169.11449476539,24.467645797906158,2023
310,310,310,2023-12-14 09:15:00+05:30,2023-12-20 13:45:00+05:30,Long,70346.18,69652.79777777779,69532.22888888889,70912.17,Trailing SL Hit,565.9900000000052,14.125834999999999,551.8641650000052,3.0714375419763322,1695.016314452437,0.6780065257809748,2023
311,311,311,2023-12-22 10:45:00+05:30,2023-12-22 13:15:00+05:30,Long,71179.01,71045.03814814815,70792.23592592592,70881.92,Trailing SL Hit,-297.0899999999965,14.206093,-311.2960929999965,6.463721763111846,-2012.1313310957667,-0.8048525324383066,2023
312,312,312,2023-12-22 14:15:00+05:30,2024-01-02 09:45:00+05:30,Long,71157.51,70909.00296296297,70683.3162962963,71944.42,Trailing SL Hit,786.9100000000035,14.310193,772.5998070000035,5.272107116719821,4073.228940861078,1.6292915763444313,2023
313,313,313,2024-01-04 10:45:00+05:30,2024-01-05 13:45:00+05:30,Long,71838.33,71728.1062962963,71591.61407407408,71818.57,Trailing SL Hit,-19.75999999999476,14.365690000000003,-34.12568999999476,10.133111555800637,-345.79942368861714,-0.13831976947544686,2024
314,314,314,2024-01-05 14:45:00+05:30,2024-01-08 10:45:00+05:30,Long,72069.18,71879.21666666667,71788.55407407407,71788.55407407407,Initial SL Hit,-280.6259259259241,14.385773407407408,-295.0116993333315,8.90865657458861,-2628.1579148464416,-1.0512631659385767,2024
315,315,315,2024-01-09 10:15:00+05:30,2024-01-09 13:45:00+05:30,Long,71983.44,71883.69259259259,71712.92592592593,71797.6,Trailing SL Hit,-185.8399999999965,14.378104000000002,-200.21810399999652,9.24166333510404,-1850.3483107608151,-0.740139324304326,2024
316,316,316,2024-01-11 09:15:00+05:30,2024-01-11 13:45:00+05:30,Long,71867.57,71670.49259259259,71531.43629629629,71577.99,Trailing SL Hit,-289.58000000000175,14.344556,-303.92455600000176,7.4375165966802905,-2260.4439293887012,-0.9041775717554805,2024
317,317,317,2024-01-11 14:15:00+05:30,2024-01-17 09:15:00+05:30,Long,71726.57,71644.53518518519,71480.41259259259,72349.69,Trailing SL Hit,623.1199999999953,14.407626000000002,608.7123739999953,10.156103065638161,6182.145607673236,2.4728582430692945,2024
318,318,318,2024-01-23 09:15:00+05:30,2024-01-23 09:45:00+05:30,Long,71949.81,71751.24481481481,71610.28333333333,71734.98,Trailing SL Hit,-214.83000000000175,14.368478999999999,-229.19847900000175,7.363191894598245,-1687.632382827059,-0.6750529531308236,2024
319,319,319,2024-01-29 09:15:00+05:30,2024-01-30 14:15:00+05:30,Long,71261.18,70721.34407407408,70478.55407407408,71282.22,Trailing SL Hit,21.04000000000815,14.254340000000001,6.785660000008148,3.1943741156316774,21.675936661503275,0.00867037466460131,2024
320,320,320,2024-02-01 09:45:00+05:30,2024-02-05 14:15:00+05:30,Long,71996.74,71710.58222222222,71504.44037037037,71745.23,Trailing SL Hit,-251.5100000000093,14.374197,-265.8841970000093,5.078208167413815,-1350.2153007917111,-0.5400861203166845,2024
321,321,321,2024-02-07 09:15:00+05:30,2024-02-07 11:15:00+05:30,Long,72288.98,72174.23333333334,71998.65851851852,71998.65851851852,Initial SL Hit,-290.321481481471,14.428763851851855,-304.7502453333228,8.611143712972394,-2624.2481591288374,-1.049699263651535,2024
322,322,322,2024-02-07 13:45:00+05:30,2024-02-08 10:15:00+05:30,Long,72255.86,72179.39407407407,71984.69222222222,71984.69222222222,Initial SL Hit,-271.16777777778043,14.424055222222222,-285.5918330000027,9.219384472917456,-2632.9809107522597,-1.0531923643009038,2024
323,323,323,2024-02-13 10:45:00+05:30,2024-02-13 11:15:00+05:30,Long,71627.17,71458.37148148149,71246.77666666667,71460.77,Trailing SL Hit,-166.39999999999418,14.308794,-180.70879399999419,6.572144622233251,-1187.6443286773183,-0.4750577314709273,2024
324,324,324,2024-02-13 14:45:00+05:30,2024-02-13 15:15:00+05:30,Long,71593.84,71459.67185185185,71240.55444444444,71502.61,Trailing SL Hit,-91.22999999999593,14.309645000000002,-105.53964499999593,7.076428573675009,-746.843759533488,-0.29873750381339514,2024
325,325,325,2024-02-14 14:15:00+05:30,2024-02-22 09:45:00+05:30,Long,71755.96,71380.41259259259,71192.73185185186,72243.65,Trailing SL Hit,487.6899999999878,14.399961,473.29003899998776,4.438698613021764,2100.791839666262,0.8403167358665048,2024
326,326,326,2024-02-22 14:45:00+05:30,2024-02-26 11:15:00+05:30,Long,73137.9,72844.29814814815,72634.97592592593,72769.89,Trailing SL Hit,-368.00999999999476,14.590778999999998,-382.60077899999476,4.970929269199851,-1901.8814107497376,-0.7607525642998951,2024
327,327,327,2024-02-27 12:45:00+05:30,2024-02-28 10:45:00+05:30,Long,73133.78,73006.90481481481,72854.84185185184,72854.84185185184,Initial SL Hit,-278.93814814815414,14.598862185185185,-293.5370103333393,8.962560397698487,-2630.8431840723983,-1.0523372736289593,2024
328,328,328,2024-03-01 09:15:00+05:30,2024-03-06 11:15:00+05:30,Long,73048.91,72657.91592592593,72419.79703703703,73408.3,Trailing SL Hit,359.3899999999994,14.645721000000004,344.74427899999944,3.9738491291382636,1369.9617528795463,0.5479847011518185,2024
329,329,329,2024-03-06 13:45:00+05:30,2024-03-11 11:45:00+05:30,Long,73899.2,73736.4311111111,73566.7362962963,73687.78,Trailing SL Hit,-211.41999999999825,14.758697999999999,-226.17869799999826,7.5196178474509265,-1700.7773741940002,-0.6803109496776001,2024
330,330,330,2024-03-21 09:15:00+05:30,2024-03-21 11:45:00+05:30,Long,72638.73,72228.38148148148,72047.22481481482,72447.38,Trailing SL Hit,-191.34999999999127,14.508611,-205.85861099999127,4.22650563784552,-870.0625799905108,-0.3480250319962043,2024
331,331,331,2024-03-21 12:15:00+05:30,2024-03-22 09:15:00+05:30,Long,72596.05,72317.9274074074,72159.23185185186,72402.86,Trailing SL Hit,-193.19000000000233,14.499891000000002,-207.68989100000232,5.723205435942968,-1188.6519131616158,-0.4754607652646463,2024
332,332,332,2024-03-22 09:45:00+05:30,2024-03-26 09:15:00+05:30,Long,72687.63,72475.18555555555,72296.64370370371,72539.52,Trailing SL Hit,-148.11000000000058,14.522715000000003,-162.6327150000006,6.394085991457533,-1039.8875647342093,-0.4159550258936837,2024
333,333,333,2024-03-27 09:15:00+05:30,2024-04-12 12:15:00+05:30,Long,72836.64,72732.86851851852,72575.28592592593,74442.13,Trailing SL Hit,1605.4900000000052,14.727877000000003,1590.7621230000052,9.56556735859974,15216.542239065675,6.08661689562627,2024
334,334,334,2024-04-22 09:15:00+05:30,2024-04-26 13:15:00+05:30,Long,73276.32,72895.73333333332,72668.99814814815,73874.2,Trailing SL Hit,597.8799999999901,14.715052000000002,583.1649479999901,4.1164334732513925,2400.5597123740667,0.9602238849496267,2024
335,335,335,2024-04-29 10:15:00+05:30,2024-05-03 10:15:00+05:30,Long,74244.84,74169.50185185185,73989.37148148149,74397.28,Trailing SL Hit,152.44000000000233,14.864212,137.57578800000232,9.785941588802384,1346.3086254014827,0.538523450160593,2024
336,336,336,2024-05-14 10:45:00+05:30,2024-05-15 09:45:00+05:30,Long,73005.34,72639.4311111111,72418.11518518519,72948.24,Trailing SL Hit,-57.09999999999127,14.595358000000003,-71.69535799999127,4.257313275816566,-305.2295994277843,-0.12209183977111372,2024
337,337,337,2024-05-15 10:45:00+05:30,2024-05-15 11:15:00+05:30,Long,73062.34,72885.63962962962,72723.96925925926,72913.86,Trailing SL Hit,-148.47999999999593,14.597620000000003,-163.07761999999593,7.38834567825574,-1204.8738289472017,-0.48194953157888065,2024
338,338,338,2024-05-16 09:45:00+05:30,2024-05-16 10:15:00+05:30,Long,73179.93,73101.32037037036,72949.41925925926,72949.41925925926,Initial SL Hit,-230.51074074073404,14.612934925925924,-245.12367566665995,10.845481611687084,-2658.484317031909,-1.0633937268127636,2024
339,339,339,2024-05-16 11:45:00+05:30,2024-05-16 12:15:00+05:30,Long,73288.34,73120.71481481481,72951.99962962963,72951.99962962963,Initial SL Hit,-336.34037037036614,14.624033962962963,-350.9644043333291,7.432946563170779,-2608.699662984698,-1.0434798651938793,2024
340,340,340,2024-05-16 14:45:00+05:30,2024-05-29 09:15:00+05:30,Long,73645.77,73103.58333333333,72880.21333333335,74928.09,Trailing SL Hit,1282.3199999999924,14.857386,1267.4626139999925,3.2655975825870067,4139.022848297784,1.6556091393191135,2024
341,341,341,2024-06-03 09:15:00+05:30,2024-06-04 09:15:00+05:30,Long,75801.56,74200.51481481481,74039.30851851852,74039.30851851852,Initial SL Hit,-1762.2514814814785,14.984086851851853,-1777.2355683333303,1.4186397493610365,-2521.257021215915,-1.0085028084863659,2024
342,342,342,2024-06-05 14:15:00+05:30,2024-06-21 12:15:00+05:30,Long,74276.27,73939.10666666667,73003.77185185185,77015.95,Trailing SL Hit,2739.679999999993,15.129222,2724.550777999993,1.9646394013525394,5352.759809444502,2.141103923777801,2024
343,343,343,2024-06-25 09:15:00+05:30,2024-07-10 10:15:00+05:30,Long,77566.9,77367.61962962963,77146.2125925926,79580.97,Trailing SL Hit,2014.070000000007,15.714787000000001,1998.355213000007,5.942654702708894,11875.535004217325,4.750214001686929,2024
344,344,344,2024-07-12 09:15:00+05:30,2024-07-19 14:45:00+05:30,Long,80222.5,79911.11962962963,79723.29962962962,80610.8,Trailing SL Hit,388.3000000000029,16.08333,372.2166700000029,5.008009104931407,1864.0644723672635,0.7456257889469055,2024
345,345,345,2024-07-26 09:15:00+05:30,2024-08-02 09:15:00+05:30,Long,80367.88,80105.79777777779,79901.12185185186,81114.56,Trailing SL Hit,746.679999999993,16.148244000000002,730.531755999993,5.356092892901172,3912.7959463501757,1.5651183785400702,2024
346,346,346,2024-08-09 09:15:00+05:30,2024-08-12 09:15:00+05:30,Long,79844.85,79323.78555555556,79121.71333333332,79416.69,Trailing SL Hit,-428.1600000000035,15.926154000000002,-444.0861540000035,3.457161163634254,-1535.2774049165125,-0.6141109619666051,2024
347,347,347,2024-08-12 10:15:00+05:30,2024-08-12 14:45:00+05:30,Long,79697.32,79526.31074074075,79338.30370370371,79659.53,Trailing SL Hit,-37.79000000000815,15.935685000000001,-53.72568500000815,6.963472203882274,-374.11731413209156,-0.14964692565283663,2024
348,348,348,2024-08-16 09:15:00+05:30,2024-08-16 10:45:00+05:30,Long,79729.97,79287.3562962963,79152.93555555555,79416.28,Trailing SL Hit,-313.6900000000023,15.914625000000001,-329.60462500000233,4.332497000949264,-1428.011049311517,-0.5712044197246068,2024
349,349,349,2024-08-16 11:15:00+05:30,2024-09-04 09:15:00+05:30,Long,79760.04,79295.18037037038,79143.03444444445,81973.12,Trailing SL Hit,2213.0800000000017,16.173316,2196.906684000002,4.0518273741458115,8901.48664067511,3.560594656270044,2024
350,350,350,2024-09-10 11:15:00+05:30,2024-09-11 13:15:00+05:30,Long,81818.28,81437.60148148148,81287.87222222223,81853.41,Trailing SL Hit,35.13000000000466,16.367169,18.762831000004656,4.713354714506927,88.43587795136867,0.03537435118054747,2024
351,351,351,2024-09-12 13:45:00+05:30,2024-09-30 09:15:00+05:30,Long,82373.86,81932.89000000001,81757.1662962963,85036.83,Trailing SL Hit,2662.970000000001,16.741069,2646.228931000001,4.053876316533903,10727.484791507732,4.290993916603093,2024
352,352,352,2024-10-14 10:45:00+05:30,2024-10-15 09:45:00+05:30,Long,81888.08,81643.05592592592,81511.02592592593,81773.91,Trailing SL Hit,-114.16999999999825,16.366198999999998,-130.53619899999825,6.6303487268749075,-865.500520850728,-0.3462002083402912,2024
353,353,353,2024-10-15 10:15:00+05:30,2024-10-15 10:45:00+05:30,Long,81889.0,81775.67407407408,81647.29222222223,81825.14,Trailing SL Hit,-63.86000000000058,16.371414,-80.23141400000058,10.343068075775776,-829.8389768177557,-0.33193559072710227,2024
354,354,354,2024-10-22 09:15:00+05:30,2024-10-22 09:45:00+05:30,Long,81410.5,81220.84481481482,80996.06703703704,81118.61,Trailing SL Hit,-291.8899999999994,16.252911,-308.1429109999994,6.032338697497404,-1858.822406384795,-0.743528962553918,2024
355,355,355,2024-10-28 10:15:00+05:30,2024-10-28 13:45:00+05:30,Long,80297.21,79838.76185185184,79657.67259259259,80178.48,Trailing SL Hit,-118.73000000001048,16.047569,-134.7775690000105,3.9090754833788193,-526.8556906873382,-0.21074227627493528,2024
356,356,356,2024-10-29 13:45:00+05:30,2024-10-30 09:15:00+05:30,Long,80290.6,79981.87777777779,79771.93037037038,80116.72,Trailing SL Hit,-173.88000000000466,16.040732000000002,-189.92073200000465,4.820023878755344,-915.4224633107166,-0.3661689853242866,2024
357,357,357,2024-10-30 12:15:00+05:30,2024-10-30 13:15:00+05:30,Long,80278.68,80176.70777777777,79966.60074074075,79966.60074074075,Initial SL Hit,-312.0792592592479,16.024528074074073,-328.103787333322,8.010785484219637,-2628.3690568872626,-1.051347622754905,2024
358,358,358,2024-11-05 13:45:00+05:30,2024-11-07 09:45:00+05:30,Long,79325.93,78942.94629629629,78665.29074074075,79520.67,Trailing SL Hit,194.74000000000524,15.884659999999998,178.85534000000524,3.7842134946735877,676.8267912224526,0.27073071648898106,2024
359,359,359,2024-11-11 10:15:00+05:30,2024-11-11 13:15:00+05:30,Long,79801.4,79594.78666666668,79402.75925925926,79502.36,Trailing SL Hit,-299.0399999999936,15.930376000000003,-314.9703759999936,6.271310843328751,-1975.277134336094,-0.7901108537344376,2024
360,360,360,2024-11-19 10:15:00+05:30,2024-11-19 14:15:00+05:30,Long,78179.98,77617.17481481482,77396.01,78157.38,Trailing SL Hit,-22.59999999999127,15.633735999999999,-38.23373599999127,3.188897534344422,-121.92346645914772,-0.048769386583659084,2024
361,361,361,2024-11-22 09:45:00+05:30,2024-11-22 10:15:00+05:30,Long,77908.62,77730.42925925925,77509.29148148149,77716.41,Trailing SL Hit,-192.20999999999185,15.562503000000001,-207.77250299999184,6.260509540552953,-1300.761737296016,-0.5203046949184065,2024
362,362,362,2024-11-22 11:15:00+05:30,2024-11-28 11:15:00+05:30,Long,77810.33,77697.20814814816,77454.55518518518,79460.8,Trailing SL Hit,1650.4700000000012,15.727113000000001,1634.7428870000012,7.026916734680101,11487.202149559569,4.594880859823828,2024
363,363,363,2024-12-02 11:15:00+05:30,2024-12-10 13:15:00+05:30,Long,79811.0,79660.63888888889,79423.69925925926,81257.33,Trailing SL Hit,1446.3300000000017,16.106833,1430.2231670000017,6.454932141928155,9231.99349079859,3.692797396319436,2024
364,364,364,2024-12-11 11:15:00+05:30,2024-12-11 14:45:00+05:30,Long,81708.34,81598.31851851853,81457.9462962963,81457.9462962963,Initial SL Hit,-250.3937037036958,16.31662862962963,-266.7103323333254,9.984276613274522,-2662.9097336342966,-1.0651638934537186,2024
365,365,365,2024-12-13 12:45:00+05:30,2024-12-17 09:15:00+05:30,Long,81632.88,81380.00814814813,81166.14222222223,81419.08,Trailing SL Hit,-213.8000000000029,16.305196000000002,-230.1051960000029,5.356326654985963,-1232.518594785585,-0.493007437914234,2024
366,366,366,2024-12-27 09:45:00+05:30,2024-12-27 11:15:00+05:30,Long,79014.14,78647.44222222222,78505.97703703704,78844.46,Trailing SL Hit,-169.67999999999302,15.785860000000001,-185.46585999999303,4.919681641934661,-912.4329866475896,-0.3649731946590358,2024
367,367,367,2024-12-30 11:15:00+05:30,2024-12-30 12:15:00+05:30,Long,78969.56,78726.87666666666,78599.01703703703,78599.01703703703,Initial SL Hit,-370.54296296296525,15.756857703703703,-386.29982066666895,6.746855965120212,-2606.309249389784,-1.0425236997559135,2024
368,368,368,2025-01-01 10:45:00+05:30,2025-01-01 11:15:00+05:30,Long,78542.75,78347.6537037037,78112.95,78440.37,Trailing SL Hit,-102.38000000000466,15.698312,-118.07831200000466,5.816658911121412,-686.8212657050015,-0.2747285062820006,2025
369,369,369,2025-01-01 12:15:00+05:30,2025-01-01 12:45:00+05:30,Long,78566.52,78317.14074074074,78071.7248148148,78442.74,Trailing SL Hit,-123.77999999999884,15.700926,-139.48092599999885,5.052595649378179,-704.7407198788339,-0.28189628795153354,2025
370,370,370,2025-01-01 13:15:00+05:30,2025-01-01 14:45:00+05:30,Long,78513.26,78284.98333333332,78062.96888888889,78495.45,Trailing SL Hit,-17.80999999999767,15.700871,-33.51087099999767,5.5519639147022,-186.05114654222749,-0.07442045861689099,2025
371,371,371,2025-01-01 15:15:00+05:30,,Long,78581.23,78304.5862962963,78114.82888888888,,,,,,5.3601930622424865,,,2025
