,Index,Strike,Option Type,Expiry,Signal Generated At,Trade Type,Entry Date,Entry Time,Entry Price,Initial SL,Target,Exit Time,Exit Price,Points Captured,Slippages,After Costs,PnL,Remarks,Volume at Entry Candle,Volume Remark,Qty,ROI%,Max Price,Min Price,Trade Year,Trade Month,Variation
0,midcpnifty,8775,P,2023-09-04,2023-09-01 11:30:00,SELL,2023-09-01,11:40:00,3.15,5.8,1,2023-09-01 15:10:00,1.0,2.15,0.0415,2.1085,2878.1025,Target Hit,268575,LIQUID,1365,0.28781025000000005,11.25,0.9,2023,9,"5, 5, 10m, 1.2% SL"
1,midcpnifty,8975,P,2023-09-11,2023-09-05 10:40:00,SELL,2023-09-05,10:50:00,41.35,48.0,1,2023-09-08 09:30:00,1.0,40.35,0.42350000000000004,39.926500000000004,53301.8775,Target Hit,24375,LIQUID,1335,5.33018775,64.95,1.0,2023,9,"5, 5, 10m, 1.2% SL"
2,midcpnifty,8975,C,2023-09-11,2023-09-06 12:10:00,SELL,2023-09-06,12:20:00,102.7,111.6,1,2023-09-06 14:20:00,111.6,-8.899999999999991,2.1430000000000002,-11.042999999999992,-14742.40499999999,Initial SL Hit,1875,ILLIQUID,1335,-1.474240499999999,122.3,60.35,2023,9,"5, 5, 10m, 1.2% SL"
3,midcpnifty,8975,C,2023-09-11,2023-09-07 12:00:00,SELL,2023-09-07,12:10:00,102.05,116.3,1,2023-09-07 14:30:00,116.3,-14.25,2.1835,-16.4335,-21938.7225,Initial SL Hit,3300,ILLIQUID,1335,-2.19387225,123.1,60.35,2023,9,"5, 5, 10m, 1.2% SL"
4,midcpnifty,9250,C,2023-09-18,2023-09-12 10:50:00,SELL,2023-09-12,11:00:00,18.45,25.35,1,2023-09-18 09:10:00,1.0,17.45,0.1945,17.255499999999998,22259.594999999998,Target Hit,101250,LIQUID,1290,2.2259594999999996,61.15,0.95,2023,9,"5, 5, 10m, 1.2% SL"
5,midcpnifty,9250,P,2023-09-18,2023-09-13 12:10:00,SELL,2023-09-13,12:30:00,292.0,339.0,1,2023-09-18 15:20:00,101.6,190.4,3.9360000000000004,186.464,240538.56,Expiry Exit,75,ILLIQUID,1290,24.053856,366.8,54.1,2023,9,"5, 5, 10m, 1.2% SL"
6,midcpnifty,9125,P,2023-09-25,2023-09-20 10:50:00,SELL,2023-09-20,11:00:00,52.85,69.75,1,2023-09-21 12:20:00,69.75,-16.9,1.226,-18.125999999999998,-23926.319999999996,Initial SL Hit,83775,LIQUID,1320,-2.392632,133.6,25.6,2023,9,"5, 5, 10m, 1.2% SL"
7,midcpnifty,9125,C,2023-09-25,2023-09-20 14:10:00,SELL,2023-09-20,14:20:00,70.4,96.0,1,2023-09-25 09:10:00,1.0,69.4,0.7140000000000001,68.686,90665.52,Target Hit,54075,LIQUID,1320,9.066552,116.75,0.8,2023,9,"5, 5, 10m, 1.2% SL"
8,midcpnifty,9125,P,2023-09-25,2023-09-21 13:50:00,SELL,2023-09-21,14:00:00,65.5,78.6,1,2023-09-21 14:10:00,78.6,-13.099999999999994,1.441,-14.540999999999995,-19194.11999999999,Initial SL Hit,24975,LIQUID,1320,-1.9194119999999992,133.6,25.6,2023,9,"5, 5, 10m, 1.2% SL"
9,midcpnifty,9125,P,2023-09-25,2023-09-22 11:20:00,SELL,2023-09-22,11:30:00,59.6,86.5,1,2023-09-22 14:10:00,86.5,-26.9,1.461,-28.360999999999997,-37436.52,Initial SL Hit,28425,LIQUID,1320,-3.7436519999999995,133.6,25.6,2023,9,"5, 5, 10m, 1.2% SL"
10,midcpnifty,9125,P,2023-09-25,2023-09-25 09:30:00,SELL,2023-09-25,09:40:00,64.7,81.95,1,2023-09-25 10:00:00,81.95,-17.25,1.4665000000000001,-18.7165,-24705.78,Initial SL Hit,142050,LIQUID,1320,-2.470578,133.6,25.6,2023,9,"5, 5, 10m, 1.2% SL"
11,midcpnifty,9125,P,2023-09-25,2023-09-25 12:10:00,SELL,2023-09-25,12:20:00,31.35,125.4,1,2023-09-25 14:40:00,1.0,30.35,0.3235,30.026500000000002,39634.98,Target Hit,4197150,LIQUID,1320,3.963498,155.5,0.7,2023,9,"5, 5, 10m, 1.2% SL"
12,midcpnifty,9125,P,2023-10-09,2023-10-03 10:40:00,SELL,2023-10-03,10:50:00,94.0,123.7,1,2023-10-04 10:00:00,123.7,-29.700000000000003,2.177,-31.877000000000002,-42077.64000000001,Initial SL Hit,10650,LIQUID,1320,-4.207764000000001,160.3,73.35,2023,10,"5, 5, 10m, 1.2% SL"
13,midcpnifty,9125,C,2023-10-09,2023-10-03 13:20:00,SELL,2023-10-03,13:30:00,66.8,74.95,1,2023-10-09 09:20:00,1.0,65.8,0.6779999999999999,65.122,85961.04,Target Hit,85125,LIQUID,1320,8.596103999999999,86.6,0.95,2023,10,"5, 5, 10m, 1.2% SL"
14,midcpnifty,9125,P,2023-10-09,2023-10-04 14:20:00,SELL,2023-10-04,14:30:00,123.5,182.25,1,2023-10-09 15:20:00,101.8,21.700000000000003,2.253,19.447000000000003,25670.040000000005,Expiry Exit,4500,ILLIQUID,1320,2.5670040000000007,218.0,29.0,2023,10,"5, 5, 10m, 1.2% SL"
15,midcpnifty,9050,P,2023-10-16,2023-10-10 10:50:00,SELL,2023-10-10,11:00:00,60.15,66.7,1,2023-10-16 09:50:00,1.0,59.15,0.6115,58.5385,77270.81999999999,Target Hit,96450,LIQUID,1320,7.727081999999999,100.8,1.0,2023,10,"5, 5, 10m, 1.2% SL"
16,midcpnifty,9050,C,2023-10-16,2023-10-11 11:20:00,SELL,2023-10-11,11:30:00,162.7,177.05,1,2023-10-16 15:20:00,106.55,56.14999999999999,2.6925,53.45749999999999,70563.89999999998,Expiry Exit,2325,ILLIQUID,1320,7.056389999999999,196.25,68.25,2023,10,"5, 5, 10m, 1.2% SL"
17,midcpnifty,9200,C,2023-10-23,2023-10-17 11:20:00,SELL,2023-10-17,11:30:00,68.3,76.15,1,2023-10-20 12:00:00,1.0,67.3,0.693,66.607,86922.135,Target Hit,278775,LIQUID,1305,8.6922135,81.5,1.0,2023,10,"5, 5, 10m, 1.2% SL"
18,midcpnifty,9200,P,2023-10-23,2023-10-17 13:00:00,SELL,2023-10-17,13:10:00,65.8,69.1,1,2023-10-17 13:30:00,69.1,-3.299999999999997,1.3489999999999998,-4.648999999999997,-6066.944999999997,Initial SL Hit,49650,LIQUID,1305,-0.6066944999999997,98.7,61.5,2023,10,"5, 5, 10m, 1.2% SL"
19,midcpnifty,9200,P,2023-10-23,2023-10-18 09:10:00,SELL,2023-10-18,09:20:00,63.25,73.45,1,2023-10-18 10:40:00,73.45,-10.200000000000003,1.367,-11.567000000000004,-15094.935000000005,Initial SL Hit,451500,LIQUID,1305,-1.5094935000000005,98.7,57.7,2023,10,"5, 5, 10m, 1.2% SL"
20,midcpnifty,9200,P,2023-10-23,2023-10-19 13:20:00,SELL,2023-10-19,13:30:00,142.15,154.1,1,2023-10-20 09:10:00,140.55,1.5999999999999943,2.8270000000000004,-1.227000000000006,-1601.2350000000079,Gap Outside ISL,17250,LIQUID,1305,-0.16012350000000078,202.05,57.7,2023,10,"5, 5, 10m, 1.2% SL"
21,midcpnifty,8875,C,2023-10-30,2023-10-25 11:10:00,SELL,2023-10-25,11:20:00,63.85,88.85,1,2023-10-30 09:10:00,1.0,62.85,0.6485,62.2015,83972.02500000001,Target Hit,179250,LIQUID,1350,8.3972025,101.35,0.55,2023,10,"5, 5, 10m, 1.2% SL"
22,midcpnifty,8875,P,2023-10-30,2023-10-25 14:30:00,SELL,2023-10-25,14:40:00,111.6,142.55,1,2023-10-26 09:10:00,206.55,-94.95000000000002,3.1814999999999998,-98.13150000000002,-132477.52500000002,Gap Outside ISL,6450,ILLIQUID,1350,-13.2477525,211.5,68.55,2023,10,"5, 5, 10m, 1.2% SL"
23,midcpnifty,8875,P,2023-10-30,2023-10-26 13:30:00,SELL,2023-10-26,13:40:00,275.75,278.75,1,2023-10-26 13:40:00,278.75,-3.0,5.545,-8.545,-11535.75,Initial SL Hit,375,ILLIQUID,1350,-1.153575,310.65,68.55,2023,10,"5, 5, 10m, 1.2% SL"
24,midcpnifty,8875,P,2023-10-30,2023-10-26 15:00:00,SELL,2023-10-26,15:10:00,241.4,281.9,1,2023-10-30 15:20:00,156.0,85.4,3.9739999999999998,81.426,109925.1,Expiry Exit,300,ILLIQUID,1350,10.992510000000001,310.65,68.55,2023,10,"5, 5, 10m, 1.2% SL"
25,midcpnifty,8775,C,2023-11-06,2023-10-31 10:40:00,SELL,2023-10-31,10:50:00,62.85,84.9,1,2023-11-02 09:20:00,84.9,-22.050000000000004,1.4775,-23.527500000000003,-32115.037500000006,Initial SL Hit,66225,LIQUID,1365,-3.2115037500000008,98.7,37.45,2023,10,"5, 5, 10m, 1.2% SL"
26,midcpnifty,8775,P,2023-11-06,2023-10-31 13:20:00,SELL,2023-10-31,13:30:00,93.6,102.4,1,2023-11-06 09:10:00,1.0,92.6,0.946,91.654,125107.70999999999,Target Hit,18750,LIQUID,1365,12.510770999999998,140.45,0.35,2023,10,"5, 5, 10m, 1.2% SL"
27,midcpnifty,8775,C,2023-11-06,2023-11-02 10:50:00,SELL,2023-11-02,11:00:00,78.5,88.8,1,2023-11-02 11:10:00,88.8,-10.299999999999997,1.673,-11.972999999999997,-16343.144999999997,Initial SL Hit,22875,LIQUID,1365,-1.6343144999999997,98.7,37.45,2023,11,"5, 5, 10m, 1.2% SL"
28,midcpnifty,8775,C,2023-11-06,2023-11-03 15:00:00,SELL,2023-11-03,15:10:00,127.35,138.0,1,2023-11-06 09:20:00,176.95,-49.599999999999994,3.0429999999999997,-52.642999999999994,-71857.69499999999,Gap Outside ISL,6900,ILLIQUID,1365,-7.1857695,178.5,37.45,2023,11,"5, 5, 10m, 1.2% SL"
29,midcpnifty,8775,C,2023-11-06,2023-11-06 10:50:00,SELL,2023-11-06,11:00:00,170.45,178.65,1,2023-11-06 12:30:00,186.05,-15.600000000000023,3.565,-19.165000000000024,-26160.22500000003,Gap Outside ISL,2850,ILLIQUID,1365,-2.616022500000003,199.8,37.45,2023,11,"5, 5, 10m, 1.2% SL"
30,midcpnifty,8975,P,2023-11-13,2023-11-07 10:50:00,SELL,2023-11-07,11:00:00,65.1,76.7,1,2023-11-10 15:20:00,1.0,64.1,0.6609999999999999,63.43899999999999,84691.06499999999,Target Hit,64425,LIQUID,1335,8.469106499999999,93.1,1.0,2023,11,"5, 5, 10m, 1.2% SL"
31,midcpnifty,8975,C,2023-11-13,2023-11-07 12:20:00,SELL,2023-11-07,12:30:00,62.0,73.6,1,2023-11-08 09:10:00,95.35,-33.349999999999994,1.5735,-34.9235,-46622.8725,Gap Outside ISL,81750,LIQUID,1335,-4.662287249999999,102.8,47.0,2023,11,"5, 5, 10m, 1.2% SL"
32,midcpnifty,8975,C,2023-11-13,2023-11-08 14:40:00,SELL,2023-11-08,14:50:00,110.7,115.1,1,2023-11-08 15:00:00,121.85,-11.149999999999991,2.3255000000000003,-13.475499999999991,-17989.79249999999,Gap Outside ISL,1500,ILLIQUID,1335,-1.798979249999999,129.15,47.0,2023,11,"5, 5, 10m, 1.2% SL"
33,midcpnifty,8975,C,2023-11-13,2023-11-09 14:50:00,SELL,2023-11-09,15:00:00,164.2,176.0,1,2023-11-10 12:00:00,176.0,-11.800000000000011,3.402,-15.202000000000012,-20294.670000000016,Initial SL Hit,2325,ILLIQUID,1335,-2.0294670000000017,186.1,47.0,2023,11,"5, 5, 10m, 1.2% SL"
34,midcpnifty,8975,C,2023-11-13,2023-11-10 14:30:00,SELL,2023-11-10,14:40:00,197.8,201.3,1,2023-11-10 14:50:00,201.3,-3.5,3.991,-7.491,-10000.484999999999,Initial SL Hit,675,ILLIQUID,1335,-1.0000485,216.6,47.0,2023,11,"5, 5, 10m, 1.2% SL"
35,midcpnifty,8975,C,2023-11-13,2023-11-13 10:00:00,SELL,2023-11-13,10:10:00,247.5,250.0,1,2023-11-13 10:10:00,250.0,-2.5,4.9750000000000005,-7.4750000000000005,-9979.125,Initial SL Hit,3300,ILLIQUID,1335,-0.9979125,288.25,47.0,2023,11,"5, 5, 10m, 1.2% SL"
36,midcpnifty,9325,P,2023-11-20,2023-11-15 10:40:00,SELL,2023-11-15,10:50:00,53.1,69.3,1,2023-11-20 09:10:00,1.0,52.1,0.541,51.559000000000005,66511.11,Target Hit,151500,LIQUID,1290,6.651111,82.85,0.65,2023,11,"5, 5, 10m, 1.2% SL"
37,midcpnifty,9325,C,2023-11-20,2023-11-15 15:20:00,SELL,2023-11-16,09:10:00,69.9,72.8,1,2023-11-16 09:10:00,72.8,-2.8999999999999915,1.4269999999999998,-4.326999999999991,-5581.829999999988,Initial SL Hit,126601,LIQUID,1290,-0.5581829999999988,72.8,48.95,2023,11,"5, 5, 10m, 1.2% SL"
38,midcpnifty,9325,C,2023-11-20,2023-11-17 11:50:00,SELL,2023-11-17,12:00:00,140.0,152.1,1,2023-11-17 12:30:00,152.1,-12.099999999999994,2.9210000000000003,-15.020999999999994,-19377.089999999993,Initial SL Hit,3750,ILLIQUID,1290,-1.9377089999999992,173.45,48.95,2023,11,"5, 5, 10m, 1.2% SL"
39,midcpnifty,9525,P,2023-12-04,2023-11-28 11:00:00,SELL,2023-11-28,11:10:00,64.45,72.05,1,2023-12-04 09:10:00,1.0,63.45,0.6545000000000001,62.795500000000004,79122.33,Target Hit,40050,LIQUID,1260,7.9122330000000005,80.0,0.15,2023,11,"5, 5, 10m, 1.2% SL"
40,midcpnifty,9525,C,2023-12-04,2023-11-29 14:10:00,SELL,2023-11-29,14:20:00,131.25,140.95,1,2023-11-29 14:50:00,140.95,-9.699999999999989,2.722,-12.421999999999988,-15651.719999999985,Initial SL Hit,2850,ILLIQUID,1260,-1.5651719999999985,145.95,49.45,2023,11,"5, 5, 10m, 1.2% SL"
41,midcpnifty,9525,C,2023-12-04,2023-11-30 12:50:00,SELL,2023-11-30,13:00:00,158.0,158.3,1,2023-11-30 13:40:00,158.3,-0.30000000000001137,3.1630000000000003,-3.4630000000000116,-4363.380000000015,Initial SL Hit,225,ILLIQUID,1260,-0.4363380000000015,172.55,49.45,2023,11,"5, 5, 10m, 1.2% SL"
42,midcpnifty,9925,C,2023-12-11,2023-12-05 11:10:00,SELL,2023-12-05,11:20:00,68.5,100.7,1,2023-12-06 09:10:00,100.7,-32.2,1.692,-33.892,-41178.780000000006,Initial SL Hit,162075,LIQUID,1215,-4.117878,117.8,45.95,2023,12,"5, 5, 10m, 1.2% SL"
43,midcpnifty,9925,P,2023-12-11,2023-12-05 13:00:00,SELL,2023-12-05,13:10:00,100.7,149.5,1,2023-12-11 09:50:00,1.0,99.7,1.0170000000000001,98.683,119899.845,Target Hit,6750,ILLIQUID,1215,11.9899845,183.95,0.8,2023,12,"5, 5, 10m, 1.2% SL"
44,midcpnifty,9925,C,2023-12-11,2023-12-06 12:10:00,SELL,2023-12-06,12:20:00,91.4,101.9,1,2023-12-07 12:50:00,101.9,-10.5,1.933,-12.433,-15106.095,Initial SL Hit,95025,LIQUID,1215,-1.5106095,117.8,38.4,2023,12,"5, 5, 10m, 1.2% SL"
45,midcpnifty,9925,C,2023-12-11,2023-12-08 10:40:00,SELL,2023-12-08,10:50:00,93.4,113.2,1,2023-12-11 15:20:00,91.05,2.3500000000000085,1.8445,0.5055000000000085,614.1825000000104,Expiry Exit,60525,LIQUID,1215,0.061418250000001035,117.8,24.55,2023,12,"5, 5, 10m, 1.2% SL"
46,midcpnifty,10050,C,2023-12-18,2023-12-12 10:50:00,SELL,2023-12-12,11:00:00,80.4,94.7,1,2023-12-13 15:00:00,94.7,-14.299999999999997,1.7510000000000003,-16.051,-19261.199999999997,Initial SL Hit,163425,LIQUID,1200,-1.9261199999999996,101.0,31.3,2023,12,"5, 5, 10m, 1.2% SL"
47,midcpnifty,10050,P,2023-12-18,2023-12-13 13:00:00,SELL,2023-12-13,13:10:00,68.55,89.05,1,2023-12-15 15:20:00,1.0,67.55,0.6955,66.8545,80225.40000000001,Target Hit,58125,LIQUID,1200,8.02254,154.2,0.9,2023,12,"5, 5, 10m, 1.2% SL"
48,midcpnifty,10050,C,2023-12-18,2023-12-14 10:40:00,SELL,2023-12-14,10:50:00,149.65,157.5,1,2023-12-14 11:00:00,157.5,-7.849999999999994,3.0715,-10.921499999999995,-13105.799999999994,Initial SL Hit,10200,LIQUID,1200,-1.3105799999999994,171.05,31.3,2023,12,"5, 5, 10m, 1.2% SL"
49,midcpnifty,10275,C,2024-01-01,2023-12-26 13:50:00,SELL,2023-12-26,14:00:00,115.0,134.05,1,2023-12-27 09:10:00,134.05,-19.05000000000001,2.4905000000000004,-21.540500000000012,-25202.385000000013,Initial SL Hit,66000,LIQUID,1170,-2.5202385000000014,151.0,92.05,2023,12,"5, 5, 10m, 1.2% SL"
50,midcpnifty,10275,P,2024-01-01,2023-12-27 09:20:00,SELL,2023-12-27,09:30:00,62.7,91.55,1,2023-12-27 12:10:00,91.55,-28.849999999999994,1.5425,-30.392499999999995,-35559.22499999999,Initial SL Hit,103500,LIQUID,1170,-3.5559224999999994,128.8,50.65,2023,12,"5, 5, 10m, 1.2% SL"
51,midcpnifty,10275,C,2024-01-01,2023-12-27 11:30:00,SELL,2023-12-27,11:40:00,146.2,154.85,1,2023-12-28 15:00:00,154.85,-8.650000000000006,3.0104999999999995,-11.660500000000006,-13642.785000000007,Initial SL Hit,15000,LIQUID,1170,-1.3642785000000008,164.1,92.05,2023,12,"5, 5, 10m, 1.2% SL"
52,midcpnifty,10275,P,2024-01-01,2023-12-27 14:30:00,SELL,2023-12-27,14:40:00,70.6,102.45,1,2024-01-01 09:20:00,1.0,69.6,0.716,68.884,80594.28,Target Hit,159450,LIQUID,1170,8.059428,128.8,0.9,2023,12,"5, 5, 10m, 1.2% SL"
53,midcpnifty,10275,C,2024-01-01,2023-12-29 09:50:00,SELL,2023-12-29,10:00:00,125.75,145.6,1,2023-12-29 15:00:00,145.6,-19.849999999999994,2.7135000000000002,-22.563499999999994,-26399.294999999995,Initial SL Hit,18675,LIQUID,1170,-2.6399294999999996,164.1,89.55,2023,12,"5, 5, 10m, 1.2% SL"
54,midcpnifty,10425,C,2024-01-08,2024-01-02 10:50:00,SELL,2024-01-02,11:00:00,52.5,88.0,1,2024-01-03 11:50:00,88.0,-35.5,1.405,-36.905,-42625.275,Initial SL Hit,107550,LIQUID,1155,-4.2625275,120.7,37.4,2024,1,"5, 5, 10m, 1.2% SL"
55,midcpnifty,10425,P,2024-01-08,2024-01-02 12:50:00,SELL,2024-01-02,13:00:00,145.85,185.1,1,2024-01-08 09:10:00,1.0,144.85,1.4685,143.3815,165605.63249999998,Target Hit,10200,LIQUID,1155,16.560563249999998,230.0,0.6,2024,1,"5, 5, 10m, 1.2% SL"
56,midcpnifty,10425,C,2024-01-08,2024-01-05 11:00:00,SELL,2024-01-05,11:10:00,129.05,188.55,1,2024-01-08 15:20:00,17.1,111.95000000000002,1.4615,110.48850000000002,127614.21750000001,Expiry Exit,4200,ILLIQUID,1155,12.761421750000002,199.65,16.75,2024,1,"5, 5, 10m, 1.2% SL"
57,midcpnifty,10550,C,2024-01-15,2024-01-09 12:30:00,SELL,2024-01-09,12:40:00,67.0,76.95,1,2024-01-15 12:20:00,76.95,-9.950000000000003,1.4395,-11.389500000000004,-12984.030000000004,Initial SL Hit,93825,LIQUID,1140,-1.2984030000000004,130.4,16.35,2024,1,"5, 5, 10m, 1.2% SL"
58,midcpnifty,10550,P,2024-01-15,2024-01-09 13:40:00,SELL,2024-01-09,13:50:00,109.3,119.9,1,2024-01-09 14:00:00,119.9,-10.600000000000009,2.292,-12.892000000000008,-14696.88000000001,Initial SL Hit,17250,LIQUID,1140,-1.469688000000001,154.55,85.15,2024,1,"5, 5, 10m, 1.2% SL"
59,midcpnifty,10550,P,2024-01-15,2024-01-10 14:30:00,SELL,2024-01-10,14:40:00,167.15,250.0,1,2024-01-15 13:50:00,1.0,166.15,1.6815,164.4685,187494.09,Target Hit,14550,LIQUID,1140,18.749409,273.3,0.8,2024,1,"5, 5, 10m, 1.2% SL"
60,midcpnifty,10675,P,2024-01-22,2024-01-16 10:40:00,SELL,2024-01-16,10:50:00,99.85,118.2,1,2024-01-16 11:40:00,118.2,-18.35000000000001,2.1805000000000003,-20.53050000000001,-23096.81250000001,Initial SL Hit,21075,LIQUID,1125,-2.309681250000001,142.8,99.4,2024,1,"5, 5, 10m, 1.2% SL"
61,midcpnifty,10675,C,2024-01-22,2024-01-16 10:50:00,SELL,2024-01-16,11:00:00,93.45,102.5,1,2024-01-20 14:00:00,1.0,92.45,0.9445,91.5055,102943.6875,Target Hit,37800,LIQUID,1125,10.29436875,105.7,0.9,2024,1,"5, 5, 10m, 1.2% SL"
62,midcpnifty,10675,P,2024-01-22,2024-01-16 14:30:00,SELL,2024-01-16,14:40:00,165.8,223.45,1,2024-01-17 09:20:00,223.45,-57.64999999999998,3.8925,-61.542499999999976,-69235.31249999997,Initial SL Hit,2100,ILLIQUID,1125,-6.923531249999996,247.2,99.4,2024,1,"5, 5, 10m, 1.2% SL"
63,midcpnifty,10725,C,2024-01-29,2024-01-23 10:50:00,SELL,2024-01-23,11:00:00,49.9,63.95,1,2024-01-25 15:20:00,1.0,48.9,0.509,48.391,54439.875,Target Hit,45300,LIQUID,1125,5.4439874999999995,91.15,0.55,2024,1,"5, 5, 10m, 1.2% SL"
64,midcpnifty,10725,P,2024-01-29,2024-01-24 11:20:00,SELL,2024-01-24,13:40:00,310.5,427.5,1,2024-01-29 15:20:00,46.4,264.1,3.569,260.531,293097.375,Expiry Exit,75,ILLIQUID,1125,29.3097375,451.45,43.3,2024,1,"5, 5, 10m, 1.2% SL"
65,midcpnifty,10750,P,2024-02-05,2024-01-30 12:10:00,SELL,2024-01-30,12:20:00,181.65,227.85,1,2024-01-30 14:30:00,227.85,-46.19999999999999,4.095,-50.29499999999999,-55827.44999999998,Initial SL Hit,2325,ILLIQUID,1110,-5.582744999999998,238.8,138.7,2024,1,"5, 5, 10m, 1.2% SL"
66,midcpnifty,10750,C,2024-02-05,2024-01-30 14:20:00,SELL,2024-01-30,14:30:00,95.25,126.7,1,2024-02-05 15:10:00,1.0,94.25,0.9625,93.2875,103549.125,Target Hit,125475,LIQUID,1110,10.354912500000001,146.25,0.15,2024,1,"5, 5, 10m, 1.2% SL"
67,midcpnifty,10750,P,2024-02-05,2024-01-31 10:20:00,SELL,2024-01-31,10:30:00,177.85,239.6,1,2024-02-01 11:50:00,239.6,-61.75,4.1745,-65.9245,-73176.19499999999,Initial SL Hit,13425,LIQUID,1110,-7.317619499999998,257.15,138.7,2024,1,"5, 5, 10m, 1.2% SL"
68,midcpnifty,10750,P,2024-02-05,2024-02-01 14:40:00,SELL,2024-02-01,14:50:00,147.15,198.4,1,2024-02-05 15:20:00,8.85,138.3,1.56,136.74,151781.40000000002,Expiry Exit,13275,LIQUID,1110,15.17814,257.35,2.55,2024,2,"5, 5, 10m, 1.2% SL"
69,midcpnifty,10800,C,2024-02-12,2024-02-06 12:10:00,SELL,2024-02-06,12:20:00,127.0,141.25,1,2024-02-06 15:00:00,141.25,-14.25,2.6825,-16.9325,-18795.075,Initial SL Hit,107625,LIQUID,1110,-1.8795075,156.85,82.9,2024,2,"5, 5, 10m, 1.2% SL"
70,midcpnifty,10800,P,2024-02-12,2024-02-06 14:20:00,SELL,2024-02-06,14:30:00,144.4,171.25,1,2024-02-09 10:50:00,171.25,-26.849999999999994,3.1565,-30.006499999999996,-33307.215,Initial SL Hit,174525,LIQUID,1110,-3.3307214999999992,215.0,33.35,2024,2,"5, 5, 10m, 1.2% SL"
71,midcpnifty,10800,C,2024-02-12,2024-02-07 10:20:00,SELL,2024-02-07,10:30:00,120.65,150.75,1,2024-02-08 09:10:00,162.4,-41.75,2.8305000000000002,-44.5805,-49484.355,Gap Outside ISL,80700,LIQUID,1110,-4.9484355,170.95,82.9,2024,2,"5, 5, 10m, 1.2% SL"
72,midcpnifty,10800,C,2024-02-12,2024-02-08 11:30:00,SELL,2024-02-08,11:40:00,122.55,170.4,1,2024-02-12 12:20:00,1.0,121.55,1.2355,120.3145,133549.095,Target Hit,77625,LIQUID,1110,13.354909500000002,176.7,0.75,2024,2,"5, 5, 10m, 1.2% SL"
73,midcpnifty,10800,P,2024-02-12,2024-02-09 12:20:00,SELL,2024-02-09,12:30:00,128.2,189.2,1,2024-02-12 15:20:00,128.7,-0.5,2.569,-3.069,-3406.59,Expiry Exit,271575,LIQUID,1110,-0.340659,221.05,33.35,2024,2,"5, 5, 10m, 1.2% SL"
74,midcpnifty,10700,P,2024-02-19,2024-02-13 10:50:00,SELL,2024-02-13,11:00:00,143.2,194.5,1,2024-02-13 12:10:00,194.5,-51.30000000000001,3.377,-54.677000000000014,-61511.625000000015,Initial SL Hit,99300,LIQUID,1125,-6.151162500000002,263.25,136.5,2024,2,"5, 5, 10m, 1.2% SL"
75,midcpnifty,10700,C,2024-02-19,2024-02-13 11:50:00,SELL,2024-02-13,12:00:00,82.85,121.0,1,2024-02-13 13:40:00,121.0,-38.150000000000006,2.0385,-40.188500000000005,-45212.06250000001,Initial SL Hit,135600,LIQUID,1125,-4.5212062500000005,133.3,63.65,2024,2,"5, 5, 10m, 1.2% SL"
76,midcpnifty,10700,P,2024-02-19,2024-02-13 13:30:00,SELL,2024-02-13,13:40:00,130.85,216.8,1,2024-02-19 09:10:00,1.0,129.85,1.3185,128.5315,144597.9375,Target Hit,211050,LIQUID,1125,14.45979375,263.25,0.4,2024,2,"5, 5, 10m, 1.2% SL"
77,midcpnifty,10700,C,2024-02-19,2024-02-14 11:20:00,SELL,2024-02-14,11:30:00,63.95,82.4,1,2024-02-14 12:30:00,82.4,-18.450000000000003,1.4635000000000002,-19.913500000000003,-22402.687500000004,Initial SL Hit,134700,LIQUID,1125,-2.2402687500000003,133.3,49.5,2024,2,"5, 5, 10m, 1.2% SL"
78,midcpnifty,10975,C,2024-02-26,2024-02-20 10:50:00,SELL,2024-02-20,11:00:00,110.05,123.0,1,2024-02-21 09:10:00,123.0,-12.950000000000003,2.3305000000000002,-15.280500000000004,-16732.147500000003,Initial SL Hit,44550,LIQUID,1095,-1.6732147500000003,147.55,90.3,2024,2,"5, 5, 10m, 1.2% SL"
79,midcpnifty,10975,P,2024-02-26,2024-02-21 09:20:00,SELL,2024-02-21,09:30:00,79.3,109.0,1,2024-02-21 10:40:00,109.0,-29.700000000000003,1.8830000000000002,-31.583000000000002,-34583.385,Initial SL Hit,103350,LIQUID,1095,-3.4583385,133.3,68.0,2024,2,"5, 5, 10m, 1.2% SL"
80,midcpnifty,10975,C,2024-02-26,2024-02-21 10:40:00,SELL,2024-02-21,10:50:00,78.55,135.15,1,2024-02-23 09:30:00,135.15,-56.60000000000001,2.137,-58.73700000000001,-64317.01500000001,Initial SL Hit,92250,LIQUID,1095,-6.431701500000001,147.55,26.95,2024,2,"5, 5, 10m, 1.2% SL"
81,midcpnifty,10975,P,2024-02-26,2024-02-21 12:40:00,SELL,2024-02-21,12:50:00,89.65,115.75,1,2024-02-21 14:00:00,115.75,-26.099999999999994,2.0540000000000003,-28.153999999999996,-30828.629999999997,Initial SL Hit,172650,LIQUID,1095,-3.0828629999999997,137.0,68.0,2024,2,"5, 5, 10m, 1.2% SL"
82,midcpnifty,10975,P,2024-02-26,2024-02-22 11:30:00,SELL,2024-02-22,11:40:00,144.0,172.5,1,2024-02-26 09:50:00,172.5,-28.5,3.165,-31.665,-34673.174999999996,Initial SL Hit,3300,ILLIQUID,1095,-3.467317499999999,324.95,8.55,2024,2,"5, 5, 10m, 1.2% SL"
83,midcpnifty,10975,C,2024-02-26,2024-02-23 11:00:00,SELL,2024-02-23,11:10:00,110.3,139.0,1,2024-02-23 12:30:00,139.0,-28.700000000000003,2.4930000000000003,-31.193000000000005,-34156.33500000001,Initial SL Hit,11100,LIQUID,1095,-3.4156335,152.0,26.95,2024,2,"5, 5, 10m, 1.2% SL"
84,midcpnifty,10975,C,2024-02-26,2024-02-26 09:30:00,SELL,2024-02-26,09:40:00,68.0,144.0,1,2024-02-26 15:20:00,29.5,38.5,0.975,37.525,41089.875,Expiry Exit,881925,LIQUID,1095,4.1089875,177.0,3.05,2024,2,"5, 5, 10m, 1.2% SL"
85,midcpnifty,10975,P,2024-02-26,2024-02-26 13:00:00,SELL,2024-02-26,13:10:00,65.45,122.0,1,2024-02-26 14:40:00,1.0,64.45,0.6645000000000001,63.785500000000006,69845.12250000001,Target Hit,924375,LIQUID,1095,6.984512250000001,324.95,0.6,2024,2,"5, 5, 10m, 1.2% SL"
86,midcpnifty,11025,C,2024-03-04,2024-02-27 12:20:00,SELL,2024-02-27,12:30:00,124.3,141.95,1,2024-03-04 14:20:00,1.0,123.3,1.253,122.047,133641.465,Target Hit,93225,LIQUID,1095,13.364146499999999,168.1,0.7,2024,2,"5, 5, 10m, 1.2% SL"
87,midcpnifty,11025,P,2024-03-04,2024-02-27 15:20:00,SELL,2024-02-28,09:10:00,102.35,120.7,1,2024-02-28 09:20:00,120.7,-18.35000000000001,2.2305,-20.580500000000008,-22535.64750000001,Initial SL Hit,157201,LIQUID,1095,-2.253564750000001,154.85,95.9,2024,2,"5, 5, 10m, 1.2% SL"
88,midcpnifty,11025,P,2024-03-04,2024-02-29 11:50:00,SELL,2024-02-29,12:00:00,264.05,333.7,1,2024-03-04 15:20:00,32.8,231.25,2.9685,228.2815,249968.2425,Expiry Exit,150,ILLIQUID,1095,24.99682425,404.75,25.65,2024,2,"5, 5, 10m, 1.2% SL"
89,midcpnifty,11000,C,2024-03-11,2024-03-05 10:40:00,SELL,2024-03-05,10:50:00,76.85,106.0,1,2024-03-11 10:50:00,1.0,75.85,0.7785,75.0715,82203.2925,Target Hit,242250,LIQUID,1095,8.220329249999999,120.0,0.95,2024,3,"5, 5, 10m, 1.2% SL"
90,midcpnifty,11000,P,2024-03-11,2024-03-06 13:00:00,SELL,2024-03-06,13:10:00,227.8,280.3,1,2024-03-11 15:20:00,148.8,79.0,3.7660000000000005,75.234,82381.23,Expiry Exit,18975,LIQUID,1095,8.238123,305.5,86.85,2024,3,"5, 5, 10m, 1.2% SL"
91,midcpnifty,10850,C,2024-03-18,2024-03-12 11:10:00,SELL,2024-03-12,11:20:00,72.1,93.35,1,2024-03-15 10:30:00,1.0,71.1,0.731,70.369,78109.59,Target Hit,130125,LIQUID,1110,7.8109589999999995,114.75,1.0,2024,3,"5, 5, 10m, 1.2% SL"
92,midcpnifty,10850,P,2024-03-18,2024-03-14 11:20:00,SELL,2024-03-14,11:30:00,376.85,431.5,1,2024-03-15 09:30:00,442.85,-66.0,8.197000000000001,-74.197,-82358.67,Gap Outside ISL,900,ILLIQUID,1110,-8.235866999999999,536.8,104.05,2024,3,"5, 5, 10m, 1.2% SL"
93,midcpnifty,10850,P,2024-03-18,2024-03-15 13:30:00,SELL,2024-03-15,13:40:00,415.7,494.65,1,2024-03-18 10:30:00,530.4,-114.69999999999999,9.460999999999999,-124.16099999999999,-137818.71,Gap Outside ISL,375,ILLIQUID,1110,-13.781870999999999,536.8,104.05,2024,3,"5, 5, 10m, 1.2% SL"
94,midcpnifty,10375,P,2024-04-01,2024-03-26 11:00:00,SELL,2024-03-26,11:10:00,65.45,81.55,1,2024-04-01 09:30:00,1.0,64.45,0.6645000000000001,63.785500000000006,73672.2525,Target Hit,164625,LIQUID,1155,7.367225250000001,132.0,0.9,2024,3,"5, 5, 10m, 1.2% SL"
95,midcpnifty,10375,C,2024-04-01,2024-03-27 12:10:00,SELL,2024-03-27,12:20:00,204.35,216.75,1,2024-03-28 12:30:00,216.75,-12.400000000000006,4.211,-16.611000000000004,-19185.705000000005,Initial SL Hit,150,ILLIQUID,1155,-1.9185705000000004,234.1,109.95,2024,3,"5, 5, 10m, 1.2% SL"
96,midcpnifty,10725,P,2024-04-08,2024-04-02 11:40:00,SELL,2024-04-02,11:50:00,65.0,99.95,1,2024-04-08 11:00:00,1.0,64.0,0.66,63.34,71257.5,Target Hit,123750,LIQUID,1125,7.12575,129.05,0.75,2024,4,"5, 5, 10m, 1.2% SL"
97,midcpnifty,10725,C,2024-04-08,2024-04-03 09:50:00,SELL,2024-04-03,10:00:00,112.0,126.9,1,2024-04-03 10:20:00,126.9,-14.900000000000006,2.3890000000000002,-17.289000000000005,-19450.125000000007,Initial SL Hit,131325,LIQUID,1125,-1.9450125000000005,162.15,70.7,2024,4,"5, 5, 10m, 1.2% SL"
98,midcpnifty,10725,C,2024-04-08,2024-04-04 11:30:00,SELL,2024-04-04,11:40:00,149.1,168.85,1,2024-04-08 09:10:00,196.0,-46.900000000000006,3.4510000000000005,-50.351000000000006,-56644.87500000001,Gap Outside ISL,1800,ILLIQUID,1125,-5.664487500000001,197.0,70.7,2024,4,"5, 5, 10m, 1.2% SL"
99,midcpnifty,10725,C,2024-04-08,2024-04-08 10:30:00,SELL,2024-04-08,10:40:00,148.3,175.0,1,2024-04-08 11:20:00,175.0,-26.69999999999999,3.233,-29.93299999999999,-33674.624999999985,Initial SL Hit,675,ILLIQUID,1125,-3.3674624999999985,197.0,70.7,2024,4,"5, 5, 10m, 1.2% SL"
100,midcpnifty,10925,C,2024-04-15,2024-04-09 12:50:00,SELL,2024-04-09,13:00:00,81.85,98.45,1,2024-04-10 12:30:00,98.45,-16.60000000000001,1.8030000000000002,-18.40300000000001,-20151.28500000001,Initial SL Hit,146250,LIQUID,1095,-2.015128500000001,104.8,51.4,2024,4,"5, 5, 10m, 1.2% SL"
101,midcpnifty,10925,P,2024-04-15,2024-04-10 10:00:00,SELL,2024-04-10,10:10:00,72.85,110.35,1,2024-04-15 09:10:00,110.35,-37.5,1.8319999999999999,-39.332,-43068.54,Initial SL Hit,171900,LIQUID,1095,-4.306854,130.0,19.7,2024,4,"5, 5, 10m, 1.2% SL"
102,midcpnifty,10925,C,2024-04-15,2024-04-12 13:00:00,SELL,2024-04-12,13:10:00,89.8,117.8,1,2024-04-15 12:50:00,1.0,88.8,0.908,87.892,96241.73999999999,Target Hit,37425,LIQUID,1095,9.624174,117.8,0.95,2024,4,"5, 5, 10m, 1.2% SL"
103,midcpnifty,10925,P,2024-04-15,2024-04-15 11:10:00,SELL,2024-04-15,11:20:00,111.2,132.75,1,2024-04-15 15:20:00,124.05,-12.849999999999994,2.3525,-15.202499999999993,-16646.737499999992,Expiry Exit,28275,LIQUID,1095,-1.664673749999999,144.35,19.7,2024,4,"5, 5, 10m, 1.2% SL"
104,midcpnifty,10725,P,2024-04-22,2024-04-16 10:40:00,SELL,2024-04-16,10:50:00,52.95,78.1,1,2024-04-16 13:10:00,78.1,-25.14999999999999,1.3105000000000002,-26.460499999999993,-29768.062499999993,Initial SL Hit,55425,LIQUID,1125,-2.976806249999999,126.25,47.45,2024,4,"5, 5, 10m, 1.2% SL"
105,midcpnifty,10725,C,2024-04-22,2024-04-16 12:20:00,SELL,2024-04-16,12:30:00,130.9,178.0,1,2024-04-18 11:20:00,178.0,-47.099999999999994,3.089,-50.18899999999999,-56462.62499999999,Initial SL Hit,12375,LIQUID,1125,-5.6462625,180.95,100.0,2024,4,"5, 5, 10m, 1.2% SL"
106,midcpnifty,10725,P,2024-04-22,2024-04-18 09:40:00,SELL,2024-04-18,09:50:00,43.3,88.25,1,2024-04-18 14:50:00,88.25,-44.95,1.3155000000000001,-46.2655,-52048.6875,Initial SL Hit,186150,LIQUID,1125,-5.20486875,126.25,21.95,2024,4,"5, 5, 10m, 1.2% SL"
107,midcpnifty,10725,C,2024-04-22,2024-04-18 13:50:00,SELL,2024-04-18,14:00:00,168.75,203.75,1,2024-04-22 14:50:00,1.0,167.75,1.6975,166.0525,186809.0625,Target Hit,300,ILLIQUID,1125,18.68090625,210.15,0.3,2024,4,"5, 5, 10m, 1.2% SL"
108,midcpnifty,10725,P,2024-04-22,2024-04-19 12:00:00,SELL,2024-04-19,12:10:00,133.4,181.05,1,2024-04-22 15:20:00,24.2,109.2,1.576,107.62400000000001,121077.00000000001,Expiry Exit,13350,LIQUID,1125,12.107700000000001,222.0,12.15,2024,4,"5, 5, 10m, 1.2% SL"
109,midcpnifty,10750,P,2024-04-29,2024-04-23 11:50:00,SELL,2024-04-23,12:00:00,78.2,93.55,1,2024-04-29 09:10:00,1.0,77.2,0.792,76.408,84812.88,Target Hit,108525,LIQUID,1110,8.481288000000001,107.5,0.95,2024,4,"5, 5, 10m, 1.2% SL"
110,midcpnifty,10750,C,2024-04-29,2024-04-24 10:50:00,SELL,2024-04-24,11:00:00,125.65,133.7,1,2024-04-24 13:50:00,133.7,-8.049999999999983,2.5935,-10.643499999999984,-11814.284999999982,Initial SL Hit,8025,ILLIQUID,1110,-1.1814284999999982,139.55,86.75,2024,4,"5, 5, 10m, 1.2% SL"
111,midcpnifty,10750,C,2024-04-29,2024-04-25 10:40:00,SELL,2024-04-25,10:50:00,132.0,146.2,1,2024-04-25 13:00:00,146.2,-14.199999999999989,2.782,-16.98199999999999,-18850.019999999986,Initial SL Hit,50325,LIQUID,1110,-1.8850019999999985,157.55,86.75,2024,4,"5, 5, 10m, 1.2% SL"
112,midcpnifty,11075,C,2024-05-06,2024-04-30 11:00:00,SELL,2024-04-30,11:10:00,116.65,143.15,1,2024-04-30 14:30:00,143.15,-26.5,2.5980000000000003,-29.098,-31425.84,Initial SL Hit,25725,LIQUID,1080,-3.1425840000000003,154.35,102.3,2024,4,"5, 5, 10m, 1.2% SL"
113,midcpnifty,11075,P,2024-05-06,2024-04-30 13:50:00,SELL,2024-04-30,14:00:00,53.8,63.55,1,2024-04-30 14:40:00,63.55,-9.75,1.1735,-10.9235,-11797.380000000001,Initial SL Hit,57375,LIQUID,1080,-1.1797380000000002,99.35,46.0,2024,4,"5, 5, 10m, 1.2% SL"
114,midcpnifty,11075,P,2024-05-06,2024-05-02 09:50:00,SELL,2024-05-02,10:00:00,46.35,74.4,1,2024-05-03 11:30:00,74.4,-28.050000000000004,1.2075,-29.257500000000004,-31598.100000000006,Initial SL Hit,166800,LIQUID,1080,-3.1598100000000002,99.35,23.1,2024,5,"5, 5, 10m, 1.2% SL"
115,midcpnifty,11075,C,2024-05-06,2024-05-02 10:30:00,SELL,2024-05-02,10:40:00,90.5,98.7,1,2024-05-02 12:10:00,98.7,-8.200000000000003,1.892,-10.092000000000002,-10899.360000000002,Initial SL Hit,38475,LIQUID,1080,-1.0899360000000002,154.35,82.0,2024,5,"5, 5, 10m, 1.2% SL"
116,midcpnifty,11075,C,2024-05-06,2024-05-02 14:40:00,SELL,2024-05-02,14:50:00,105.0,130.0,1,2024-05-06 14:30:00,1.0,104.0,1.06,102.94,111175.2,Target Hit,15525,LIQUID,1080,11.11752,154.35,0.45,2024,5,"5, 5, 10m, 1.2% SL"
117,midcpnifty,11075,P,2024-05-06,2024-05-03 15:00:00,SELL,2024-05-03,15:10:00,44.4,76.25,1,2024-05-06 15:20:00,30.3,14.099999999999998,0.747,13.352999999999998,14421.239999999998,Expiry Exit,985425,LIQUID,1080,1.4421239999999997,99.35,14.0,2024,5,"5, 5, 10m, 1.2% SL"
118,midcpnifty,11075,C,2024-05-13,2024-05-07 10:40:00,SELL,2024-05-07,10:50:00,41.25,81.55,1,2024-05-13 09:20:00,1.0,40.25,0.4225,39.8275,43013.7,Target Hit,82425,LIQUID,1080,4.3013699999999995,100.5,0.85,2024,5,"5, 5, 10m, 1.2% SL"
119,midcpnifty,11075,P,2024-05-13,2024-05-08 11:50:00,SELL,2024-05-08,12:00:00,237.1,280.6,1,2024-05-09 14:40:00,301.15,-64.04999999999998,5.3825,-69.43249999999998,-74987.09999999998,Gap Outside ISL,600,ILLIQUID,1080,-7.498709999999997,322.95,98.55,2024,5,"5, 5, 10m, 1.2% SL"
120,midcpnifty,11075,P,2024-05-13,2024-05-10 10:50:00,SELL,2024-05-10,11:20:00,253.55,358.05,1,2024-05-13 15:00:00,1.0,252.55,2.5455,250.0045,270004.86,Target Hit,525,ILLIQUID,1080,27.000486000000002,358.05,0.8,2024,5,"5, 5, 10m, 1.2% SL"
121,midcpnifty,11350,P,2024-05-27,2024-05-21 11:20:00,SELL,2024-05-21,11:30:00,124.3,146.1,1,2024-05-27 11:20:00,1.0,123.3,1.253,122.047,128149.34999999999,Target Hit,20250,LIQUID,1050,12.814935,170.1,1.0,2024,5,"5, 5, 10m, 1.2% SL"
122,midcpnifty,11350,C,2024-05-27,2024-05-22 10:10:00,SELL,2024-05-22,10:20:00,70.55,104.0,1,2024-05-23 11:50:00,104.0,-33.45,1.7455,-35.1955,-36955.275,Initial SL Hit,202200,LIQUID,1050,-3.6955275000000003,114.7,57.2,2024,5,"5, 5, 10m, 1.2% SL"
123,midcpnifty,11350,C,2024-05-27,2024-05-24 15:10:00,SELL,2024-05-24,15:20:00,121.3,177.6,1,2024-05-27 09:20:00,177.6,-56.3,2.989,-59.288999999999994,-62253.45,Initial SL Hit,76650,LIQUID,1050,-6.225345,241.3,57.2,2024,5,"5, 5, 10m, 1.2% SL"
124,midcpnifty,11725,C,2024-06-03,2024-05-28 11:40:00,SELL,2024-05-28,11:50:00,136.85,163.5,1,2024-06-03 15:10:00,1.0,135.85,1.3785,134.4715,137160.93,Target Hit,51000,LIQUID,1020,13.716092999999999,187.8,0.25,2024,5,"5, 5, 10m, 1.2% SL"
125,midcpnifty,11725,P,2024-06-03,2024-05-29 12:40:00,SELL,2024-05-29,12:50:00,248.55,289.35,1,2024-05-29 14:50:00,289.35,-40.80000000000001,5.379000000000001,-46.179000000000016,-47102.580000000016,Initial SL Hit,1500,ILLIQUID,1020,-4.710258000000002,314.35,162.0,2024,5,"5, 5, 10m, 1.2% SL"
126,midcpnifty,11725,P,2024-06-03,2024-05-31 09:40:00,SELL,2024-05-31,09:50:00,406.35,426.05,1,2024-05-31 10:00:00,423.1,-16.75,8.294500000000001,-25.0445,-25545.39,Gap Outside ISL,75,ILLIQUID,1020,-2.554539,435.9,162.0,2024,5,"5, 5, 10m, 1.2% SL"
127,midcpnifty,11725,P,2024-06-03,2024-05-31 13:50:00,SELL,2024-05-31,14:00:00,389.45,440.8,1,2024-06-03 15:20:00,1.0,388.45,3.9045,384.5455,392236.41000000003,Target Hit,600,ILLIQUID,1020,39.223641,444.0,0.8,2024,5,"5, 5, 10m, 1.2% SL"
128,midcpnifty,11725,C,2024-06-10,2024-06-04 10:40:00,SELL,2024-06-04,10:50:00,102.6,172.8,1,2024-06-10 14:20:00,1.0,101.6,1.036,100.564,102575.28,Target Hit,2925,ILLIQUID,1020,10.257528,292.45,0.95,2024,6,"5, 5, 10m, 1.2% SL"
129,midcpnifty,11725,P,2024-06-10,2024-06-06 10:20:00,SELL,2024-06-06,10:30:00,188.75,882.0,1,2024-06-10 15:20:00,33.0,155.75,2.2175000000000002,153.5325,156603.15,Expiry Exit,1200,ILLIQUID,1020,15.660314999999999,882.0,23.0,2024,6,"5, 5, 10m, 1.2% SL"
